2026.08.24-15:37:43.314[32m info [39m [caliper] [cli-launch-manager] 	Set workspace path: /Users/venkatrayudu/Workspace/XAI workspace/crime-records-network/benchmarks/caliper
2026.08.24-15:37:43.315[32m info [39m [caliper] [cli-launch-manager] 	Set benchmark configuration path: /Users/venkatrayudu/Workspace/XAI workspace/crime-records-network/experiments/runs/2026-08-24T10-07-43-197Z_caliper_latency-query-count/caliper-executed-benchmark.yaml
2026.08.24-15:37:43.315[32m info [39m [caliper] [cli-launch-manager] 	Set network configuration path: /Users/venkatrayudu/Workspace/XAI workspace/crime-records-network/benchmarks/caliper/generated/network-config.json
2026.08.24-15:37:43.315[32m info [39m [caliper] [cli-launch-manager] 	Set SUT type: fabric
2026.08.24-15:37:43.323[32m info [39m [caliper] [benchmark-validator] 	No observer specified, will default to `none`
2026.08.24-15:37:43.323[32m info [39m [caliper] [caliper-engine] 	Starting benchmark flow
2026.08.24-15:37:43.323[32m info [39m [caliper] [caliper-engine] 	Skipping start commands due to benchmark flow conditioning
2026.08.24-15:37:43.323[32m info [39m [caliper] [caliper-engine] 	Skipping initialization phase due to benchmark flow conditioning
2026.08.24-15:37:43.324[32m info [39m [caliper] [caliper-engine] 	Skipping install smart contract phase due to benchmark flow conditioning
2026.08.24-15:37:43.372[32m info [39m [caliper] [FabricConnectorFactory] 	Initializing peer gateway connector compatible with installed fabric-gateway SDK: 1.7.1
2026.08.24-15:37:43.379[32m info [39m [caliper] [IdentityManager] 	Adding io.krishnan (admin=false) as io.krishnan for organization PoliceMSP
2026.08.24-15:37:43.380[32m info [39m [caliper] [IdentityManager] 	Adding insp.rathore (admin=false) as insp.rathore for organization PoliceMSP
2026.08.24-15:37:43.380[32m info [39m [caliper] [IdentityManager] 	Adding insp.singh (admin=false) as insp.singh for organization PoliceMSP
2026.08.24-15:37:43.380[32m info [39m [caliper] [IdentityManager] 	Adding const.verma (admin=false) as const.verma for organization PoliceMSP
2026.08.24-15:37:43.381[32m info [39m [caliper] [IdentityManager] 	Adding insp.sharma (admin=false) as insp.sharma for organization PoliceMSP
2026.08.24-15:37:43.381[32m info [39m [caliper] [IdentityManager] 	Adding aud.qureshi (admin=false) as _AuditMSP_aud.qureshi for organization AuditMSP
2026.08.24-15:37:43.382[32m info [39m [caliper] [monitor.js] 	Attempting to create resource monitor of type prometheus
2026.08.24-15:37:43.383[32m info [39m [caliper] [default-observer] 	Observer interval set to 5000 milliseconds
2026.08.24-15:37:43.384[32m info [39m [caliper] [round-orchestrator] 	Preparing worker connections
2026.08.24-15:37:43.384[32m info [39m [caliper] [worker-orchestrator] 	Launching worker 1 of 2
2026.08.24-15:37:43.385[32m info [39m [caliper] [worker-orchestrator] 	Launching worker 2 of 2
2026.08.24-15:37:43.386[32m info [39m [caliper] [worker-orchestrator] 	Messenger not configured, entering configure phase...
2026.08.24-15:37:43.386[32m info [39m [caliper] [worker-orchestrator] 	No existing workers detected, entering worker launch phase...
2026.08.24-15:37:43.386[32m info [39m [caliper] [worker-orchestrator] 	Waiting for 2 workers to be connected...
2026.08.24-15:37:43.499[32m info [39m [caliper] [cli-launch-worker] 	Set workspace path: /Users/venkatrayudu/Workspace/XAI workspace/crime-records-network/benchmarks/caliper
2026.08.24-15:37:43.499[32m info [39m [caliper] [cli-launch-worker] 	Set workspace path: /Users/venkatrayudu/Workspace/XAI workspace/crime-records-network/benchmarks/caliper
2026.08.24-15:37:43.500[32m info [39m [caliper] [cli-launch-worker] 	Set benchmark configuration path: /Users/venkatrayudu/Workspace/XAI workspace/crime-records-network/experiments/runs/2026-08-24T10-07-43-197Z_caliper_latency-query-count/caliper-executed-benchmark.yaml
2026.08.24-15:37:43.500[32m info [39m [caliper] [cli-launch-worker] 	Set network configuration path: /Users/venkatrayudu/Workspace/XAI workspace/crime-records-network/benchmarks/caliper/generated/network-config.json
2026.08.24-15:37:43.500[32m info [39m [caliper] [cli-launch-worker] 	Set benchmark configuration path: /Users/venkatrayudu/Workspace/XAI workspace/crime-records-network/experiments/runs/2026-08-24T10-07-43-197Z_caliper_latency-query-count/caliper-executed-benchmark.yaml
2026.08.24-15:37:43.500[32m info [39m [caliper] [cli-launch-worker] 	Set SUT type: fabric
2026.08.24-15:37:43.500[32m info [39m [caliper] [cli-launch-worker] 	Set network configuration path: /Users/venkatrayudu/Workspace/XAI workspace/crime-records-network/benchmarks/caliper/generated/network-config.json
2026.08.24-15:37:43.500[32m info [39m [caliper] [cli-launch-worker] 	Set SUT type: fabric
2026.08.24-15:37:43.516[32m info [39m [caliper] [worker-orchestrator] 	2 workers connected, progressing to worker assignment phase.
2026.08.24-15:37:43.516[32m info [39m [caliper] [worker-orchestrator] 	Workers currently unassigned, awaiting index assignment...
2026.08.24-15:37:43.516[32m info [39m [caliper] [worker-orchestrator] 	Waiting for 2 workers to be assigned...
2026.08.24-15:37:43.519[32m info [39m [caliper] [worker-orchestrator] 	2 workers assigned, progressing to worker initialization phase.
2026.08.24-15:37:43.519[32m info [39m [caliper] [worker-orchestrator] 	Waiting for 2 workers to be ready...
2026.08.24-15:37:43.519[32m info [39m [caliper] [worker-message-handler] 	Initializing Worker#0...
2026.08.24-15:37:43.519[32m info [39m [caliper] [worker-message-handler] 	Initializing Worker#1...
2026.08.24-15:37:43.566[32m info [39m [caliper] [FabricConnectorFactory] 	Initializing peer gateway connector compatible with installed fabric-gateway SDK: 1.7.1
2026.08.24-15:37:43.567[32m info [39m [caliper] [FabricConnectorFactory] 	Initializing peer gateway connector compatible with installed fabric-gateway SDK: 1.7.1
2026.08.24-15:37:43.569[32m info [39m [caliper] [IdentityManager] 	Adding io.krishnan (admin=false) as io.krishnan for organization PoliceMSP
2026.08.24-15:37:43.569[32m info [39m [caliper] [IdentityManager] 	Adding io.krishnan (admin=false) as io.krishnan for organization PoliceMSP
2026.08.24-15:37:43.569[32m info [39m [caliper] [IdentityManager] 	Adding insp.rathore (admin=false) as insp.rathore for organization PoliceMSP
2026.08.24-15:37:43.569[32m info [39m [caliper] [IdentityManager] 	Adding insp.rathore (admin=false) as insp.rathore for organization PoliceMSP
2026.08.24-15:37:43.569[32m info [39m [caliper] [IdentityManager] 	Adding insp.singh (admin=false) as insp.singh for organization PoliceMSP
2026.08.24-15:37:43.569[32m info [39m [caliper] [IdentityManager] 	Adding insp.singh (admin=false) as insp.singh for organization PoliceMSP
2026.08.24-15:37:43.570[32m info [39m [caliper] [IdentityManager] 	Adding const.verma (admin=false) as const.verma for organization PoliceMSP
2026.08.24-15:37:43.570[32m info [39m [caliper] [IdentityManager] 	Adding const.verma (admin=false) as const.verma for organization PoliceMSP
2026.08.24-15:37:43.570[32m info [39m [caliper] [IdentityManager] 	Adding insp.sharma (admin=false) as insp.sharma for organization PoliceMSP
2026.08.24-15:37:43.570[32m info [39m [caliper] [IdentityManager] 	Adding insp.sharma (admin=false) as insp.sharma for organization PoliceMSP
2026.08.24-15:37:43.571[32m info [39m [caliper] [IdentityManager] 	Adding aud.qureshi (admin=false) as _AuditMSP_aud.qureshi for organization AuditMSP
2026.08.24-15:37:43.571[32m info [39m [caliper] [IdentityManager] 	Adding aud.qureshi (admin=false) as _AuditMSP_aud.qureshi for organization AuditMSP
2026.08.24-15:37:43.573[32m info [39m [caliper] [worker-message-handler] 	Worker#0 initialized
2026.08.24-15:37:43.573[32m info [39m [caliper] [worker-message-handler] 	Worker#1 initialized
2026.08.24-15:37:43.573[32m info [39m [caliper] [worker-orchestrator] 	2 workers ready, progressing to test preparation phase.
2026.08.24-15:37:43.573[32m info [39m [caliper] [round-orchestrator] 	Started round 1 (query-count-warmup)
2026.08.24-15:37:43.574[32m info [39m [caliper] [worker-message-handler] 	Preparing Worker#0 for Round#0
2026.08.24-15:37:43.574[32m info [39m [caliper] [worker-message-handler] 	Preparing Worker#1 for Round#0
2026.08.24-15:37:43.583[32m info [39m [caliper] [connectors/peer-gateway/PeerGateway] 	Generating contract map for user io.krishnan
2026.08.24-15:37:43.583[32m info [39m [caliper] [connectors/peer-gateway/PeerGateway] 	Generating contract map for user io.krishnan
2026.08.24-15:37:43.583[32m info [39m [caliper] [connectors/peer-gateway/PeerGateway] 	Generating contract map for user insp.rathore
2026.08.24-15:37:43.583[32m info [39m [caliper] [connectors/peer-gateway/PeerGateway] 	Generating contract map for user insp.rathore
2026.08.24-15:37:43.583[32m info [39m [caliper] [connectors/peer-gateway/PeerGateway] 	Generating contract map for user insp.singh
2026.08.24-15:37:43.583[32m info [39m [caliper] [connectors/peer-gateway/PeerGateway] 	Generating contract map for user insp.singh
2026.08.24-15:37:43.584[32m info [39m [caliper] [connectors/peer-gateway/PeerGateway] 	Generating contract map for user const.verma
2026.08.24-15:37:43.584[32m info [39m [caliper] [connectors/peer-gateway/PeerGateway] 	Generating contract map for user const.verma
2026.08.24-15:37:43.584[32m info [39m [caliper] [connectors/peer-gateway/PeerGateway] 	Generating contract map for user insp.sharma
2026.08.24-15:37:43.584[32m info [39m [caliper] [connectors/peer-gateway/PeerGateway] 	Generating contract map for user insp.sharma
2026.08.24-15:37:43.586[32m info [39m [caliper] [connectors/peer-gateway/PeerGateway] 	Generating contract map for user _AuditMSP_aud.qureshi
2026.08.24-15:37:43.586[32m info [39m [caliper] [caliper-worker] 	Info: worker 1 prepare test phase for round 0 is starting...
2026.08.24-15:37:43.586[32m info [39m [caliper] [connectors/peer-gateway/PeerGateway] 	Generating contract map for user _AuditMSP_aud.qureshi
2026.08.24-15:37:43.586[32m info [39m [caliper] [caliper-worker] 	Info: worker 0 prepare test phase for round 0 is starting...
2026.08.24-15:37:43.587[32m info [39m [caliper] [connectors/peer-gateway/PeerGateway] 	disconnecting gateway for user io.krishnan
2026.08.24-15:37:43.588[32m info [39m [caliper] [connectors/peer-gateway/PeerGateway] 	disconnecting gateway for user insp.rathore
2026.08.24-15:37:43.588[32m info [39m [caliper] [connectors/peer-gateway/PeerGateway] 	disconnecting gateway for user insp.singh
2026.08.24-15:37:43.588[32m info [39m [caliper] [connectors/peer-gateway/PeerGateway] 	disconnecting gateway for user const.verma
2026.08.24-15:37:43.588[32m info [39m [caliper] [connectors/peer-gateway/PeerGateway] 	disconnecting gateway for user insp.sharma
2026.08.24-15:37:43.588[32m info [39m [caliper] [connectors/peer-gateway/PeerGateway] 	disconnecting gateway for user _AuditMSP_aud.qureshi
2026.08.24-15:37:43.588[32m info [39m [caliper] [connectors/peer-gateway/PeerGateway] 	disconnecting gRpc client at peer PoliceMSP_localhost:7051
2026.08.24-15:37:43.588[32m info [39m [caliper] [connectors/peer-gateway/PeerGateway] 	disconnecting gateway for user io.krishnan
2026.08.24-15:37:43.588[32m info [39m [caliper] [connectors/peer-gateway/PeerGateway] 	disconnecting gateway for user insp.rathore
2026.08.24-15:37:43.588[32m info [39m [caliper] [connectors/peer-gateway/PeerGateway] 	disconnecting gateway for user insp.singh
2026.08.24-15:37:43.588[32m info [39m [caliper] [connectors/peer-gateway/PeerGateway] 	disconnecting gateway for user const.verma
2026.08.24-15:37:43.588[32m info [39m [caliper] [connectors/peer-gateway/PeerGateway] 	disconnecting gateway for user insp.sharma
2026.08.24-15:37:43.588[32m info [39m [caliper] [connectors/peer-gateway/PeerGateway] 	disconnecting gateway for user _AuditMSP_aud.qureshi
2026.08.24-15:37:43.588[32m info [39m [caliper] [connectors/peer-gateway/PeerGateway] 	disconnecting gRpc client at peer PoliceMSP_localhost:7051
2026.08.24-15:37:43.588[32m info [39m [caliper] [connectors/peer-gateway/PeerGateway] 	disconnecting gRpc client at peer AuditMSP_localhost:11051
2026.08.24-15:37:43.588[32m info [39m [caliper] [caliper-worker] 	Info: worker 1 prepare test phase for round 0 is completed
2026.08.24-15:37:43.588[32m info [39m [caliper] [worker-message-handler] 	Worker#1 prepared for Round#0
2026.08.24-15:37:43.588[32m info [39m [caliper] [connectors/peer-gateway/PeerGateway] 	disconnecting gRpc client at peer AuditMSP_localhost:11051
2026.08.24-15:37:43.588[32m info [39m [caliper] [caliper-worker] 	Info: worker 0 prepare test phase for round 0 is completed
2026.08.24-15:37:43.588[32m info [39m [caliper] [worker-message-handler] 	Worker#0 prepared for Round#0
2026.08.24-15:37:43.588[32m info [39m [caliper] [worker-orchestrator] 	2 workers prepared, progressing to test phase.
2026.08.24-15:37:43.589[32m info [39m [caliper] [round-orchestrator] 	Monitors successfully started
2026.08.24-15:37:43.589[32m info [39m [caliper] [worker-message-handler] 	Worker#0 is starting Round#0
2026.08.24-15:37:43.589[32m info [39m [caliper] [worker-message-handler] 	Worker#1 is starting Round#0
2026.08.24-15:37:43.590[32m info [39m [caliper] [connectors/peer-gateway/PeerGateway] 	Generating contract map for user io.krishnan
2026.08.24-15:37:43.590[32m info [39m [caliper] [connectors/peer-gateway/PeerGateway] 	Generating contract map for user io.krishnan
2026.08.24-15:37:43.590[32m info [39m [caliper] [connectors/peer-gateway/PeerGateway] 	Generating contract map for user insp.rathore
2026.08.24-15:37:43.590[32m info [39m [caliper] [connectors/peer-gateway/PeerGateway] 	Generating contract map for user insp.rathore
2026.08.24-15:37:43.591[32m info [39m [caliper] [connectors/peer-gateway/PeerGateway] 	Generating contract map for user insp.singh
2026.08.24-15:37:43.591[32m info [39m [caliper] [connectors/peer-gateway/PeerGateway] 	Generating contract map for user insp.singh
2026.08.24-15:37:43.591[32m info [39m [caliper] [connectors/peer-gateway/PeerGateway] 	Generating contract map for user const.verma
2026.08.24-15:37:43.591[32m info [39m [caliper] [connectors/peer-gateway/PeerGateway] 	Generating contract map for user const.verma
2026.08.24-15:37:43.591[32m info [39m [caliper] [connectors/peer-gateway/PeerGateway] 	Generating contract map for user insp.sharma
2026.08.24-15:37:43.591[32m info [39m [caliper] [connectors/peer-gateway/PeerGateway] 	Generating contract map for user insp.sharma
2026.08.24-15:37:43.592[32m info [39m [caliper] [connectors/peer-gateway/PeerGateway] 	Generating contract map for user _AuditMSP_aud.qureshi
2026.08.24-15:37:43.592[32m info [39m [caliper] [connectors/peer-gateway/PeerGateway] 	Generating contract map for user _AuditMSP_aud.qureshi
2026.08.24-15:37:43.592[32m info [39m [caliper] [caliper-worker] 	Worker #0 starting workload loop
2026.08.24-15:37:43.592[32m info [39m [caliper] [caliper-worker] 	Worker #1 starting workload loop
CALIPER_TX_LATENCY {"workerIndex":1,"roundIndex":0,"roundLabel":"query-count-warmup","transactionId":"9b3e459b152db820c2b70e63ac32c24a7c2e123fdbd4197778530bffdf1b0fa6","status":"success","startEpochMs":1787566063596,"endEpochMs":1787566064380,"latencyMs":784}
CALIPER_TX_LATENCY {"workerIndex":0,"roundIndex":0,"roundLabel":"query-count-warmup","transactionId":"48714c910eeba719a644a471b3cb8627200b4fdb554e6403611c63e1d350420c","status":"success","startEpochMs":1787566063596,"endEpochMs":1787566064380,"latencyMs":784}
CALIPER_TX_LATENCY {"workerIndex":1,"roundIndex":0,"roundLabel":"query-count-warmup","transactionId":"f5ceae487ecce6d0849189f757ba3dab3e1e97ba8988d6e608dd8d828af848ef","status":"success","startEpochMs":1787566064594,"endEpochMs":1787566065304,"latencyMs":710}
CALIPER_TX_LATENCY {"workerIndex":0,"roundIndex":0,"roundLabel":"query-count-warmup","transactionId":"c0771c967d862ab50208f7c187b9a8bc9a9c062e3b5b8b92662dd5550146a4d1","status":"success","startEpochMs":1787566064594,"endEpochMs":1787566065304,"latencyMs":710}
CALIPER_TX_LATENCY {"workerIndex":0,"roundIndex":0,"roundLabel":"query-count-warmup","transactionId":"6320885fca425228769e04e497b8253da0a41479567d232b0d8e891b2e5c8419","status":"success","startEpochMs":1787566065594,"endEpochMs":1787566066329,"latencyMs":735}
CALIPER_TX_LATENCY {"workerIndex":1,"roundIndex":0,"roundLabel":"query-count-warmup","transactionId":"3d4294bf6c0d969dae513b3c437a8a96bbea1765f3c9c6bf6e866be7c771bc29","status":"success","startEpochMs":1787566065594,"endEpochMs":1787566066329,"latencyMs":735}
CALIPER_TX_LATENCY {"workerIndex":1,"roundIndex":0,"roundLabel":"query-count-warmup","transactionId":"17aa156cc26332ce6040d8869830e63b0d454a656768df3c4d2b392288e7d39d","status":"success","startEpochMs":1787566066598,"endEpochMs":1787566067307,"latencyMs":709}
CALIPER_TX_LATENCY {"workerIndex":0,"roundIndex":0,"roundLabel":"query-count-warmup","transactionId":"c2c103e31b1edf19a16ffad703333e216516df1f67111a46e48659caa8688184","status":"success","startEpochMs":1787566066597,"endEpochMs":1787566067307,"latencyMs":710}
CALIPER_TX_LATENCY {"workerIndex":0,"roundIndex":0,"roundLabel":"query-count-warmup","transactionId":"e20a327513039b95477754b46c0236899035b50aad8a280de7484aa921a0f69c","status":"success","startEpochMs":1787566067595,"endEpochMs":1787566068338,"latencyMs":743}
CALIPER_TX_LATENCY {"workerIndex":1,"roundIndex":0,"roundLabel":"query-count-warmup","transactionId":"496d2e46486ea95f63f4e1fc1bb0b4a6466fe58f507380d4265102e723e0bab1","status":"success","startEpochMs":1787566067595,"endEpochMs":1787566068338,"latencyMs":743}
2026.08.24-15:37:48.601[32m info [39m [caliper] [default-observer] 	[query-count-warmup Round 0 Transaction Info] - Submitted: 10 Succ: 8 Fail:0 Unfinished:2
CALIPER_TX_LATENCY {"workerIndex":0,"roundIndex":0,"roundLabel":"query-count-warmup","transactionId":"1aa196d722b51b867b0d9cce9e9eb224c6b487a7ef706db7814ba70ea319bf05","status":"success","startEpochMs":1787566068593,"endEpochMs":1787566069336,"latencyMs":743}
CALIPER_TX_LATENCY {"workerIndex":1,"roundIndex":0,"roundLabel":"query-count-warmup","transactionId":"bf4d9e510aecba4c78f53980c8adb7cbd7527b137573448d24529ccfac69db81","status":"success","startEpochMs":1787566068593,"endEpochMs":1787566069336,"latencyMs":743}
CALIPER_TX_LATENCY {"workerIndex":1,"roundIndex":0,"roundLabel":"query-count-warmup","transactionId":"efbfb9126dd947d16ff921fe91edc71900f577030392a9a9af5db6308c42b125","status":"success","startEpochMs":1787566069595,"endEpochMs":1787566070305,"latencyMs":710}
CALIPER_TX_LATENCY {"workerIndex":0,"roundIndex":0,"roundLabel":"query-count-warmup","transactionId":"458ab8c7ff440da7cda59af20c01327440f862e3bfaa8dcd97af7617ba426ba0","status":"success","startEpochMs":1787566069595,"endEpochMs":1787566070305,"latencyMs":710}
CALIPER_TX_LATENCY {"workerIndex":1,"roundIndex":0,"roundLabel":"query-count-warmup","transactionId":"d71fdf17988f14799b53539ba884a66a360ac87c6a25c0f90fb2805941ddbdf8","status":"success","startEpochMs":1787566070596,"endEpochMs":1787566071324,"latencyMs":728}
CALIPER_TX_LATENCY {"workerIndex":0,"roundIndex":0,"roundLabel":"query-count-warmup","transactionId":"17dcce0a49b8ab1e1b592720fa19ac52cbb97f8b67ec08734ea4b3b1032b1436","status":"success","startEpochMs":1787566070597,"endEpochMs":1787566071324,"latencyMs":727}
CALIPER_TX_LATENCY {"workerIndex":0,"roundIndex":0,"roundLabel":"query-count-warmup","transactionId":"03948f22c34f9d63e28e834f0d32a95d29003e26401a06e96816f0324ed78b69","status":"success","startEpochMs":1787566071596,"endEpochMs":1787566072344,"latencyMs":748}
CALIPER_TX_LATENCY {"workerIndex":1,"roundIndex":0,"roundLabel":"query-count-warmup","transactionId":"c3f05cce18fe42d90dbb30549fb7231a33e8fdac0a8aa4313e48ddeec8ab47c6","status":"success","startEpochMs":1787566071596,"endEpochMs":1787566072345,"latencyMs":749}
CALIPER_TX_LATENCY {"workerIndex":0,"roundIndex":0,"roundLabel":"query-count-warmup","transactionId":"e5d65244c3cd44b8e302e9f102746560f358b9df5889c794f9c269c8008fcc45","status":"success","startEpochMs":1787566072593,"endEpochMs":1787566073326,"latencyMs":733}
CALIPER_TX_LATENCY {"workerIndex":1,"roundIndex":0,"roundLabel":"query-count-warmup","transactionId":"7e0f6a0e4233b4958584046d3cc349e920b2a51f37888a33a907f261f22cdde3","status":"success","startEpochMs":1787566072592,"endEpochMs":1787566073326,"latencyMs":734}
2026.08.24-15:37:53.591[32m info [39m [caliper] [default-observer] 	[query-count-warmup Round 0 Transaction Info] - Submitted: 20 Succ: 18 Fail:0 Unfinished:2
CALIPER_TX_LATENCY {"workerIndex":0,"roundIndex":0,"roundLabel":"query-count-warmup","transactionId":"8660140b2312d9bff0c00f62890c15968f20f164e9131ea6f974cc62d2d4d468","status":"success","startEpochMs":1787566073593,"endEpochMs":1787566074325,"latencyMs":732}
CALIPER_TX_LATENCY {"workerIndex":1,"roundIndex":0,"roundLabel":"query-count-warmup","transactionId":"180273911c54f7e61da757282ab6aa8c088906d5162ee258ce6093b4ebdc656d","status":"success","startEpochMs":1787566073593,"endEpochMs":1787566074325,"latencyMs":732}
2026.08.24-15:37:55.404[32m info [39m [caliper] [connectors/peer-gateway/PeerGateway] 	disconnecting gateway for user io.krishnan
2026.08.24-15:37:55.404[32m info [39m [caliper] [connectors/peer-gateway/PeerGateway] 	disconnecting gateway for user insp.rathore
2026.08.24-15:37:55.404[32m info [39m [caliper] [connectors/peer-gateway/PeerGateway] 	disconnecting gateway for user insp.singh
2026.08.24-15:37:55.404[32m info [39m [caliper] [connectors/peer-gateway/PeerGateway] 	disconnecting gateway for user const.verma
2026.08.24-15:37:55.404[32m info [39m [caliper] [connectors/peer-gateway/PeerGateway] 	disconnecting gateway for user insp.sharma
2026.08.24-15:37:55.404[32m info [39m [caliper] [connectors/peer-gateway/PeerGateway] 	disconnecting gateway for user _AuditMSP_aud.qureshi
2026.08.24-15:37:55.404[32m info [39m [caliper] [connectors/peer-gateway/PeerGateway] 	disconnecting gRpc client at peer PoliceMSP_localhost:7051
2026.08.24-15:37:55.405[32m info [39m [caliper] [connectors/peer-gateway/PeerGateway] 	disconnecting gRpc client at peer AuditMSP_localhost:11051
2026.08.24-15:37:55.405[32m info [39m [caliper] [worker-message-handler] 	Worker#0 finished Round#0
2026.08.24-15:37:55.406[32m info [39m [caliper] [connectors/peer-gateway/PeerGateway] 	disconnecting gateway for user io.krishnan
2026.08.24-15:37:55.406[32m info [39m [caliper] [connectors/peer-gateway/PeerGateway] 	disconnecting gateway for user insp.rathore
2026.08.24-15:37:55.406[32m info [39m [caliper] [connectors/peer-gateway/PeerGateway] 	disconnecting gateway for user insp.singh
2026.08.24-15:37:55.406[32m info [39m [caliper] [connectors/peer-gateway/PeerGateway] 	disconnecting gateway for user const.verma
2026.08.24-15:37:55.406[32m info [39m [caliper] [connectors/peer-gateway/PeerGateway] 	disconnecting gateway for user insp.sharma
2026.08.24-15:37:55.406[32m info [39m [caliper] [connectors/peer-gateway/PeerGateway] 	disconnecting gateway for user _AuditMSP_aud.qureshi
2026.08.24-15:37:55.406[32m info [39m [caliper] [connectors/peer-gateway/PeerGateway] 	disconnecting gRpc client at peer PoliceMSP_localhost:7051
2026.08.24-15:37:55.406[32m info [39m [caliper] [connectors/peer-gateway/PeerGateway] 	disconnecting gRpc client at peer AuditMSP_localhost:11051
2026.08.24-15:37:55.406[32m info [39m [caliper] [worker-message-handler] 	Worker#1 finished Round#0
2026.08.24-15:38:00.408[32m info [39m [caliper] [default-observer] 	Resetting txCount indicator count
2026.08.24-15:38:00.409[32m info [39m [caliper] [report-builder] 	### Test result ###
2026.08.24-15:38:00.410[32m info [39m [caliper] [report-builder] 	
+--------------------+------+------+-----------------+-----------------+-----------------+-----------------+------------------+
| Name               | Succ | Fail | Send Rate (TPS) | Max Latency (s) | Min Latency (s) | Avg Latency (s) | Throughput (TPS) |
|--------------------|------|------|-----------------|-----------------|-----------------|-----------------|------------------|
| query-count-warmup | 22   | 0    | 2.2             | 0.78            | 0.71            | 0.73            | 2.1              |
+--------------------+------+------+-----------------+-----------------+-----------------+-----------------+------------------+

2026.08.24-15:38:00.424[32m info [39m [caliper] [report-builder] 	### prometheus resource stats ###'
2026.08.24-15:38:00.425[32m info [39m [caliper] [report-builder] 	
+--------------------------------------------------+-------------------------------------------------------------------------------------------------------------------------------------------------------------------------------------------------------------------------------------------------------------------------------------------------+------------------------------------+---------+
| Metric                                           | Prometheus Query                                                                                                                                                                                                                                                                                | Name                               | Value   |
|--------------------------------------------------|-------------------------------------------------------------------------------------------------------------------------------------------------------------------------------------------------------------------------------------------------------------------------------------------------|------------------------------------|---------|
| Process resident memory (MiB, max)               | process_resident_memory_bytes{job=~"fabric-.*"}                                                                                                                                                                                                                                                 | orderer.example.com:9443           | 90.3    |
|--------------------------------------------------|-------------------------------------------------------------------------------------------------------------------------------------------------------------------------------------------------------------------------------------------------------------------------------------------------|------------------------------------|---------|
|                                                  |                                                                                                                                                                                                                                                                                                 | peer0.audit.example.com:9448       | 135     |
|--------------------------------------------------|-------------------------------------------------------------------------------------------------------------------------------------------------------------------------------------------------------------------------------------------------------------------------------------------------|------------------------------------|---------|
|                                                  |                                                                                                                                                                                                                                                                                                 | peer0.court.example.com:9447       | 136     |
|--------------------------------------------------|-------------------------------------------------------------------------------------------------------------------------------------------------------------------------------------------------------------------------------------------------------------------------------------------------|------------------------------------|---------|
|                                                  |                                                                                                                                                                                                                                                                                                 | peer0.forensics.example.com:9445   | 135     |
|--------------------------------------------------|-------------------------------------------------------------------------------------------------------------------------------------------------------------------------------------------------------------------------------------------------------------------------------------------------|------------------------------------|---------|
|                                                  |                                                                                                                                                                                                                                                                                                 | peer0.police.example.com:9444      | 141     |
|--------------------------------------------------|-------------------------------------------------------------------------------------------------------------------------------------------------------------------------------------------------------------------------------------------------------------------------------------------------|------------------------------------|---------|
|                                                  |                                                                                                                                                                                                                                                                                                 | peer0.prosecution.example.com:9446 | 132     |
|--------------------------------------------------|-------------------------------------------------------------------------------------------------------------------------------------------------------------------------------------------------------------------------------------------------------------------------------------------------|------------------------------------|---------|
| Process CPU rate (percent, max)                  | rate(process_cpu_seconds_total{job=~"fabric-.*"}[1m])                                                                                                                                                                                                                                           | orderer.example.com:9443           | 2.65    |
|--------------------------------------------------|-------------------------------------------------------------------------------------------------------------------------------------------------------------------------------------------------------------------------------------------------------------------------------------------------|------------------------------------|---------|
|                                                  |                                                                                                                                                                                                                                                                                                 | peer0.audit.example.com:9448       | 7.53    |
|--------------------------------------------------|-------------------------------------------------------------------------------------------------------------------------------------------------------------------------------------------------------------------------------------------------------------------------------------------------|------------------------------------|---------|
|                                                  |                                                                                                                                                                                                                                                                                                 | peer0.court.example.com:9447       | 7.56    |
|--------------------------------------------------|-------------------------------------------------------------------------------------------------------------------------------------------------------------------------------------------------------------------------------------------------------------------------------------------------|------------------------------------|---------|
|                                                  |                                                                                                                                                                                                                                                                                                 | peer0.forensics.example.com:9445   | 8.13    |
|--------------------------------------------------|-------------------------------------------------------------------------------------------------------------------------------------------------------------------------------------------------------------------------------------------------------------------------------------------------|------------------------------------|---------|
|                                                  |                                                                                                                                                                                                                                                                                                 | peer0.police.example.com:9444      | 15.0    |
|--------------------------------------------------|-------------------------------------------------------------------------------------------------------------------------------------------------------------------------------------------------------------------------------------------------------------------------------------------------|------------------------------------|---------|
|                                                  |                                                                                                                                                                                                                                                                                                 | peer0.prosecution.example.com:9446 | 7.64    |
|--------------------------------------------------|-------------------------------------------------------------------------------------------------------------------------------------------------------------------------------------------------------------------------------------------------------------------------------------------------|------------------------------------|---------|
| Crimerecords endorsement duration (seconds, avg) | sum by (instance) (rate(endorser_proposal_duration_sum{job=~"fabric-.*",channel="crimechannel",chaincode="crimerecords",success="true"}[1m])) / sum by (instance) (rate(endorser_proposal_duration_count{job=~"fabric-.*",channel="crimechannel",chaincode="crimerecords",success="true"}[1m])) | peer0.audit.example.com:9448       | 0.00697 |
|--------------------------------------------------|-------------------------------------------------------------------------------------------------------------------------------------------------------------------------------------------------------------------------------------------------------------------------------------------------|------------------------------------|---------|
|                                                  |                                                                                                                                                                                                                                                                                                 | peer0.court.example.com:9447       | 0.00722 |
|--------------------------------------------------|-------------------------------------------------------------------------------------------------------------------------------------------------------------------------------------------------------------------------------------------------------------------------------------------------|------------------------------------|---------|
|                                                  |                                                                                                                                                                                                                                                                                                 | peer0.forensics.example.com:9445   | 0.00706 |
|--------------------------------------------------|-------------------------------------------------------------------------------------------------------------------------------------------------------------------------------------------------------------------------------------------------------------------------------------------------|------------------------------------|---------|
|                                                  |                                                                                                                                                                                                                                                                                                 | peer0.police.example.com:9444      | 0.0206  |
|--------------------------------------------------|-------------------------------------------------------------------------------------------------------------------------------------------------------------------------------------------------------------------------------------------------------------------------------------------------|------------------------------------|---------|
|                                                  |                                                                                                                                                                                                                                                                                                 | peer0.prosecution.example.com:9446 | 0.00729 |
|--------------------------------------------------|-------------------------------------------------------------------------------------------------------------------------------------------------------------------------------------------------------------------------------------------------------------------------------------------------|------------------------------------|---------|
| Ledger height (blocks, max)                      | ledger_blockchain_height{job=~"fabric-.*",channel="crimechannel"}                                                                                                                                                                                                                               | orderer.example.com:9443           | 583     |
|--------------------------------------------------|-------------------------------------------------------------------------------------------------------------------------------------------------------------------------------------------------------------------------------------------------------------------------------------------------|------------------------------------|---------|
|                                                  |                                                                                                                                                                                                                                                                                                 | peer0.audit.example.com:9448       | 583     |
|--------------------------------------------------|-------------------------------------------------------------------------------------------------------------------------------------------------------------------------------------------------------------------------------------------------------------------------------------------------|------------------------------------|---------|
|                                                  |                                                                                                                                                                                                                                                                                                 | peer0.court.example.com:9447       | 583     |
|--------------------------------------------------|-------------------------------------------------------------------------------------------------------------------------------------------------------------------------------------------------------------------------------------------------------------------------------------------------|------------------------------------|---------|
|                                                  |                                                                                                                                                                                                                                                                                                 | peer0.forensics.example.com:9445   | 583     |
|--------------------------------------------------|-------------------------------------------------------------------------------------------------------------------------------------------------------------------------------------------------------------------------------------------------------------------------------------------------|------------------------------------|---------|
|                                                  |                                                                                                                                                                                                                                                                                                 | peer0.police.example.com:9444      | 583     |
|--------------------------------------------------|-------------------------------------------------------------------------------------------------------------------------------------------------------------------------------------------------------------------------------------------------------------------------------------------------|------------------------------------|---------|
|                                                  |                                                                                                                                                                                                                                                                                                 | peer0.prosecution.example.com:9446 | 583     |
+--------------------------------------------------+-------------------------------------------------------------------------------------------------------------------------------------------------------------------------------------------------------------------------------------------------------------------------------------------------+------------------------------------+---------+

2026.08.24-15:38:00.425[32m info [39m [caliper] [round-orchestrator] 	Finished round 1 (query-count-warmup) in 10.813 seconds
2026.08.24-15:38:00.425[32m info [39m [caliper] [monitor.js] 	Stopping all monitors
2026.08.24-15:38:00.425[32m info [39m [caliper] [round-orchestrator] 	Waiting 5 seconds for the next round...
2026.08.24-15:38:05.426[32m info [39m [caliper] [round-orchestrator] 	Started round 2 (query-count-1)
2026.08.24-15:38:05.426[32m info [39m [caliper] [worker-message-handler] 	Preparing Worker#0 for Round#1
2026.08.24-15:38:05.426[32m info [39m [caliper] [worker-message-handler] 	Preparing Worker#1 for Round#1
2026.08.24-15:38:05.428[32m info [39m [caliper] [connectors/peer-gateway/PeerGateway] 	Generating contract map for user io.krishnan
2026.08.24-15:38:05.428[32m info [39m [caliper] [connectors/peer-gateway/PeerGateway] 	Generating contract map for user io.krishnan
2026.08.24-15:38:05.428[32m info [39m [caliper] [connectors/peer-gateway/PeerGateway] 	Generating contract map for user insp.rathore
2026.08.24-15:38:05.428[32m info [39m [caliper] [connectors/peer-gateway/PeerGateway] 	Generating contract map for user insp.rathore
2026.08.24-15:38:05.428[32m info [39m [caliper] [connectors/peer-gateway/PeerGateway] 	Generating contract map for user insp.singh
2026.08.24-15:38:05.428[32m info [39m [caliper] [connectors/peer-gateway/PeerGateway] 	Generating contract map for user insp.singh
2026.08.24-15:38:05.428[32m info [39m [caliper] [connectors/peer-gateway/PeerGateway] 	Generating contract map for user const.verma
2026.08.24-15:38:05.428[32m info [39m [caliper] [connectors/peer-gateway/PeerGateway] 	Generating contract map for user const.verma
2026.08.24-15:38:05.428[32m info [39m [caliper] [connectors/peer-gateway/PeerGateway] 	Generating contract map for user insp.sharma
2026.08.24-15:38:05.428[32m info [39m [caliper] [connectors/peer-gateway/PeerGateway] 	Generating contract map for user insp.sharma
2026.08.24-15:38:05.429[32m info [39m [caliper] [connectors/peer-gateway/PeerGateway] 	Generating contract map for user _AuditMSP_aud.qureshi
2026.08.24-15:38:05.429[32m info [39m [caliper] [connectors/peer-gateway/PeerGateway] 	Generating contract map for user _AuditMSP_aud.qureshi
2026.08.24-15:38:05.429[32m info [39m [caliper] [caliper-worker] 	Info: worker 0 prepare test phase for round 1 is starting...
2026.08.24-15:38:05.429[32m info [39m [caliper] [caliper-worker] 	Info: worker 1 prepare test phase for round 1 is starting...
2026.08.24-15:38:05.431[32m info [39m [caliper] [connectors/peer-gateway/PeerGateway] 	disconnecting gateway for user io.krishnan
2026.08.24-15:38:05.431[32m info [39m [caliper] [connectors/peer-gateway/PeerGateway] 	disconnecting gateway for user io.krishnan
2026.08.24-15:38:05.431[32m info [39m [caliper] [connectors/peer-gateway/PeerGateway] 	disconnecting gateway for user insp.rathore
2026.08.24-15:38:05.431[32m info [39m [caliper] [connectors/peer-gateway/PeerGateway] 	disconnecting gateway for user insp.singh
2026.08.24-15:38:05.431[32m info [39m [caliper] [connectors/peer-gateway/PeerGateway] 	disconnecting gateway for user insp.rathore
2026.08.24-15:38:05.431[32m info [39m [caliper] [connectors/peer-gateway/PeerGateway] 	disconnecting gateway for user const.verma
2026.08.24-15:38:05.431[32m info [39m [caliper] [connectors/peer-gateway/PeerGateway] 	disconnecting gateway for user insp.singh
2026.08.24-15:38:05.431[32m info [39m [caliper] [connectors/peer-gateway/PeerGateway] 	disconnecting gateway for user insp.sharma
2026.08.24-15:38:05.431[32m info [39m [caliper] [connectors/peer-gateway/PeerGateway] 	disconnecting gateway for user const.verma
2026.08.24-15:38:05.431[32m info [39m [caliper] [connectors/peer-gateway/PeerGateway] 	disconnecting gateway for user _AuditMSP_aud.qureshi
2026.08.24-15:38:05.431[32m info [39m [caliper] [connectors/peer-gateway/PeerGateway] 	disconnecting gateway for user insp.sharma
2026.08.24-15:38:05.431[32m info [39m [caliper] [connectors/peer-gateway/PeerGateway] 	disconnecting gRpc client at peer PoliceMSP_localhost:7051
2026.08.24-15:38:05.431[32m info [39m [caliper] [connectors/peer-gateway/PeerGateway] 	disconnecting gateway for user _AuditMSP_aud.qureshi
2026.08.24-15:38:05.431[32m info [39m [caliper] [connectors/peer-gateway/PeerGateway] 	disconnecting gRpc client at peer PoliceMSP_localhost:7051
2026.08.24-15:38:05.431[32m info [39m [caliper] [connectors/peer-gateway/PeerGateway] 	disconnecting gRpc client at peer AuditMSP_localhost:11051
2026.08.24-15:38:05.431[32m info [39m [caliper] [connectors/peer-gateway/PeerGateway] 	disconnecting gRpc client at peer AuditMSP_localhost:11051
2026.08.24-15:38:05.431[32m info [39m [caliper] [caliper-worker] 	Info: worker 0 prepare test phase for round 1 is completed
2026.08.24-15:38:05.431[32m info [39m [caliper] [caliper-worker] 	Info: worker 1 prepare test phase for round 1 is completed
2026.08.24-15:38:05.431[32m info [39m [caliper] [worker-message-handler] 	Worker#0 prepared for Round#1
2026.08.24-15:38:05.431[32m info [39m [caliper] [worker-message-handler] 	Worker#1 prepared for Round#1
2026.08.24-15:38:05.431[32m info [39m [caliper] [worker-orchestrator] 	2 workers prepared, progressing to test phase.
2026.08.24-15:38:05.431[32m info [39m [caliper] [round-orchestrator] 	Monitors successfully started
2026.08.24-15:38:05.431[32m info [39m [caliper] [worker-message-handler] 	Worker#0 is starting Round#1
2026.08.24-15:38:05.431[32m info [39m [caliper] [worker-message-handler] 	Worker#1 is starting Round#1
2026.08.24-15:38:05.432[32m info [39m [caliper] [connectors/peer-gateway/PeerGateway] 	Generating contract map for user io.krishnan
2026.08.24-15:38:05.432[32m info [39m [caliper] [connectors/peer-gateway/PeerGateway] 	Generating contract map for user io.krishnan
2026.08.24-15:38:05.432[32m info [39m [caliper] [connectors/peer-gateway/PeerGateway] 	Generating contract map for user insp.rathore
2026.08.24-15:38:05.432[32m info [39m [caliper] [connectors/peer-gateway/PeerGateway] 	Generating contract map for user insp.rathore
2026.08.24-15:38:05.432[32m info [39m [caliper] [connectors/peer-gateway/PeerGateway] 	Generating contract map for user insp.singh
2026.08.24-15:38:05.432[32m info [39m [caliper] [connectors/peer-gateway/PeerGateway] 	Generating contract map for user insp.singh
2026.08.24-15:38:05.432[32m info [39m [caliper] [connectors/peer-gateway/PeerGateway] 	Generating contract map for user const.verma
2026.08.24-15:38:05.433[32m info [39m [caliper] [connectors/peer-gateway/PeerGateway] 	Generating contract map for user const.verma
2026.08.24-15:38:05.433[32m info [39m [caliper] [connectors/peer-gateway/PeerGateway] 	Generating contract map for user insp.sharma
2026.08.24-15:38:05.433[32m info [39m [caliper] [connectors/peer-gateway/PeerGateway] 	Generating contract map for user insp.sharma
2026.08.24-15:38:05.433[32m info [39m [caliper] [connectors/peer-gateway/PeerGateway] 	Generating contract map for user _AuditMSP_aud.qureshi
2026.08.24-15:38:05.433[32m info [39m [caliper] [connectors/peer-gateway/PeerGateway] 	Generating contract map for user _AuditMSP_aud.qureshi
2026.08.24-15:38:05.434[32m info [39m [caliper] [caliper-worker] 	Worker #1 starting workload loop
2026.08.24-15:38:05.434[32m info [39m [caliper] [caliper-worker] 	Worker #0 starting workload loop
CALIPER_TX_LATENCY {"workerIndex":1,"roundIndex":1,"roundLabel":"query-count-1","transactionId":"d09f0a77d8b8e49251fa3ed7ac961e6f75e171aad46c4870bd28feea266de474","status":"success","startEpochMs":1787566085435,"endEpochMs":1787566086682,"latencyMs":1247}
CALIPER_TX_LATENCY {"workerIndex":0,"roundIndex":1,"roundLabel":"query-count-1","transactionId":"03eaa93b4acc961f7b10ae5a7a2ca39484ccaf65a3736863b985337d0ecbdb19","status":"success","startEpochMs":1787566085435,"endEpochMs":1787566086684,"latencyMs":1249}
CALIPER_TX_LATENCY {"workerIndex":0,"roundIndex":1,"roundLabel":"query-count-1","transactionId":"c449d4c750734295ad163ccafd0a5950668ae646d40b434ca3bdccc4f9fa431d","status":"success","startEpochMs":1787566085836,"endEpochMs":1787566088398,"latencyMs":2562}
CALIPER_TX_LATENCY {"workerIndex":1,"roundIndex":1,"roundLabel":"query-count-1","transactionId":"b4e56ff74ec1c552c3eab092c66a0e777053807f9f34435aaec78c3291b2804f","status":"success","startEpochMs":1787566085835,"endEpochMs":1787566088399,"latencyMs":2564}
CALIPER_TX_LATENCY {"workerIndex":0,"roundIndex":1,"roundLabel":"query-count-1","transactionId":"0d663b74e46e0d367ae6631aec7f73e70da49bb4bf56c78c9878264e8e2b7d86","status":"success","startEpochMs":1787566086236,"endEpochMs":1787566090100,"latencyMs":3864}
CALIPER_TX_LATENCY {"workerIndex":1,"roundIndex":1,"roundLabel":"query-count-1","transactionId":"0b97295e029a41540775510789c1f458e9e87ed5742b57c29d0e4a5064b1ab96","status":"success","startEpochMs":1787566086235,"endEpochMs":1787566090100,"latencyMs":3865}
2026.08.24-15:38:10.433[32m info [39m [caliper] [default-observer] 	[query-count-1 Round 1 Transaction Info] - Submitted: 20 Succ: 4 Fail:0 Unfinished:16
CALIPER_TX_LATENCY {"workerIndex":0,"roundIndex":1,"roundLabel":"query-count-1","transactionId":"88150a7ca0e26bec1929bbed4367a5100071c44354cd74876d3c82ab9dc3371e","status":"success","startEpochMs":1787566086636,"endEpochMs":1787566091676,"latencyMs":5040}
CALIPER_TX_LATENCY {"workerIndex":1,"roundIndex":1,"roundLabel":"query-count-1","transactionId":"c6d95535dd83f5ca19df613984a490f91ede59636f591e9ad7a22078a8d91e11","status":"success","startEpochMs":1787566086635,"endEpochMs":1787566091678,"latencyMs":5043}
CALIPER_TX_LATENCY {"workerIndex":0,"roundIndex":1,"roundLabel":"query-count-1","transactionId":"ff236a03dc2d14bae493125b29a5ee4f1d2d73d167274bf40b0d2f9461121895","status":"success","startEpochMs":1787566087035,"endEpochMs":1787566093720,"latencyMs":6685}
CALIPER_TX_LATENCY {"workerIndex":1,"roundIndex":1,"roundLabel":"query-count-1","transactionId":"94076ae0c3c554a44f9aca69c417cddf4c649d0a9b7c54d227c8ce33c0b43920","status":"success","startEpochMs":1787566087035,"endEpochMs":1787566093721,"latencyMs":6686}
2026.08.24-15:38:15.433[32m info [39m [caliper] [default-observer] 	[query-count-1 Round 1 Transaction Info] - Submitted: 46 Succ: 10 Fail:0 Unfinished:36
CALIPER_TX_LATENCY {"workerIndex":0,"roundIndex":1,"roundLabel":"query-count-1","transactionId":"e55ee73c986630d36e404ff16edd8b90b41a18f8b33fd3e1a12e619ba371d8b6","status":"success","startEpochMs":1787566087436,"endEpochMs":1787566095622,"latencyMs":8186}
CALIPER_TX_LATENCY {"workerIndex":1,"roundIndex":1,"roundLabel":"query-count-1","transactionId":"197ef15a1df59f4b74e11652f589e34c15bb7578490911723c684f5b6f29c6c9","status":"success","startEpochMs":1787566087436,"endEpochMs":1787566095622,"latencyMs":8186}
CALIPER_TX_LATENCY {"workerIndex":0,"roundIndex":1,"roundLabel":"query-count-1","transactionId":"7e9462e387c6d3860b82ed78d7d8eaab390bb903441f2aeec1c60304aa722455","status":"success","startEpochMs":1787566087836,"endEpochMs":1787566097513,"latencyMs":9677}
CALIPER_TX_LATENCY {"workerIndex":1,"roundIndex":1,"roundLabel":"query-count-1","transactionId":"770d202df27b55e12836e1540713ffcfbb9e79abc0a270b44c79dbef320a1466","status":"success","startEpochMs":1787566087835,"endEpochMs":1787566097513,"latencyMs":9678}
CALIPER_TX_LATENCY {"workerIndex":0,"roundIndex":1,"roundLabel":"query-count-1","transactionId":"1fdb8f3a1e637d839167c8bc0e7386d5aab22a3b61890140324a8ba2ba9fe1e8","status":"success","startEpochMs":1787566088236,"endEpochMs":1787566099393,"latencyMs":11157}
CALIPER_TX_LATENCY {"workerIndex":1,"roundIndex":1,"roundLabel":"query-count-1","transactionId":"daa8010181882adb9635b1f87b524ba62f302c8da0a0c6a1ad7301470ac0663b","status":"success","startEpochMs":1787566088236,"endEpochMs":1787566099394,"latencyMs":11158}
2026.08.24-15:38:20.434[32m info [39m [caliper] [default-observer] 	[query-count-1 Round 1 Transaction Info] - Submitted: 72 Succ: 16 Fail:0 Unfinished:56
CALIPER_TX_LATENCY {"workerIndex":0,"roundIndex":1,"roundLabel":"query-count-1","transactionId":"0efcb967c25dd831714e049d4e65b35197f87d49d56bfe0a8d175ea0da7ac04e","status":"success","startEpochMs":1787566088636,"endEpochMs":1787566101333,"latencyMs":12697}
CALIPER_TX_LATENCY {"workerIndex":1,"roundIndex":1,"roundLabel":"query-count-1","transactionId":"cbc2eff65b2cfe13c0fb101e52debcf661f3f01f81e51548b3b8eb0d7600f1ec","status":"success","startEpochMs":1787566088636,"endEpochMs":1787566101333,"latencyMs":12697}
CALIPER_TX_LATENCY {"workerIndex":1,"roundIndex":1,"roundLabel":"query-count-1","transactionId":"c29dfd3a88e3efe7500c7bfe635a42ebb9496aeac3c7fa0787dddf57c70fbc27","status":"success","startEpochMs":1787566089036,"endEpochMs":1787566103371,"latencyMs":14335}
CALIPER_TX_LATENCY {"workerIndex":0,"roundIndex":1,"roundLabel":"query-count-1","transactionId":"d9b14c5992e0d94b09744c82ca437c5adf34041c722c742d47cdf783be23f92d","status":"success","startEpochMs":1787566089036,"endEpochMs":1787566103371,"latencyMs":14335}
CALIPER_TX_LATENCY {"workerIndex":1,"roundIndex":1,"roundLabel":"query-count-1","transactionId":"7e801377b6d98b0f3e7de1a5d62b8c72bc7dea895516016048a85a86c544d5b0","status":"success","startEpochMs":1787566089435,"endEpochMs":1787566105236,"latencyMs":15801}
CALIPER_TX_LATENCY {"workerIndex":0,"roundIndex":1,"roundLabel":"query-count-1","transactionId":"5159f77dc8c6e18bb2062c48d5eb971b771514544d2c56eec12a2bf78f12db60","status":"success","startEpochMs":1787566089435,"endEpochMs":1787566105236,"latencyMs":15801}
2026.08.24-15:38:25.434[32m info [39m [caliper] [default-observer] 	[query-count-1 Round 1 Transaction Info] - Submitted: 96 Succ: 20 Fail:0 Unfinished:76
CALIPER_TX_LATENCY {"workerIndex":0,"roundIndex":1,"roundLabel":"query-count-1","transactionId":"def143a5165bc403622baf8626aaffa97c0d10fbb17ce6db0c22d7617c182664","status":"success","startEpochMs":1787566089835,"endEpochMs":1787566106966,"latencyMs":17131}
CALIPER_TX_LATENCY {"workerIndex":1,"roundIndex":1,"roundLabel":"query-count-1","transactionId":"b5920cbdb27e7350e9dc33a4d4e30c743842cf6e26c0c544df9ba4ec991c684e","status":"success","startEpochMs":1787566089835,"endEpochMs":1787566106969,"latencyMs":17134}
CALIPER_TX_LATENCY {"workerIndex":1,"roundIndex":1,"roundLabel":"query-count-1","transactionId":"040642e4837444fb96f5b21ae25ad1e3eb2a48cb1af9f39effdda60d6df499cb","status":"success","startEpochMs":1787566090235,"endEpochMs":1787566108568,"latencyMs":18333}
CALIPER_TX_LATENCY {"workerIndex":0,"roundIndex":1,"roundLabel":"query-count-1","transactionId":"8326f24165cc6805cc2a75dfe180f88adadbc4f52cfaa2ff2486e013420ac763","status":"success","startEpochMs":1787566090235,"endEpochMs":1787566108568,"latencyMs":18333}
2026.08.24-15:38:30.436[32m info [39m [caliper] [default-observer] 	[query-count-1 Round 1 Transaction Info] - Submitted: 122 Succ: 26 Fail:0 Unfinished:96
CALIPER_TX_LATENCY {"workerIndex":0,"roundIndex":1,"roundLabel":"query-count-1","transactionId":"532c15b410546591cc351901c1203ece17d5e3f45a9232a5cedabe4002a49a44","status":"success","startEpochMs":1787566090635,"endEpochMs":1787566110545,"latencyMs":19910}
CALIPER_TX_LATENCY {"workerIndex":1,"roundIndex":1,"roundLabel":"query-count-1","transactionId":"215bed9ea9d182003fa2e691c09e12c6666a9bbe87514824b390f3b212c33752","status":"success","startEpochMs":1787566090635,"endEpochMs":1787566110548,"latencyMs":19913}
CALIPER_TX_LATENCY {"workerIndex":0,"roundIndex":1,"roundLabel":"query-count-1","transactionId":"fa01ffc7b7d18729f7ddcf066ac5f35508462ec74e1067bd96aaff8a421a4ba3","status":"success","startEpochMs":1787566091036,"endEpochMs":1787566112461,"latencyMs":21425}
CALIPER_TX_LATENCY {"workerIndex":1,"roundIndex":1,"roundLabel":"query-count-1","transactionId":"f66296087a41ff51eced47387e71468c387d23e5911e00d4158d12a669000d29","status":"success","startEpochMs":1787566091035,"endEpochMs":1787566112461,"latencyMs":21426}
CALIPER_TX_LATENCY {"workerIndex":1,"roundIndex":1,"roundLabel":"query-count-1","transactionId":"06ea50ac143627294cd67909de1a6009e520d311b46071f9cc8b35ed028a4f76","status":"success","startEpochMs":1787566091435,"endEpochMs":1787566114428,"latencyMs":22993}
CALIPER_TX_LATENCY {"workerIndex":0,"roundIndex":1,"roundLabel":"query-count-1","transactionId":"808932cd905f694e68fb165411ef01041178428727f72ab8726879ffb228886f","status":"success","startEpochMs":1787566091435,"endEpochMs":1787566114429,"latencyMs":22994}
2026.08.24-15:38:35.436[32m info [39m [caliper] [default-observer] 	[query-count-1 Round 1 Transaction Info] - Submitted: 146 Succ: 32 Fail:0 Unfinished:114
CALIPER_TX_LATENCY {"workerIndex":0,"roundIndex":1,"roundLabel":"query-count-1","transactionId":"f56b6f6bd820c2ab3404f92fa958e7e01cc0723ea5df9357807fc725f25a4d74","status":"success","startEpochMs":1787566091834,"endEpochMs":1787566116445,"latencyMs":24611}
CALIPER_TX_LATENCY {"workerIndex":1,"roundIndex":1,"roundLabel":"query-count-1","transactionId":"8c4ef2e99d0c104bdc78be5576372b843d0b50f9292f9f5b5e1287354ee29995","status":"success","startEpochMs":1787566091836,"endEpochMs":1787566116448,"latencyMs":24612}
CALIPER_TX_LATENCY {"workerIndex":1,"roundIndex":1,"roundLabel":"query-count-1","transactionId":"8996295456ea48f0b1b2ec368803b49ac5f47b9009a6ad66beb4862f8f6f45a6","status":"success","startEpochMs":1787566092236,"endEpochMs":1787566118375,"latencyMs":26139}
CALIPER_TX_LATENCY {"workerIndex":0,"roundIndex":1,"roundLabel":"query-count-1","transactionId":"2372fe95114c7b5ab7edb98a7b8d4639bfc073ba4dc438ca7eb30c3fa9930bcf","status":"success","startEpochMs":1787566092235,"endEpochMs":1787566118376,"latencyMs":26141}
CALIPER_TX_LATENCY {"workerIndex":1,"roundIndex":1,"roundLabel":"query-count-1","transactionId":"6402c5ce428e7eb77d6f7ae0b3e65e0c85a02a6f46aef826b2236839c0c82f7b","status":"success","startEpochMs":1787566092635,"endEpochMs":1787566120315,"latencyMs":27680}
CALIPER_TX_LATENCY {"workerIndex":0,"roundIndex":1,"roundLabel":"query-count-1","transactionId":"06a79c1e219132f61a680484305536ddfb5439b616de539514974bc84a9e3bb1","status":"success","startEpochMs":1787566092635,"endEpochMs":1787566120320,"latencyMs":27685}
2026.08.24-15:38:40.437[32m info [39m [caliper] [default-observer] 	[query-count-1 Round 1 Transaction Info] - Submitted: 172 Succ: 36 Fail:0 Unfinished:136
CALIPER_TX_LATENCY {"workerIndex":0,"roundIndex":1,"roundLabel":"query-count-1","transactionId":"3ac4d675a7b7af08a10f6c2cc9fbe4f5b01f913bad7c8f5f1182e1718942029c","status":"success","startEpochMs":1787566093035,"endEpochMs":1787566122254,"latencyMs":29219}
CALIPER_TX_LATENCY {"workerIndex":1,"roundIndex":1,"roundLabel":"query-count-1","transactionId":"e881ac8b9f7400ab13b07b6a3b48a4b5fd392120084533358c574be617c5f007","status":"success","startEpochMs":1787566093036,"endEpochMs":1787566122254,"latencyMs":29218}
CALIPER_TX_LATENCY {"workerIndex":1,"roundIndex":1,"roundLabel":"query-count-1","transactionId":"bbc74c29aa1a765c7ddbc0ab261946f71233da45e1cdda2dee9fde6cbf46dd92","status":"success","startEpochMs":1787566093434,"endEpochMs":1787566124084,"latencyMs":30650}
CALIPER_TX_LATENCY {"workerIndex":0,"roundIndex":1,"roundLabel":"query-count-1","transactionId":"265517cf71a4d98c0fc703d922ad85bc179a911c476c13683fef749ddab5b06f","status":"success","startEpochMs":1787566093434,"endEpochMs":1787566124084,"latencyMs":30650}
2026.08.24-15:38:45.438[32m info [39m [caliper] [default-observer] 	[query-count-1 Round 1 Transaction Info] - Submitted: 196 Succ: 42 Fail:0 Unfinished:154
CALIPER_TX_LATENCY {"workerIndex":0,"roundIndex":1,"roundLabel":"query-count-1","transactionId":"2a85b8bc7b7aa374ec77aaa95820924c91924fe97258fc7d6f8430bf5f428aed","status":"success","startEpochMs":1787566093834,"endEpochMs":1787566125959,"latencyMs":32125}
CALIPER_TX_LATENCY {"workerIndex":1,"roundIndex":1,"roundLabel":"query-count-1","transactionId":"b50894ed43b472ead72e732c97970a987da2fd30fdb8f4668af0f65d61dbc1cb","status":"success","startEpochMs":1787566093835,"endEpochMs":1787566125961,"latencyMs":32126}
CALIPER_TX_LATENCY {"workerIndex":1,"roundIndex":1,"roundLabel":"query-count-1","transactionId":"0f4cfb0797c451b57007d3a9660a3bb095555dbe871c6bd3ebee10d9b798c8c3","status":"success","startEpochMs":1787566094236,"endEpochMs":1787566128011,"latencyMs":33775}
CALIPER_TX_LATENCY {"workerIndex":0,"roundIndex":1,"roundLabel":"query-count-1","transactionId":"312160c15fb18e948698584afebf555142a23da835cd5b1e31147ba41c710fc8","status":"success","startEpochMs":1787566094236,"endEpochMs":1787566128012,"latencyMs":33776}
2026.08.24-15:38:50.438[32m info [39m [caliper] [default-observer] 	[query-count-1 Round 1 Transaction Info] - Submitted: 222 Succ: 46 Fail:0 Unfinished:176
2026.08.24-15:38:55.440[32m info [39m [caliper] [default-observer] 	[query-count-1 Round 1 Transaction Info] - Submitted: 228 Succ: 46 Fail:0 Unfinished:182
2026.08.24-15:39:00.440[32m info [39m [caliper] [default-observer] 	[query-count-1 Round 1 Transaction Info] - Submitted: 228 Succ: 46 Fail:0 Unfinished:182
2026.08.24-15:39:05.442[32m info [39m [caliper] [default-observer] 	[query-count-1 Round 1 Transaction Info] - Submitted: 228 Succ: 46 Fail:0 Unfinished:182
2026.08.24-15:39:10.442[32m info [39m [caliper] [default-observer] 	[query-count-1 Round 1 Transaction Info] - Submitted: 228 Succ: 46 Fail:0 Unfinished:182
2026.08.24-15:39:14.636[31m error[39m [caliper] [connectors/peer-gateway/PeerGateway] 	Failed to perform query transaction [RecordContract:QueryRecords] using arguments [{"caseId":"CASE-2026-002"}],  with error: GatewayError: 4 DEADLINE_EXCEEDED: Deadline exceeded after 59.999s,remote_addr=127.0.0.1:7051
Details:
2026.08.24-15:39:14.636[31m error[39m [caliper] [connectors/peer-gateway/PeerGateway] 	Failed to perform query transaction [RecordContract:QueryRecords] using arguments [{"caseId":"CASE-2026-002"}],  with error: GatewayError: 4 DEADLINE_EXCEEDED: Deadline exceeded after 60.001s,name resolution: 0.001s,remote_addr=127.0.0.1:7051
Details:
CALIPER_TX_LATENCY {"workerIndex":1,"roundIndex":1,"roundLabel":"query-count-1","transactionId":"2e6c64b326cc22236655a262b80a17bd805450e33bfbdfa29cb7a07249577202","status":"failed","startEpochMs":1787566094635,"endEpochMs":1787566154636,"latencyMs":60001}
CALIPER_TX_LATENCY {"workerIndex":0,"roundIndex":1,"roundLabel":"query-count-1","transactionId":"c752829594d4faa38980964f13ca89870ba0a8365f16bc1bab9288cc910138ce","status":"failed","startEpochMs":1787566094635,"endEpochMs":1787566154636,"latencyMs":60001}
2026.08.24-15:39:15.037[31m error[39m [caliper] [connectors/peer-gateway/PeerGateway] 	Failed to perform query transaction [RecordContract:QueryRecords] using arguments [{"caseId":"CASE-2026-002"}],  with error: GatewayError: 4 DEADLINE_EXCEEDED: Deadline exceeded after 60.000s,remote_addr=127.0.0.1:7051
Details:
CALIPER_TX_LATENCY {"workerIndex":0,"roundIndex":1,"roundLabel":"query-count-1","transactionId":"083c8c70a212fe48a5670170726731b665c6562df3f8f29e5fa7b711b266286e","status":"failed","startEpochMs":1787566095036,"endEpochMs":1787566155037,"latencyMs":60001}
2026.08.24-15:39:15.037[31m error[39m [caliper] [connectors/peer-gateway/PeerGateway] 	Failed to perform query transaction [RecordContract:QueryRecords] using arguments [{"caseId":"CASE-2026-002"}],  with error: GatewayError: 4 DEADLINE_EXCEEDED: Deadline exceeded after 60.001s,remote_addr=127.0.0.1:7051
Details:
CALIPER_TX_LATENCY {"workerIndex":1,"roundIndex":1,"roundLabel":"query-count-1","transactionId":"9282659a7d51bfa1fa7e379e2b15f59a0be5f8f611691fb57b76ad55b6da7677","status":"failed","startEpochMs":1787566095036,"endEpochMs":1787566155037,"latencyMs":60001}
2026.08.24-15:39:15.435[31m error[39m [caliper] [connectors/peer-gateway/PeerGateway] 	Failed to perform query transaction [RecordContract:QueryRecords] using arguments [{"caseId":"CASE-2026-002"}],  with error: GatewayError: 4 DEADLINE_EXCEEDED: Deadline exceeded after 59.999s,name resolution: 0.001s,remote_addr=127.0.0.1:7051
Details:
CALIPER_TX_LATENCY {"workerIndex":1,"roundIndex":1,"roundLabel":"query-count-1","transactionId":"39510c9ab2f350c8e8471129e02e42c382780eaff50bb656258087a4a7c61b54","status":"failed","startEpochMs":1787566095435,"endEpochMs":1787566155435,"latencyMs":60000}
2026.08.24-15:39:15.436[31m error[39m [caliper] [connectors/peer-gateway/PeerGateway] 	Failed to perform query transaction [RecordContract:QueryRecords] using arguments [{"caseId":"CASE-2026-002"}],  with error: GatewayError: 4 DEADLINE_EXCEEDED: Deadline exceeded after 60.001s,LB pick: 0.001s,remote_addr=127.0.0.1:7051
Details:
CALIPER_TX_LATENCY {"workerIndex":0,"roundIndex":1,"roundLabel":"query-count-1","transactionId":"7ff34f60770a660dc93c51611c59e0ad1ec5029400652444c16ef80d84fec14c","status":"failed","startEpochMs":1787566095435,"endEpochMs":1787566155436,"latencyMs":60001}
2026.08.24-15:39:15.443[32m info [39m [caliper] [default-observer] 	[query-count-1 Round 1 Transaction Info] - Submitted: 228 Succ: 46 Fail:0 Unfinished:182
2026.08.24-15:39:15.837[31m error[39m [caliper] [connectors/peer-gateway/PeerGateway] 	Failed to perform query transaction [RecordContract:QueryRecords] using arguments [{"caseId":"CASE-2026-002"}],  with error: GatewayError: 4 DEADLINE_EXCEEDED: Deadline exceeded after 60.000s,remote_addr=127.0.0.1:7051
Details:
CALIPER_TX_LATENCY {"workerIndex":0,"roundIndex":1,"roundLabel":"query-count-1","transactionId":"591661a00d53c773744f5017950920f0959f6cea5ba4ad3353bf415b8fffd320","status":"failed","startEpochMs":1787566095836,"endEpochMs":1787566155837,"latencyMs":60001}
2026.08.24-15:39:15.838[31m error[39m [caliper] [connectors/peer-gateway/PeerGateway] 	Failed to perform query transaction [RecordContract:QueryRecords] using arguments [{"caseId":"CASE-2026-002"}],  with error: GatewayError: 4 DEADLINE_EXCEEDED: Deadline exceeded after 60.001s,remote_addr=127.0.0.1:7051
Details:
CALIPER_TX_LATENCY {"workerIndex":1,"roundIndex":1,"roundLabel":"query-count-1","transactionId":"8e5a85150b95eb77a6fdef2ebf760d7fdb5c9f70a54415a31787dc32faf5b93d","status":"failed","startEpochMs":1787566095836,"endEpochMs":1787566155838,"latencyMs":60002}
2026.08.24-15:39:16.238[31m error[39m [caliper] [connectors/peer-gateway/PeerGateway] 	Failed to perform query transaction [RecordContract:QueryRecords] using arguments [{"caseId":"CASE-2026-002"}],  with error: GatewayError: 4 DEADLINE_EXCEEDED: Deadline exceeded after 60.001s,LB pick: 0.001s,remote_addr=127.0.0.1:7051
Details:
CALIPER_TX_LATENCY {"workerIndex":1,"roundIndex":1,"roundLabel":"query-count-1","transactionId":"0c2a6c886c7f1d29974dbbcc2d19622e8a1f1c56261f5f816fd9284633f49001","status":"failed","startEpochMs":1787566096234,"endEpochMs":1787566156238,"latencyMs":60004}
2026.08.24-15:39:16.238[31m error[39m [caliper] [connectors/peer-gateway/PeerGateway] 	Failed to perform query transaction [RecordContract:QueryRecords] using arguments [{"caseId":"CASE-2026-002"}],  with error: GatewayError: 4 DEADLINE_EXCEEDED: Deadline exceeded after 60.000s,LB pick: 0.001s,remote_addr=127.0.0.1:7051
Details:
CALIPER_TX_LATENCY {"workerIndex":0,"roundIndex":1,"roundLabel":"query-count-1","transactionId":"465445835ff751ead48a861aa1fc4d941a7083770b0578861c9a35aae9e9454d","status":"failed","startEpochMs":1787566096237,"endEpochMs":1787566156238,"latencyMs":60001}
2026.08.24-15:39:16.637[31m error[39m [caliper] [connectors/peer-gateway/PeerGateway] 	Failed to perform query transaction [RecordContract:QueryRecords] using arguments [{"caseId":"CASE-2026-002"}],  with error: GatewayError: 4 DEADLINE_EXCEEDED: Deadline exceeded after 60.000s,remote_addr=127.0.0.1:7051
Details:
CALIPER_TX_LATENCY {"workerIndex":0,"roundIndex":1,"roundLabel":"query-count-1","transactionId":"37efca4b8fc90225fed5aa8ad9d6bd87f6979c073e36a1cd0640e979bc4c1749","status":"failed","startEpochMs":1787566096636,"endEpochMs":1787566156637,"latencyMs":60001}
2026.08.24-15:39:16.638[31m error[39m [caliper] [connectors/peer-gateway/PeerGateway] 	Failed to perform query transaction [RecordContract:QueryRecords] using arguments [{"caseId":"CASE-2026-002"}],  with error: GatewayError: 1 CANCELLED: Call cancelled
Details:
CALIPER_TX_LATENCY {"workerIndex":1,"roundIndex":1,"roundLabel":"query-count-1","transactionId":"6da36831cc8e705cc7914079b1509f6067a8b51d41862c9131af757633379c73","status":"failed","startEpochMs":1787566096636,"endEpochMs":1787566156638,"latencyMs":60002}
2026.08.24-15:39:17.038[31m error[39m [caliper] [connectors/peer-gateway/PeerGateway] 	Failed to perform query transaction [RecordContract:QueryRecords] using arguments [{"caseId":"CASE-2026-002"}],  with error: GatewayError: 4 DEADLINE_EXCEEDED: Deadline exceeded after 60.000s,remote_addr=127.0.0.1:7051
Details:
CALIPER_TX_LATENCY {"workerIndex":0,"roundIndex":1,"roundLabel":"query-count-1","transactionId":"7eba675f3b0b4b6c974f68d265dddfdbec2738d8462cb1671b348c81b4a4c895","status":"failed","startEpochMs":1787566097036,"endEpochMs":1787566157038,"latencyMs":60002}
2026.08.24-15:39:17.038[31m error[39m [caliper] [connectors/peer-gateway/PeerGateway] 	Failed to perform query transaction [RecordContract:QueryRecords] using arguments [{"caseId":"CASE-2026-002"}],  with error: GatewayError: 1 CANCELLED: Call cancelled
Details:
CALIPER_TX_LATENCY {"workerIndex":1,"roundIndex":1,"roundLabel":"query-count-1","transactionId":"fe41ce688003aac2fa5c6d1341bc877505dd3b3c31d1b37916e883d8e0df20fc","status":"failed","startEpochMs":1787566097037,"endEpochMs":1787566157038,"latencyMs":60001}
2026.08.24-15:39:17.438[31m error[39m [caliper] [connectors/peer-gateway/PeerGateway] 	Failed to perform query transaction [RecordContract:QueryRecords] using arguments [{"caseId":"CASE-2026-002"}],  with error: GatewayError: 4 DEADLINE_EXCEEDED: Deadline exceeded after 60.000s,metadata filters: 0.001s,remote_addr=127.0.0.1:7051
Details:
2026.08.24-15:39:17.438[31m error[39m [caliper] [connectors/peer-gateway/PeerGateway] 	Failed to perform query transaction [RecordContract:QueryRecords] using arguments [{"caseId":"CASE-2026-002"}],  with error: GatewayError: 4 DEADLINE_EXCEEDED: Deadline exceeded after 60.000s,metadata filters: 0.001s,remote_addr=127.0.0.1:7051
Details:
CALIPER_TX_LATENCY {"workerIndex":0,"roundIndex":1,"roundLabel":"query-count-1","transactionId":"50f36b2270469d0706932144ee51924e19bac1e603bf892067a48d8c708b1454","status":"failed","startEpochMs":1787566097436,"endEpochMs":1787566157438,"latencyMs":60002}
CALIPER_TX_LATENCY {"workerIndex":1,"roundIndex":1,"roundLabel":"query-count-1","transactionId":"e73186c5333dde17be3f228abb925ca4b0e2f6388a5594b5ee2d4b8d24406780","status":"failed","startEpochMs":1787566097436,"endEpochMs":1787566157438,"latencyMs":60002}
2026.08.24-15:39:17.839[31m error[39m [caliper] [connectors/peer-gateway/PeerGateway] 	Failed to perform query transaction [RecordContract:QueryRecords] using arguments [{"caseId":"CASE-2026-002"}],  with error: GatewayError: 4 DEADLINE_EXCEEDED: Deadline exceeded after 60.001s,LB pick: 0.001s,remote_addr=127.0.0.1:7051
Details:
CALIPER_TX_LATENCY {"workerIndex":0,"roundIndex":1,"roundLabel":"query-count-1","transactionId":"f6b127a2c693e3a479a77058463ce7af397e1545848d6656cf108ae89a620ae8","status":"failed","startEpochMs":1787566097836,"endEpochMs":1787566157839,"latencyMs":60003}
2026.08.24-15:39:17.839[31m error[39m [caliper] [connectors/peer-gateway/PeerGateway] 	Failed to perform query transaction [RecordContract:QueryRecords] using arguments [{"caseId":"CASE-2026-002"}],  with error: GatewayError: 4 DEADLINE_EXCEEDED: Deadline exceeded after 60.002s,LB pick: 0.001s,remote_addr=127.0.0.1:7051
Details:
CALIPER_TX_LATENCY {"workerIndex":1,"roundIndex":1,"roundLabel":"query-count-1","transactionId":"86dd405079c9bc9d584ca4f261641e0f68b1c1d9b3fffad8889ac5188ea7fd98","status":"failed","startEpochMs":1787566097836,"endEpochMs":1787566157839,"latencyMs":60003}
2026.08.24-15:39:18.238[31m error[39m [caliper] [connectors/peer-gateway/PeerGateway] 	Failed to perform query transaction [RecordContract:QueryRecords] using arguments [{"caseId":"CASE-2026-002"}],  with error: GatewayError: 4 DEADLINE_EXCEEDED: Deadline exceeded after 60.000s,remote_addr=127.0.0.1:7051
Details:
CALIPER_TX_LATENCY {"workerIndex":0,"roundIndex":1,"roundLabel":"query-count-1","transactionId":"23464ef7135943bfb1b82e3f4963053131c012103061bc424fb61678503bb68e","status":"failed","startEpochMs":1787566098236,"endEpochMs":1787566158238,"latencyMs":60002}
2026.08.24-15:39:18.239[31m error[39m [caliper] [connectors/peer-gateway/PeerGateway] 	Failed to perform query transaction [RecordContract:QueryRecords] using arguments [{"caseId":"CASE-2026-002"}],  with error: GatewayError: 4 DEADLINE_EXCEEDED: Deadline exceeded after 60.001s,remote_addr=127.0.0.1:7051
Details:
CALIPER_TX_LATENCY {"workerIndex":1,"roundIndex":1,"roundLabel":"query-count-1","transactionId":"7446e93578dc7dea8e0be69bf4353dad47f86014129339a9f190f0d00abbda1d","status":"failed","startEpochMs":1787566098236,"endEpochMs":1787566158239,"latencyMs":60003}
2026.08.24-15:39:18.637[31m error[39m [caliper] [connectors/peer-gateway/PeerGateway] 	Failed to perform query transaction [RecordContract:QueryRecords] using arguments [{"caseId":"CASE-2026-002"}],  with error: GatewayError: 4 DEADLINE_EXCEEDED: Deadline exceeded after 60.000s,remote_addr=127.0.0.1:7051
Details:
CALIPER_TX_LATENCY {"workerIndex":1,"roundIndex":1,"roundLabel":"query-count-1","transactionId":"8876d1a98c4837fdfc5866dab49b63c4371af1aa3d1ffec089f63bf704d9c853","status":"failed","startEpochMs":1787566098635,"endEpochMs":1787566158637,"latencyMs":60002}
2026.08.24-15:39:18.638[31m error[39m [caliper] [connectors/peer-gateway/PeerGateway] 	Failed to perform query transaction [RecordContract:QueryRecords] using arguments [{"caseId":"CASE-2026-002"}],  with error: GatewayError: 1 CANCELLED: Call cancelled
Details:
CALIPER_TX_LATENCY {"workerIndex":0,"roundIndex":1,"roundLabel":"query-count-1","transactionId":"b061a5dad25ada9d6913c37c5636e70599225952e70c2e0b5d9efd3c992475dd","status":"failed","startEpochMs":1787566098636,"endEpochMs":1787566158638,"latencyMs":60002}
2026.08.24-15:39:19.037[31m error[39m [caliper] [connectors/peer-gateway/PeerGateway] 	Failed to perform query transaction [RecordContract:QueryRecords] using arguments [{"caseId":"CASE-2026-002"}],  with error: GatewayError: 4 DEADLINE_EXCEEDED: Deadline exceeded after 60.000s,name resolution: 0.001s,remote_addr=127.0.0.1:7051
Details:
2026.08.24-15:39:19.037[31m error[39m [caliper] [connectors/peer-gateway/PeerGateway] 	Failed to perform query transaction [RecordContract:QueryRecords] using arguments [{"caseId":"CASE-2026-002"}],  with error: GatewayError: 4 DEADLINE_EXCEEDED: Deadline exceeded after 60.001s,time to current attempt start: 0.001s,remote_addr=127.0.0.1:7051
Details:
CALIPER_TX_LATENCY {"workerIndex":1,"roundIndex":1,"roundLabel":"query-count-1","transactionId":"7d63337c67c4f19d2fbbc0815da82a34ed03aedca67280dfc26c6a0d0830bc8a","status":"failed","startEpochMs":1787566099036,"endEpochMs":1787566159037,"latencyMs":60001}
CALIPER_TX_LATENCY {"workerIndex":0,"roundIndex":1,"roundLabel":"query-count-1","transactionId":"c12e098ba9fcc41d30f2e0d46187d1487ad30daa0d3435b469e61a360e388075","status":"failed","startEpochMs":1787566099036,"endEpochMs":1787566159037,"latencyMs":60001}
2026.08.24-15:39:19.438[31m error[39m [caliper] [connectors/peer-gateway/PeerGateway] 	Failed to perform query transaction [RecordContract:QueryRecords] using arguments [{"caseId":"CASE-2026-002"}],  with error: GatewayError: 4 DEADLINE_EXCEEDED: Deadline exceeded after 60.001s,remote_addr=127.0.0.1:7051
Details:
CALIPER_TX_LATENCY {"workerIndex":1,"roundIndex":1,"roundLabel":"query-count-1","transactionId":"ebff817418797ecf3ead4ad1050821a3ca9b86c8921f7b2d708c1e0d8ec1f7bd","status":"failed","startEpochMs":1787566099436,"endEpochMs":1787566159438,"latencyMs":60002}
2026.08.24-15:39:19.438[31m error[39m [caliper] [connectors/peer-gateway/PeerGateway] 	Failed to perform query transaction [RecordContract:QueryRecords] using arguments [{"caseId":"CASE-2026-002"}],  with error: GatewayError: 4 DEADLINE_EXCEEDED: Deadline exceeded after 60.000s,remote_addr=127.0.0.1:7051
Details:
CALIPER_TX_LATENCY {"workerIndex":0,"roundIndex":1,"roundLabel":"query-count-1","transactionId":"1ce3b912bde735742bd05f351df5b78211bc397de427ba44ab9568654aa81c4c","status":"failed","startEpochMs":1787566099437,"endEpochMs":1787566159438,"latencyMs":60001}
2026.08.24-15:39:19.837[31m error[39m [caliper] [connectors/peer-gateway/PeerGateway] 	Failed to perform query transaction [RecordContract:QueryRecords] using arguments [{"caseId":"CASE-2026-002"}],  with error: GatewayError: 4 DEADLINE_EXCEEDED: Deadline exceeded after 60.001s,remote_addr=127.0.0.1:7051
Details:
CALIPER_TX_LATENCY {"workerIndex":0,"roundIndex":1,"roundLabel":"query-count-1","transactionId":"671914ead6d66f3ec861f9aabfdae309ae4d16f8fde8bac4177ad00c666187cd","status":"failed","startEpochMs":1787566099834,"endEpochMs":1787566159837,"latencyMs":60003}
2026.08.24-15:39:19.838[31m error[39m [caliper] [connectors/peer-gateway/PeerGateway] 	Failed to perform query transaction [RecordContract:QueryRecords] using arguments [{"caseId":"CASE-2026-002"}],  with error: GatewayError: 4 DEADLINE_EXCEEDED: Deadline exceeded after 60.001s,LB pick: 0.001s,remote_addr=127.0.0.1:7051
Details:
CALIPER_TX_LATENCY {"workerIndex":1,"roundIndex":1,"roundLabel":"query-count-1","transactionId":"77ec392f3351d7cca0f025f80bbb548f7939c76d6b264b98d63a6e58dbb8c337","status":"failed","startEpochMs":1787566099836,"endEpochMs":1787566159838,"latencyMs":60002}
2026.08.24-15:39:20.234[31m error[39m [caliper] [connectors/peer-gateway/PeerGateway] 	Failed to perform query transaction [RecordContract:QueryRecords] using arguments [{"caseId":"CASE-2026-002"}],  with error: GatewayError: 1 CANCELLED: Call cancelled
Details:
CALIPER_TX_LATENCY {"workerIndex":0,"roundIndex":1,"roundLabel":"query-count-1","transactionId":"f0e7183d59f8e5ca1bf4b90c686e3bbc4e8473518ec88d4e9203608a3b7ced5e","status":"failed","startEpochMs":1787566100234,"endEpochMs":1787566160235,"latencyMs":60001}
2026.08.24-15:39:20.238[31m error[39m [caliper] [connectors/peer-gateway/PeerGateway] 	Failed to perform query transaction [RecordContract:QueryRecords] using arguments [{"caseId":"CASE-2026-002"}],  with error: GatewayError: 4 DEADLINE_EXCEEDED: Deadline exceeded after 60.001s,remote_addr=127.0.0.1:7051
Details:
CALIPER_TX_LATENCY {"workerIndex":1,"roundIndex":1,"roundLabel":"query-count-1","transactionId":"a67cceb63e4474c6530d012965bbfc230a2bc36551e4c8a217f2542bf1737354","status":"failed","startEpochMs":1787566100236,"endEpochMs":1787566160238,"latencyMs":60002}
2026.08.24-15:39:20.445[32m info [39m [caliper] [default-observer] 	[query-count-1 Round 1 Transaction Info] - Submitted: 228 Succ: 46 Fail:26 Unfinished:156
2026.08.24-15:39:20.637[31m error[39m [caliper] [connectors/peer-gateway/PeerGateway] 	Failed to perform query transaction [RecordContract:QueryRecords] using arguments [{"caseId":"CASE-2026-002"}],  with error: GatewayError: 4 DEADLINE_EXCEEDED: Deadline exceeded after 60.000s,remote_addr=127.0.0.1:7051
Details:
CALIPER_TX_LATENCY {"workerIndex":1,"roundIndex":1,"roundLabel":"query-count-1","transactionId":"20223897cd3f371477b096519074c7e8123201cd63cd6a00503ead48e834e282","status":"failed","startEpochMs":1787566100634,"endEpochMs":1787566160637,"latencyMs":60003}
2026.08.24-15:39:20.637[31m error[39m [caliper] [connectors/peer-gateway/PeerGateway] 	Failed to perform query transaction [RecordContract:QueryRecords] using arguments [{"caseId":"CASE-2026-002"}],  with error: GatewayError: 4 DEADLINE_EXCEEDED: Deadline exceeded after 60.000s,remote_addr=127.0.0.1:7051
Details:
CALIPER_TX_LATENCY {"workerIndex":0,"roundIndex":1,"roundLabel":"query-count-1","transactionId":"3bd79397e948479711a12939eb9bfab7a3fd285f83433e7741305c6d1c51bc42","status":"failed","startEpochMs":1787566100637,"endEpochMs":1787566160637,"latencyMs":60000}
2026.08.24-15:39:21.039[31m error[39m [caliper] [connectors/peer-gateway/PeerGateway] 	Failed to perform query transaction [RecordContract:QueryRecords] using arguments [{"caseId":"CASE-2026-002"}],  with error: GatewayError: 4 DEADLINE_EXCEEDED: Deadline exceeded after 60.001s,remote_addr=127.0.0.1:7051
Details:
2026.08.24-15:39:21.039[31m error[39m [caliper] [connectors/peer-gateway/PeerGateway] 	Failed to perform query transaction [RecordContract:QueryRecords] using arguments [{"caseId":"CASE-2026-002"}],  with error: GatewayError: 4 DEADLINE_EXCEEDED: Deadline exceeded after 60.001s,remote_addr=127.0.0.1:7051
Details:
CALIPER_TX_LATENCY {"workerIndex":1,"roundIndex":1,"roundLabel":"query-count-1","transactionId":"7213cf9295194f96e5a141d0ccbbdc11b8b346c726aa94a43c51fc22e88e2f9f","status":"failed","startEpochMs":1787566101037,"endEpochMs":1787566161039,"latencyMs":60002}
CALIPER_TX_LATENCY {"workerIndex":0,"roundIndex":1,"roundLabel":"query-count-1","transactionId":"1406a5f4c5e36450575db172924a8d0510cde9fd13ca518aedb3f618d888b06e","status":"failed","startEpochMs":1787566101036,"endEpochMs":1787566161039,"latencyMs":60003}
2026.08.24-15:39:21.437[31m error[39m [caliper] [connectors/peer-gateway/PeerGateway] 	Failed to perform query transaction [RecordContract:QueryRecords] using arguments [{"caseId":"CASE-2026-002"}],  with error: GatewayError: 4 DEADLINE_EXCEEDED: Deadline exceeded after 60.000s,metadata filters: 0.001s,remote_addr=127.0.0.1:7051
Details:
CALIPER_TX_LATENCY {"workerIndex":1,"roundIndex":1,"roundLabel":"query-count-1","transactionId":"321e9d6819d7614113ff89a37712638bc68bbae9094684301aed92e8ae57f19c","status":"failed","startEpochMs":1787566101436,"endEpochMs":1787566161437,"latencyMs":60001}
2026.08.24-15:39:21.438[31m error[39m [caliper] [connectors/peer-gateway/PeerGateway] 	Failed to perform query transaction [RecordContract:QueryRecords] using arguments [{"caseId":"CASE-2026-002"}],  with error: GatewayError: 4 DEADLINE_EXCEEDED: Deadline exceeded after 60.001s,LB pick: 0.001s,remote_addr=127.0.0.1:7051
Details:
CALIPER_TX_LATENCY {"workerIndex":0,"roundIndex":1,"roundLabel":"query-count-1","transactionId":"c46a57bf3284bcef419141424fd09fbdba2554234028fc2b22c908d173945be4","status":"failed","startEpochMs":1787566101436,"endEpochMs":1787566161438,"latencyMs":60002}
2026.08.24-15:39:21.838[31m error[39m [caliper] [connectors/peer-gateway/PeerGateway] 	Failed to perform query transaction [RecordContract:QueryRecords] using arguments [{"caseId":"CASE-2026-002"}],  with error: GatewayError: 1 CANCELLED: Call cancelled
Details:
2026.08.24-15:39:21.838[31m error[39m [caliper] [connectors/peer-gateway/PeerGateway] 	Failed to perform query transaction [RecordContract:QueryRecords] using arguments [{"caseId":"CASE-2026-002"}],  with error: GatewayError: 4 DEADLINE_EXCEEDED: Deadline exceeded after 60.001s,LB pick: 0.001s,remote_addr=127.0.0.1:7051
Details:
CALIPER_TX_LATENCY {"workerIndex":1,"roundIndex":1,"roundLabel":"query-count-1","transactionId":"7f847b060935613f13b18e1aeb262c690dd298573e2ff4c4370cfa48779a0f55","status":"failed","startEpochMs":1787566101837,"endEpochMs":1787566161838,"latencyMs":60001}
CALIPER_TX_LATENCY {"workerIndex":0,"roundIndex":1,"roundLabel":"query-count-1","transactionId":"3e6c509a0424de4010223eee90185001f4d640dd05d3927ebf4bcdaf5a8d2fca","status":"failed","startEpochMs":1787566101836,"endEpochMs":1787566161838,"latencyMs":60002}
2026.08.24-15:39:22.238[31m error[39m [caliper] [connectors/peer-gateway/PeerGateway] 	Failed to perform query transaction [RecordContract:QueryRecords] using arguments [{"caseId":"CASE-2026-002"}],  with error: GatewayError: 4 DEADLINE_EXCEEDED: Deadline exceeded after 60.000s,LB pick: 0.001s,remote_addr=127.0.0.1:7051
Details:
CALIPER_TX_LATENCY {"workerIndex":1,"roundIndex":1,"roundLabel":"query-count-1","transactionId":"6ba66aa019d750b6bfb47942ce44d59195793e2eec9dcb4c74034b35594f4086","status":"failed","startEpochMs":1787566102236,"endEpochMs":1787566162239,"latencyMs":60003}
2026.08.24-15:39:22.239[31m error[39m [caliper] [connectors/peer-gateway/PeerGateway] 	Failed to perform query transaction [RecordContract:QueryRecords] using arguments [{"caseId":"CASE-2026-002"}],  with error: GatewayError: 4 DEADLINE_EXCEEDED: Deadline exceeded after 60.001s,LB pick: 0.001s,remote_addr=127.0.0.1:7051
Details:
CALIPER_TX_LATENCY {"workerIndex":0,"roundIndex":1,"roundLabel":"query-count-1","transactionId":"7b32f4f9627460afee49403d35dbbf8a625e7dc50064999384fc1a4c55a88e1c","status":"failed","startEpochMs":1787566102236,"endEpochMs":1787566162239,"latencyMs":60003}
2026.08.24-15:39:22.638[31m error[39m [caliper] [connectors/peer-gateway/PeerGateway] 	Failed to perform query transaction [RecordContract:QueryRecords] using arguments [{"caseId":"CASE-2026-002"}],  with error: GatewayError: 4 DEADLINE_EXCEEDED: Deadline exceeded after 60.001s,metadata filters: 0.001s,remote_addr=127.0.0.1:7051
Details:
CALIPER_TX_LATENCY {"workerIndex":1,"roundIndex":1,"roundLabel":"query-count-1","transactionId":"9db201c3757142ee7fe755137c0af40a62c4ebb4d32146a317a3a37e2bcd200c","status":"failed","startEpochMs":1787566102636,"endEpochMs":1787566162638,"latencyMs":60002}
2026.08.24-15:39:22.638[31m error[39m [caliper] [connectors/peer-gateway/PeerGateway] 	Failed to perform query transaction [RecordContract:QueryRecords] using arguments [{"caseId":"CASE-2026-002"}],  with error: GatewayError: 4 DEADLINE_EXCEEDED: Deadline exceeded after 59.999s,remote_addr=127.0.0.1:7051
Details:
CALIPER_TX_LATENCY {"workerIndex":0,"roundIndex":1,"roundLabel":"query-count-1","transactionId":"931929ae30479c9da90f3a4747e3ef4f29f1d3fcf05883bd14e6816d38264009","status":"failed","startEpochMs":1787566102636,"endEpochMs":1787566162638,"latencyMs":60002}
2026.08.24-15:39:23.038[31m error[39m [caliper] [connectors/peer-gateway/PeerGateway] 	Failed to perform query transaction [RecordContract:QueryRecords] using arguments [{"caseId":"CASE-2026-002"}],  with error: GatewayError: 4 DEADLINE_EXCEEDED: Deadline exceeded after 60.000s,remote_addr=127.0.0.1:7051
Details:
CALIPER_TX_LATENCY {"workerIndex":1,"roundIndex":1,"roundLabel":"query-count-1","transactionId":"2f221766ca8d0c3550ed96cf40f938e20e23b670fdc4c468b843c967ae461f6b","status":"failed","startEpochMs":1787566103036,"endEpochMs":1787566163038,"latencyMs":60002}
2026.08.24-15:39:23.039[31m error[39m [caliper] [connectors/peer-gateway/PeerGateway] 	Failed to perform query transaction [RecordContract:QueryRecords] using arguments [{"caseId":"CASE-2026-002"}],  with error: GatewayError: 4 DEADLINE_EXCEEDED: Deadline exceeded after 60.001s,remote_addr=127.0.0.1:7051
Details:
CALIPER_TX_LATENCY {"workerIndex":0,"roundIndex":1,"roundLabel":"query-count-1","transactionId":"4174fea75b2117dd7090248ac04fc61dd45658e3917d5b5b3f99739809a97a4e","status":"failed","startEpochMs":1787566103037,"endEpochMs":1787566163039,"latencyMs":60002}
2026.08.24-15:39:23.437[31m error[39m [caliper] [connectors/peer-gateway/PeerGateway] 	Failed to perform query transaction [RecordContract:QueryRecords] using arguments [{"caseId":"CASE-2026-002"}],  with error: GatewayError: 4 DEADLINE_EXCEEDED: Deadline exceeded after 60.000s,LB pick: 0.001s,remote_addr=127.0.0.1:7051
Details:
2026.08.24-15:39:23.437[31m error[39m [caliper] [connectors/peer-gateway/PeerGateway] 	Failed to perform query transaction [RecordContract:QueryRecords] using arguments [{"caseId":"CASE-2026-002"}],  with error: GatewayError: 4 DEADLINE_EXCEEDED: Deadline exceeded after 60.000s,remote_addr=127.0.0.1:7051
Details:
CALIPER_TX_LATENCY {"workerIndex":1,"roundIndex":1,"roundLabel":"query-count-1","transactionId":"25b357ce016179aa937e13bb9715bacbded8876c807fd45b24f5998e3c1f21aa","status":"failed","startEpochMs":1787566103436,"endEpochMs":1787566163437,"latencyMs":60001}
CALIPER_TX_LATENCY {"workerIndex":0,"roundIndex":1,"roundLabel":"query-count-1","transactionId":"d25fd6b5f1a76abc9b4bc358cc852c948e21ce117811ebdc674075f4a58a1dcd","status":"failed","startEpochMs":1787566103436,"endEpochMs":1787566163437,"latencyMs":60001}
2026.08.24-15:39:23.838[31m error[39m [caliper] [connectors/peer-gateway/PeerGateway] 	Failed to perform query transaction [RecordContract:QueryRecords] using arguments [{"caseId":"CASE-2026-002"}],  with error: GatewayError: 4 DEADLINE_EXCEEDED: Deadline exceeded after 60.000s,metadata filters: 0.001s,remote_addr=127.0.0.1:7051
Details:
CALIPER_TX_LATENCY {"workerIndex":0,"roundIndex":1,"roundLabel":"query-count-1","transactionId":"0367f7c41d762eb58e07278d7a417526846d0365772ba04ad1ea47b25356a42c","status":"failed","startEpochMs":1787566103836,"endEpochMs":1787566163838,"latencyMs":60002}
2026.08.24-15:39:23.838[31m error[39m [caliper] [connectors/peer-gateway/PeerGateway] 	Failed to perform query transaction [RecordContract:QueryRecords] using arguments [{"caseId":"CASE-2026-002"}],  with error: GatewayError: 4 DEADLINE_EXCEEDED: Deadline exceeded after 60.001s,LB pick: 0.001s,remote_addr=127.0.0.1:7051
Details:
CALIPER_TX_LATENCY {"workerIndex":1,"roundIndex":1,"roundLabel":"query-count-1","transactionId":"775c9020da791cd561462322a5af5cc452396669c7ca9600af46bd7012050bae","status":"failed","startEpochMs":1787566103836,"endEpochMs":1787566163838,"latencyMs":60002}
2026.08.24-15:39:24.237[31m error[39m [caliper] [connectors/peer-gateway/PeerGateway] 	Failed to perform query transaction [RecordContract:QueryRecords] using arguments [{"caseId":"CASE-2026-002"}],  with error: GatewayError: 4 DEADLINE_EXCEEDED: Deadline exceeded after 59.999s,remote_addr=127.0.0.1:7051
Details:
2026.08.24-15:39:24.237[31m error[39m [caliper] [connectors/peer-gateway/PeerGateway] 	Failed to perform query transaction [RecordContract:QueryRecords] using arguments [{"caseId":"CASE-2026-002"}],  with error: GatewayError: 4 DEADLINE_EXCEEDED: Deadline exceeded after 59.999s,remote_addr=127.0.0.1:7051
Details:
CALIPER_TX_LATENCY {"workerIndex":1,"roundIndex":1,"roundLabel":"query-count-1","transactionId":"394cfa119fd8541f5a3587401919ef622ca42f8d0429662e6024638dab624380","status":"failed","startEpochMs":1787566104236,"endEpochMs":1787566164238,"latencyMs":60002}
CALIPER_TX_LATENCY {"workerIndex":0,"roundIndex":1,"roundLabel":"query-count-1","transactionId":"f6ef5bb0fdda6896d5fbb1b039468b73f6f0779108dd89d8cf245a691024fee8","status":"failed","startEpochMs":1787566104236,"endEpochMs":1787566164238,"latencyMs":60002}
2026.08.24-15:39:24.638[31m error[39m [caliper] [connectors/peer-gateway/PeerGateway] 	Failed to perform query transaction [RecordContract:QueryRecords] using arguments [{"caseId":"CASE-2026-002"}],  with error: GatewayError: 1 CANCELLED: Call cancelled
Details:
CALIPER_TX_LATENCY {"workerIndex":1,"roundIndex":1,"roundLabel":"query-count-1","transactionId":"59819e6227e7c6f8ab6fd774667354433df628681dbb7489a16799b7fc1955cd","status":"failed","startEpochMs":1787566104636,"endEpochMs":1787566164638,"latencyMs":60002}
2026.08.24-15:39:24.638[31m error[39m [caliper] [connectors/peer-gateway/PeerGateway] 	Failed to perform query transaction [RecordContract:QueryRecords] using arguments [{"caseId":"CASE-2026-002"}],  with error: GatewayError: 4 DEADLINE_EXCEEDED: Deadline exceeded after 60.001s,LB pick: 0.001s,remote_addr=127.0.0.1:7051
Details:
CALIPER_TX_LATENCY {"workerIndex":0,"roundIndex":1,"roundLabel":"query-count-1","transactionId":"a33df2e4141c388e48a8e42bc598dbbe282b813b40481bf386ed492173f61a6e","status":"failed","startEpochMs":1787566104636,"endEpochMs":1787566164638,"latencyMs":60002}
2026.08.24-15:39:25.038[31m error[39m [caliper] [connectors/peer-gateway/PeerGateway] 	Failed to perform query transaction [RecordContract:QueryRecords] using arguments [{"caseId":"CASE-2026-002"}],  with error: GatewayError: 4 DEADLINE_EXCEEDED: Deadline exceeded after 60.000s,remote_addr=127.0.0.1:7051
Details:
CALIPER_TX_LATENCY {"workerIndex":0,"roundIndex":1,"roundLabel":"query-count-1","transactionId":"c74f59b7a57aab74bd142d49fdaf7af9afb2e307ef7b4c28a1f26c09e21633f9","status":"failed","startEpochMs":1787566105036,"endEpochMs":1787566165038,"latencyMs":60002}
2026.08.24-15:39:25.039[31m error[39m [caliper] [connectors/peer-gateway/PeerGateway] 	Failed to perform query transaction [RecordContract:QueryRecords] using arguments [{"caseId":"CASE-2026-002"}],  with error: GatewayError: 4 DEADLINE_EXCEEDED: Deadline exceeded after 60.000s,remote_addr=127.0.0.1:7051
Details:
CALIPER_TX_LATENCY {"workerIndex":1,"roundIndex":1,"roundLabel":"query-count-1","transactionId":"decb784d7f3f0f69714157e55abb9a7d38ca3890a6145dc6acb5682901b11fea","status":"failed","startEpochMs":1787566105036,"endEpochMs":1787566165039,"latencyMs":60003}
2026.08.24-15:39:25.438[31m error[39m [caliper] [connectors/peer-gateway/PeerGateway] 	Failed to perform query transaction [RecordContract:QueryRecords] using arguments [{"caseId":"CASE-2026-002"}],  with error: GatewayError: 4 DEADLINE_EXCEEDED: Deadline exceeded after 60.001s,LB pick: 0.001s,remote_addr=127.0.0.1:7051
Details:
CALIPER_TX_LATENCY {"workerIndex":0,"roundIndex":1,"roundLabel":"query-count-1","transactionId":"16df30c1517f7535fbd0afd29fce22487627c04968db6e0220c947586f0ab988","status":"failed","startEpochMs":1787566105435,"endEpochMs":1787566165438,"latencyMs":60003}
2026.08.24-15:39:25.438[31m error[39m [caliper] [connectors/peer-gateway/PeerGateway] 	Failed to perform query transaction [RecordContract:QueryRecords] using arguments [{"caseId":"CASE-2026-002"}],  with error: GatewayError: 4 DEADLINE_EXCEEDED: Deadline exceeded after 60.001s,LB pick: 0.001s,remote_addr=127.0.0.1:7051
Details:
CALIPER_TX_LATENCY {"workerIndex":1,"roundIndex":1,"roundLabel":"query-count-1","transactionId":"29a21dac956f663a51451d2ee9cc5e47853c5bb80f623260c82941f2113afec6","status":"failed","startEpochMs":1787566105436,"endEpochMs":1787566165438,"latencyMs":60002}
2026.08.24-15:39:25.446[32m info [39m [caliper] [default-observer] 	[query-count-1 Round 1 Transaction Info] - Submitted: 228 Succ: 46 Fail:50 Unfinished:132
2026.08.24-15:39:25.837[31m error[39m [caliper] [connectors/peer-gateway/PeerGateway] 	Failed to perform query transaction [RecordContract:QueryRecords] using arguments [{"caseId":"CASE-2026-002"}],  with error: GatewayError: 4 DEADLINE_EXCEEDED: Deadline exceeded after 59.999s,remote_addr=127.0.0.1:7051
Details:
2026.08.24-15:39:25.837[31m error[39m [caliper] [connectors/peer-gateway/PeerGateway] 	Failed to perform query transaction [RecordContract:QueryRecords] using arguments [{"caseId":"CASE-2026-002"}],  with error: GatewayError: 4 DEADLINE_EXCEEDED: Deadline exceeded after 59.999s,remote_addr=127.0.0.1:7051
Details:
CALIPER_TX_LATENCY {"workerIndex":1,"roundIndex":1,"roundLabel":"query-count-1","transactionId":"e1181cda13bf3e9e595abfb5c26ecd28d5c1bf968c8f71ef3a4c61e8f39fcc87","status":"failed","startEpochMs":1787566105837,"endEpochMs":1787566165837,"latencyMs":60000}
CALIPER_TX_LATENCY {"workerIndex":0,"roundIndex":1,"roundLabel":"query-count-1","transactionId":"94826abee7c0d552af6d73e1f32d275a6a13182fd241abf313541f6b872c58ae","status":"failed","startEpochMs":1787566105837,"endEpochMs":1787566165837,"latencyMs":60000}
2026.08.24-15:39:26.237[31m error[39m [caliper] [connectors/peer-gateway/PeerGateway] 	Failed to perform query transaction [RecordContract:QueryRecords] using arguments [{"caseId":"CASE-2026-002"}],  with error: GatewayError: 1 CANCELLED: Call cancelled
Details:
CALIPER_TX_LATENCY {"workerIndex":1,"roundIndex":1,"roundLabel":"query-count-1","transactionId":"8b8868303dc779677caea0718c1e0adbecf745988f05568e882a74a2364be355","status":"failed","startEpochMs":1787566106236,"endEpochMs":1787566166237,"latencyMs":60001}
2026.08.24-15:39:26.238[31m error[39m [caliper] [connectors/peer-gateway/PeerGateway] 	Failed to perform query transaction [RecordContract:QueryRecords] using arguments [{"caseId":"CASE-2026-002"}],  with error: GatewayError: 4 DEADLINE_EXCEEDED: Deadline exceeded after 60.001s,remote_addr=127.0.0.1:7051
Details:
CALIPER_TX_LATENCY {"workerIndex":0,"roundIndex":1,"roundLabel":"query-count-1","transactionId":"95b3d18d7e7157c10c15b60af8427d6aec2158e1827769c96796c2447fdf4422","status":"failed","startEpochMs":1787566106236,"endEpochMs":1787566166238,"latencyMs":60002}
2026.08.24-15:39:26.638[31m error[39m [caliper] [connectors/peer-gateway/PeerGateway] 	Failed to perform query transaction [RecordContract:QueryRecords] using arguments [{"caseId":"CASE-2026-002"}],  with error: GatewayError: 4 DEADLINE_EXCEEDED: Deadline exceeded after 60.000s,remote_addr=127.0.0.1:7051
Details:
CALIPER_TX_LATENCY {"workerIndex":0,"roundIndex":1,"roundLabel":"query-count-1","transactionId":"98fd5317bf2a148946980b7fa510279d5e63640a7cf1c9f9a08785bcc5ecb5df","status":"failed","startEpochMs":1787566106637,"endEpochMs":1787566166638,"latencyMs":60001}
2026.08.24-15:39:26.639[31m error[39m [caliper] [connectors/peer-gateway/PeerGateway] 	Failed to perform query transaction [RecordContract:QueryRecords] using arguments [{"caseId":"CASE-2026-002"}],  with error: GatewayError: 4 DEADLINE_EXCEEDED: Deadline exceeded after 60.001s,remote_addr=127.0.0.1:7051
Details:
CALIPER_TX_LATENCY {"workerIndex":1,"roundIndex":1,"roundLabel":"query-count-1","transactionId":"a128471147426fc56a78e47b4a2ae60b473d22b7228c92f75caa2aeec1423fd5","status":"failed","startEpochMs":1787566106637,"endEpochMs":1787566166639,"latencyMs":60002}
2026.08.24-15:39:27.037[31m error[39m [caliper] [connectors/peer-gateway/PeerGateway] 	Failed to perform query transaction [RecordContract:QueryRecords] using arguments [{"caseId":"CASE-2026-002"}],  with error: GatewayError: 4 DEADLINE_EXCEEDED: Deadline exceeded after 60.000s,remote_addr=127.0.0.1:7051
Details:
CALIPER_TX_LATENCY {"workerIndex":0,"roundIndex":1,"roundLabel":"query-count-1","transactionId":"fcfe78168bc30e4e204e624a4f00d6969d1b5530fa9456ef71341f0fe1cefde9","status":"failed","startEpochMs":1787566107035,"endEpochMs":1787566167037,"latencyMs":60002}
2026.08.24-15:39:27.038[31m error[39m [caliper] [connectors/peer-gateway/PeerGateway] 	Failed to perform query transaction [RecordContract:QueryRecords] using arguments [{"caseId":"CASE-2026-002"}],  with error: GatewayError: 4 DEADLINE_EXCEEDED: Deadline exceeded after 60.001s,remote_addr=127.0.0.1:7051
Details:
CALIPER_TX_LATENCY {"workerIndex":1,"roundIndex":1,"roundLabel":"query-count-1","transactionId":"a8551d7590d4b057d2f26f31cab0dc5489773fc0a346409d1a26034cacfbdce5","status":"failed","startEpochMs":1787566107036,"endEpochMs":1787566167038,"latencyMs":60002}
2026.08.24-15:39:27.439[31m error[39m [caliper] [connectors/peer-gateway/PeerGateway] 	Failed to perform query transaction [RecordContract:QueryRecords] using arguments [{"caseId":"CASE-2026-002"}],  with error: GatewayError: 4 DEADLINE_EXCEEDED: Deadline exceeded after 60.001s,LB pick: 0.001s,remote_addr=127.0.0.1:7051
Details:
CALIPER_TX_LATENCY {"workerIndex":0,"roundIndex":1,"roundLabel":"query-count-1","transactionId":"8bf4c5b7a546b1b3d754bad33ace7c902b5657808bb72e420dbc844d5c0f5786","status":"failed","startEpochMs":1787566107436,"endEpochMs":1787566167439,"latencyMs":60003}
2026.08.24-15:39:27.439[31m error[39m [caliper] [connectors/peer-gateway/PeerGateway] 	Failed to perform query transaction [RecordContract:QueryRecords] using arguments [{"caseId":"CASE-2026-002"}],  with error: GatewayError: 4 DEADLINE_EXCEEDED: Deadline exceeded after 60.002s,remote_addr=127.0.0.1:7051
Details:
CALIPER_TX_LATENCY {"workerIndex":1,"roundIndex":1,"roundLabel":"query-count-1","transactionId":"11e2701e979c66bcb262548c35b20e7f8ba61fadeb3d96395942ab98b228ec07","status":"failed","startEpochMs":1787566107436,"endEpochMs":1787566167439,"latencyMs":60003}
2026.08.24-15:39:27.838[31m error[39m [caliper] [connectors/peer-gateway/PeerGateway] 	Failed to perform query transaction [RecordContract:QueryRecords] using arguments [{"caseId":"CASE-2026-002"}],  with error: GatewayError: 4 DEADLINE_EXCEEDED: Deadline exceeded after 60.001s,remote_addr=127.0.0.1:7051
Details:
2026.08.24-15:39:27.838[31m error[39m [caliper] [connectors/peer-gateway/PeerGateway] 	Failed to perform query transaction [RecordContract:QueryRecords] using arguments [{"caseId":"CASE-2026-002"}],  with error: GatewayError: 4 DEADLINE_EXCEEDED: Deadline exceeded after 60.001s,name resolution: 0.001s,remote_addr=127.0.0.1:7051
Details:
CALIPER_TX_LATENCY {"workerIndex":1,"roundIndex":1,"roundLabel":"query-count-1","transactionId":"b4c144f4e667613fe7cf836aade77eacf2d925cdac3b0cc9040590d214db25a8","status":"failed","startEpochMs":1787566107836,"endEpochMs":1787566167838,"latencyMs":60002}
CALIPER_TX_LATENCY {"workerIndex":0,"roundIndex":1,"roundLabel":"query-count-1","transactionId":"0befe155da2f74ccf32dc17298c78a83fdc254c8c26d2c38507da24193104fe6","status":"failed","startEpochMs":1787566107836,"endEpochMs":1787566167838,"latencyMs":60002}
2026.08.24-15:39:28.238[31m error[39m [caliper] [connectors/peer-gateway/PeerGateway] 	Failed to perform query transaction [RecordContract:QueryRecords] using arguments [{"caseId":"CASE-2026-002"}],  with error: GatewayError: 4 DEADLINE_EXCEEDED: Deadline exceeded after 60.000s,remote_addr=127.0.0.1:7051
Details:
CALIPER_TX_LATENCY {"workerIndex":0,"roundIndex":1,"roundLabel":"query-count-1","transactionId":"6830f5df3c6b4457af51cfdf5b9fa616d7ade177b4e0f41d031be139c5a206c6","status":"failed","startEpochMs":1787566108237,"endEpochMs":1787566168238,"latencyMs":60001}
2026.08.24-15:39:28.239[31m error[39m [caliper] [connectors/peer-gateway/PeerGateway] 	Failed to perform query transaction [RecordContract:QueryRecords] using arguments [{"caseId":"CASE-2026-002"}],  with error: GatewayError: 4 DEADLINE_EXCEEDED: Deadline exceeded after 60.000s,remote_addr=127.0.0.1:7051
Details:
CALIPER_TX_LATENCY {"workerIndex":1,"roundIndex":1,"roundLabel":"query-count-1","transactionId":"e1e88474c68ca62d012f178a696ca2d409ee12eb438e93b7f305cb773d04e198","status":"failed","startEpochMs":1787566108237,"endEpochMs":1787566168239,"latencyMs":60002}
2026.08.24-15:39:28.638[31m error[39m [caliper] [connectors/peer-gateway/PeerGateway] 	Failed to perform query transaction [RecordContract:QueryRecords] using arguments [{"caseId":"CASE-2026-002"}],  with error: GatewayError: 4 DEADLINE_EXCEEDED: Deadline exceeded after 60.001s,LB pick: 0.001s,remote_addr=127.0.0.1:7051
Details:
CALIPER_TX_LATENCY {"workerIndex":0,"roundIndex":1,"roundLabel":"query-count-1","transactionId":"413ce97af66a5a6e72da4e2f92ab7dce19f72adc47e03a6f1ca3fe7b4f6be3f3","status":"failed","startEpochMs":1787566108636,"endEpochMs":1787566168638,"latencyMs":60002}
2026.08.24-15:39:28.638[31m error[39m [caliper] [connectors/peer-gateway/PeerGateway] 	Failed to perform query transaction [RecordContract:QueryRecords] using arguments [{"caseId":"CASE-2026-002"}],  with error: GatewayError: 4 DEADLINE_EXCEEDED: Deadline exceeded after 60.001s,metadata filters: 0.001s,remote_addr=127.0.0.1:7051
Details:
CALIPER_TX_LATENCY {"workerIndex":1,"roundIndex":1,"roundLabel":"query-count-1","transactionId":"4f7adcdf3df9f61908264a23e1b9c22cfacb912e33d14ab45130ad7ecd6989f7","status":"failed","startEpochMs":1787566108636,"endEpochMs":1787566168638,"latencyMs":60002}
2026.08.24-15:39:29.036[31m error[39m [caliper] [connectors/peer-gateway/PeerGateway] 	Failed to perform query transaction [RecordContract:QueryRecords] using arguments [{"caseId":"CASE-2026-002"}],  with error: GatewayError: 4 DEADLINE_EXCEEDED: Deadline exceeded after 60.000s,remote_addr=127.0.0.1:7051
Details:
CALIPER_TX_LATENCY {"workerIndex":1,"roundIndex":1,"roundLabel":"query-count-1","transactionId":"0b0e1e52b3d4f0a13e2931b79ef84600f8a70ed46786f265382b46e3dbde7ac6","status":"failed","startEpochMs":1787566109035,"endEpochMs":1787566169036,"latencyMs":60001}
2026.08.24-15:39:29.037[31m error[39m [caliper] [connectors/peer-gateway/PeerGateway] 	Failed to perform query transaction [RecordContract:QueryRecords] using arguments [{"caseId":"CASE-2026-002"}],  with error: GatewayError: 4 DEADLINE_EXCEEDED: Deadline exceeded after 60.001s,remote_addr=127.0.0.1:7051
Details:
CALIPER_TX_LATENCY {"workerIndex":0,"roundIndex":1,"roundLabel":"query-count-1","transactionId":"f6544d13c2cad3d5a68553f5f02185eaad4f9cb91ea7dd431f9746d492c7aead","status":"failed","startEpochMs":1787566109035,"endEpochMs":1787566169037,"latencyMs":60002}
2026.08.24-15:39:29.438[31m error[39m [caliper] [connectors/peer-gateway/PeerGateway] 	Failed to perform query transaction [RecordContract:QueryRecords] using arguments [{"caseId":"CASE-2026-002"}],  with error: GatewayError: 4 DEADLINE_EXCEEDED: Deadline exceeded after 60.001s,LB pick: 0.001s,remote_addr=127.0.0.1:7051
Details:
CALIPER_TX_LATENCY {"workerIndex":1,"roundIndex":1,"roundLabel":"query-count-1","transactionId":"43c0195da64b51acaf8cfe52e06df7dc6c6d30779ba16c0e6ecb5fbd41888e21","status":"failed","startEpochMs":1787566109435,"endEpochMs":1787566169438,"latencyMs":60003}
2026.08.24-15:39:29.439[31m error[39m [caliper] [connectors/peer-gateway/PeerGateway] 	Failed to perform query transaction [RecordContract:QueryRecords] using arguments [{"caseId":"CASE-2026-002"}],  with error: GatewayError: 1 CANCELLED: Call cancelled
Details:
CALIPER_TX_LATENCY {"workerIndex":0,"roundIndex":1,"roundLabel":"query-count-1","transactionId":"4532ae2ea99ecc84ec89e886785304cf84cee04503753ecf6df9bf42fddf0bb2","status":"failed","startEpochMs":1787566109437,"endEpochMs":1787566169439,"latencyMs":60002}
2026.08.24-15:39:29.839[31m error[39m [caliper] [connectors/peer-gateway/PeerGateway] 	Failed to perform query transaction [RecordContract:QueryRecords] using arguments [{"caseId":"CASE-2026-002"}],  with error: GatewayError: 4 DEADLINE_EXCEEDED: Deadline exceeded after 60.001s,LB pick: 0.001s,remote_addr=127.0.0.1:7051
Details:
2026.08.24-15:39:29.839[31m error[39m [caliper] [connectors/peer-gateway/PeerGateway] 	Failed to perform query transaction [RecordContract:QueryRecords] using arguments [{"caseId":"CASE-2026-002"}],  with error: GatewayError: 4 DEADLINE_EXCEEDED: Deadline exceeded after 60.001s,remote_addr=127.0.0.1:7051
Details:
CALIPER_TX_LATENCY {"workerIndex":0,"roundIndex":1,"roundLabel":"query-count-1","transactionId":"7dcbe5febe7b37175dd8fcf215485867542208ce0b2135b4703335e2ae22fb15","status":"failed","startEpochMs":1787566109836,"endEpochMs":1787566169839,"latencyMs":60003}
CALIPER_TX_LATENCY {"workerIndex":1,"roundIndex":1,"roundLabel":"query-count-1","transactionId":"921311bc18516f8587ae09e3996d2398ff57396a8ff9b3a4894e6afb11d34eee","status":"failed","startEpochMs":1787566109836,"endEpochMs":1787566169839,"latencyMs":60003}
2026.08.24-15:39:30.239[31m error[39m [caliper] [connectors/peer-gateway/PeerGateway] 	Failed to perform query transaction [RecordContract:QueryRecords] using arguments [{"caseId":"CASE-2026-002"}],  with error: GatewayError: 4 DEADLINE_EXCEEDED: Deadline exceeded after 60.001s,remote_addr=127.0.0.1:7051
Details:
2026.08.24-15:39:30.239[31m error[39m [caliper] [connectors/peer-gateway/PeerGateway] 	Failed to perform query transaction [RecordContract:QueryRecords] using arguments [{"caseId":"CASE-2026-002"}],  with error: GatewayError: 4 DEADLINE_EXCEEDED: Deadline exceeded after 60.001s,metadata filters: 0.001s,remote_addr=127.0.0.1:7051
Details:
CALIPER_TX_LATENCY {"workerIndex":0,"roundIndex":1,"roundLabel":"query-count-1","transactionId":"cffe69ef820630d1a036e0f427f08d047f50c6b5e003b4f973c348bb45e5ce53","status":"failed","startEpochMs":1787566110237,"endEpochMs":1787566170239,"latencyMs":60002}
CALIPER_TX_LATENCY {"workerIndex":1,"roundIndex":1,"roundLabel":"query-count-1","transactionId":"5abbb6c46f8c41d854d633a03a84a5ccbc5829139953a56119c2319b9bb8c64a","status":"failed","startEpochMs":1787566110237,"endEpochMs":1787566170239,"latencyMs":60002}
2026.08.24-15:39:30.446[32m info [39m [caliper] [default-observer] 	[query-count-1 Round 1 Transaction Info] - Submitted: 228 Succ: 46 Fail:76 Unfinished:106
2026.08.24-15:39:30.637[31m error[39m [caliper] [connectors/peer-gateway/PeerGateway] 	Failed to perform query transaction [RecordContract:QueryRecords] using arguments [{"caseId":"CASE-2026-002"}],  with error: GatewayError: 4 DEADLINE_EXCEEDED: Deadline exceeded after 60.000s,remote_addr=127.0.0.1:7051
Details:
CALIPER_TX_LATENCY {"workerIndex":0,"roundIndex":1,"roundLabel":"query-count-1","transactionId":"37e5d42655fcb8ab78b7ce8ba9ad51f1b3f7ae23d04fff288a62c2561fe4a908","status":"failed","startEpochMs":1787566110636,"endEpochMs":1787566170638,"latencyMs":60002}
2026.08.24-15:39:30.638[31m error[39m [caliper] [connectors/peer-gateway/PeerGateway] 	Failed to perform query transaction [RecordContract:QueryRecords] using arguments [{"caseId":"CASE-2026-002"}],  with error: GatewayError: 4 DEADLINE_EXCEEDED: Deadline exceeded after 60.000s,remote_addr=127.0.0.1:7051
Details:
CALIPER_TX_LATENCY {"workerIndex":1,"roundIndex":1,"roundLabel":"query-count-1","transactionId":"8d0359f8d0fc16a4a8baf99c153ec6eea2a7640e153fbfa72bf48da42f05ca67","status":"failed","startEpochMs":1787566110636,"endEpochMs":1787566170638,"latencyMs":60002}
2026.08.24-15:39:31.038[31m error[39m [caliper] [connectors/peer-gateway/PeerGateway] 	Failed to perform query transaction [RecordContract:QueryRecords] using arguments [{"caseId":"CASE-2026-002"}],  with error: GatewayError: 4 DEADLINE_EXCEEDED: Deadline exceeded after 59.999s,remote_addr=127.0.0.1:7051
Details:
2026.08.24-15:39:31.038[31m error[39m [caliper] [connectors/peer-gateway/PeerGateway] 	Failed to perform query transaction [RecordContract:QueryRecords] using arguments [{"caseId":"CASE-2026-002"}],  with error: GatewayError: 4 DEADLINE_EXCEEDED: Deadline exceeded after 60.001s,remote_addr=127.0.0.1:7051
Details:
CALIPER_TX_LATENCY {"workerIndex":0,"roundIndex":1,"roundLabel":"query-count-1","transactionId":"4cb6fd68130d88ed008618e024f0b7bb868c68a0b275bb96c741198a20a4b0ef","status":"failed","startEpochMs":1787566111037,"endEpochMs":1787566171038,"latencyMs":60001}
CALIPER_TX_LATENCY {"workerIndex":1,"roundIndex":1,"roundLabel":"query-count-1","transactionId":"67a533fef40548a22f721f5d600f493bb83b345849d2e2e7f7002ad4fcc08847","status":"failed","startEpochMs":1787566111035,"endEpochMs":1787566171038,"latencyMs":60003}
2026.08.24-15:39:31.438[31m error[39m [caliper] [connectors/peer-gateway/PeerGateway] 	Failed to perform query transaction [RecordContract:QueryRecords] using arguments [{"caseId":"CASE-2026-002"}],  with error: GatewayError: 1 CANCELLED: Call cancelled
Details:
2026.08.24-15:39:31.438[31m error[39m [caliper] [connectors/peer-gateway/PeerGateway] 	Failed to perform query transaction [RecordContract:QueryRecords] using arguments [{"caseId":"CASE-2026-002"}],  with error: GatewayError: 4 DEADLINE_EXCEEDED: Deadline exceeded after 60.001s,LB pick: 0.001s,remote_addr=127.0.0.1:7051
Details:
CALIPER_TX_LATENCY {"workerIndex":1,"roundIndex":1,"roundLabel":"query-count-1","transactionId":"1ce14c376d5815a1d951d1e4f16e9ed3180fb78ba4081bf5aa4d1832c6cb3112","status":"failed","startEpochMs":1787566111436,"endEpochMs":1787566171438,"latencyMs":60002}
CALIPER_TX_LATENCY {"workerIndex":0,"roundIndex":1,"roundLabel":"query-count-1","transactionId":"3822440c244783e8bb03d46474ef1f342dbbf0accf30e5252d02759c27c4078e","status":"failed","startEpochMs":1787566111437,"endEpochMs":1787566171438,"latencyMs":60001}
2026.08.24-15:39:31.839[31m error[39m [caliper] [connectors/peer-gateway/PeerGateway] 	Failed to perform query transaction [RecordContract:QueryRecords] using arguments [{"caseId":"CASE-2026-002"}],  with error: GatewayError: 1 CANCELLED: Call cancelled
Details:
2026.08.24-15:39:31.839[31m error[39m [caliper] [connectors/peer-gateway/PeerGateway] 	Failed to perform query transaction [RecordContract:QueryRecords] using arguments [{"caseId":"CASE-2026-002"}],  with error: GatewayError: 1 CANCELLED: Call cancelled
Details:
CALIPER_TX_LATENCY {"workerIndex":0,"roundIndex":1,"roundLabel":"query-count-1","transactionId":"597a4b42a7a67dc1b988cca064aa2446c7807bf94e85a262ba22a97829deadf6","status":"failed","startEpochMs":1787566111837,"endEpochMs":1787566171839,"latencyMs":60002}
CALIPER_TX_LATENCY {"workerIndex":1,"roundIndex":1,"roundLabel":"query-count-1","transactionId":"0f6e4db41f8aa429e05264c0212e8d12754c0c7404dc0a32279d45e3f02714c7","status":"failed","startEpochMs":1787566111837,"endEpochMs":1787566171839,"latencyMs":60002}
2026.08.24-15:39:32.237[31m error[39m [caliper] [connectors/peer-gateway/PeerGateway] 	Failed to perform query transaction [RecordContract:QueryRecords] using arguments [{"caseId":"CASE-2026-002"}],  with error: GatewayError: 4 DEADLINE_EXCEEDED: Deadline exceeded after 59.999s,remote_addr=127.0.0.1:7051
Details:
CALIPER_TX_LATENCY {"workerIndex":0,"roundIndex":1,"roundLabel":"query-count-1","transactionId":"9d42347f23272346b53a6e75d3af397d2f7b941531865d3a642175a9d8d4c41d","status":"failed","startEpochMs":1787566112237,"endEpochMs":1787566172238,"latencyMs":60001}
2026.08.24-15:39:32.238[31m error[39m [caliper] [connectors/peer-gateway/PeerGateway] 	Failed to perform query transaction [RecordContract:QueryRecords] using arguments [{"caseId":"CASE-2026-002"}],  with error: GatewayError: 4 DEADLINE_EXCEEDED: Deadline exceeded after 60.000s,LB pick: 0.001s,remote_addr=127.0.0.1:7051
Details:
CALIPER_TX_LATENCY {"workerIndex":1,"roundIndex":1,"roundLabel":"query-count-1","transactionId":"bfde65e3b66ab74d54e70b8df0eb322786221f4ffc00e5e1aa71937c1374267d","status":"failed","startEpochMs":1787566112236,"endEpochMs":1787566172239,"latencyMs":60003}
2026.08.24-15:39:32.637[31m error[39m [caliper] [connectors/peer-gateway/PeerGateway] 	Failed to perform query transaction [RecordContract:QueryRecords] using arguments [{"caseId":"CASE-2026-002"}],  with error: GatewayError: 4 DEADLINE_EXCEEDED: Deadline exceeded after 60.001s,metadata filters: 0.001s,remote_addr=127.0.0.1:7051
Details:
2026.08.24-15:39:32.637[31m error[39m [caliper] [connectors/peer-gateway/PeerGateway] 	Failed to perform query transaction [RecordContract:QueryRecords] using arguments [{"caseId":"CASE-2026-002"}],  with error: GatewayError: 4 DEADLINE_EXCEEDED: Deadline exceeded after 60.000s,LB pick: 0.001s,remote_addr=127.0.0.1:7051
Details:
CALIPER_TX_LATENCY {"workerIndex":0,"roundIndex":1,"roundLabel":"query-count-1","transactionId":"ae0406d2aaaf323575542e53724fc711ca81869af0dbec1cfdf4e9236a093209","status":"failed","startEpochMs":1787566112635,"endEpochMs":1787566172637,"latencyMs":60002}
CALIPER_TX_LATENCY {"workerIndex":1,"roundIndex":1,"roundLabel":"query-count-1","transactionId":"3d83b62a84d9ac0f5f3039e78b63817a49b279d1ab382c240784dc715fc60960","status":"failed","startEpochMs":1787566112636,"endEpochMs":1787566172637,"latencyMs":60001}
2026.08.24-15:39:33.037[31m error[39m [caliper] [connectors/peer-gateway/PeerGateway] 	Failed to perform query transaction [RecordContract:QueryRecords] using arguments [{"caseId":"CASE-2026-002"}],  with error: GatewayError: 4 DEADLINE_EXCEEDED: Deadline exceeded after 59.999s,remote_addr=127.0.0.1:7051
Details:
CALIPER_TX_LATENCY {"workerIndex":1,"roundIndex":1,"roundLabel":"query-count-1","transactionId":"5e6c82c5246fc4f03ef9b26fa33ff5f1d121d8cd8cea42eaece40091c3d72422","status":"failed","startEpochMs":1787566113036,"endEpochMs":1787566173038,"latencyMs":60002}
2026.08.24-15:39:33.040[31m error[39m [caliper] [connectors/peer-gateway/PeerGateway] 	Failed to perform query transaction [RecordContract:QueryRecords] using arguments [{"caseId":"CASE-2026-002"}],  with error: GatewayError: 1 CANCELLED: Call cancelled
Details:
CALIPER_TX_LATENCY {"workerIndex":0,"roundIndex":1,"roundLabel":"query-count-1","transactionId":"373917b60636568d120d4dfe88019e58308c8920ecfcebe1c7472410f1535800","status":"failed","startEpochMs":1787566113036,"endEpochMs":1787566173040,"latencyMs":60004}
2026.08.24-15:39:33.437[31m error[39m [caliper] [connectors/peer-gateway/PeerGateway] 	Failed to perform query transaction [RecordContract:QueryRecords] using arguments [{"caseId":"CASE-2026-002"}],  with error: GatewayError: 1 CANCELLED: Call cancelled
Details:
2026.08.24-15:39:33.437[31m error[39m [caliper] [connectors/peer-gateway/PeerGateway] 	Failed to perform query transaction [RecordContract:QueryRecords] using arguments [{"caseId":"CASE-2026-002"}],  with error: GatewayError: 1 CANCELLED: Call cancelled
Details:
CALIPER_TX_LATENCY {"workerIndex":1,"roundIndex":1,"roundLabel":"query-count-1","transactionId":"15be6f74f7a7aad17712d3fdffd4a356814ac6848b570bb19a0749283e38b2be","status":"failed","startEpochMs":1787566113435,"endEpochMs":1787566173438,"latencyMs":60003}
CALIPER_TX_LATENCY {"workerIndex":0,"roundIndex":1,"roundLabel":"query-count-1","transactionId":"bff57599d87e85bcbc7d585c95fdc5240b23dc257ba72c94329e14207467b305","status":"failed","startEpochMs":1787566113436,"endEpochMs":1787566173437,"latencyMs":60001}
2026.08.24-15:39:33.838[31m error[39m [caliper] [connectors/peer-gateway/PeerGateway] 	Failed to perform query transaction [RecordContract:QueryRecords] using arguments [{"caseId":"CASE-2026-002"}],  with error: GatewayError: 4 DEADLINE_EXCEEDED: Deadline exceeded after 60.001s,LB pick: 0.001s,remote_addr=127.0.0.1:7051
Details:
2026.08.24-15:39:33.838[31m error[39m [caliper] [connectors/peer-gateway/PeerGateway] 	Failed to perform query transaction [RecordContract:QueryRecords] using arguments [{"caseId":"CASE-2026-002"}],  with error: GatewayError: 4 DEADLINE_EXCEEDED: Deadline exceeded after 60.001s,LB pick: 0.001s,remote_addr=127.0.0.1:7051
Details:
CALIPER_TX_LATENCY {"workerIndex":1,"roundIndex":1,"roundLabel":"query-count-1","transactionId":"12052127319654969d18964509433ea694f44e7df27036d0d3b9e5f6eba2e2c5","status":"failed","startEpochMs":1787566113837,"endEpochMs":1787566173838,"latencyMs":60001}
CALIPER_TX_LATENCY {"workerIndex":0,"roundIndex":1,"roundLabel":"query-count-1","transactionId":"a30fb3efee0ffc60629cc325ccd8bfe53e4108b2a7db43df4c31a86bcba7ffb4","status":"failed","startEpochMs":1787566113837,"endEpochMs":1787566173839,"latencyMs":60002}
2026.08.24-15:39:34.240[31m error[39m [caliper] [connectors/peer-gateway/PeerGateway] 	Failed to perform query transaction [RecordContract:QueryRecords] using arguments [{"caseId":"CASE-2026-002"}],  with error: GatewayError: 4 DEADLINE_EXCEEDED: Deadline exceeded after 60.001s,LB pick: 0.001s,remote_addr=127.0.0.1:7051
Details:
CALIPER_TX_LATENCY {"workerIndex":0,"roundIndex":1,"roundLabel":"query-count-1","transactionId":"87b6d6afd843d6e00930dc6fdf6a86402607949d9d0dcb300f1880c2aee727d3","status":"failed","startEpochMs":1787566114237,"endEpochMs":1787566174240,"latencyMs":60003}
2026.08.24-15:39:34.240[31m error[39m [caliper] [connectors/peer-gateway/PeerGateway] 	Failed to perform query transaction [RecordContract:QueryRecords] using arguments [{"caseId":"CASE-2026-002"}],  with error: GatewayError: 4 DEADLINE_EXCEEDED: Deadline exceeded after 60.002s,LB pick: 0.001s,remote_addr=127.0.0.1:7051
Details:
CALIPER_TX_LATENCY {"workerIndex":1,"roundIndex":1,"roundLabel":"query-count-1","transactionId":"0dad0477c4baa53b67f9d28b52e956b8751aeff7a6bfb8d7f1d95f24166ebd59","status":"failed","startEpochMs":1787566114237,"endEpochMs":1787566174240,"latencyMs":60003}
2026.08.24-15:39:34.637[31m error[39m [caliper] [connectors/peer-gateway/PeerGateway] 	Failed to perform query transaction [RecordContract:QueryRecords] using arguments [{"caseId":"CASE-2026-002"}],  with error: GatewayError: 4 DEADLINE_EXCEEDED: Deadline exceeded after 59.999s,remote_addr=127.0.0.1:7051
Details:
CALIPER_TX_LATENCY {"workerIndex":0,"roundIndex":1,"roundLabel":"query-count-1","transactionId":"9262cf600ef078a1b839d64ea2ae409bc879d38b7108071a3ae8904039f7ca86","status":"failed","startEpochMs":1787566114637,"endEpochMs":1787566174638,"latencyMs":60001}
2026.08.24-15:39:34.639[31m error[39m [caliper] [connectors/peer-gateway/PeerGateway] 	Failed to perform query transaction [RecordContract:QueryRecords] using arguments [{"caseId":"CASE-2026-002"}],  with error: GatewayError: 4 DEADLINE_EXCEEDED: Deadline exceeded after 60.002s,remote_addr=127.0.0.1:7051
Details:
CALIPER_TX_LATENCY {"workerIndex":1,"roundIndex":1,"roundLabel":"query-count-1","transactionId":"c97873e4d9fdfb5f3ab63bff24af9439f1e03aceeed1c8f35e5b0dd7b57aa323","status":"failed","startEpochMs":1787566114636,"endEpochMs":1787566174639,"latencyMs":60003}
2026.08.24-15:39:35.038[31m error[39m [caliper] [connectors/peer-gateway/PeerGateway] 	Failed to perform query transaction [RecordContract:QueryRecords] using arguments [{"caseId":"CASE-2026-002"}],  with error: GatewayError: 4 DEADLINE_EXCEEDED: Deadline exceeded after 60.000s,LB pick: 0.001s,remote_addr=127.0.0.1:7051
Details:
2026.08.24-15:39:35.038[31m error[39m [caliper] [connectors/peer-gateway/PeerGateway] 	Failed to perform query transaction [RecordContract:QueryRecords] using arguments [{"caseId":"CASE-2026-002"}],  with error: GatewayError: 4 DEADLINE_EXCEEDED: Deadline exceeded after 60.001s,LB pick: 0.001s,remote_addr=127.0.0.1:7051
Details:
CALIPER_TX_LATENCY {"workerIndex":1,"roundIndex":1,"roundLabel":"query-count-1","transactionId":"b606b9de23c57ba3e94a1b1fcb43fcb035f4fbd8633d8e3d08da015a938d904b","status":"failed","startEpochMs":1787566115036,"endEpochMs":1787566175038,"latencyMs":60002}
CALIPER_TX_LATENCY {"workerIndex":0,"roundIndex":1,"roundLabel":"query-count-1","transactionId":"602a289d5271ec44006498c88e77058ea3d8efbc99a4a03b26876c700c0918d1","status":"failed","startEpochMs":1787566115036,"endEpochMs":1787566175038,"latencyMs":60002}
2026.08.24-15:39:35.438[31m error[39m [caliper] [connectors/peer-gateway/PeerGateway] 	Failed to perform query transaction [RecordContract:QueryRecords] using arguments [{"caseId":"CASE-2026-002"}],  with error: GatewayError: 4 DEADLINE_EXCEEDED: Deadline exceeded after 60.001s,remote_addr=127.0.0.1:7051
Details:
2026.08.24-15:39:35.438[31m error[39m [caliper] [connectors/peer-gateway/PeerGateway] 	Failed to perform query transaction [RecordContract:QueryRecords] using arguments [{"caseId":"CASE-2026-002"}],  with error: GatewayError: 1 CANCELLED: Call cancelled
Details:
CALIPER_TX_LATENCY {"workerIndex":1,"roundIndex":1,"roundLabel":"query-count-1","transactionId":"38a7d4b81351936634b46426a42279ba4289dd6db11bb80309b1cd1068c16643","status":"failed","startEpochMs":1787566115436,"endEpochMs":1787566175438,"latencyMs":60002}
CALIPER_TX_LATENCY {"workerIndex":0,"roundIndex":1,"roundLabel":"query-count-1","transactionId":"7abae163b8d1913ed3bda535c96af57252693925839ac9a5939a92f39d669a32","status":"failed","startEpochMs":1787566115436,"endEpochMs":1787566175438,"latencyMs":60002}
2026.08.24-15:39:35.447[32m info [39m [caliper] [default-observer] 	[query-count-1 Round 1 Transaction Info] - Submitted: 228 Succ: 46 Fail:100 Unfinished:82
2026.08.24-15:39:35.837[31m error[39m [caliper] [connectors/peer-gateway/PeerGateway] 	Failed to perform query transaction [RecordContract:QueryRecords] using arguments [{"caseId":"CASE-2026-002"}],  with error: GatewayError: 4 DEADLINE_EXCEEDED: Deadline exceeded after 59.999s,remote_addr=127.0.0.1:7051
Details:
CALIPER_TX_LATENCY {"workerIndex":0,"roundIndex":1,"roundLabel":"query-count-1","transactionId":"74f974671d00978d54aab6063d3fb021fd1a0df952a282a31f4f905c1e213709","status":"failed","startEpochMs":1787566115836,"endEpochMs":1787566175837,"latencyMs":60001}
2026.08.24-15:39:35.838[31m error[39m [caliper] [connectors/peer-gateway/PeerGateway] 	Failed to perform query transaction [RecordContract:QueryRecords] using arguments [{"caseId":"CASE-2026-002"}],  with error: GatewayError: 4 DEADLINE_EXCEEDED: Deadline exceeded after 60.000s,remote_addr=127.0.0.1:7051
Details:
CALIPER_TX_LATENCY {"workerIndex":1,"roundIndex":1,"roundLabel":"query-count-1","transactionId":"242abc4fbdaa1b9e78dd5f553fecca2a22a338cb3fca3f21476dd8875cb3e2c5","status":"failed","startEpochMs":1787566115836,"endEpochMs":1787566175838,"latencyMs":60002}
2026.08.24-15:39:36.238[31m error[39m [caliper] [connectors/peer-gateway/PeerGateway] 	Failed to perform query transaction [RecordContract:QueryRecords] using arguments [{"caseId":"CASE-2026-002"}],  with error: GatewayError: 4 DEADLINE_EXCEEDED: Deadline exceeded after 60.000s,remote_addr=127.0.0.1:7051
Details:
2026.08.24-15:39:36.238[31m error[39m [caliper] [connectors/peer-gateway/PeerGateway] 	Failed to perform query transaction [RecordContract:QueryRecords] using arguments [{"caseId":"CASE-2026-002"}],  with error: GatewayError: 4 DEADLINE_EXCEEDED: Deadline exceeded after 60.001s,metadata filters: 0.001s,remote_addr=127.0.0.1:7051
Details:
CALIPER_TX_LATENCY {"workerIndex":0,"roundIndex":1,"roundLabel":"query-count-1","transactionId":"87bf63731139cfdf1216e79052e14e7469df1c5ce2a77c64644bfb7d66d861ab","status":"failed","startEpochMs":1787566116236,"endEpochMs":1787566176238,"latencyMs":60002}
CALIPER_TX_LATENCY {"workerIndex":1,"roundIndex":1,"roundLabel":"query-count-1","transactionId":"f9cc7bc48f293257be4a5663e27b51311ee9c274b896d3c0c4e38e56fac68ed9","status":"failed","startEpochMs":1787566116236,"endEpochMs":1787566176239,"latencyMs":60003}
2026.08.24-15:39:36.637[31m error[39m [caliper] [connectors/peer-gateway/PeerGateway] 	Failed to perform query transaction [RecordContract:QueryRecords] using arguments [{"caseId":"CASE-2026-002"}],  with error: GatewayError: 4 DEADLINE_EXCEEDED: Deadline exceeded after 59.999s,remote_addr=127.0.0.1:7051
Details:
CALIPER_TX_LATENCY {"workerIndex":1,"roundIndex":1,"roundLabel":"query-count-1","transactionId":"0a3ec60a6c332500f3bc62924dffc6c0660646898ff04cd441d6288a1c71fb3a","status":"failed","startEpochMs":1787566116636,"endEpochMs":1787566176637,"latencyMs":60001}
2026.08.24-15:39:36.638[31m error[39m [caliper] [connectors/peer-gateway/PeerGateway] 	Failed to perform query transaction [RecordContract:QueryRecords] using arguments [{"caseId":"CASE-2026-002"}],  with error: GatewayError: 4 DEADLINE_EXCEEDED: Deadline exceeded after 60.001s,name resolution: 0.001s,remote_addr=127.0.0.1:7051
Details:
CALIPER_TX_LATENCY {"workerIndex":0,"roundIndex":1,"roundLabel":"query-count-1","transactionId":"341cc82cdce6db053f56878b970007ca9d01f7977e0348ef4ecc07b72f741c51","status":"failed","startEpochMs":1787566116636,"endEpochMs":1787566176638,"latencyMs":60002}
2026.08.24-15:39:37.039[31m error[39m [caliper] [connectors/peer-gateway/PeerGateway] 	Failed to perform query transaction [RecordContract:QueryRecords] using arguments [{"caseId":"CASE-2026-002"}],  with error: GatewayError: 4 DEADLINE_EXCEEDED: Deadline exceeded after 60.001s,remote_addr=127.0.0.1:7051
Details:
2026.08.24-15:39:37.039[31m error[39m [caliper] [connectors/peer-gateway/PeerGateway] 	Failed to perform query transaction [RecordContract:QueryRecords] using arguments [{"caseId":"CASE-2026-002"}],  with error: GatewayError: 4 DEADLINE_EXCEEDED: Deadline exceeded after 60.001s,remote_addr=127.0.0.1:7051
Details:
CALIPER_TX_LATENCY {"workerIndex":1,"roundIndex":1,"roundLabel":"query-count-1","transactionId":"1d433c8b79eab2de45586059b59ccc7078dab969cf7aa1c10cc2a3a44adc03b7","status":"failed","startEpochMs":1787566117037,"endEpochMs":1787566177039,"latencyMs":60002}
CALIPER_TX_LATENCY {"workerIndex":0,"roundIndex":1,"roundLabel":"query-count-1","transactionId":"887ce1ffe765b7b33cd88a777038211003fe5aba184327fea088689fd648fafa","status":"failed","startEpochMs":1787566117037,"endEpochMs":1787566177039,"latencyMs":60002}
2026.08.24-15:39:37.438[31m error[39m [caliper] [connectors/peer-gateway/PeerGateway] 	Failed to perform query transaction [RecordContract:QueryRecords] using arguments [{"caseId":"CASE-2026-002"}],  with error: GatewayError: 4 DEADLINE_EXCEEDED: Deadline exceeded after 60.000s,remote_addr=127.0.0.1:7051
Details:
CALIPER_TX_LATENCY {"workerIndex":0,"roundIndex":1,"roundLabel":"query-count-1","transactionId":"46625e7ec12487e1a65866b778c86d416f912114372e5ec8028a2605b30c9383","status":"failed","startEpochMs":1787566117436,"endEpochMs":1787566177438,"latencyMs":60002}
2026.08.24-15:39:37.439[31m error[39m [caliper] [connectors/peer-gateway/PeerGateway] 	Failed to perform query transaction [RecordContract:QueryRecords] using arguments [{"caseId":"CASE-2026-002"}],  with error: GatewayError: 4 DEADLINE_EXCEEDED: Deadline exceeded after 60.000s,remote_addr=127.0.0.1:7051
Details:
CALIPER_TX_LATENCY {"workerIndex":1,"roundIndex":1,"roundLabel":"query-count-1","transactionId":"eeb3fa922d48b369bfe3a5659ec523d7657f2b2d39c9812343878218fc400e07","status":"failed","startEpochMs":1787566117436,"endEpochMs":1787566177439,"latencyMs":60003}
2026.08.24-15:39:37.837[31m error[39m [caliper] [connectors/peer-gateway/PeerGateway] 	Failed to perform query transaction [RecordContract:QueryRecords] using arguments [{"caseId":"CASE-2026-002"}],  with error: GatewayError: 4 DEADLINE_EXCEEDED: Deadline exceeded after 60.000s,time to current attempt start: 0.001s,remote_addr=127.0.0.1:7051
Details:
2026.08.24-15:39:37.837[31m error[39m [caliper] [connectors/peer-gateway/PeerGateway] 	Failed to perform query transaction [RecordContract:QueryRecords] using arguments [{"caseId":"CASE-2026-002"}],  with error: GatewayError: 4 DEADLINE_EXCEEDED: Deadline exceeded after 60.001s,remote_addr=127.0.0.1:7051
Details:
CALIPER_TX_LATENCY {"workerIndex":0,"roundIndex":1,"roundLabel":"query-count-1","transactionId":"5f38cc0380a881a0b1f404275e880e79151e464279ec6b19071a4b9b054b609a","status":"failed","startEpochMs":1787566117836,"endEpochMs":1787566177837,"latencyMs":60001}
CALIPER_TX_LATENCY {"workerIndex":1,"roundIndex":1,"roundLabel":"query-count-1","transactionId":"f9623d0df74d0e6c53f03c6d95cff776339fe678116fadd524496ee5c2fc7580","status":"failed","startEpochMs":1787566117834,"endEpochMs":1787566177837,"latencyMs":60003}
2026.08.24-15:39:38.237[31m error[39m [caliper] [connectors/peer-gateway/PeerGateway] 	Failed to perform query transaction [RecordContract:QueryRecords] using arguments [{"caseId":"CASE-2026-002"}],  with error: GatewayError: 4 DEADLINE_EXCEEDED: Deadline exceeded after 60.001s,LB pick: 0.001s,remote_addr=127.0.0.1:7051
Details:
CALIPER_TX_LATENCY {"workerIndex":1,"roundIndex":1,"roundLabel":"query-count-1","transactionId":"abd09f90df29c5a481727c73ae2094ed4b3c17bcd63515bad2e7da94b54f28c4","status":"failed","startEpochMs":1787566118234,"endEpochMs":1787566178237,"latencyMs":60003}
2026.08.24-15:39:38.238[31m error[39m [caliper] [connectors/peer-gateway/PeerGateway] 	Failed to perform query transaction [RecordContract:QueryRecords] using arguments [{"caseId":"CASE-2026-002"}],  with error: GatewayError: 4 DEADLINE_EXCEEDED: Deadline exceeded after 60.000s,remote_addr=127.0.0.1:7051
Details:
CALIPER_TX_LATENCY {"workerIndex":0,"roundIndex":1,"roundLabel":"query-count-1","transactionId":"c9bf82f2c5e95d34105a8fa357f8accfe438da6a39f6c335c7253ddf71ccf49b","status":"failed","startEpochMs":1787566118237,"endEpochMs":1787566178238,"latencyMs":60001}
2026.08.24-15:39:38.638[31m error[39m [caliper] [connectors/peer-gateway/PeerGateway] 	Failed to perform query transaction [RecordContract:QueryRecords] using arguments [{"caseId":"CASE-2026-002"}],  with error: GatewayError: 4 DEADLINE_EXCEEDED: Deadline exceeded after 60.001s,metadata filters: 0.001s,remote_addr=127.0.0.1:7051
Details:
2026.08.24-15:39:38.638[31m error[39m [caliper] [connectors/peer-gateway/PeerGateway] 	Failed to perform query transaction [RecordContract:QueryRecords] using arguments [{"caseId":"CASE-2026-002"}],  with error: GatewayError: 4 DEADLINE_EXCEEDED: Deadline exceeded after 60.001s,LB pick: 0.001s,remote_addr=127.0.0.1:7051
Details:
CALIPER_TX_LATENCY {"workerIndex":0,"roundIndex":1,"roundLabel":"query-count-1","transactionId":"4c3a4e49170237d8f6b7f7a574aebe44428c5f0a6a9fdeafd4c50cfe55125a6e","status":"failed","startEpochMs":1787566118636,"endEpochMs":1787566178638,"latencyMs":60002}
CALIPER_TX_LATENCY {"workerIndex":1,"roundIndex":1,"roundLabel":"query-count-1","transactionId":"2e8a889f0919452f6cd905053920415bb77ac4bbb603f7d2be3428486e721490","status":"failed","startEpochMs":1787566118636,"endEpochMs":1787566178638,"latencyMs":60002}
2026.08.24-15:39:39.035[31m error[39m [caliper] [connectors/peer-gateway/PeerGateway] 	Failed to perform query transaction [RecordContract:QueryRecords] using arguments [{"caseId":"CASE-2026-002"}],  with error: GatewayError: 4 DEADLINE_EXCEEDED: Deadline exceeded after 59.998s,remote_addr=127.0.0.1:7051
Details:
CALIPER_TX_LATENCY {"workerIndex":1,"roundIndex":1,"roundLabel":"query-count-1","transactionId":"06ff783f65fa5c9f90b293ccd3b6791e4a834685207c250605f7569ded616601","status":"failed","startEpochMs":1787566119036,"endEpochMs":1787566179035,"latencyMs":59999}
2026.08.24-15:39:39.038[31m error[39m [caliper] [connectors/peer-gateway/PeerGateway] 	Failed to perform query transaction [RecordContract:QueryRecords] using arguments [{"caseId":"CASE-2026-002"}],  with error: GatewayError: 4 DEADLINE_EXCEEDED: Deadline exceeded after 60.001s,LB pick: 0.001s,remote_addr=127.0.0.1:7051
Details:
CALIPER_TX_LATENCY {"workerIndex":0,"roundIndex":1,"roundLabel":"query-count-1","transactionId":"804ee63108a548310e64b3cf92956f21f993ef4081cb6934b29ac12322a27270","status":"failed","startEpochMs":1787566119035,"endEpochMs":1787566179038,"latencyMs":60003}
2026.08.24-15:39:39.438[31m error[39m [caliper] [connectors/peer-gateway/PeerGateway] 	Failed to perform query transaction [RecordContract:QueryRecords] using arguments [{"caseId":"CASE-2026-002"}],  with error: GatewayError: 4 DEADLINE_EXCEEDED: Deadline exceeded after 59.999s,remote_addr=127.0.0.1:7051
Details:
2026.08.24-15:39:39.438[31m error[39m [caliper] [connectors/peer-gateway/PeerGateway] 	Failed to perform query transaction [RecordContract:QueryRecords] using arguments [{"caseId":"CASE-2026-002"}],  with error: GatewayError: 4 DEADLINE_EXCEEDED: Deadline exceeded after 60.001s,remote_addr=127.0.0.1:7051
Details:
CALIPER_TX_LATENCY {"workerIndex":0,"roundIndex":1,"roundLabel":"query-count-1","transactionId":"322be567f56baeb886de1b8ebce07a3ed3eed9c227b8f2d2ed8e7d90761e8f09","status":"failed","startEpochMs":1787566119436,"endEpochMs":1787566179438,"latencyMs":60002}
CALIPER_TX_LATENCY {"workerIndex":1,"roundIndex":1,"roundLabel":"query-count-1","transactionId":"49049f1c46ecae027c04dc1633b81b23d9e9f223fb25b7976bfea4f869100219","status":"failed","startEpochMs":1787566119436,"endEpochMs":1787566179438,"latencyMs":60002}
2026.08.24-15:39:39.838[31m error[39m [caliper] [connectors/peer-gateway/PeerGateway] 	Failed to perform query transaction [RecordContract:QueryRecords] using arguments [{"caseId":"CASE-2026-002"}],  with error: GatewayError: 4 DEADLINE_EXCEEDED: Deadline exceeded after 60.001s,LB pick: 0.001s,remote_addr=127.0.0.1:7051
Details:
CALIPER_TX_LATENCY {"workerIndex":1,"roundIndex":1,"roundLabel":"query-count-1","transactionId":"d07f3235c8f21d173d306d2e49a141fb84239587dcd4bd0247590b4cc689149a","status":"failed","startEpochMs":1787566119834,"endEpochMs":1787566179838,"latencyMs":60004}
2026.08.24-15:39:39.838[31m error[39m [caliper] [connectors/peer-gateway/PeerGateway] 	Failed to perform query transaction [RecordContract:QueryRecords] using arguments [{"caseId":"CASE-2026-002"}],  with error: GatewayError: 1 CANCELLED: Call cancelled
Details:
CALIPER_TX_LATENCY {"workerIndex":0,"roundIndex":1,"roundLabel":"query-count-1","transactionId":"9aa1f49a220ddddb7ad26adbc5bef7735aec8ea807a7078d3002d4f7a8197f0f","status":"failed","startEpochMs":1787566119836,"endEpochMs":1787566179838,"latencyMs":60002}
2026.08.24-15:39:40.238[31m error[39m [caliper] [connectors/peer-gateway/PeerGateway] 	Failed to perform query transaction [RecordContract:QueryRecords] using arguments [{"caseId":"CASE-2026-002"}],  with error: GatewayError: 4 DEADLINE_EXCEEDED: Deadline exceeded after 60.000s,LB pick: 0.001s,remote_addr=127.0.0.1:7051
Details:
CALIPER_TX_LATENCY {"workerIndex":1,"roundIndex":1,"roundLabel":"query-count-1","transactionId":"584f3965cf0ae8ca40c180d9b6c4dab03f2df84f2479f644e1173c05da4e5b8a","status":"failed","startEpochMs":1787566120236,"endEpochMs":1787566180238,"latencyMs":60002}
2026.08.24-15:39:40.239[31m error[39m [caliper] [connectors/peer-gateway/PeerGateway] 	Failed to perform query transaction [RecordContract:QueryRecords] using arguments [{"caseId":"CASE-2026-002"}],  with error: GatewayError: 4 DEADLINE_EXCEEDED: Deadline exceeded after 60.000s,remote_addr=127.0.0.1:7051
Details:
CALIPER_TX_LATENCY {"workerIndex":0,"roundIndex":1,"roundLabel":"query-count-1","transactionId":"adf93fb1d681053a4cee65499f045672ae90ba175797bdb8532bcb4d66d6fb60","status":"failed","startEpochMs":1787566120236,"endEpochMs":1787566180239,"latencyMs":60003}
2026.08.24-15:39:40.448[32m info [39m [caliper] [default-observer] 	[query-count-1 Round 1 Transaction Info] - Submitted: 228 Succ: 46 Fail:126 Unfinished:56
2026.08.24-15:39:40.638[31m error[39m [caliper] [connectors/peer-gateway/PeerGateway] 	Failed to perform query transaction [RecordContract:QueryRecords] using arguments [{"caseId":"CASE-2026-002"}],  with error: GatewayError: 4 DEADLINE_EXCEEDED: Deadline exceeded after 60.001s,remote_addr=127.0.0.1:7051
Details:
CALIPER_TX_LATENCY {"workerIndex":1,"roundIndex":1,"roundLabel":"query-count-1","transactionId":"18b6bde00d376f53cddd0195843dbfa33b8e4676f17e7c7a54d98a3b1b29877d","status":"failed","startEpochMs":1787566120636,"endEpochMs":1787566180638,"latencyMs":60002}
2026.08.24-15:39:40.638[31m error[39m [caliper] [connectors/peer-gateway/PeerGateway] 	Failed to perform query transaction [RecordContract:QueryRecords] using arguments [{"caseId":"CASE-2026-002"}],  with error: GatewayError: 4 DEADLINE_EXCEEDED: Deadline exceeded after 60.001s,name resolution: 0.001s,remote_addr=127.0.0.1:7051
Details:
CALIPER_TX_LATENCY {"workerIndex":0,"roundIndex":1,"roundLabel":"query-count-1","transactionId":"075c3dd5b2dfbf36b9bfbdd02d32953e8b058c2db0ae91a92a9e124bd36ec7c4","status":"failed","startEpochMs":1787566120636,"endEpochMs":1787566180638,"latencyMs":60002}
