2026.08.24-15:32:28.935[32m info [39m [caliper] [cli-launch-manager] 	Set workspace path: /Users/venkatrayudu/Workspace/XAI workspace/crime-records-network/benchmarks/caliper
2026.08.24-15:32:28.936[32m info [39m [caliper] [cli-launch-manager] 	Set benchmark configuration path: /Users/venkatrayudu/Workspace/XAI workspace/crime-records-network/experiments/runs/2026-08-24T10-02-28-804Z_caliper_latency-write-tps/caliper-executed-benchmark.yaml
2026.08.24-15:32:28.936[32m info [39m [caliper] [cli-launch-manager] 	Set network configuration path: /Users/venkatrayudu/Workspace/XAI workspace/crime-records-network/benchmarks/caliper/generated/network-config.json
2026.08.24-15:32:28.936[32m info [39m [caliper] [cli-launch-manager] 	Set SUT type: fabric
2026.08.24-15:32:28.945[32m info [39m [caliper] [benchmark-validator] 	No observer specified, will default to `none`
2026.08.24-15:32:28.946[32m info [39m [caliper] [caliper-engine] 	Starting benchmark flow
2026.08.24-15:32:28.946[32m info [39m [caliper] [caliper-engine] 	Skipping start commands due to benchmark flow conditioning
2026.08.24-15:32:28.946[32m info [39m [caliper] [caliper-engine] 	Skipping initialization phase due to benchmark flow conditioning
2026.08.24-15:32:28.946[32m info [39m [caliper] [caliper-engine] 	Skipping install smart contract phase due to benchmark flow conditioning
2026.08.24-15:32:28.995[32m info [39m [caliper] [FabricConnectorFactory] 	Initializing peer gateway connector compatible with installed fabric-gateway SDK: 1.7.1
2026.08.24-15:32:29.004[32m info [39m [caliper] [IdentityManager] 	Adding io.krishnan (admin=false) as io.krishnan for organization PoliceMSP
2026.08.24-15:32:29.005[32m info [39m [caliper] [IdentityManager] 	Adding insp.rathore (admin=false) as insp.rathore for organization PoliceMSP
2026.08.24-15:32:29.005[32m info [39m [caliper] [IdentityManager] 	Adding insp.singh (admin=false) as insp.singh for organization PoliceMSP
2026.08.24-15:32:29.005[32m info [39m [caliper] [IdentityManager] 	Adding const.verma (admin=false) as const.verma for organization PoliceMSP
2026.08.24-15:32:29.006[32m info [39m [caliper] [IdentityManager] 	Adding insp.sharma (admin=false) as insp.sharma for organization PoliceMSP
2026.08.24-15:32:29.006[32m info [39m [caliper] [IdentityManager] 	Adding aud.qureshi (admin=false) as _AuditMSP_aud.qureshi for organization AuditMSP
2026.08.24-15:32:29.007[32m info [39m [caliper] [monitor.js] 	Attempting to create resource monitor of type prometheus
2026.08.24-15:32:29.008[32m info [39m [caliper] [default-observer] 	Observer interval set to 5000 milliseconds
2026.08.24-15:32:29.010[32m info [39m [caliper] [round-orchestrator] 	Preparing worker connections
2026.08.24-15:32:29.010[32m info [39m [caliper] [worker-orchestrator] 	Launching worker 1 of 4
2026.08.24-15:32:29.011[32m info [39m [caliper] [worker-orchestrator] 	Launching worker 2 of 4
2026.08.24-15:32:29.011[32m info [39m [caliper] [worker-orchestrator] 	Launching worker 3 of 4
2026.08.24-15:32:29.012[32m info [39m [caliper] [worker-orchestrator] 	Launching worker 4 of 4
2026.08.24-15:32:29.012[32m info [39m [caliper] [worker-orchestrator] 	Messenger not configured, entering configure phase...
2026.08.24-15:32:29.012[32m info [39m [caliper] [worker-orchestrator] 	No existing workers detected, entering worker launch phase...
2026.08.24-15:32:29.012[32m info [39m [caliper] [worker-orchestrator] 	Waiting for 4 workers to be connected...
2026.08.24-15:32:29.133[32m info [39m [caliper] [cli-launch-worker] 	Set workspace path: /Users/venkatrayudu/Workspace/XAI workspace/crime-records-network/benchmarks/caliper
2026.08.24-15:32:29.134[32m info [39m [caliper] [cli-launch-worker] 	Set benchmark configuration path: /Users/venkatrayudu/Workspace/XAI workspace/crime-records-network/experiments/runs/2026-08-24T10-02-28-804Z_caliper_latency-write-tps/caliper-executed-benchmark.yaml
2026.08.24-15:32:29.134[32m info [39m [caliper] [cli-launch-worker] 	Set network configuration path: /Users/venkatrayudu/Workspace/XAI workspace/crime-records-network/benchmarks/caliper/generated/network-config.json
2026.08.24-15:32:29.134[32m info [39m [caliper] [cli-launch-worker] 	Set SUT type: fabric
2026.08.24-15:32:29.134[32m info [39m [caliper] [cli-launch-worker] 	Set workspace path: /Users/venkatrayudu/Workspace/XAI workspace/crime-records-network/benchmarks/caliper
2026.08.24-15:32:29.134[32m info [39m [caliper] [cli-launch-worker] 	Set benchmark configuration path: /Users/venkatrayudu/Workspace/XAI workspace/crime-records-network/experiments/runs/2026-08-24T10-02-28-804Z_caliper_latency-write-tps/caliper-executed-benchmark.yaml
2026.08.24-15:32:29.134[32m info [39m [caliper] [cli-launch-worker] 	Set network configuration path: /Users/venkatrayudu/Workspace/XAI workspace/crime-records-network/benchmarks/caliper/generated/network-config.json
2026.08.24-15:32:29.134[32m info [39m [caliper] [cli-launch-worker] 	Set workspace path: /Users/venkatrayudu/Workspace/XAI workspace/crime-records-network/benchmarks/caliper
2026.08.24-15:32:29.134[32m info [39m [caliper] [cli-launch-worker] 	Set benchmark configuration path: /Users/venkatrayudu/Workspace/XAI workspace/crime-records-network/experiments/runs/2026-08-24T10-02-28-804Z_caliper_latency-write-tps/caliper-executed-benchmark.yaml
2026.08.24-15:32:29.135[32m info [39m [caliper] [cli-launch-worker] 	Set network configuration path: /Users/venkatrayudu/Workspace/XAI workspace/crime-records-network/benchmarks/caliper/generated/network-config.json
2026.08.24-15:32:29.135[32m info [39m [caliper] [cli-launch-worker] 	Set SUT type: fabric
2026.08.24-15:32:29.134[32m info [39m [caliper] [cli-launch-worker] 	Set workspace path: /Users/venkatrayudu/Workspace/XAI workspace/crime-records-network/benchmarks/caliper
2026.08.24-15:32:29.135[32m info [39m [caliper] [cli-launch-worker] 	Set benchmark configuration path: /Users/venkatrayudu/Workspace/XAI workspace/crime-records-network/experiments/runs/2026-08-24T10-02-28-804Z_caliper_latency-write-tps/caliper-executed-benchmark.yaml
2026.08.24-15:32:29.135[32m info [39m [caliper] [cli-launch-worker] 	Set network configuration path: /Users/venkatrayudu/Workspace/XAI workspace/crime-records-network/benchmarks/caliper/generated/network-config.json
2026.08.24-15:32:29.135[32m info [39m [caliper] [cli-launch-worker] 	Set SUT type: fabric
2026.08.24-15:32:29.136[32m info [39m [caliper] [cli-launch-worker] 	Set SUT type: fabric
2026.08.24-15:32:29.151[32m info [39m [caliper] [worker-orchestrator] 	4 workers connected, progressing to worker assignment phase.
2026.08.24-15:32:29.151[32m info [39m [caliper] [worker-orchestrator] 	Workers currently unassigned, awaiting index assignment...
2026.08.24-15:32:29.151[32m info [39m [caliper] [worker-orchestrator] 	Waiting for 4 workers to be assigned...
2026.08.24-15:32:29.154[32m info [39m [caliper] [worker-orchestrator] 	4 workers assigned, progressing to worker initialization phase.
2026.08.24-15:32:29.155[32m info [39m [caliper] [worker-orchestrator] 	Waiting for 4 workers to be ready...
2026.08.24-15:32:29.155[32m info [39m [caliper] [worker-message-handler] 	Initializing Worker#2...
2026.08.24-15:32:29.155[32m info [39m [caliper] [worker-message-handler] 	Initializing Worker#1...
2026.08.24-15:32:29.155[32m info [39m [caliper] [worker-message-handler] 	Initializing Worker#3...
2026.08.24-15:32:29.155[32m info [39m [caliper] [worker-message-handler] 	Initializing Worker#0...
2026.08.24-15:32:29.204[32m info [39m [caliper] [FabricConnectorFactory] 	Initializing peer gateway connector compatible with installed fabric-gateway SDK: 1.7.1
2026.08.24-15:32:29.205[32m info [39m [caliper] [FabricConnectorFactory] 	Initializing peer gateway connector compatible with installed fabric-gateway SDK: 1.7.1
2026.08.24-15:32:29.205[32m info [39m [caliper] [FabricConnectorFactory] 	Initializing peer gateway connector compatible with installed fabric-gateway SDK: 1.7.1
2026.08.24-15:32:29.206[32m info [39m [caliper] [FabricConnectorFactory] 	Initializing peer gateway connector compatible with installed fabric-gateway SDK: 1.7.1
2026.08.24-15:32:29.206[32m info [39m [caliper] [IdentityManager] 	Adding io.krishnan (admin=false) as io.krishnan for organization PoliceMSP
2026.08.24-15:32:29.207[32m info [39m [caliper] [IdentityManager] 	Adding insp.rathore (admin=false) as insp.rathore for organization PoliceMSP
2026.08.24-15:32:29.207[32m info [39m [caliper] [IdentityManager] 	Adding insp.singh (admin=false) as insp.singh for organization PoliceMSP
2026.08.24-15:32:29.207[32m info [39m [caliper] [IdentityManager] 	Adding io.krishnan (admin=false) as io.krishnan for organization PoliceMSP
2026.08.24-15:32:29.208[32m info [39m [caliper] [IdentityManager] 	Adding io.krishnan (admin=false) as io.krishnan for organization PoliceMSP
2026.08.24-15:32:29.208[32m info [39m [caliper] [IdentityManager] 	Adding const.verma (admin=false) as const.verma for organization PoliceMSP
2026.08.24-15:32:29.208[32m info [39m [caliper] [IdentityManager] 	Adding insp.rathore (admin=false) as insp.rathore for organization PoliceMSP
2026.08.24-15:32:29.208[32m info [39m [caliper] [IdentityManager] 	Adding insp.rathore (admin=false) as insp.rathore for organization PoliceMSP
2026.08.24-15:32:29.208[32m info [39m [caliper] [IdentityManager] 	Adding insp.sharma (admin=false) as insp.sharma for organization PoliceMSP
2026.08.24-15:32:29.208[32m info [39m [caliper] [IdentityManager] 	Adding io.krishnan (admin=false) as io.krishnan for organization PoliceMSP
2026.08.24-15:32:29.208[32m info [39m [caliper] [IdentityManager] 	Adding insp.singh (admin=false) as insp.singh for organization PoliceMSP
2026.08.24-15:32:29.208[32m info [39m [caliper] [IdentityManager] 	Adding insp.singh (admin=false) as insp.singh for organization PoliceMSP
2026.08.24-15:32:29.209[32m info [39m [caliper] [IdentityManager] 	Adding aud.qureshi (admin=false) as _AuditMSP_aud.qureshi for organization AuditMSP
2026.08.24-15:32:29.209[32m info [39m [caliper] [IdentityManager] 	Adding insp.rathore (admin=false) as insp.rathore for organization PoliceMSP
2026.08.24-15:32:29.209[32m info [39m [caliper] [IdentityManager] 	Adding const.verma (admin=false) as const.verma for organization PoliceMSP
2026.08.24-15:32:29.209[32m info [39m [caliper] [IdentityManager] 	Adding const.verma (admin=false) as const.verma for organization PoliceMSP
2026.08.24-15:32:29.209[32m info [39m [caliper] [IdentityManager] 	Adding insp.singh (admin=false) as insp.singh for organization PoliceMSP
2026.08.24-15:32:29.209[32m info [39m [caliper] [IdentityManager] 	Adding insp.sharma (admin=false) as insp.sharma for organization PoliceMSP
2026.08.24-15:32:29.209[32m info [39m [caliper] [IdentityManager] 	Adding insp.sharma (admin=false) as insp.sharma for organization PoliceMSP
2026.08.24-15:32:29.210[32m info [39m [caliper] [IdentityManager] 	Adding const.verma (admin=false) as const.verma for organization PoliceMSP
2026.08.24-15:32:29.210[32m info [39m [caliper] [IdentityManager] 	Adding aud.qureshi (admin=false) as _AuditMSP_aud.qureshi for organization AuditMSP
2026.08.24-15:32:29.210[32m info [39m [caliper] [IdentityManager] 	Adding aud.qureshi (admin=false) as _AuditMSP_aud.qureshi for organization AuditMSP
2026.08.24-15:32:29.210[32m info [39m [caliper] [IdentityManager] 	Adding insp.sharma (admin=false) as insp.sharma for organization PoliceMSP
2026.08.24-15:32:29.210[32m info [39m [caliper] [IdentityManager] 	Adding aud.qureshi (admin=false) as _AuditMSP_aud.qureshi for organization AuditMSP
2026.08.24-15:32:29.211[32m info [39m [caliper] [worker-message-handler] 	Worker#2 initialized
2026.08.24-15:32:29.212[32m info [39m [caliper] [worker-message-handler] 	Worker#1 initialized
2026.08.24-15:32:29.212[32m info [39m [caliper] [worker-message-handler] 	Worker#0 initialized
2026.08.24-15:32:29.213[32m info [39m [caliper] [worker-message-handler] 	Worker#3 initialized
2026.08.24-15:32:29.213[32m info [39m [caliper] [worker-orchestrator] 	4 workers ready, progressing to test preparation phase.
2026.08.24-15:32:29.213[32m info [39m [caliper] [round-orchestrator] 	Started round 1 (write-tps-warmup)
2026.08.24-15:32:29.213[32m info [39m [caliper] [worker-message-handler] 	Preparing Worker#0 for Round#0
2026.08.24-15:32:29.214[32m info [39m [caliper] [worker-message-handler] 	Preparing Worker#1 for Round#0
2026.08.24-15:32:29.214[32m info [39m [caliper] [worker-message-handler] 	Preparing Worker#2 for Round#0
2026.08.24-15:32:29.214[32m info [39m [caliper] [worker-message-handler] 	Preparing Worker#3 for Round#0
2026.08.24-15:32:29.223[32m info [39m [caliper] [connectors/peer-gateway/PeerGateway] 	Generating contract map for user io.krishnan
2026.08.24-15:32:29.223[32m info [39m [caliper] [connectors/peer-gateway/PeerGateway] 	Generating contract map for user io.krishnan
2026.08.24-15:32:29.223[32m info [39m [caliper] [connectors/peer-gateway/PeerGateway] 	Generating contract map for user io.krishnan
2026.08.24-15:32:29.223[32m info [39m [caliper] [connectors/peer-gateway/PeerGateway] 	Generating contract map for user insp.rathore
2026.08.24-15:32:29.223[32m info [39m [caliper] [connectors/peer-gateway/PeerGateway] 	Generating contract map for user insp.rathore
2026.08.24-15:32:29.223[32m info [39m [caliper] [connectors/peer-gateway/PeerGateway] 	Generating contract map for user insp.rathore
2026.08.24-15:32:29.223[32m info [39m [caliper] [connectors/peer-gateway/PeerGateway] 	Generating contract map for user insp.singh
2026.08.24-15:32:29.223[32m info [39m [caliper] [connectors/peer-gateway/PeerGateway] 	Generating contract map for user io.krishnan
2026.08.24-15:32:29.223[32m info [39m [caliper] [connectors/peer-gateway/PeerGateway] 	Generating contract map for user insp.singh
2026.08.24-15:32:29.223[32m info [39m [caliper] [connectors/peer-gateway/PeerGateway] 	Generating contract map for user insp.singh
2026.08.24-15:32:29.223[32m info [39m [caliper] [connectors/peer-gateway/PeerGateway] 	Generating contract map for user const.verma
2026.08.24-15:32:29.223[32m info [39m [caliper] [connectors/peer-gateway/PeerGateway] 	Generating contract map for user const.verma
2026.08.24-15:32:29.223[32m info [39m [caliper] [connectors/peer-gateway/PeerGateway] 	Generating contract map for user const.verma
2026.08.24-15:32:29.224[32m info [39m [caliper] [connectors/peer-gateway/PeerGateway] 	Generating contract map for user insp.rathore
2026.08.24-15:32:29.224[32m info [39m [caliper] [connectors/peer-gateway/PeerGateway] 	Generating contract map for user insp.sharma
2026.08.24-15:32:29.224[32m info [39m [caliper] [connectors/peer-gateway/PeerGateway] 	Generating contract map for user insp.sharma
2026.08.24-15:32:29.224[32m info [39m [caliper] [connectors/peer-gateway/PeerGateway] 	Generating contract map for user insp.sharma
2026.08.24-15:32:29.224[32m info [39m [caliper] [connectors/peer-gateway/PeerGateway] 	Generating contract map for user insp.singh
2026.08.24-15:32:29.224[32m info [39m [caliper] [connectors/peer-gateway/PeerGateway] 	Generating contract map for user const.verma
2026.08.24-15:32:29.224[32m info [39m [caliper] [connectors/peer-gateway/PeerGateway] 	Generating contract map for user insp.sharma
2026.08.24-15:32:29.226[32m info [39m [caliper] [connectors/peer-gateway/PeerGateway] 	Generating contract map for user _AuditMSP_aud.qureshi
2026.08.24-15:32:29.226[32m info [39m [caliper] [connectors/peer-gateway/PeerGateway] 	Generating contract map for user _AuditMSP_aud.qureshi
2026.08.24-15:32:29.226[32m info [39m [caliper] [caliper-worker] 	Info: worker 2 prepare test phase for round 0 is starting...
2026.08.24-15:32:29.226[32m info [39m [caliper] [caliper-worker] 	Info: worker 0 prepare test phase for round 0 is starting...
2026.08.24-15:32:29.226[32m info [39m [caliper] [connectors/peer-gateway/PeerGateway] 	Generating contract map for user _AuditMSP_aud.qureshi
2026.08.24-15:32:29.226[32m info [39m [caliper] [caliper-worker] 	Info: worker 3 prepare test phase for round 0 is starting...
2026.08.24-15:32:29.226[32m info [39m [caliper] [connectors/peer-gateway/PeerGateway] 	Generating contract map for user _AuditMSP_aud.qureshi
2026.08.24-15:32:29.226[32m info [39m [caliper] [caliper-worker] 	Info: worker 1 prepare test phase for round 0 is starting...
2026.08.24-15:32:29.227[32m info [39m [caliper] [connectors/peer-gateway/PeerGateway] 	disconnecting gateway for user io.krishnan
2026.08.24-15:32:29.227[32m info [39m [caliper] [connectors/peer-gateway/PeerGateway] 	disconnecting gateway for user insp.rathore
2026.08.24-15:32:29.227[32m info [39m [caliper] [connectors/peer-gateway/PeerGateway] 	disconnecting gateway for user io.krishnan
2026.08.24-15:32:29.227[32m info [39m [caliper] [connectors/peer-gateway/PeerGateway] 	disconnecting gateway for user insp.singh
2026.08.24-15:32:29.227[32m info [39m [caliper] [connectors/peer-gateway/PeerGateway] 	disconnecting gateway for user const.verma
2026.08.24-15:32:29.227[32m info [39m [caliper] [connectors/peer-gateway/PeerGateway] 	disconnecting gateway for user insp.sharma
2026.08.24-15:32:29.227[32m info [39m [caliper] [connectors/peer-gateway/PeerGateway] 	disconnecting gateway for user _AuditMSP_aud.qureshi
2026.08.24-15:32:29.227[32m info [39m [caliper] [connectors/peer-gateway/PeerGateway] 	disconnecting gRpc client at peer PoliceMSP_localhost:7051
2026.08.24-15:32:29.227[32m info [39m [caliper] [connectors/peer-gateway/PeerGateway] 	disconnecting gateway for user insp.rathore
2026.08.24-15:32:29.227[32m info [39m [caliper] [connectors/peer-gateway/PeerGateway] 	disconnecting gateway for user io.krishnan
2026.08.24-15:32:29.227[32m info [39m [caliper] [connectors/peer-gateway/PeerGateway] 	disconnecting gateway for user insp.singh
2026.08.24-15:32:29.227[32m info [39m [caliper] [connectors/peer-gateway/PeerGateway] 	disconnecting gateway for user insp.rathore
2026.08.24-15:32:29.227[32m info [39m [caliper] [connectors/peer-gateway/PeerGateway] 	disconnecting gateway for user const.verma
2026.08.24-15:32:29.227[32m info [39m [caliper] [connectors/peer-gateway/PeerGateway] 	disconnecting gateway for user insp.singh
2026.08.24-15:32:29.227[32m info [39m [caliper] [connectors/peer-gateway/PeerGateway] 	disconnecting gateway for user const.verma
2026.08.24-15:32:29.227[32m info [39m [caliper] [connectors/peer-gateway/PeerGateway] 	disconnecting gateway for user insp.sharma
2026.08.24-15:32:29.227[32m info [39m [caliper] [connectors/peer-gateway/PeerGateway] 	disconnecting gateway for user _AuditMSP_aud.qureshi
2026.08.24-15:32:29.227[32m info [39m [caliper] [connectors/peer-gateway/PeerGateway] 	disconnecting gRpc client at peer PoliceMSP_localhost:7051
2026.08.24-15:32:29.227[32m info [39m [caliper] [connectors/peer-gateway/PeerGateway] 	disconnecting gateway for user insp.sharma
2026.08.24-15:32:29.228[32m info [39m [caliper] [connectors/peer-gateway/PeerGateway] 	disconnecting gateway for user _AuditMSP_aud.qureshi
2026.08.24-15:32:29.228[32m info [39m [caliper] [connectors/peer-gateway/PeerGateway] 	disconnecting gRpc client at peer PoliceMSP_localhost:7051
2026.08.24-15:32:29.228[32m info [39m [caliper] [connectors/peer-gateway/PeerGateway] 	disconnecting gRpc client at peer AuditMSP_localhost:11051
2026.08.24-15:32:29.228[32m info [39m [caliper] [caliper-worker] 	Info: worker 2 prepare test phase for round 0 is completed
2026.08.24-15:32:29.228[32m info [39m [caliper] [worker-message-handler] 	Worker#2 prepared for Round#0
2026.08.24-15:32:29.228[32m info [39m [caliper] [connectors/peer-gateway/PeerGateway] 	disconnecting gRpc client at peer AuditMSP_localhost:11051
2026.08.24-15:32:29.228[32m info [39m [caliper] [caliper-worker] 	Info: worker 3 prepare test phase for round 0 is completed
2026.08.24-15:32:29.228[32m info [39m [caliper] [connectors/peer-gateway/PeerGateway] 	disconnecting gRpc client at peer AuditMSP_localhost:11051
2026.08.24-15:32:29.228[32m info [39m [caliper] [worker-message-handler] 	Worker#3 prepared for Round#0
2026.08.24-15:32:29.228[32m info [39m [caliper] [connectors/peer-gateway/PeerGateway] 	disconnecting gateway for user io.krishnan
2026.08.24-15:32:29.228[32m info [39m [caliper] [caliper-worker] 	Info: worker 0 prepare test phase for round 0 is completed
2026.08.24-15:32:29.228[32m info [39m [caliper] [connectors/peer-gateway/PeerGateway] 	disconnecting gateway for user insp.rathore
2026.08.24-15:32:29.228[32m info [39m [caliper] [worker-message-handler] 	Worker#0 prepared for Round#0
2026.08.24-15:32:29.228[32m info [39m [caliper] [connectors/peer-gateway/PeerGateway] 	disconnecting gateway for user insp.singh
2026.08.24-15:32:29.228[32m info [39m [caliper] [connectors/peer-gateway/PeerGateway] 	disconnecting gateway for user const.verma
2026.08.24-15:32:29.228[32m info [39m [caliper] [connectors/peer-gateway/PeerGateway] 	disconnecting gateway for user insp.sharma
2026.08.24-15:32:29.228[32m info [39m [caliper] [connectors/peer-gateway/PeerGateway] 	disconnecting gateway for user _AuditMSP_aud.qureshi
2026.08.24-15:32:29.228[32m info [39m [caliper] [connectors/peer-gateway/PeerGateway] 	disconnecting gRpc client at peer PoliceMSP_localhost:7051
2026.08.24-15:32:29.228[32m info [39m [caliper] [connectors/peer-gateway/PeerGateway] 	disconnecting gRpc client at peer AuditMSP_localhost:11051
2026.08.24-15:32:29.228[32m info [39m [caliper] [caliper-worker] 	Info: worker 1 prepare test phase for round 0 is completed
2026.08.24-15:32:29.228[32m info [39m [caliper] [worker-message-handler] 	Worker#1 prepared for Round#0
2026.08.24-15:32:29.228[32m info [39m [caliper] [worker-orchestrator] 	4 workers prepared, progressing to test phase.
2026.08.24-15:32:29.228[32m info [39m [caliper] [round-orchestrator] 	Monitors successfully started
2026.08.24-15:32:29.229[32m info [39m [caliper] [worker-message-handler] 	Worker#0 is starting Round#0
2026.08.24-15:32:29.229[32m info [39m [caliper] [worker-message-handler] 	Worker#1 is starting Round#0
2026.08.24-15:32:29.229[32m info [39m [caliper] [worker-message-handler] 	Worker#2 is starting Round#0
2026.08.24-15:32:29.229[32m info [39m [caliper] [worker-message-handler] 	Worker#3 is starting Round#0
2026.08.24-15:32:29.230[32m info [39m [caliper] [connectors/peer-gateway/PeerGateway] 	Generating contract map for user io.krishnan
2026.08.24-15:32:29.230[32m info [39m [caliper] [connectors/peer-gateway/PeerGateway] 	Generating contract map for user io.krishnan
2026.08.24-15:32:29.230[32m info [39m [caliper] [connectors/peer-gateway/PeerGateway] 	Generating contract map for user io.krishnan
2026.08.24-15:32:29.230[32m info [39m [caliper] [connectors/peer-gateway/PeerGateway] 	Generating contract map for user insp.rathore
2026.08.24-15:32:29.230[32m info [39m [caliper] [connectors/peer-gateway/PeerGateway] 	Generating contract map for user insp.rathore
2026.08.24-15:32:29.230[32m info [39m [caliper] [connectors/peer-gateway/PeerGateway] 	Generating contract map for user io.krishnan
2026.08.24-15:32:29.230[32m info [39m [caliper] [connectors/peer-gateway/PeerGateway] 	Generating contract map for user insp.rathore
2026.08.24-15:32:29.231[32m info [39m [caliper] [connectors/peer-gateway/PeerGateway] 	Generating contract map for user insp.rathore
2026.08.24-15:32:29.231[32m info [39m [caliper] [connectors/peer-gateway/PeerGateway] 	Generating contract map for user insp.singh
2026.08.24-15:32:29.231[32m info [39m [caliper] [connectors/peer-gateway/PeerGateway] 	Generating contract map for user insp.singh
2026.08.24-15:32:29.231[32m info [39m [caliper] [connectors/peer-gateway/PeerGateway] 	Generating contract map for user insp.singh
2026.08.24-15:32:29.231[32m info [39m [caliper] [connectors/peer-gateway/PeerGateway] 	Generating contract map for user insp.singh
2026.08.24-15:32:29.231[32m info [39m [caliper] [connectors/peer-gateway/PeerGateway] 	Generating contract map for user const.verma
2026.08.24-15:32:29.231[32m info [39m [caliper] [connectors/peer-gateway/PeerGateway] 	Generating contract map for user const.verma
2026.08.24-15:32:29.231[32m info [39m [caliper] [connectors/peer-gateway/PeerGateway] 	Generating contract map for user const.verma
2026.08.24-15:32:29.231[32m info [39m [caliper] [connectors/peer-gateway/PeerGateway] 	Generating contract map for user insp.sharma
2026.08.24-15:32:29.231[32m info [39m [caliper] [connectors/peer-gateway/PeerGateway] 	Generating contract map for user insp.sharma
2026.08.24-15:32:29.231[32m info [39m [caliper] [connectors/peer-gateway/PeerGateway] 	Generating contract map for user insp.sharma
2026.08.24-15:32:29.231[32m info [39m [caliper] [connectors/peer-gateway/PeerGateway] 	Generating contract map for user const.verma
2026.08.24-15:32:29.231[32m info [39m [caliper] [connectors/peer-gateway/PeerGateway] 	Generating contract map for user insp.sharma
2026.08.24-15:32:29.232[32m info [39m [caliper] [connectors/peer-gateway/PeerGateway] 	Generating contract map for user _AuditMSP_aud.qureshi
2026.08.24-15:32:29.232[32m info [39m [caliper] [connectors/peer-gateway/PeerGateway] 	Generating contract map for user _AuditMSP_aud.qureshi
2026.08.24-15:32:29.232[32m info [39m [caliper] [connectors/peer-gateway/PeerGateway] 	Generating contract map for user _AuditMSP_aud.qureshi
2026.08.24-15:32:29.232[32m info [39m [caliper] [connectors/peer-gateway/PeerGateway] 	Generating contract map for user _AuditMSP_aud.qureshi
2026.08.24-15:32:29.232[32m info [39m [caliper] [caliper-worker] 	Worker #1 starting workload loop
2026.08.24-15:32:29.232[32m info [39m [caliper] [caliper-worker] 	Worker #2 starting workload loop
2026.08.24-15:32:29.233[32m info [39m [caliper] [caliper-worker] 	Worker #3 starting workload loop
2026.08.24-15:32:29.233[32m info [39m [caliper] [caliper-worker] 	Worker #0 starting workload loop
CALIPER_TX_LATENCY {"workerIndex":1,"roundIndex":0,"roundLabel":"write-tps-warmup","transactionId":"e359af4dfeec687ccb36bc6c670f3e25402ce41061ede066e61da0a67f54ca8b","status":"success","startEpochMs":1787565749236,"endEpochMs":1787565751398,"latencyMs":2162}
CALIPER_TX_LATENCY {"workerIndex":2,"roundIndex":0,"roundLabel":"write-tps-warmup","transactionId":"029df7425432b4632a4a84bf8147784024b1f671c6d371574c24754a7b383854","status":"success","startEpochMs":1787565749235,"endEpochMs":1787565751398,"latencyMs":2163}
CALIPER_TX_LATENCY {"workerIndex":0,"roundIndex":0,"roundLabel":"write-tps-warmup","transactionId":"e262be7bf6349a661059549977ef030d28484d63a03ff383c04f0fa37443e959","status":"success","startEpochMs":1787565749236,"endEpochMs":1787565751398,"latencyMs":2162}
CALIPER_TX_LATENCY {"workerIndex":3,"roundIndex":0,"roundLabel":"write-tps-warmup","transactionId":"87a8f89d309a68a7d86e5c7c22a397726d534c28ffdbb1fd6742d7bdff90a3a9","status":"success","startEpochMs":1787565749236,"endEpochMs":1787565751398,"latencyMs":2162}
2026.08.24-15:32:34.237[32m info [39m [caliper] [default-observer] 	[write-tps-warmup Round 0 Transaction Info] - Submitted: 8 Succ: 4 Fail:0 Unfinished:4
CALIPER_TX_LATENCY {"workerIndex":0,"roundIndex":0,"roundLabel":"write-tps-warmup","transactionId":"4d77f491c86178e952a77e141c2244626e13a8dd34bb09e48c537526423b61a7","status":"success","startEpochMs":1787565753234,"endEpochMs":1787565755355,"latencyMs":2121}
CALIPER_TX_LATENCY {"workerIndex":2,"roundIndex":0,"roundLabel":"write-tps-warmup","transactionId":"1b05d90fae3ce98f967f65f606e882aaa9af92245fc8062ad2d4009eaa0b055f","status":"success","startEpochMs":1787565753234,"endEpochMs":1787565755355,"latencyMs":2121}
CALIPER_TX_LATENCY {"workerIndex":1,"roundIndex":0,"roundLabel":"write-tps-warmup","transactionId":"98c82d09ee0bdc5e5d63724a9de795f4c016120c9f6b650b2830034eef0d737b","status":"success","startEpochMs":1787565753236,"endEpochMs":1787565755355,"latencyMs":2119}
CALIPER_TX_LATENCY {"workerIndex":3,"roundIndex":0,"roundLabel":"write-tps-warmup","transactionId":"4f9387784fc8b86c06e96136e3cb1984bfca2a8dffcfeeeb1549559861a336de","status":"success","startEpochMs":1787565753234,"endEpochMs":1787565755355,"latencyMs":2121}
2026.08.24-15:32:39.232[32m info [39m [caliper] [default-observer] 	[write-tps-warmup Round 0 Transaction Info] - Submitted: 12 Succ: 8 Fail:0 Unfinished:4
CALIPER_TX_LATENCY {"workerIndex":2,"roundIndex":0,"roundLabel":"write-tps-warmup","transactionId":"d2406ef9981a985b0f7004caedb5f4ca30fbd74411667d91a24abbdd2f249870","status":"success","startEpochMs":1787565757233,"endEpochMs":1787565759325,"latencyMs":2092}
CALIPER_TX_LATENCY {"workerIndex":0,"roundIndex":0,"roundLabel":"write-tps-warmup","transactionId":"071e20d86ea36d0ecf54a28ac6ca1113c427692f549439c422e0e954902f1c10","status":"success","startEpochMs":1787565757233,"endEpochMs":1787565759325,"latencyMs":2092}
CALIPER_TX_LATENCY {"workerIndex":1,"roundIndex":0,"roundLabel":"write-tps-warmup","transactionId":"56c9464fe82df76070246cf6051ff5f85842099ceae4a18afd6c59d5870731f3","status":"success","startEpochMs":1787565757235,"endEpochMs":1787565759325,"latencyMs":2090}
CALIPER_TX_LATENCY {"workerIndex":3,"roundIndex":0,"roundLabel":"write-tps-warmup","transactionId":"7b40761e46af404bee75bd0c05c6c73152ce5cd13248b2c4ed1ba4a8f4ad149f","status":"success","startEpochMs":1787565757233,"endEpochMs":1787565759325,"latencyMs":2092}
CALIPER_TX_LATENCY {"workerIndex":1,"roundIndex":0,"roundLabel":"write-tps-warmup","transactionId":"515fe5294d5d053266b01f1feb73c85abd199e74e2ba1434f0a7413c3a7fd8cd","status":"success","startEpochMs":1787565761234,"endEpochMs":1787565763311,"latencyMs":2077}
CALIPER_TX_LATENCY {"workerIndex":0,"roundIndex":0,"roundLabel":"write-tps-warmup","transactionId":"27bf64add0b907e7c62e79823eced77ee45cf13e076b466f25246c4b4b36f542","status":"success","startEpochMs":1787565761234,"endEpochMs":1787565763311,"latencyMs":2077}
CALIPER_TX_LATENCY {"workerIndex":3,"roundIndex":0,"roundLabel":"write-tps-warmup","transactionId":"fd117d493fda0d21178756bfd24b289ddb29c9c9e1cb521ff947de157ddd397b","status":"success","startEpochMs":1787565761234,"endEpochMs":1787565763311,"latencyMs":2077}
CALIPER_TX_LATENCY {"workerIndex":2,"roundIndex":0,"roundLabel":"write-tps-warmup","transactionId":"c8820748a7821c621f4623a68c04f06b5fd7a818390eeda43848cde2d5f41b77","status":"success","startEpochMs":1787565761234,"endEpochMs":1787565763311,"latencyMs":2077}
2026.08.24-15:32:44.233[32m info [39m [caliper] [default-observer] 	[write-tps-warmup Round 0 Transaction Info] - Submitted: 16 Succ: 16 Fail:0 Unfinished:0
2026.08.24-15:32:44.357[32m info [39m [caliper] [connectors/peer-gateway/PeerGateway] 	disconnecting gateway for user io.krishnan
2026.08.24-15:32:44.357[32m info [39m [caliper] [connectors/peer-gateway/PeerGateway] 	disconnecting gateway for user insp.rathore
2026.08.24-15:32:44.357[32m info [39m [caliper] [connectors/peer-gateway/PeerGateway] 	disconnecting gateway for user insp.singh
2026.08.24-15:32:44.357[32m info [39m [caliper] [connectors/peer-gateway/PeerGateway] 	disconnecting gateway for user const.verma
2026.08.24-15:32:44.357[32m info [39m [caliper] [connectors/peer-gateway/PeerGateway] 	disconnecting gateway for user insp.sharma
2026.08.24-15:32:44.357[32m info [39m [caliper] [connectors/peer-gateway/PeerGateway] 	disconnecting gateway for user _AuditMSP_aud.qureshi
2026.08.24-15:32:44.357[32m info [39m [caliper] [connectors/peer-gateway/PeerGateway] 	disconnecting gRpc client at peer PoliceMSP_localhost:7051
2026.08.24-15:32:44.357[32m info [39m [caliper] [connectors/peer-gateway/PeerGateway] 	disconnecting gRpc client at peer AuditMSP_localhost:11051
2026.08.24-15:32:44.357[32m info [39m [caliper] [connectors/peer-gateway/PeerGateway] 	disconnecting gateway for user io.krishnan
2026.08.24-15:32:44.357[32m info [39m [caliper] [worker-message-handler] 	Worker#2 finished Round#0
2026.08.24-15:32:44.357[32m info [39m [caliper] [connectors/peer-gateway/PeerGateway] 	disconnecting gateway for user insp.rathore
2026.08.24-15:32:44.357[32m info [39m [caliper] [connectors/peer-gateway/PeerGateway] 	disconnecting gateway for user insp.singh
2026.08.24-15:32:44.357[32m info [39m [caliper] [connectors/peer-gateway/PeerGateway] 	disconnecting gateway for user const.verma
2026.08.24-15:32:44.357[32m info [39m [caliper] [connectors/peer-gateway/PeerGateway] 	disconnecting gateway for user insp.sharma
2026.08.24-15:32:44.357[32m info [39m [caliper] [connectors/peer-gateway/PeerGateway] 	disconnecting gateway for user _AuditMSP_aud.qureshi
2026.08.24-15:32:44.357[32m info [39m [caliper] [connectors/peer-gateway/PeerGateway] 	disconnecting gRpc client at peer PoliceMSP_localhost:7051
2026.08.24-15:32:44.357[32m info [39m [caliper] [connectors/peer-gateway/PeerGateway] 	disconnecting gateway for user io.krishnan
2026.08.24-15:32:44.357[32m info [39m [caliper] [connectors/peer-gateway/PeerGateway] 	disconnecting gateway for user io.krishnan
2026.08.24-15:32:44.357[32m info [39m [caliper] [connectors/peer-gateway/PeerGateway] 	disconnecting gateway for user insp.rathore
2026.08.24-15:32:44.357[32m info [39m [caliper] [connectors/peer-gateway/PeerGateway] 	disconnecting gateway for user insp.singh
2026.08.24-15:32:44.357[32m info [39m [caliper] [connectors/peer-gateway/PeerGateway] 	disconnecting gateway for user insp.rathore
2026.08.24-15:32:44.357[32m info [39m [caliper] [connectors/peer-gateway/PeerGateway] 	disconnecting gateway for user const.verma
2026.08.24-15:32:44.357[32m info [39m [caliper] [connectors/peer-gateway/PeerGateway] 	disconnecting gateway for user insp.singh
2026.08.24-15:32:44.357[32m info [39m [caliper] [connectors/peer-gateway/PeerGateway] 	disconnecting gateway for user insp.sharma
2026.08.24-15:32:44.357[32m info [39m [caliper] [connectors/peer-gateway/PeerGateway] 	disconnecting gateway for user const.verma
2026.08.24-15:32:44.357[32m info [39m [caliper] [connectors/peer-gateway/PeerGateway] 	disconnecting gateway for user insp.sharma
2026.08.24-15:32:44.357[32m info [39m [caliper] [connectors/peer-gateway/PeerGateway] 	disconnecting gateway for user _AuditMSP_aud.qureshi
2026.08.24-15:32:44.357[32m info [39m [caliper] [connectors/peer-gateway/PeerGateway] 	disconnecting gRpc client at peer PoliceMSP_localhost:7051
2026.08.24-15:32:44.357[32m info [39m [caliper] [connectors/peer-gateway/PeerGateway] 	disconnecting gateway for user _AuditMSP_aud.qureshi
2026.08.24-15:32:44.357[32m info [39m [caliper] [connectors/peer-gateway/PeerGateway] 	disconnecting gRpc client at peer AuditMSP_localhost:11051
2026.08.24-15:32:44.358[32m info [39m [caliper] [worker-message-handler] 	Worker#3 finished Round#0
2026.08.24-15:32:44.358[32m info [39m [caliper] [connectors/peer-gateway/PeerGateway] 	disconnecting gRpc client at peer PoliceMSP_localhost:7051
2026.08.24-15:32:44.358[32m info [39m [caliper] [connectors/peer-gateway/PeerGateway] 	disconnecting gRpc client at peer AuditMSP_localhost:11051
2026.08.24-15:32:44.358[32m info [39m [caliper] [connectors/peer-gateway/PeerGateway] 	disconnecting gRpc client at peer AuditMSP_localhost:11051
2026.08.24-15:32:44.358[32m info [39m [caliper] [worker-message-handler] 	Worker#1 finished Round#0
2026.08.24-15:32:44.358[32m info [39m [caliper] [worker-message-handler] 	Worker#0 finished Round#0
2026.08.24-15:32:49.359[32m info [39m [caliper] [default-observer] 	Resetting txCount indicator count
2026.08.24-15:32:49.360[32m info [39m [caliper] [report-builder] 	### Test result ###
2026.08.24-15:32:49.361[32m info [39m [caliper] [report-builder] 	
+------------------+------+------+-----------------+-----------------+-----------------+-----------------+------------------+
| Name             | Succ | Fail | Send Rate (TPS) | Max Latency (s) | Min Latency (s) | Avg Latency (s) | Throughput (TPS) |
|------------------|------|------|-----------------|-----------------|-----------------|-----------------|------------------|
| write-tps-warmup | 16   | 0    | 1.3             | 2.16            | 2.08            | 2.11            | 1.1              |
+------------------+------+------+-----------------+-----------------+-----------------+-----------------+------------------+

2026.08.24-15:32:49.373[32m info [39m [caliper] [report-builder] 	### prometheus resource stats ###'
2026.08.24-15:32:49.374[32m info [39m [caliper] [report-builder] 	
+--------------------------------------------------+-------------------------------------------------------------------------------------------------------------------------------------------------------------------------------------------------------------------------------------------------------------------------------------------------+------------------------------------+--------+
| Metric                                           | Prometheus Query                                                                                                                                                                                                                                                                                | Name                               | Value  |
|--------------------------------------------------|-------------------------------------------------------------------------------------------------------------------------------------------------------------------------------------------------------------------------------------------------------------------------------------------------|------------------------------------|--------|
| Process resident memory (MiB, max)               | process_resident_memory_bytes{job=~"fabric-.*"}                                                                                                                                                                                                                                                 | orderer.example.com:9443           | 68.1   |
|--------------------------------------------------|-------------------------------------------------------------------------------------------------------------------------------------------------------------------------------------------------------------------------------------------------------------------------------------------------|------------------------------------|--------|
|                                                  |                                                                                                                                                                                                                                                                                                 | peer0.audit.example.com:9448       | 132    |
|--------------------------------------------------|-------------------------------------------------------------------------------------------------------------------------------------------------------------------------------------------------------------------------------------------------------------------------------------------------|------------------------------------|--------|
|                                                  |                                                                                                                                                                                                                                                                                                 | peer0.court.example.com:9447       | 132    |
|--------------------------------------------------|-------------------------------------------------------------------------------------------------------------------------------------------------------------------------------------------------------------------------------------------------------------------------------------------------|------------------------------------|--------|
|                                                  |                                                                                                                                                                                                                                                                                                 | peer0.forensics.example.com:9445   | 132    |
|--------------------------------------------------|-------------------------------------------------------------------------------------------------------------------------------------------------------------------------------------------------------------------------------------------------------------------------------------------------|------------------------------------|--------|
|                                                  |                                                                                                                                                                                                                                                                                                 | peer0.police.example.com:9444      | 140    |
|--------------------------------------------------|-------------------------------------------------------------------------------------------------------------------------------------------------------------------------------------------------------------------------------------------------------------------------------------------------|------------------------------------|--------|
|                                                  |                                                                                                                                                                                                                                                                                                 | peer0.prosecution.example.com:9446 | 129    |
|--------------------------------------------------|-------------------------------------------------------------------------------------------------------------------------------------------------------------------------------------------------------------------------------------------------------------------------------------------------|------------------------------------|--------|
| Process CPU rate (percent, max)                  | rate(process_cpu_seconds_total{job=~"fabric-.*"}[1m])                                                                                                                                                                                                                                           | orderer.example.com:9443           | 0.291  |
|--------------------------------------------------|-------------------------------------------------------------------------------------------------------------------------------------------------------------------------------------------------------------------------------------------------------------------------------------------------|------------------------------------|--------|
|                                                  |                                                                                                                                                                                                                                                                                                 | peer0.audit.example.com:9448       | 3.62   |
|--------------------------------------------------|-------------------------------------------------------------------------------------------------------------------------------------------------------------------------------------------------------------------------------------------------------------------------------------------------|------------------------------------|--------|
|                                                  |                                                                                                                                                                                                                                                                                                 | peer0.court.example.com:9447       | 3.58   |
|--------------------------------------------------|-------------------------------------------------------------------------------------------------------------------------------------------------------------------------------------------------------------------------------------------------------------------------------------------------|------------------------------------|--------|
|                                                  |                                                                                                                                                                                                                                                                                                 | peer0.forensics.example.com:9445   | 3.42   |
|--------------------------------------------------|-------------------------------------------------------------------------------------------------------------------------------------------------------------------------------------------------------------------------------------------------------------------------------------------------|------------------------------------|--------|
|                                                  |                                                                                                                                                                                                                                                                                                 | peer0.police.example.com:9444      | 5.15   |
|--------------------------------------------------|-------------------------------------------------------------------------------------------------------------------------------------------------------------------------------------------------------------------------------------------------------------------------------------------------|------------------------------------|--------|
|                                                  |                                                                                                                                                                                                                                                                                                 | peer0.prosecution.example.com:9446 | 3.29   |
|--------------------------------------------------|-------------------------------------------------------------------------------------------------------------------------------------------------------------------------------------------------------------------------------------------------------------------------------------------------|------------------------------------|--------|
| Crimerecords endorsement duration (seconds, avg) | sum by (instance) (rate(endorser_proposal_duration_sum{job=~"fabric-.*",channel="crimechannel",chaincode="crimerecords",success="true"}[1m])) / sum by (instance) (rate(endorser_proposal_duration_count{job=~"fabric-.*",channel="crimechannel",chaincode="crimerecords",success="true"}[1m])) | peer0.audit.example.com:9448       | NaN    |
|--------------------------------------------------|-------------------------------------------------------------------------------------------------------------------------------------------------------------------------------------------------------------------------------------------------------------------------------------------------|------------------------------------|--------|
|                                                  |                                                                                                                                                                                                                                                                                                 | peer0.court.example.com:9447       | NaN    |
|--------------------------------------------------|-------------------------------------------------------------------------------------------------------------------------------------------------------------------------------------------------------------------------------------------------------------------------------------------------|------------------------------------|--------|
|                                                  |                                                                                                                                                                                                                                                                                                 | peer0.forensics.example.com:9445   | NaN    |
|--------------------------------------------------|-------------------------------------------------------------------------------------------------------------------------------------------------------------------------------------------------------------------------------------------------------------------------------------------------|------------------------------------|--------|
|                                                  |                                                                                                                                                                                                                                                                                                 | peer0.police.example.com:9444      | 0.0144 |
|--------------------------------------------------|-------------------------------------------------------------------------------------------------------------------------------------------------------------------------------------------------------------------------------------------------------------------------------------------------|------------------------------------|--------|
|                                                  |                                                                                                                                                                                                                                                                                                 | peer0.prosecution.example.com:9446 | NaN    |
|--------------------------------------------------|-------------------------------------------------------------------------------------------------------------------------------------------------------------------------------------------------------------------------------------------------------------------------------------------------|------------------------------------|--------|
| Ledger height (blocks, max)                      | ledger_blockchain_height{job=~"fabric-.*",channel="crimechannel"}                                                                                                                                                                                                                               | orderer.example.com:9443           | 394    |
|--------------------------------------------------|-------------------------------------------------------------------------------------------------------------------------------------------------------------------------------------------------------------------------------------------------------------------------------------------------|------------------------------------|--------|
|                                                  |                                                                                                                                                                                                                                                                                                 | peer0.audit.example.com:9448       | 394    |
|--------------------------------------------------|-------------------------------------------------------------------------------------------------------------------------------------------------------------------------------------------------------------------------------------------------------------------------------------------------|------------------------------------|--------|
|                                                  |                                                                                                                                                                                                                                                                                                 | peer0.court.example.com:9447       | 394    |
|--------------------------------------------------|-------------------------------------------------------------------------------------------------------------------------------------------------------------------------------------------------------------------------------------------------------------------------------------------------|------------------------------------|--------|
|                                                  |                                                                                                                                                                                                                                                                                                 | peer0.forensics.example.com:9445   | 394    |
|--------------------------------------------------|-------------------------------------------------------------------------------------------------------------------------------------------------------------------------------------------------------------------------------------------------------------------------------------------------|------------------------------------|--------|
|                                                  |                                                                                                                                                                                                                                                                                                 | peer0.police.example.com:9444      | 394    |
|--------------------------------------------------|-------------------------------------------------------------------------------------------------------------------------------------------------------------------------------------------------------------------------------------------------------------------------------------------------|------------------------------------|--------|
|                                                  |                                                                                                                                                                                                                                                                                                 | peer0.prosecution.example.com:9446 | 394    |
+--------------------------------------------------+-------------------------------------------------------------------------------------------------------------------------------------------------------------------------------------------------------------------------------------------------------------------------------------------------+------------------------------------+--------+

2026.08.24-15:32:49.375[32m info [39m [caliper] [round-orchestrator] 	Finished round 1 (write-tps-warmup) in 14.124 seconds
2026.08.24-15:32:49.375[32m info [39m [caliper] [monitor.js] 	Stopping all monitors
2026.08.24-15:32:49.375[32m info [39m [caliper] [round-orchestrator] 	Waiting 5 seconds for the next round...
2026.08.24-15:32:54.375[32m info [39m [caliper] [round-orchestrator] 	Started round 2 (write-tps-1)
2026.08.24-15:32:54.376[32m info [39m [caliper] [worker-message-handler] 	Preparing Worker#0 for Round#1
2026.08.24-15:32:54.376[32m info [39m [caliper] [worker-message-handler] 	Preparing Worker#1 for Round#1
2026.08.24-15:32:54.376[32m info [39m [caliper] [worker-message-handler] 	Preparing Worker#3 for Round#1
2026.08.24-15:32:54.376[32m info [39m [caliper] [worker-message-handler] 	Preparing Worker#2 for Round#1
2026.08.24-15:32:54.377[32m info [39m [caliper] [connectors/peer-gateway/PeerGateway] 	Generating contract map for user io.krishnan
2026.08.24-15:32:54.377[32m info [39m [caliper] [connectors/peer-gateway/PeerGateway] 	Generating contract map for user io.krishnan
2026.08.24-15:32:54.377[32m info [39m [caliper] [connectors/peer-gateway/PeerGateway] 	Generating contract map for user io.krishnan
2026.08.24-15:32:54.377[32m info [39m [caliper] [connectors/peer-gateway/PeerGateway] 	Generating contract map for user io.krishnan
2026.08.24-15:32:54.377[32m info [39m [caliper] [connectors/peer-gateway/PeerGateway] 	Generating contract map for user insp.rathore
2026.08.24-15:32:54.377[32m info [39m [caliper] [connectors/peer-gateway/PeerGateway] 	Generating contract map for user insp.rathore
2026.08.24-15:32:54.377[32m info [39m [caliper] [connectors/peer-gateway/PeerGateway] 	Generating contract map for user insp.rathore
2026.08.24-15:32:54.377[32m info [39m [caliper] [connectors/peer-gateway/PeerGateway] 	Generating contract map for user insp.rathore
2026.08.24-15:32:54.377[32m info [39m [caliper] [connectors/peer-gateway/PeerGateway] 	Generating contract map for user insp.singh
2026.08.24-15:32:54.378[32m info [39m [caliper] [connectors/peer-gateway/PeerGateway] 	Generating contract map for user insp.singh
2026.08.24-15:32:54.378[32m info [39m [caliper] [connectors/peer-gateway/PeerGateway] 	Generating contract map for user insp.singh
2026.08.24-15:32:54.378[32m info [39m [caliper] [connectors/peer-gateway/PeerGateway] 	Generating contract map for user insp.singh
2026.08.24-15:32:54.378[32m info [39m [caliper] [connectors/peer-gateway/PeerGateway] 	Generating contract map for user const.verma
2026.08.24-15:32:54.378[32m info [39m [caliper] [connectors/peer-gateway/PeerGateway] 	Generating contract map for user const.verma
2026.08.24-15:32:54.378[32m info [39m [caliper] [connectors/peer-gateway/PeerGateway] 	Generating contract map for user insp.sharma
2026.08.24-15:32:54.378[32m info [39m [caliper] [connectors/peer-gateway/PeerGateway] 	Generating contract map for user const.verma
2026.08.24-15:32:54.378[32m info [39m [caliper] [connectors/peer-gateway/PeerGateway] 	Generating contract map for user const.verma
2026.08.24-15:32:54.378[32m info [39m [caliper] [connectors/peer-gateway/PeerGateway] 	Generating contract map for user insp.sharma
2026.08.24-15:32:54.378[32m info [39m [caliper] [connectors/peer-gateway/PeerGateway] 	Generating contract map for user insp.sharma
2026.08.24-15:32:54.378[32m info [39m [caliper] [connectors/peer-gateway/PeerGateway] 	Generating contract map for user insp.sharma
2026.08.24-15:32:54.379[32m info [39m [caliper] [connectors/peer-gateway/PeerGateway] 	Generating contract map for user _AuditMSP_aud.qureshi
2026.08.24-15:32:54.379[32m info [39m [caliper] [connectors/peer-gateway/PeerGateway] 	Generating contract map for user _AuditMSP_aud.qureshi
2026.08.24-15:32:54.379[32m info [39m [caliper] [caliper-worker] 	Info: worker 3 prepare test phase for round 1 is starting...
2026.08.24-15:32:54.379[32m info [39m [caliper] [connectors/peer-gateway/PeerGateway] 	Generating contract map for user _AuditMSP_aud.qureshi
2026.08.24-15:32:54.379[32m info [39m [caliper] [caliper-worker] 	Info: worker 2 prepare test phase for round 1 is starting...
2026.08.24-15:32:54.379[32m info [39m [caliper] [connectors/peer-gateway/PeerGateway] 	Generating contract map for user _AuditMSP_aud.qureshi
2026.08.24-15:32:54.379[32m info [39m [caliper] [caliper-worker] 	Info: worker 0 prepare test phase for round 1 is starting...
2026.08.24-15:32:54.379[32m info [39m [caliper] [caliper-worker] 	Info: worker 1 prepare test phase for round 1 is starting...
2026.08.24-15:32:54.380[32m info [39m [caliper] [connectors/peer-gateway/PeerGateway] 	disconnecting gateway for user io.krishnan
2026.08.24-15:32:54.380[32m info [39m [caliper] [connectors/peer-gateway/PeerGateway] 	disconnecting gateway for user io.krishnan
2026.08.24-15:32:54.380[32m info [39m [caliper] [connectors/peer-gateway/PeerGateway] 	disconnecting gateway for user insp.rathore
2026.08.24-15:32:54.380[32m info [39m [caliper] [connectors/peer-gateway/PeerGateway] 	disconnecting gateway for user io.krishnan
2026.08.24-15:32:54.380[32m info [39m [caliper] [connectors/peer-gateway/PeerGateway] 	disconnecting gateway for user io.krishnan
2026.08.24-15:32:54.380[32m info [39m [caliper] [connectors/peer-gateway/PeerGateway] 	disconnecting gateway for user insp.singh
2026.08.24-15:32:54.380[32m info [39m [caliper] [connectors/peer-gateway/PeerGateway] 	disconnecting gateway for user insp.rathore
2026.08.24-15:32:54.380[32m info [39m [caliper] [connectors/peer-gateway/PeerGateway] 	disconnecting gateway for user insp.rathore
2026.08.24-15:32:54.380[32m info [39m [caliper] [connectors/peer-gateway/PeerGateway] 	disconnecting gateway for user const.verma
2026.08.24-15:32:54.380[32m info [39m [caliper] [connectors/peer-gateway/PeerGateway] 	disconnecting gateway for user insp.singh
2026.08.24-15:32:54.380[32m info [39m [caliper] [connectors/peer-gateway/PeerGateway] 	disconnecting gateway for user insp.sharma
2026.08.24-15:32:54.380[32m info [39m [caliper] [connectors/peer-gateway/PeerGateway] 	disconnecting gateway for user insp.singh
2026.08.24-15:32:54.380[32m info [39m [caliper] [connectors/peer-gateway/PeerGateway] 	disconnecting gateway for user const.verma
2026.08.24-15:32:54.380[32m info [39m [caliper] [connectors/peer-gateway/PeerGateway] 	disconnecting gateway for user insp.rathore
2026.08.24-15:32:54.380[32m info [39m [caliper] [connectors/peer-gateway/PeerGateway] 	disconnecting gateway for user _AuditMSP_aud.qureshi
2026.08.24-15:32:54.380[32m info [39m [caliper] [connectors/peer-gateway/PeerGateway] 	disconnecting gateway for user const.verma
2026.08.24-15:32:54.380[32m info [39m [caliper] [connectors/peer-gateway/PeerGateway] 	disconnecting gateway for user insp.sharma
2026.08.24-15:32:54.380[32m info [39m [caliper] [connectors/peer-gateway/PeerGateway] 	disconnecting gRpc client at peer PoliceMSP_localhost:7051
2026.08.24-15:32:54.380[32m info [39m [caliper] [connectors/peer-gateway/PeerGateway] 	disconnecting gateway for user insp.singh
2026.08.24-15:32:54.380[32m info [39m [caliper] [connectors/peer-gateway/PeerGateway] 	disconnecting gateway for user insp.sharma
2026.08.24-15:32:54.380[32m info [39m [caliper] [connectors/peer-gateway/PeerGateway] 	disconnecting gateway for user _AuditMSP_aud.qureshi
2026.08.24-15:32:54.380[32m info [39m [caliper] [connectors/peer-gateway/PeerGateway] 	disconnecting gateway for user const.verma
2026.08.24-15:32:54.380[32m info [39m [caliper] [connectors/peer-gateway/PeerGateway] 	disconnecting gRpc client at peer PoliceMSP_localhost:7051
2026.08.24-15:32:54.380[32m info [39m [caliper] [connectors/peer-gateway/PeerGateway] 	disconnecting gateway for user _AuditMSP_aud.qureshi
2026.08.24-15:32:54.380[32m info [39m [caliper] [connectors/peer-gateway/PeerGateway] 	disconnecting gateway for user insp.sharma
2026.08.24-15:32:54.380[32m info [39m [caliper] [connectors/peer-gateway/PeerGateway] 	disconnecting gRpc client at peer PoliceMSP_localhost:7051
2026.08.24-15:32:54.380[32m info [39m [caliper] [connectors/peer-gateway/PeerGateway] 	disconnecting gRpc client at peer AuditMSP_localhost:11051
2026.08.24-15:32:54.380[32m info [39m [caliper] [connectors/peer-gateway/PeerGateway] 	disconnecting gateway for user _AuditMSP_aud.qureshi
2026.08.24-15:32:54.380[32m info [39m [caliper] [connectors/peer-gateway/PeerGateway] 	disconnecting gRpc client at peer AuditMSP_localhost:11051
2026.08.24-15:32:54.380[32m info [39m [caliper] [connectors/peer-gateway/PeerGateway] 	disconnecting gRpc client at peer PoliceMSP_localhost:7051
2026.08.24-15:32:54.380[32m info [39m [caliper] [connectors/peer-gateway/PeerGateway] 	disconnecting gRpc client at peer AuditMSP_localhost:11051
2026.08.24-15:32:54.380[32m info [39m [caliper] [connectors/peer-gateway/PeerGateway] 	disconnecting gRpc client at peer AuditMSP_localhost:11051
2026.08.24-15:32:54.380[32m info [39m [caliper] [caliper-worker] 	Info: worker 2 prepare test phase for round 1 is completed
2026.08.24-15:32:54.380[32m info [39m [caliper] [worker-message-handler] 	Worker#2 prepared for Round#1
2026.08.24-15:32:54.380[32m info [39m [caliper] [caliper-worker] 	Info: worker 0 prepare test phase for round 1 is completed
2026.08.24-15:32:54.381[32m info [39m [caliper] [worker-message-handler] 	Worker#0 prepared for Round#1
2026.08.24-15:32:54.381[32m info [39m [caliper] [caliper-worker] 	Info: worker 1 prepare test phase for round 1 is completed
2026.08.24-15:32:54.381[32m info [39m [caliper] [worker-message-handler] 	Worker#1 prepared for Round#1
2026.08.24-15:32:54.381[32m info [39m [caliper] [caliper-worker] 	Info: worker 3 prepare test phase for round 1 is completed
2026.08.24-15:32:54.381[32m info [39m [caliper] [worker-message-handler] 	Worker#3 prepared for Round#1
2026.08.24-15:32:54.381[32m info [39m [caliper] [worker-orchestrator] 	4 workers prepared, progressing to test phase.
2026.08.24-15:32:54.381[32m info [39m [caliper] [round-orchestrator] 	Monitors successfully started
2026.08.24-15:32:54.381[32m info [39m [caliper] [worker-message-handler] 	Worker#0 is starting Round#1
2026.08.24-15:32:54.381[32m info [39m [caliper] [worker-message-handler] 	Worker#1 is starting Round#1
2026.08.24-15:32:54.381[32m info [39m [caliper] [worker-message-handler] 	Worker#2 is starting Round#1
2026.08.24-15:32:54.381[32m info [39m [caliper] [worker-message-handler] 	Worker#3 is starting Round#1
2026.08.24-15:32:54.382[32m info [39m [caliper] [connectors/peer-gateway/PeerGateway] 	Generating contract map for user io.krishnan
2026.08.24-15:32:54.382[32m info [39m [caliper] [connectors/peer-gateway/PeerGateway] 	Generating contract map for user io.krishnan
2026.08.24-15:32:54.382[32m info [39m [caliper] [connectors/peer-gateway/PeerGateway] 	Generating contract map for user io.krishnan
2026.08.24-15:32:54.382[32m info [39m [caliper] [connectors/peer-gateway/PeerGateway] 	Generating contract map for user insp.rathore
2026.08.24-15:32:54.382[32m info [39m [caliper] [connectors/peer-gateway/PeerGateway] 	Generating contract map for user io.krishnan
2026.08.24-15:32:54.382[32m info [39m [caliper] [connectors/peer-gateway/PeerGateway] 	Generating contract map for user insp.rathore
2026.08.24-15:32:54.382[32m info [39m [caliper] [connectors/peer-gateway/PeerGateway] 	Generating contract map for user insp.singh
2026.08.24-15:32:54.382[32m info [39m [caliper] [connectors/peer-gateway/PeerGateway] 	Generating contract map for user insp.rathore
2026.08.24-15:32:54.382[32m info [39m [caliper] [connectors/peer-gateway/PeerGateway] 	Generating contract map for user insp.rathore
2026.08.24-15:32:54.382[32m info [39m [caliper] [connectors/peer-gateway/PeerGateway] 	Generating contract map for user insp.singh
2026.08.24-15:32:54.382[32m info [39m [caliper] [connectors/peer-gateway/PeerGateway] 	Generating contract map for user const.verma
2026.08.24-15:32:54.382[32m info [39m [caliper] [connectors/peer-gateway/PeerGateway] 	Generating contract map for user insp.singh
2026.08.24-15:32:54.382[32m info [39m [caliper] [connectors/peer-gateway/PeerGateway] 	Generating contract map for user insp.singh
2026.08.24-15:32:54.382[32m info [39m [caliper] [connectors/peer-gateway/PeerGateway] 	Generating contract map for user const.verma
2026.08.24-15:32:54.382[32m info [39m [caliper] [connectors/peer-gateway/PeerGateway] 	Generating contract map for user insp.sharma
2026.08.24-15:32:54.382[32m info [39m [caliper] [connectors/peer-gateway/PeerGateway] 	Generating contract map for user const.verma
2026.08.24-15:32:54.383[32m info [39m [caliper] [connectors/peer-gateway/PeerGateway] 	Generating contract map for user const.verma
2026.08.24-15:32:54.383[32m info [39m [caliper] [connectors/peer-gateway/PeerGateway] 	Generating contract map for user insp.sharma
2026.08.24-15:32:54.383[32m info [39m [caliper] [connectors/peer-gateway/PeerGateway] 	Generating contract map for user insp.sharma
2026.08.24-15:32:54.383[32m info [39m [caliper] [connectors/peer-gateway/PeerGateway] 	Generating contract map for user insp.sharma
2026.08.24-15:32:54.384[32m info [39m [caliper] [connectors/peer-gateway/PeerGateway] 	Generating contract map for user _AuditMSP_aud.qureshi
2026.08.24-15:32:54.384[32m info [39m [caliper] [connectors/peer-gateway/PeerGateway] 	Generating contract map for user _AuditMSP_aud.qureshi
2026.08.24-15:32:54.384[32m info [39m [caliper] [caliper-worker] 	Worker #1 starting workload loop
2026.08.24-15:32:54.384[32m info [39m [caliper] [connectors/peer-gateway/PeerGateway] 	Generating contract map for user _AuditMSP_aud.qureshi
2026.08.24-15:32:54.384[32m info [39m [caliper] [caliper-worker] 	Worker #0 starting workload loop
2026.08.24-15:32:54.384[32m info [39m [caliper] [connectors/peer-gateway/PeerGateway] 	Generating contract map for user _AuditMSP_aud.qureshi
2026.08.24-15:32:54.384[32m info [39m [caliper] [caliper-worker] 	Worker #2 starting workload loop
2026.08.24-15:32:54.384[32m info [39m [caliper] [caliper-worker] 	Worker #3 starting workload loop
CALIPER_TX_LATENCY {"workerIndex":3,"roundIndex":1,"roundLabel":"write-tps-1","transactionId":"240b1cce3f46545860e3835a22fe02e8a9b5aefa67b2f57c917c7d3540906e91","status":"success","startEpochMs":1787565774386,"endEpochMs":1787565776453,"latencyMs":2067}
CALIPER_TX_LATENCY {"workerIndex":0,"roundIndex":1,"roundLabel":"write-tps-1","transactionId":"76cc351451bd1b7f0a5f1d3383facecfe069c7de399d9139bf656f995b75f287","status":"success","startEpochMs":1787565774385,"endEpochMs":1787565776453,"latencyMs":2068}
CALIPER_TX_LATENCY {"workerIndex":1,"roundIndex":1,"roundLabel":"write-tps-1","transactionId":"5901f9f9f685d077967b8d255fb905628f2173557d3f04608941dd1f127f8959","status":"success","startEpochMs":1787565774385,"endEpochMs":1787565776453,"latencyMs":2068}
CALIPER_TX_LATENCY {"workerIndex":2,"roundIndex":1,"roundLabel":"write-tps-1","transactionId":"ecc7da55df68675f8de3f845d62128a2eee0d05112883bde0b584493ebc839cd","status":"success","startEpochMs":1787565774386,"endEpochMs":1787565776453,"latencyMs":2067}
2026.08.24-15:32:59.382[32m info [39m [caliper] [default-observer] 	[write-tps-1 Round 1 Transaction Info] - Submitted: 6 Succ: 4 Fail:0 Unfinished:2
CALIPER_TX_LATENCY {"workerIndex":0,"roundIndex":1,"roundLabel":"write-tps-1","transactionId":"6fcc60e48aa45eb48ab3f1fe9aaad1cbe56ec73a491db91043ded9641e02740e","status":"success","startEpochMs":1787565778385,"endEpochMs":1787565780482,"latencyMs":2097}
CALIPER_TX_LATENCY {"workerIndex":1,"roundIndex":1,"roundLabel":"write-tps-1","transactionId":"4f567e27ed5084eae157d6fa1fd2859e59f068cee5e9e87f7917df36cfacb42e","status":"success","startEpochMs":1787565778385,"endEpochMs":1787565780482,"latencyMs":2097}
CALIPER_TX_LATENCY {"workerIndex":3,"roundIndex":1,"roundLabel":"write-tps-1","transactionId":"e40104707103ac2cb794f315a71c5632035dc55f0ff88e55976c3a107ddf7fe4","status":"success","startEpochMs":1787565778385,"endEpochMs":1787565780482,"latencyMs":2097}
CALIPER_TX_LATENCY {"workerIndex":2,"roundIndex":1,"roundLabel":"write-tps-1","transactionId":"5b9c492135cef0715e3a619af20ac0252c9bf0f6e227d710ba96b3061c72b95a","status":"success","startEpochMs":1787565778387,"endEpochMs":1787565780482,"latencyMs":2095}
2026.08.24-15:33:04.383[32m info [39m [caliper] [default-observer] 	[write-tps-1 Round 1 Transaction Info] - Submitted: 12 Succ: 8 Fail:0 Unfinished:4
CALIPER_TX_LATENCY {"workerIndex":3,"roundIndex":1,"roundLabel":"write-tps-1","transactionId":"e614b7f4ea73a4ad6fd93ae618ee77ba6dbbdfc0bf3bc5e982e4e71359fbd721","status":"success","startEpochMs":1787565782386,"endEpochMs":1787565784481,"latencyMs":2095}
CALIPER_TX_LATENCY {"workerIndex":0,"roundIndex":1,"roundLabel":"write-tps-1","transactionId":"3a9b5e7cf03c08906a214d7ddd5162f1373d03e6a0e2f2e7df7005e11babf2fd","status":"success","startEpochMs":1787565782386,"endEpochMs":1787565784481,"latencyMs":2095}
CALIPER_TX_LATENCY {"workerIndex":1,"roundIndex":1,"roundLabel":"write-tps-1","transactionId":"8559cd5a31f38fa0231077a954314d12986d174944d5ba821296eba925791b91","status":"success","startEpochMs":1787565782386,"endEpochMs":1787565784481,"latencyMs":2095}
CALIPER_TX_LATENCY {"workerIndex":2,"roundIndex":1,"roundLabel":"write-tps-1","transactionId":"71d1dc2e65735f004b266c9a4641cbe5815410c726131719699cc0cd3ed1bac8","status":"success","startEpochMs":1787565782385,"endEpochMs":1787565784481,"latencyMs":2096}
CALIPER_TX_LATENCY {"workerIndex":0,"roundIndex":1,"roundLabel":"write-tps-1","transactionId":"cfeac063f700ca022adaf817fe8efe6c4d173efffed2ef8ae086eedaa755ce2d","status":"success","startEpochMs":1787565786386,"endEpochMs":1787565788467,"latencyMs":2081}
CALIPER_TX_LATENCY {"workerIndex":3,"roundIndex":1,"roundLabel":"write-tps-1","transactionId":"d28b20ded01c11b93e49268af2175745c98bad1c4514a687765aa02b2bf60375","status":"success","startEpochMs":1787565786386,"endEpochMs":1787565788467,"latencyMs":2081}
CALIPER_TX_LATENCY {"workerIndex":2,"roundIndex":1,"roundLabel":"write-tps-1","transactionId":"6f303e6e997c753fa44556bdda715bd63b113375b4841875144a170459ecf699","status":"success","startEpochMs":1787565786385,"endEpochMs":1787565788467,"latencyMs":2082}
CALIPER_TX_LATENCY {"workerIndex":1,"roundIndex":1,"roundLabel":"write-tps-1","transactionId":"19567a0dcf1de93fe896fd44efd616b231d676e5b6e638cc7f9e92632e3bc304","status":"success","startEpochMs":1787565786385,"endEpochMs":1787565788467,"latencyMs":2082}
2026.08.24-15:33:09.384[32m info [39m [caliper] [default-observer] 	[write-tps-1 Round 1 Transaction Info] - Submitted: 16 Succ: 12 Fail:0 Unfinished:4
CALIPER_TX_LATENCY {"workerIndex":0,"roundIndex":1,"roundLabel":"write-tps-1","transactionId":"4e5e8b164ed78e6869105cffbe8c8ec0787d3ffb966595ec397c79ad7f296424","status":"success","startEpochMs":1787565790386,"endEpochMs":1787565792468,"latencyMs":2082}
CALIPER_TX_LATENCY {"workerIndex":2,"roundIndex":1,"roundLabel":"write-tps-1","transactionId":"1130d830b7c485266d26c0cf3f820ca8936aa679f10d0bc69994ebe8ebce3028","status":"success","startEpochMs":1787565790386,"endEpochMs":1787565792468,"latencyMs":2082}
CALIPER_TX_LATENCY {"workerIndex":3,"roundIndex":1,"roundLabel":"write-tps-1","transactionId":"1cf90ea2dfb49929b66ea5fbb69187db4b3e6a52e71841c669b44fdac089ef2d","status":"success","startEpochMs":1787565790386,"endEpochMs":1787565792468,"latencyMs":2082}
CALIPER_TX_LATENCY {"workerIndex":1,"roundIndex":1,"roundLabel":"write-tps-1","transactionId":"f28e59000130378e2440c5ffeef1977cec405ad9482b2a88823190b90fb27a0a","status":"success","startEpochMs":1787565790386,"endEpochMs":1787565792468,"latencyMs":2082}
2026.08.24-15:33:14.385[32m info [39m [caliper] [default-observer] 	[write-tps-1 Round 1 Transaction Info] - Submitted: 20 Succ: 20 Fail:0 Unfinished:0
CALIPER_TX_LATENCY {"workerIndex":2,"roundIndex":1,"roundLabel":"write-tps-1","transactionId":"920c6eb5e39d3ac5c34b2d5f0b4e56fcd1426da2927ec074c1c1a893c4117983","status":"success","startEpochMs":1787565794386,"endEpochMs":1787565796462,"latencyMs":2076}
CALIPER_TX_LATENCY {"workerIndex":1,"roundIndex":1,"roundLabel":"write-tps-1","transactionId":"355ed44e0fc55eb656a1f1132b753f996d783d81bf21c481cfaf9546b64a538e","status":"success","startEpochMs":1787565794386,"endEpochMs":1787565796462,"latencyMs":2076}
CALIPER_TX_LATENCY {"workerIndex":0,"roundIndex":1,"roundLabel":"write-tps-1","transactionId":"10a87f5d881ee058e8b3f6bb2826ab433afb660b5287a6e9cceaebc9ce5a75fc","status":"success","startEpochMs":1787565794386,"endEpochMs":1787565796462,"latencyMs":2076}
CALIPER_TX_LATENCY {"workerIndex":3,"roundIndex":1,"roundLabel":"write-tps-1","transactionId":"453a1740f69848a6024490e2b3f6df303f814dab5fbd8c885a97d4f6d23084c3","status":"success","startEpochMs":1787565794386,"endEpochMs":1787565796462,"latencyMs":2076}
2026.08.24-15:33:19.387[32m info [39m [caliper] [default-observer] 	[write-tps-1 Round 1 Transaction Info] - Submitted: 28 Succ: 24 Fail:0 Unfinished:4
CALIPER_TX_LATENCY {"workerIndex":3,"roundIndex":1,"roundLabel":"write-tps-1","transactionId":"2fa353444c8f5d78b9d714ffab2a4926e4322c78873a31a86824cdce4105143a","status":"success","startEpochMs":1787565798385,"endEpochMs":1787565800472,"latencyMs":2087}
CALIPER_TX_LATENCY {"workerIndex":1,"roundIndex":1,"roundLabel":"write-tps-1","transactionId":"211e55502a8709a899f2394ee0c705d62bc82c68e315ef92843d72a098ce62c8","status":"success","startEpochMs":1787565798385,"endEpochMs":1787565800472,"latencyMs":2087}
CALIPER_TX_LATENCY {"workerIndex":0,"roundIndex":1,"roundLabel":"write-tps-1","transactionId":"8dad02fbd6742caefc1ababf5432a9857d48ed66dcb1aa3ac965b3c340d45373","status":"success","startEpochMs":1787565798385,"endEpochMs":1787565800472,"latencyMs":2087}
CALIPER_TX_LATENCY {"workerIndex":2,"roundIndex":1,"roundLabel":"write-tps-1","transactionId":"dca2e0c81b38dc60a7ffa3d57f0ae90967b982c5f28ebc30cf2ebdca1540365d","status":"success","startEpochMs":1787565798384,"endEpochMs":1787565800472,"latencyMs":2088}
2026.08.24-15:33:24.387[32m info [39m [caliper] [default-observer] 	[write-tps-1 Round 1 Transaction Info] - Submitted: 32 Succ: 28 Fail:0 Unfinished:4
CALIPER_TX_LATENCY {"workerIndex":3,"roundIndex":1,"roundLabel":"write-tps-1","transactionId":"b39c5cfd1661e2d85dc0281ab694d40b707c5d09faa536ddc589a17656d2e780","status":"success","startEpochMs":1787565802386,"endEpochMs":1787565804482,"latencyMs":2096}
CALIPER_TX_LATENCY {"workerIndex":1,"roundIndex":1,"roundLabel":"write-tps-1","transactionId":"a7aff933a4347c664508a6734ceddd9eb8fa69042ccb90f45c96689dd7b4468c","status":"success","startEpochMs":1787565802386,"endEpochMs":1787565804482,"latencyMs":2096}
CALIPER_TX_LATENCY {"workerIndex":2,"roundIndex":1,"roundLabel":"write-tps-1","transactionId":"4422c74d9a501bd4ec830214fa7cdb4aa899fdb693e89f9a284903f00edb1645","status":"success","startEpochMs":1787565802385,"endEpochMs":1787565804482,"latencyMs":2097}
CALIPER_TX_LATENCY {"workerIndex":0,"roundIndex":1,"roundLabel":"write-tps-1","transactionId":"cb36616889c36c947161527df86c00813770c6bd34498c6a460f14e3e4b9d8d1","status":"success","startEpochMs":1787565802385,"endEpochMs":1787565804482,"latencyMs":2097}
CALIPER_TX_LATENCY {"workerIndex":0,"roundIndex":1,"roundLabel":"write-tps-1","transactionId":"0f5e7a7296f9ac640d3b6875601e93aa181e11f633648e8cb79f4ea1fa913027","status":"success","startEpochMs":1787565806386,"endEpochMs":1787565808498,"latencyMs":2112}
CALIPER_TX_LATENCY {"workerIndex":3,"roundIndex":1,"roundLabel":"write-tps-1","transactionId":"a3748e85c9c065c8e87814fda91db326d535c9aa3eb440679e062b668ab1a2f2","status":"success","startEpochMs":1787565806386,"endEpochMs":1787565808498,"latencyMs":2112}
CALIPER_TX_LATENCY {"workerIndex":2,"roundIndex":1,"roundLabel":"write-tps-1","transactionId":"fed8de45610e2b215ed010e417681e65b7d7c6bab7fd87fdacf7dc4253fa5865","status":"success","startEpochMs":1787565806386,"endEpochMs":1787565808498,"latencyMs":2112}
CALIPER_TX_LATENCY {"workerIndex":1,"roundIndex":1,"roundLabel":"write-tps-1","transactionId":"967aef1ce7a480e5c231823152048e6c62fd4a636b87e6259faf3ffdffa0c057","status":"success","startEpochMs":1787565806386,"endEpochMs":1787565808498,"latencyMs":2112}
2026.08.24-15:33:29.388[32m info [39m [caliper] [default-observer] 	[write-tps-1 Round 1 Transaction Info] - Submitted: 36 Succ: 32 Fail:0 Unfinished:4
CALIPER_TX_LATENCY {"workerIndex":1,"roundIndex":1,"roundLabel":"write-tps-1","transactionId":"56c3ce2123eda340a10a79e3ee054bddac930c63d163cd446e0bf2fca8eaf914","status":"success","startEpochMs":1787565810386,"endEpochMs":1787565812507,"latencyMs":2121}
CALIPER_TX_LATENCY {"workerIndex":2,"roundIndex":1,"roundLabel":"write-tps-1","transactionId":"4ae2601805222f8b1f850e3767390ec8d9f1366e55cc37da28e2b4b34a61ab06","status":"success","startEpochMs":1787565810386,"endEpochMs":1787565812507,"latencyMs":2121}
CALIPER_TX_LATENCY {"workerIndex":0,"roundIndex":1,"roundLabel":"write-tps-1","transactionId":"da6bb3b4b3cf16f5f0e1ef1976c01ec10a525043e2500f7c21dbbba3e76ca29a","status":"success","startEpochMs":1787565810386,"endEpochMs":1787565812507,"latencyMs":2121}
CALIPER_TX_LATENCY {"workerIndex":3,"roundIndex":1,"roundLabel":"write-tps-1","transactionId":"385603a8ac0f681e214583751469fe969dd6c8670ccc7208c0a2d1f6e2a43979","status":"success","startEpochMs":1787565810386,"endEpochMs":1787565812507,"latencyMs":2121}
2026.08.24-15:33:34.389[32m info [39m [caliper] [default-observer] 	[write-tps-1 Round 1 Transaction Info] - Submitted: 40 Succ: 40 Fail:0 Unfinished:0
CALIPER_TX_LATENCY {"workerIndex":0,"roundIndex":1,"roundLabel":"write-tps-1","transactionId":"d77f4c56d65189197ecd194e170ead99bbbd524364ee199e25b49f0cd9f5be1f","status":"success","startEpochMs":1787565814386,"endEpochMs":1787565816480,"latencyMs":2094}
CALIPER_TX_LATENCY {"workerIndex":1,"roundIndex":1,"roundLabel":"write-tps-1","transactionId":"75345ffa58fa66efc92dc03b26104b894b333a5e0d6199798e9e40c2a522d5fe","status":"success","startEpochMs":1787565814386,"endEpochMs":1787565816480,"latencyMs":2094}
CALIPER_TX_LATENCY {"workerIndex":2,"roundIndex":1,"roundLabel":"write-tps-1","transactionId":"1c06b15a2630dc17ac06c9c478b2f04dc640d8e503671d82f43db08daf86ef2c","status":"success","startEpochMs":1787565814386,"endEpochMs":1787565816480,"latencyMs":2094}
CALIPER_TX_LATENCY {"workerIndex":3,"roundIndex":1,"roundLabel":"write-tps-1","transactionId":"dc93fce8be8e8adc703eea59f2eac6e2c111345657c2f42c5945375b217d1392","status":"success","startEpochMs":1787565814386,"endEpochMs":1787565816480,"latencyMs":2094}
2026.08.24-15:33:39.389[32m info [39m [caliper] [default-observer] 	[write-tps-1 Round 1 Transaction Info] - Submitted: 48 Succ: 44 Fail:0 Unfinished:4
CALIPER_TX_LATENCY {"workerIndex":1,"roundIndex":1,"roundLabel":"write-tps-1","transactionId":"d7ba9effaf319ef78d052b1b829c918db23a5360254cb2cf76d282ef189de48f","status":"success","startEpochMs":1787565818385,"endEpochMs":1787565820506,"latencyMs":2121}
CALIPER_TX_LATENCY {"workerIndex":0,"roundIndex":1,"roundLabel":"write-tps-1","transactionId":"49f714e601faaf1ece4cbd109f51fe02b0f5d844e580a01928f0f746b2b0b616","status":"success","startEpochMs":1787565818385,"endEpochMs":1787565820506,"latencyMs":2121}
CALIPER_TX_LATENCY {"workerIndex":2,"roundIndex":1,"roundLabel":"write-tps-1","transactionId":"f397a6d4a07493e8583e42a272c6a67035065431f29cd7f52e02c7d8917e1013","status":"success","startEpochMs":1787565818389,"endEpochMs":1787565820506,"latencyMs":2117}
CALIPER_TX_LATENCY {"workerIndex":3,"roundIndex":1,"roundLabel":"write-tps-1","transactionId":"01051c7f7bbd9fe630ee8b4bc6837e5bbca76d5c8bd6c35303c4b972f1d838f5","status":"success","startEpochMs":1787565818389,"endEpochMs":1787565820506,"latencyMs":2117}
2026.08.24-15:33:44.391[32m info [39m [caliper] [default-observer] 	[write-tps-1 Round 1 Transaction Info] - Submitted: 52 Succ: 48 Fail:0 Unfinished:4
CALIPER_TX_LATENCY {"workerIndex":3,"roundIndex":1,"roundLabel":"write-tps-1","transactionId":"8bebed902a63ec5059d7252572717024290749b70cc1d651dc7e8dcac25d62e9","status":"success","startEpochMs":1787565822386,"endEpochMs":1787565824495,"latencyMs":2109}
CALIPER_TX_LATENCY {"workerIndex":0,"roundIndex":1,"roundLabel":"write-tps-1","transactionId":"72db73f05cf86e038d2716ab737d4a83684c7c289068db6057a760dbfc1e48d8","status":"success","startEpochMs":1787565822387,"endEpochMs":1787565824495,"latencyMs":2108}
CALIPER_TX_LATENCY {"workerIndex":2,"roundIndex":1,"roundLabel":"write-tps-1","transactionId":"460177d1924fabe19b7c6fd398437f4d854701554df8c6b28b73940d483ea874","status":"success","startEpochMs":1787565822386,"endEpochMs":1787565824495,"latencyMs":2109}
CALIPER_TX_LATENCY {"workerIndex":1,"roundIndex":1,"roundLabel":"write-tps-1","transactionId":"b8fe12918aa776a452c58fc8cfb7ffe41c714c90b174ff482591bdcd043c7d3b","status":"success","startEpochMs":1787565822386,"endEpochMs":1787565824495,"latencyMs":2109}
2026.08.24-15:33:45.511[32m info [39m [caliper] [connectors/peer-gateway/PeerGateway] 	disconnecting gateway for user io.krishnan
2026.08.24-15:33:45.511[32m info [39m [caliper] [connectors/peer-gateway/PeerGateway] 	disconnecting gateway for user insp.rathore
2026.08.24-15:33:45.511[32m info [39m [caliper] [connectors/peer-gateway/PeerGateway] 	disconnecting gateway for user insp.singh
2026.08.24-15:33:45.511[32m info [39m [caliper] [connectors/peer-gateway/PeerGateway] 	disconnecting gateway for user const.verma
2026.08.24-15:33:45.511[32m info [39m [caliper] [connectors/peer-gateway/PeerGateway] 	disconnecting gateway for user insp.sharma
2026.08.24-15:33:45.511[32m info [39m [caliper] [connectors/peer-gateway/PeerGateway] 	disconnecting gateway for user _AuditMSP_aud.qureshi
2026.08.24-15:33:45.511[32m info [39m [caliper] [connectors/peer-gateway/PeerGateway] 	disconnecting gRpc client at peer PoliceMSP_localhost:7051
2026.08.24-15:33:45.512[32m info [39m [caliper] [connectors/peer-gateway/PeerGateway] 	disconnecting gRpc client at peer AuditMSP_localhost:11051
2026.08.24-15:33:45.512[32m info [39m [caliper] [worker-message-handler] 	Worker#3 finished Round#1
2026.08.24-15:33:45.512[32m info [39m [caliper] [connectors/peer-gateway/PeerGateway] 	disconnecting gateway for user io.krishnan
2026.08.24-15:33:45.512[32m info [39m [caliper] [connectors/peer-gateway/PeerGateway] 	disconnecting gateway for user insp.rathore
2026.08.24-15:33:45.512[32m info [39m [caliper] [connectors/peer-gateway/PeerGateway] 	disconnecting gateway for user insp.singh
2026.08.24-15:33:45.512[32m info [39m [caliper] [connectors/peer-gateway/PeerGateway] 	disconnecting gateway for user const.verma
2026.08.24-15:33:45.512[32m info [39m [caliper] [connectors/peer-gateway/PeerGateway] 	disconnecting gateway for user insp.sharma
2026.08.24-15:33:45.512[32m info [39m [caliper] [connectors/peer-gateway/PeerGateway] 	disconnecting gateway for user _AuditMSP_aud.qureshi
2026.08.24-15:33:45.512[32m info [39m [caliper] [connectors/peer-gateway/PeerGateway] 	disconnecting gRpc client at peer PoliceMSP_localhost:7051
2026.08.24-15:33:45.512[32m info [39m [caliper] [connectors/peer-gateway/PeerGateway] 	disconnecting gateway for user io.krishnan
2026.08.24-15:33:45.512[32m info [39m [caliper] [connectors/peer-gateway/PeerGateway] 	disconnecting gateway for user insp.rathore
2026.08.24-15:33:45.512[32m info [39m [caliper] [connectors/peer-gateway/PeerGateway] 	disconnecting gRpc client at peer AuditMSP_localhost:11051
2026.08.24-15:33:45.512[32m info [39m [caliper] [connectors/peer-gateway/PeerGateway] 	disconnecting gateway for user insp.singh
2026.08.24-15:33:45.512[32m info [39m [caliper] [connectors/peer-gateway/PeerGateway] 	disconnecting gateway for user const.verma
2026.08.24-15:33:45.512[32m info [39m [caliper] [connectors/peer-gateway/PeerGateway] 	disconnecting gateway for user insp.sharma
2026.08.24-15:33:45.512[32m info [39m [caliper] [worker-message-handler] 	Worker#0 finished Round#1
2026.08.24-15:33:45.512[32m info [39m [caliper] [connectors/peer-gateway/PeerGateway] 	disconnecting gateway for user io.krishnan
2026.08.24-15:33:45.512[32m info [39m [caliper] [connectors/peer-gateway/PeerGateway] 	disconnecting gateway for user _AuditMSP_aud.qureshi
2026.08.24-15:33:45.512[32m info [39m [caliper] [connectors/peer-gateway/PeerGateway] 	disconnecting gRpc client at peer PoliceMSP_localhost:7051
2026.08.24-15:33:45.512[32m info [39m [caliper] [connectors/peer-gateway/PeerGateway] 	disconnecting gateway for user insp.rathore
2026.08.24-15:33:45.512[32m info [39m [caliper] [connectors/peer-gateway/PeerGateway] 	disconnecting gateway for user insp.singh
2026.08.24-15:33:45.513[32m info [39m [caliper] [connectors/peer-gateway/PeerGateway] 	disconnecting gateway for user const.verma
2026.08.24-15:33:45.513[32m info [39m [caliper] [connectors/peer-gateway/PeerGateway] 	disconnecting gateway for user insp.sharma
2026.08.24-15:33:45.513[32m info [39m [caliper] [connectors/peer-gateway/PeerGateway] 	disconnecting gateway for user _AuditMSP_aud.qureshi
2026.08.24-15:33:45.513[32m info [39m [caliper] [connectors/peer-gateway/PeerGateway] 	disconnecting gRpc client at peer PoliceMSP_localhost:7051
2026.08.24-15:33:45.513[32m info [39m [caliper] [connectors/peer-gateway/PeerGateway] 	disconnecting gRpc client at peer AuditMSP_localhost:11051
2026.08.24-15:33:45.513[32m info [39m [caliper] [worker-message-handler] 	Worker#1 finished Round#1
2026.08.24-15:33:45.513[32m info [39m [caliper] [connectors/peer-gateway/PeerGateway] 	disconnecting gRpc client at peer AuditMSP_localhost:11051
2026.08.24-15:33:45.513[32m info [39m [caliper] [worker-message-handler] 	Worker#2 finished Round#1
2026.08.24-15:33:50.515[32m info [39m [caliper] [default-observer] 	Resetting txCount indicator count
2026.08.24-15:33:50.516[32m info [39m [caliper] [report-builder] 	### Test result ###
2026.08.24-15:33:50.516[32m info [39m [caliper] [report-builder] 	
+-------------+------+------+-----------------+-----------------+-----------------+-----------------+------------------+
| Name        | Succ | Fail | Send Rate (TPS) | Max Latency (s) | Min Latency (s) | Avg Latency (s) | Throughput (TPS) |
|-------------|------|------|-----------------|-----------------|-----------------|-----------------|------------------|
| write-tps-1 | 52   | 0    | 1.1             | 2.12            | 2.07            | 2.10            | 1.0              |
+-------------+------+------+-----------------+-----------------+-----------------+-----------------+------------------+

2026.08.24-15:33:50.537[32m info [39m [caliper] [report-builder] 	### prometheus resource stats ###'
2026.08.24-15:33:50.539[32m info [39m [caliper] [report-builder] 	
+--------------------------------------------------+-------------------------------------------------------------------------------------------------------------------------------------------------------------------------------------------------------------------------------------------------------------------------------------------------+------------------------------------+--------+
| Metric                                           | Prometheus Query                                                                                                                                                                                                                                                                                | Name                               | Value  |
|--------------------------------------------------|-------------------------------------------------------------------------------------------------------------------------------------------------------------------------------------------------------------------------------------------------------------------------------------------------|------------------------------------|--------|
| Process resident memory (MiB, max)               | process_resident_memory_bytes{job=~"fabric-.*"}                                                                                                                                                                                                                                                 | orderer.example.com:9443           | 80.4   |
|--------------------------------------------------|-------------------------------------------------------------------------------------------------------------------------------------------------------------------------------------------------------------------------------------------------------------------------------------------------|------------------------------------|--------|
|                                                  |                                                                                                                                                                                                                                                                                                 | peer0.audit.example.com:9448       | 134    |
|--------------------------------------------------|-------------------------------------------------------------------------------------------------------------------------------------------------------------------------------------------------------------------------------------------------------------------------------------------------|------------------------------------|--------|
|                                                  |                                                                                                                                                                                                                                                                                                 | peer0.court.example.com:9447       | 135    |
|--------------------------------------------------|-------------------------------------------------------------------------------------------------------------------------------------------------------------------------------------------------------------------------------------------------------------------------------------------------|------------------------------------|--------|
|                                                  |                                                                                                                                                                                                                                                                                                 | peer0.forensics.example.com:9445   | 133    |
|--------------------------------------------------|-------------------------------------------------------------------------------------------------------------------------------------------------------------------------------------------------------------------------------------------------------------------------------------------------|------------------------------------|--------|
|                                                  |                                                                                                                                                                                                                                                                                                 | peer0.police.example.com:9444      | 140    |
|--------------------------------------------------|-------------------------------------------------------------------------------------------------------------------------------------------------------------------------------------------------------------------------------------------------------------------------------------------------|------------------------------------|--------|
|                                                  |                                                                                                                                                                                                                                                                                                 | peer0.prosecution.example.com:9446 | 131    |
|--------------------------------------------------|-------------------------------------------------------------------------------------------------------------------------------------------------------------------------------------------------------------------------------------------------------------------------------------------------|------------------------------------|--------|
| Process CPU rate (percent, max)                  | rate(process_cpu_seconds_total{job=~"fabric-.*"}[1m])                                                                                                                                                                                                                                           | orderer.example.com:9443           | 0.436  |
|--------------------------------------------------|-------------------------------------------------------------------------------------------------------------------------------------------------------------------------------------------------------------------------------------------------------------------------------------------------|------------------------------------|--------|
|                                                  |                                                                                                                                                                                                                                                                                                 | peer0.audit.example.com:9448       | 3.64   |
|--------------------------------------------------|-------------------------------------------------------------------------------------------------------------------------------------------------------------------------------------------------------------------------------------------------------------------------------------------------|------------------------------------|--------|
|                                                  |                                                                                                                                                                                                                                                                                                 | peer0.court.example.com:9447       | 3.40   |
|--------------------------------------------------|-------------------------------------------------------------------------------------------------------------------------------------------------------------------------------------------------------------------------------------------------------------------------------------------------|------------------------------------|--------|
|                                                  |                                                                                                                                                                                                                                                                                                 | peer0.forensics.example.com:9445   | 3.47   |
|--------------------------------------------------|-------------------------------------------------------------------------------------------------------------------------------------------------------------------------------------------------------------------------------------------------------------------------------------------------|------------------------------------|--------|
|                                                  |                                                                                                                                                                                                                                                                                                 | peer0.police.example.com:9444      | 4.56   |
|--------------------------------------------------|-------------------------------------------------------------------------------------------------------------------------------------------------------------------------------------------------------------------------------------------------------------------------------------------------|------------------------------------|--------|
|                                                  |                                                                                                                                                                                                                                                                                                 | peer0.prosecution.example.com:9446 | 3.29   |
|--------------------------------------------------|-------------------------------------------------------------------------------------------------------------------------------------------------------------------------------------------------------------------------------------------------------------------------------------------------|------------------------------------|--------|
| Crimerecords endorsement duration (seconds, avg) | sum by (instance) (rate(endorser_proposal_duration_sum{job=~"fabric-.*",channel="crimechannel",chaincode="crimerecords",success="true"}[1m])) / sum by (instance) (rate(endorser_proposal_duration_count{job=~"fabric-.*",channel="crimechannel",chaincode="crimerecords",success="true"}[1m])) | peer0.audit.example.com:9448       | 0.0113 |
|--------------------------------------------------|-------------------------------------------------------------------------------------------------------------------------------------------------------------------------------------------------------------------------------------------------------------------------------------------------|------------------------------------|--------|
|                                                  |                                                                                                                                                                                                                                                                                                 | peer0.court.example.com:9447       | 0.0126 |
|--------------------------------------------------|-------------------------------------------------------------------------------------------------------------------------------------------------------------------------------------------------------------------------------------------------------------------------------------------------|------------------------------------|--------|
|                                                  |                                                                                                                                                                                                                                                                                                 | peer0.forensics.example.com:9445   | 0.0123 |
|--------------------------------------------------|-------------------------------------------------------------------------------------------------------------------------------------------------------------------------------------------------------------------------------------------------------------------------------------------------|------------------------------------|--------|
|                                                  |                                                                                                                                                                                                                                                                                                 | peer0.police.example.com:9444      | 0.0155 |
|--------------------------------------------------|-------------------------------------------------------------------------------------------------------------------------------------------------------------------------------------------------------------------------------------------------------------------------------------------------|------------------------------------|--------|
|                                                  |                                                                                                                                                                                                                                                                                                 | peer0.prosecution.example.com:9446 | 0.0110 |
|--------------------------------------------------|-------------------------------------------------------------------------------------------------------------------------------------------------------------------------------------------------------------------------------------------------------------------------------------------------|------------------------------------|--------|
| Ledger height (blocks, max)                      | ledger_blockchain_height{job=~"fabric-.*",channel="crimechannel"}                                                                                                                                                                                                                               | orderer.example.com:9443           | 407    |
|--------------------------------------------------|-------------------------------------------------------------------------------------------------------------------------------------------------------------------------------------------------------------------------------------------------------------------------------------------------|------------------------------------|--------|
|                                                  |                                                                                                                                                                                                                                                                                                 | peer0.audit.example.com:9448       | 407    |
|--------------------------------------------------|-------------------------------------------------------------------------------------------------------------------------------------------------------------------------------------------------------------------------------------------------------------------------------------------------|------------------------------------|--------|
|                                                  |                                                                                                                                                                                                                                                                                                 | peer0.court.example.com:9447       | 407    |
|--------------------------------------------------|-------------------------------------------------------------------------------------------------------------------------------------------------------------------------------------------------------------------------------------------------------------------------------------------------|------------------------------------|--------|
|                                                  |                                                                                                                                                                                                                                                                                                 | peer0.forensics.example.com:9445   | 407    |
|--------------------------------------------------|-------------------------------------------------------------------------------------------------------------------------------------------------------------------------------------------------------------------------------------------------------------------------------------------------|------------------------------------|--------|
|                                                  |                                                                                                                                                                                                                                                                                                 | peer0.police.example.com:9444      | 407    |
|--------------------------------------------------|-------------------------------------------------------------------------------------------------------------------------------------------------------------------------------------------------------------------------------------------------------------------------------------------------|------------------------------------|--------|
|                                                  |                                                                                                                                                                                                                                                                                                 | peer0.prosecution.example.com:9446 | 407    |
+--------------------------------------------------+-------------------------------------------------------------------------------------------------------------------------------------------------------------------------------------------------------------------------------------------------------------------------------------------------+------------------------------------+--------+

2026.08.24-15:33:50.539[32m info [39m [caliper] [round-orchestrator] 	Finished round 2 (write-tps-1) in 50.127 seconds
2026.08.24-15:33:50.539[32m info [39m [caliper] [monitor.js] 	Stopping all monitors
2026.08.24-15:33:50.539[32m info [39m [caliper] [round-orchestrator] 	Waiting 5 seconds for the next round...
2026.08.24-15:33:55.539[32m info [39m [caliper] [round-orchestrator] 	Started round 3 (write-tps-2)
2026.08.24-15:33:55.540[32m info [39m [caliper] [worker-message-handler] 	Preparing Worker#0 for Round#2
2026.08.24-15:33:55.540[32m info [39m [caliper] [worker-message-handler] 	Preparing Worker#1 for Round#2
2026.08.24-15:33:55.541[32m info [39m [caliper] [worker-message-handler] 	Preparing Worker#3 for Round#2
2026.08.24-15:33:55.541[32m info [39m [caliper] [worker-message-handler] 	Preparing Worker#2 for Round#2
2026.08.24-15:33:55.544[32m info [39m [caliper] [connectors/peer-gateway/PeerGateway] 	Generating contract map for user io.krishnan
2026.08.24-15:33:55.545[32m info [39m [caliper] [connectors/peer-gateway/PeerGateway] 	Generating contract map for user io.krishnan
2026.08.24-15:33:55.545[32m info [39m [caliper] [connectors/peer-gateway/PeerGateway] 	Generating contract map for user io.krishnan
2026.08.24-15:33:55.545[32m info [39m [caliper] [connectors/peer-gateway/PeerGateway] 	Generating contract map for user insp.rathore
2026.08.24-15:33:55.545[32m info [39m [caliper] [connectors/peer-gateway/PeerGateway] 	Generating contract map for user io.krishnan
2026.08.24-15:33:55.545[32m info [39m [caliper] [connectors/peer-gateway/PeerGateway] 	Generating contract map for user insp.rathore
2026.08.24-15:33:55.545[32m info [39m [caliper] [connectors/peer-gateway/PeerGateway] 	Generating contract map for user insp.rathore
2026.08.24-15:33:55.545[32m info [39m [caliper] [connectors/peer-gateway/PeerGateway] 	Generating contract map for user insp.singh
2026.08.24-15:33:55.545[32m info [39m [caliper] [connectors/peer-gateway/PeerGateway] 	Generating contract map for user insp.rathore
2026.08.24-15:33:55.545[32m info [39m [caliper] [connectors/peer-gateway/PeerGateway] 	Generating contract map for user insp.singh
2026.08.24-15:33:55.545[32m info [39m [caliper] [connectors/peer-gateway/PeerGateway] 	Generating contract map for user insp.singh
2026.08.24-15:33:55.545[32m info [39m [caliper] [connectors/peer-gateway/PeerGateway] 	Generating contract map for user insp.singh
2026.08.24-15:33:55.545[32m info [39m [caliper] [connectors/peer-gateway/PeerGateway] 	Generating contract map for user const.verma
2026.08.24-15:33:55.545[32m info [39m [caliper] [connectors/peer-gateway/PeerGateway] 	Generating contract map for user const.verma
2026.08.24-15:33:55.545[32m info [39m [caliper] [connectors/peer-gateway/PeerGateway] 	Generating contract map for user insp.sharma
2026.08.24-15:33:55.546[32m info [39m [caliper] [connectors/peer-gateway/PeerGateway] 	Generating contract map for user const.verma
2026.08.24-15:33:55.546[32m info [39m [caliper] [connectors/peer-gateway/PeerGateway] 	Generating contract map for user const.verma
2026.08.24-15:33:55.546[32m info [39m [caliper] [connectors/peer-gateway/PeerGateway] 	Generating contract map for user insp.sharma
2026.08.24-15:33:55.546[32m info [39m [caliper] [connectors/peer-gateway/PeerGateway] 	Generating contract map for user insp.sharma
2026.08.24-15:33:55.546[32m info [39m [caliper] [connectors/peer-gateway/PeerGateway] 	Generating contract map for user insp.sharma
2026.08.24-15:33:55.548[32m info [39m [caliper] [connectors/peer-gateway/PeerGateway] 	Generating contract map for user _AuditMSP_aud.qureshi
2026.08.24-15:33:55.548[32m info [39m [caliper] [connectors/peer-gateway/PeerGateway] 	Generating contract map for user _AuditMSP_aud.qureshi
2026.08.24-15:33:55.548[32m info [39m [caliper] [caliper-worker] 	Info: worker 0 prepare test phase for round 2 is starting...
2026.08.24-15:33:55.548[32m info [39m [caliper] [caliper-worker] 	Info: worker 1 prepare test phase for round 2 is starting...
2026.08.24-15:33:55.548[32m info [39m [caliper] [connectors/peer-gateway/PeerGateway] 	Generating contract map for user _AuditMSP_aud.qureshi
2026.08.24-15:33:55.548[32m info [39m [caliper] [connectors/peer-gateway/PeerGateway] 	Generating contract map for user _AuditMSP_aud.qureshi
2026.08.24-15:33:55.548[32m info [39m [caliper] [caliper-worker] 	Info: worker 2 prepare test phase for round 2 is starting...
2026.08.24-15:33:55.548[32m info [39m [caliper] [caliper-worker] 	Info: worker 3 prepare test phase for round 2 is starting...
2026.08.24-15:33:55.549[32m info [39m [caliper] [connectors/peer-gateway/PeerGateway] 	disconnecting gateway for user io.krishnan
2026.08.24-15:33:55.549[32m info [39m [caliper] [connectors/peer-gateway/PeerGateway] 	disconnecting gateway for user insp.rathore
2026.08.24-15:33:55.549[32m info [39m [caliper] [connectors/peer-gateway/PeerGateway] 	disconnecting gateway for user io.krishnan
2026.08.24-15:33:55.549[32m info [39m [caliper] [connectors/peer-gateway/PeerGateway] 	disconnecting gateway for user insp.singh
2026.08.24-15:33:55.549[32m info [39m [caliper] [connectors/peer-gateway/PeerGateway] 	disconnecting gateway for user const.verma
2026.08.24-15:33:55.549[32m info [39m [caliper] [connectors/peer-gateway/PeerGateway] 	disconnecting gateway for user insp.rathore
2026.08.24-15:33:55.549[32m info [39m [caliper] [connectors/peer-gateway/PeerGateway] 	disconnecting gateway for user insp.sharma
2026.08.24-15:33:55.549[32m info [39m [caliper] [connectors/peer-gateway/PeerGateway] 	disconnecting gateway for user insp.singh
2026.08.24-15:33:55.549[32m info [39m [caliper] [connectors/peer-gateway/PeerGateway] 	disconnecting gateway for user _AuditMSP_aud.qureshi
2026.08.24-15:33:55.549[32m info [39m [caliper] [connectors/peer-gateway/PeerGateway] 	disconnecting gateway for user const.verma
2026.08.24-15:33:55.549[32m info [39m [caliper] [connectors/peer-gateway/PeerGateway] 	disconnecting gRpc client at peer PoliceMSP_localhost:7051
2026.08.24-15:33:55.549[32m info [39m [caliper] [connectors/peer-gateway/PeerGateway] 	disconnecting gateway for user insp.sharma
2026.08.24-15:33:55.549[32m info [39m [caliper] [connectors/peer-gateway/PeerGateway] 	disconnecting gateway for user _AuditMSP_aud.qureshi
2026.08.24-15:33:55.549[32m info [39m [caliper] [connectors/peer-gateway/PeerGateway] 	disconnecting gateway for user io.krishnan
2026.08.24-15:33:55.549[32m info [39m [caliper] [connectors/peer-gateway/PeerGateway] 	disconnecting gRpc client at peer PoliceMSP_localhost:7051
2026.08.24-15:33:55.549[32m info [39m [caliper] [connectors/peer-gateway/PeerGateway] 	disconnecting gateway for user insp.rathore
2026.08.24-15:33:55.549[32m info [39m [caliper] [connectors/peer-gateway/PeerGateway] 	disconnecting gateway for user io.krishnan
2026.08.24-15:33:55.549[32m info [39m [caliper] [connectors/peer-gateway/PeerGateway] 	disconnecting gateway for user insp.singh
2026.08.24-15:33:55.549[32m info [39m [caliper] [connectors/peer-gateway/PeerGateway] 	disconnecting gateway for user const.verma
2026.08.24-15:33:55.549[32m info [39m [caliper] [connectors/peer-gateway/PeerGateway] 	disconnecting gateway for user insp.rathore
2026.08.24-15:33:55.549[32m info [39m [caliper] [connectors/peer-gateway/PeerGateway] 	disconnecting gateway for user insp.sharma
2026.08.24-15:33:55.549[32m info [39m [caliper] [connectors/peer-gateway/PeerGateway] 	disconnecting gateway for user _AuditMSP_aud.qureshi
2026.08.24-15:33:55.549[32m info [39m [caliper] [connectors/peer-gateway/PeerGateway] 	disconnecting gateway for user insp.singh
2026.08.24-15:33:55.549[32m info [39m [caliper] [connectors/peer-gateway/PeerGateway] 	disconnecting gRpc client at peer PoliceMSP_localhost:7051
2026.08.24-15:33:55.549[32m info [39m [caliper] [connectors/peer-gateway/PeerGateway] 	disconnecting gateway for user const.verma
2026.08.24-15:33:55.550[32m info [39m [caliper] [connectors/peer-gateway/PeerGateway] 	disconnecting gateway for user insp.sharma
2026.08.24-15:33:55.550[32m info [39m [caliper] [connectors/peer-gateway/PeerGateway] 	disconnecting gateway for user _AuditMSP_aud.qureshi
2026.08.24-15:33:55.550[32m info [39m [caliper] [connectors/peer-gateway/PeerGateway] 	disconnecting gRpc client at peer PoliceMSP_localhost:7051
2026.08.24-15:33:55.550[32m info [39m [caliper] [connectors/peer-gateway/PeerGateway] 	disconnecting gRpc client at peer AuditMSP_localhost:11051
2026.08.24-15:33:55.550[32m info [39m [caliper] [connectors/peer-gateway/PeerGateway] 	disconnecting gRpc client at peer AuditMSP_localhost:11051
2026.08.24-15:33:55.550[32m info [39m [caliper] [caliper-worker] 	Info: worker 0 prepare test phase for round 2 is completed
2026.08.24-15:33:55.550[32m info [39m [caliper] [worker-message-handler] 	Worker#0 prepared for Round#2
2026.08.24-15:33:55.550[32m info [39m [caliper] [caliper-worker] 	Info: worker 1 prepare test phase for round 2 is completed
2026.08.24-15:33:55.550[32m info [39m [caliper] [worker-message-handler] 	Worker#1 prepared for Round#2
2026.08.24-15:33:55.550[32m info [39m [caliper] [connectors/peer-gateway/PeerGateway] 	disconnecting gRpc client at peer AuditMSP_localhost:11051
2026.08.24-15:33:55.550[32m info [39m [caliper] [caliper-worker] 	Info: worker 3 prepare test phase for round 2 is completed
2026.08.24-15:33:55.550[32m info [39m [caliper] [worker-message-handler] 	Worker#3 prepared for Round#2
2026.08.24-15:33:55.550[32m info [39m [caliper] [connectors/peer-gateway/PeerGateway] 	disconnecting gRpc client at peer AuditMSP_localhost:11051
2026.08.24-15:33:55.550[32m info [39m [caliper] [caliper-worker] 	Info: worker 2 prepare test phase for round 2 is completed
2026.08.24-15:33:55.550[32m info [39m [caliper] [worker-message-handler] 	Worker#2 prepared for Round#2
2026.08.24-15:33:55.550[32m info [39m [caliper] [worker-orchestrator] 	4 workers prepared, progressing to test phase.
2026.08.24-15:33:55.551[32m info [39m [caliper] [round-orchestrator] 	Monitors successfully started
2026.08.24-15:33:55.551[32m info [39m [caliper] [worker-message-handler] 	Worker#0 is starting Round#2
2026.08.24-15:33:55.551[32m info [39m [caliper] [worker-message-handler] 	Worker#1 is starting Round#2
2026.08.24-15:33:55.551[32m info [39m [caliper] [worker-message-handler] 	Worker#2 is starting Round#2
2026.08.24-15:33:55.551[32m info [39m [caliper] [worker-message-handler] 	Worker#3 is starting Round#2
2026.08.24-15:33:55.553[32m info [39m [caliper] [connectors/peer-gateway/PeerGateway] 	Generating contract map for user io.krishnan
2026.08.24-15:33:55.553[32m info [39m [caliper] [connectors/peer-gateway/PeerGateway] 	Generating contract map for user io.krishnan
2026.08.24-15:33:55.554[32m info [39m [caliper] [connectors/peer-gateway/PeerGateway] 	Generating contract map for user insp.rathore
2026.08.24-15:33:55.554[32m info [39m [caliper] [connectors/peer-gateway/PeerGateway] 	Generating contract map for user io.krishnan
2026.08.24-15:33:55.554[32m info [39m [caliper] [connectors/peer-gateway/PeerGateway] 	Generating contract map for user insp.rathore
2026.08.24-15:33:55.554[32m info [39m [caliper] [connectors/peer-gateway/PeerGateway] 	Generating contract map for user io.krishnan
2026.08.24-15:33:55.554[32m info [39m [caliper] [connectors/peer-gateway/PeerGateway] 	Generating contract map for user insp.singh
2026.08.24-15:33:55.554[32m info [39m [caliper] [connectors/peer-gateway/PeerGateway] 	Generating contract map for user insp.rathore
2026.08.24-15:33:55.554[32m info [39m [caliper] [connectors/peer-gateway/PeerGateway] 	Generating contract map for user insp.singh
2026.08.24-15:33:55.554[32m info [39m [caliper] [connectors/peer-gateway/PeerGateway] 	Generating contract map for user insp.rathore
2026.08.24-15:33:55.554[32m info [39m [caliper] [connectors/peer-gateway/PeerGateway] 	Generating contract map for user const.verma
2026.08.24-15:33:55.554[32m info [39m [caliper] [connectors/peer-gateway/PeerGateway] 	Generating contract map for user const.verma
2026.08.24-15:33:55.554[32m info [39m [caliper] [connectors/peer-gateway/PeerGateway] 	Generating contract map for user insp.singh
2026.08.24-15:33:55.554[32m info [39m [caliper] [connectors/peer-gateway/PeerGateway] 	Generating contract map for user insp.singh
2026.08.24-15:33:55.554[32m info [39m [caliper] [connectors/peer-gateway/PeerGateway] 	Generating contract map for user insp.sharma
2026.08.24-15:33:55.554[32m info [39m [caliper] [connectors/peer-gateway/PeerGateway] 	Generating contract map for user insp.sharma
2026.08.24-15:33:55.554[32m info [39m [caliper] [connectors/peer-gateway/PeerGateway] 	Generating contract map for user const.verma
2026.08.24-15:33:55.554[32m info [39m [caliper] [connectors/peer-gateway/PeerGateway] 	Generating contract map for user const.verma
2026.08.24-15:33:55.554[32m info [39m [caliper] [connectors/peer-gateway/PeerGateway] 	Generating contract map for user insp.sharma
2026.08.24-15:33:55.554[32m info [39m [caliper] [connectors/peer-gateway/PeerGateway] 	Generating contract map for user insp.sharma
2026.08.24-15:33:55.555[32m info [39m [caliper] [connectors/peer-gateway/PeerGateway] 	Generating contract map for user _AuditMSP_aud.qureshi
2026.08.24-15:33:55.556[32m info [39m [caliper] [connectors/peer-gateway/PeerGateway] 	Generating contract map for user _AuditMSP_aud.qureshi
2026.08.24-15:33:55.556[32m info [39m [caliper] [caliper-worker] 	Worker #3 starting workload loop
2026.08.24-15:33:55.556[32m info [39m [caliper] [connectors/peer-gateway/PeerGateway] 	Generating contract map for user _AuditMSP_aud.qureshi
2026.08.24-15:33:55.556[32m info [39m [caliper] [caliper-worker] 	Worker #2 starting workload loop
2026.08.24-15:33:55.556[32m info [39m [caliper] [connectors/peer-gateway/PeerGateway] 	Generating contract map for user _AuditMSP_aud.qureshi
2026.08.24-15:33:55.556[32m info [39m [caliper] [caliper-worker] 	Worker #1 starting workload loop
2026.08.24-15:33:55.556[32m info [39m [caliper] [caliper-worker] 	Worker #0 starting workload loop
CALIPER_TX_LATENCY {"workerIndex":0,"roundIndex":2,"roundLabel":"write-tps-2","transactionId":"05fa1b668122ad20a51cb59c9f195fd1f6e548159eec6814291b9f2584a303f6","status":"success","startEpochMs":1787565837559,"endEpochMs":1787565837665,"latencyMs":106}
CALIPER_TX_LATENCY {"workerIndex":2,"roundIndex":2,"roundLabel":"write-tps-2","transactionId":"ca56f6b4d97d04161baf43c5d4f37538c61a9db1de3a5c52a508b0f105acfdfa","status":"success","startEpochMs":1787565835558,"endEpochMs":1787565837665,"latencyMs":2107}
CALIPER_TX_LATENCY {"workerIndex":3,"roundIndex":2,"roundLabel":"write-tps-2","transactionId":"f6d4a8c381d2e3166dce672f49b5001a0e42bce9aa8abb91b7eb99213166a750","status":"success","startEpochMs":1787565835557,"endEpochMs":1787565837665,"latencyMs":2108}
CALIPER_TX_LATENCY {"workerIndex":0,"roundIndex":2,"roundLabel":"write-tps-2","transactionId":"982c610fe902f02591e8e9c9dc7ce439d7eccee740582f3112127b416e7f0962","status":"success","startEpochMs":1787565835558,"endEpochMs":1787565837666,"latencyMs":2108}
CALIPER_TX_LATENCY {"workerIndex":1,"roundIndex":2,"roundLabel":"write-tps-2","transactionId":"9f9377d0ef207c222876f2c81eb77aa386852d81b999fd96b061b6034eb411c7","status":"success","startEpochMs":1787565835558,"endEpochMs":1787565837665,"latencyMs":2107}
CALIPER_TX_LATENCY {"workerIndex":3,"roundIndex":2,"roundLabel":"write-tps-2","transactionId":"91180a759afe300ed2be64a1052b651aba3fe45483d578d20d2e11df15b3bcd1","status":"success","startEpochMs":1787565837559,"endEpochMs":1787565837666,"latencyMs":107}
CALIPER_TX_LATENCY {"workerIndex":2,"roundIndex":2,"roundLabel":"write-tps-2","transactionId":"1d0ccca12bffaede4fa2c1695a63da8492de0a4ddbd613539aec1e51738c549a","status":"success","startEpochMs":1787565837559,"endEpochMs":1787565837666,"latencyMs":107}
CALIPER_TX_LATENCY {"workerIndex":1,"roundIndex":2,"roundLabel":"write-tps-2","transactionId":"9b68272956a9f33b19e86a029c8dbbb30f8c2950d45e930fc96f43f3bf7fca71","status":"success","startEpochMs":1787565837559,"endEpochMs":1787565837667,"latencyMs":108}
2026.08.24-15:34:00.552[32m info [39m [caliper] [default-observer] 	[write-tps-2 Round 2 Transaction Info] - Submitted: 11 Succ: 8 Fail:0 Unfinished:3
CALIPER_TX_LATENCY {"workerIndex":0,"roundIndex":2,"roundLabel":"write-tps-2","transactionId":"424b20c7ad4be019d3f5fa19ded55c793dc57a11099127f775276128a8a1f8b6","status":"success","startEpochMs":1787565839558,"endEpochMs":1787565841661,"latencyMs":2103}
CALIPER_TX_LATENCY {"workerIndex":3,"roundIndex":2,"roundLabel":"write-tps-2","transactionId":"63ec07811b926fbf989a00a737373e1ec5ff5d227c0d537fdd500e94127d3d8e","status":"success","startEpochMs":1787565839560,"endEpochMs":1787565841661,"latencyMs":2101}
CALIPER_TX_LATENCY {"workerIndex":2,"roundIndex":2,"roundLabel":"write-tps-2","transactionId":"004d7d8662fe52537391ecdd15d4ec8f0ddc2c6391747d87608f499820b0e6b9","status":"success","startEpochMs":1787565839558,"endEpochMs":1787565841661,"latencyMs":2103}
CALIPER_TX_LATENCY {"workerIndex":1,"roundIndex":2,"roundLabel":"write-tps-2","transactionId":"ea016b82fbbe9b561ae7c542eae6213c59f3cbca0ce4a6c32c6b3165d5c6782c","status":"success","startEpochMs":1787565841558,"endEpochMs":1787565841661,"latencyMs":103}
CALIPER_TX_LATENCY {"workerIndex":0,"roundIndex":2,"roundLabel":"write-tps-2","transactionId":"2f1e4f314a816f42bdf082b29175d5fd91475fba22c84a6e64c57414ae36d143","status":"success","startEpochMs":1787565841558,"endEpochMs":1787565841661,"latencyMs":103}
CALIPER_TX_LATENCY {"workerIndex":3,"roundIndex":2,"roundLabel":"write-tps-2","transactionId":"d30d84ab952ffcd3d759c7532b8617d6b32aa454437f69143e882e33983b53b6","status":"success","startEpochMs":1787565841558,"endEpochMs":1787565841661,"latencyMs":103}
CALIPER_TX_LATENCY {"workerIndex":2,"roundIndex":2,"roundLabel":"write-tps-2","transactionId":"ab130f198b795289549abd69ed47ce1ebf9ada4e8cb5b13bf04324f572ef0341","status":"success","startEpochMs":1787565841558,"endEpochMs":1787565841661,"latencyMs":103}
CALIPER_TX_LATENCY {"workerIndex":1,"roundIndex":2,"roundLabel":"write-tps-2","transactionId":"995aceeea2efa1eb01b6bfecfa28421d24f4974aefc0ddf18abf46b6dc2e1203","status":"success","startEpochMs":1787565839558,"endEpochMs":1787565841661,"latencyMs":2103}
2026.08.24-15:34:05.554[32m info [39m [caliper] [default-observer] 	[write-tps-2 Round 2 Transaction Info] - Submitted: 20 Succ: 16 Fail:0 Unfinished:4
CALIPER_TX_LATENCY {"workerIndex":1,"roundIndex":2,"roundLabel":"write-tps-2","transactionId":"040731a9f73b3b089b2e9d3c46f111d3f0ddb40ee2956eb7f6dc5951942153a4","status":"success","startEpochMs":1787565843558,"endEpochMs":1787565845635,"latencyMs":2077}
CALIPER_TX_LATENCY {"workerIndex":0,"roundIndex":2,"roundLabel":"write-tps-2","transactionId":"909ad170aace18dfc177ba0c213bd1c5fa16bb81f1891895f7e60d1cfe3ed736","status":"success","startEpochMs":1787565843558,"endEpochMs":1787565845635,"latencyMs":2077}
CALIPER_TX_LATENCY {"workerIndex":2,"roundIndex":2,"roundLabel":"write-tps-2","transactionId":"46bbc4654ec9033f32ac4bc7ec726efeade354f78639473a97e9847985f3c52b","status":"success","startEpochMs":1787565843558,"endEpochMs":1787565845635,"latencyMs":2077}
CALIPER_TX_LATENCY {"workerIndex":3,"roundIndex":2,"roundLabel":"write-tps-2","transactionId":"6138bf13d92cb537edde677ce16dbe5fec1967f2379c03973f29f8f804f18861","status":"success","startEpochMs":1787565843558,"endEpochMs":1787565845635,"latencyMs":2077}
CALIPER_TX_LATENCY {"workerIndex":1,"roundIndex":2,"roundLabel":"write-tps-2","transactionId":"08e9d92bad7a1be1d039bf15ff995313711b1594e8ad30c0647c18969b5ce298","status":"success","startEpochMs":1787565845558,"endEpochMs":1787565847644,"latencyMs":2086}
CALIPER_TX_LATENCY {"workerIndex":0,"roundIndex":2,"roundLabel":"write-tps-2","transactionId":"cbfc7b9a5dd9d955ebfa66934261201bba002e3a19edd74ff4e9ece6ef4516d2","status":"success","startEpochMs":1787565845558,"endEpochMs":1787565847644,"latencyMs":2086}
CALIPER_TX_LATENCY {"workerIndex":3,"roundIndex":2,"roundLabel":"write-tps-2","transactionId":"791f8d52285f881733cd4b29ff3a5c1853e8eea725cfed8766dc6ee43d718212","status":"success","startEpochMs":1787565845558,"endEpochMs":1787565847644,"latencyMs":2086}
CALIPER_TX_LATENCY {"workerIndex":2,"roundIndex":2,"roundLabel":"write-tps-2","transactionId":"f77fe119e65cfb25a57ef0bf1e3104fb9963ffcd4d675d4f2f075fd5e252556e","status":"success","startEpochMs":1787565845558,"endEpochMs":1787565847644,"latencyMs":2086}
CALIPER_TX_LATENCY {"workerIndex":2,"roundIndex":2,"roundLabel":"write-tps-2","transactionId":"4a3fb2083e4dafa47fdad86116f18da93031d139ad3216580969bb137aba5dc2","status":"success","startEpochMs":1787565847558,"endEpochMs":1787565849659,"latencyMs":2101}
CALIPER_TX_LATENCY {"workerIndex":1,"roundIndex":2,"roundLabel":"write-tps-2","transactionId":"b912404fe8b6cbfca9bc45f8622c8b58afcd38a648b56e95ecd40569052fe6f3","status":"success","startEpochMs":1787565847558,"endEpochMs":1787565849659,"latencyMs":2101}
CALIPER_TX_LATENCY {"workerIndex":3,"roundIndex":2,"roundLabel":"write-tps-2","transactionId":"2ecd7b7424d399cd79a449fa6b9a7b31c3f2221630e978db490d4d339dece879","status":"success","startEpochMs":1787565847558,"endEpochMs":1787565849659,"latencyMs":2101}
CALIPER_TX_LATENCY {"workerIndex":0,"roundIndex":2,"roundLabel":"write-tps-2","transactionId":"59baf79297c4c463594188bac97f942fa5eeaaa0e8a2b9a0477373b70c2547c1","status":"success","startEpochMs":1787565847558,"endEpochMs":1787565849659,"latencyMs":2101}
2026.08.24-15:34:10.555[32m info [39m [caliper] [default-observer] 	[write-tps-2 Round 2 Transaction Info] - Submitted: 32 Succ: 24 Fail:0 Unfinished:8
CALIPER_TX_LATENCY {"workerIndex":0,"roundIndex":2,"roundLabel":"write-tps-2","transactionId":"fce73ad5019c82d1bd88d3ae9af4dbf7634c7c6eed63d54edac78a75122475bd","status":"success","startEpochMs":1787565849558,"endEpochMs":1787565851662,"latencyMs":2104}
CALIPER_TX_LATENCY {"workerIndex":3,"roundIndex":2,"roundLabel":"write-tps-2","transactionId":"a5b86236dbb8516e67cc73d1d097cd6f700e40073e8e1c9c02b865245763c575","status":"success","startEpochMs":1787565849558,"endEpochMs":1787565851662,"latencyMs":2104}
CALIPER_TX_LATENCY {"workerIndex":2,"roundIndex":2,"roundLabel":"write-tps-2","transactionId":"8f338d866e83088fd54935bf1b41df55b89971d0293a4a1bba21540cffa4d5d2","status":"success","startEpochMs":1787565849558,"endEpochMs":1787565851662,"latencyMs":2104}
CALIPER_TX_LATENCY {"workerIndex":1,"roundIndex":2,"roundLabel":"write-tps-2","transactionId":"821d7d2e96462b8fea5ea5762cc25fa2522a59409a98c8abd5bef24ba49838a4","status":"success","startEpochMs":1787565851558,"endEpochMs":1787565851662,"latencyMs":104}
CALIPER_TX_LATENCY {"workerIndex":0,"roundIndex":2,"roundLabel":"write-tps-2","transactionId":"d42d5b4044cbacf253209cc2edb2eb7f066c28571212483f827c8c1fb2d8c61e","status":"success","startEpochMs":1787565851558,"endEpochMs":1787565851662,"latencyMs":104}
CALIPER_TX_LATENCY {"workerIndex":3,"roundIndex":2,"roundLabel":"write-tps-2","transactionId":"7e4d7dc7ae621a2c1b8ee0d37bada7a008b142956c9f9c9b405a1b556c2561aa","status":"success","startEpochMs":1787565851558,"endEpochMs":1787565851662,"latencyMs":104}
CALIPER_TX_LATENCY {"workerIndex":2,"roundIndex":2,"roundLabel":"write-tps-2","transactionId":"851529f1bb05a344da8a0e1acabd607e7e39d9b4ff8b8c122f8ff98e29ed50bb","status":"success","startEpochMs":1787565851558,"endEpochMs":1787565851662,"latencyMs":104}
CALIPER_TX_LATENCY {"workerIndex":1,"roundIndex":2,"roundLabel":"write-tps-2","transactionId":"362b01d7ba464dc2c31fec90f8434097ba5844a3bbf3fa9b04318a03903bace3","status":"success","startEpochMs":1787565849558,"endEpochMs":1787565851663,"latencyMs":2105}
2026.08.24-15:34:15.557[32m info [39m [caliper] [default-observer] 	[write-tps-2 Round 2 Transaction Info] - Submitted: 40 Succ: 36 Fail:0 Unfinished:4
CALIPER_TX_LATENCY {"workerIndex":2,"roundIndex":2,"roundLabel":"write-tps-2","transactionId":"9baf7804a661802af3d7f2def06cc7b308a3226a37b798e1c22da286dee68634","status":"success","startEpochMs":1787565853557,"endEpochMs":1787565855643,"latencyMs":2086}
CALIPER_TX_LATENCY {"workerIndex":0,"roundIndex":2,"roundLabel":"write-tps-2","transactionId":"87467c03ba7adce087a48b8d4bac4bd8fb3a544d9be5378ffcd4a772bdd3f24b","status":"success","startEpochMs":1787565853556,"endEpochMs":1787565855643,"latencyMs":2087}
CALIPER_TX_LATENCY {"workerIndex":3,"roundIndex":2,"roundLabel":"write-tps-2","transactionId":"9456ac2accf00d81bddf2ca078e98935f0a0f3cee76cda57852589833821ba2b","status":"success","startEpochMs":1787565853557,"endEpochMs":1787565855643,"latencyMs":2086}
CALIPER_TX_LATENCY {"workerIndex":1,"roundIndex":2,"roundLabel":"write-tps-2","transactionId":"9b0ce3ea1e434ee6a6968fd9a4b89985d0b0673e11ee01cc1e2758a4a987a675","status":"success","startEpochMs":1787565853556,"endEpochMs":1787565855643,"latencyMs":2087}
CALIPER_TX_LATENCY {"workerIndex":0,"roundIndex":2,"roundLabel":"write-tps-2","transactionId":"dee7ad3bd8ee2e0a0d5245a047580fbb7331b7044800973d67551cf502fcde71","status":"success","startEpochMs":1787565855558,"endEpochMs":1787565857658,"latencyMs":2100}
CALIPER_TX_LATENCY {"workerIndex":1,"roundIndex":2,"roundLabel":"write-tps-2","transactionId":"93fbeae5b520a90e660097b1c77e4ba15998dfb8e37f8d28ef65f582e340a11a","status":"success","startEpochMs":1787565855558,"endEpochMs":1787565857658,"latencyMs":2100}
CALIPER_TX_LATENCY {"workerIndex":2,"roundIndex":2,"roundLabel":"write-tps-2","transactionId":"bf633a0b16b7b8b09d4f66546e18826671420fb1b1c6b5c0d86a86807d2e4f74","status":"success","startEpochMs":1787565855558,"endEpochMs":1787565857658,"latencyMs":2100}
CALIPER_TX_LATENCY {"workerIndex":3,"roundIndex":2,"roundLabel":"write-tps-2","transactionId":"ac71b41eeac3010375cdf959906742366a062b95137e90e014adcf364cbf20d9","status":"success","startEpochMs":1787565855558,"endEpochMs":1787565857658,"latencyMs":2100}
CALIPER_TX_LATENCY {"workerIndex":0,"roundIndex":2,"roundLabel":"write-tps-2","transactionId":"62166583bf7ec8e7fa773893c26f98ba75aeb98f35bedee2a0f3ad938caddd44","status":"success","startEpochMs":1787565857557,"endEpochMs":1787565857658,"latencyMs":101}
CALIPER_TX_LATENCY {"workerIndex":1,"roundIndex":2,"roundLabel":"write-tps-2","transactionId":"4b92e9b4260aff49d4eb859ef57fb7af892b9a3f0b5811a6b5583cad6a12368f","status":"success","startEpochMs":1787565857557,"endEpochMs":1787565857658,"latencyMs":101}
CALIPER_TX_LATENCY {"workerIndex":3,"roundIndex":2,"roundLabel":"write-tps-2","transactionId":"b7c9a24e917972fc4324b651b3393fbd48d094a3640ddf38844a8c880df6785a","status":"success","startEpochMs":1787565857558,"endEpochMs":1787565857658,"latencyMs":100}
CALIPER_TX_LATENCY {"workerIndex":2,"roundIndex":2,"roundLabel":"write-tps-2","transactionId":"d3928c4d0eba365a048efd314ce275d63054f48f73bcd64c4b52a73f1c83338d","status":"success","startEpochMs":1787565857557,"endEpochMs":1787565857658,"latencyMs":101}
2026.08.24-15:34:20.558[32m info [39m [caliper] [default-observer] 	[write-tps-2 Round 2 Transaction Info] - Submitted: 52 Succ: 48 Fail:0 Unfinished:4
CALIPER_TX_LATENCY {"workerIndex":3,"roundIndex":2,"roundLabel":"write-tps-2","transactionId":"fe95fcf43be6865605209d7da8cddf3e7973c26e190584b93571ff916e2e252f","status":"success","startEpochMs":1787565859560,"endEpochMs":1787565861650,"latencyMs":2090}
CALIPER_TX_LATENCY {"workerIndex":1,"roundIndex":2,"roundLabel":"write-tps-2","transactionId":"567f1e6b8a10e615d9730a4cc7dea811ba5c936f1143030a023f19b616fcdbb2","status":"success","startEpochMs":1787565859559,"endEpochMs":1787565861650,"latencyMs":2091}
CALIPER_TX_LATENCY {"workerIndex":2,"roundIndex":2,"roundLabel":"write-tps-2","transactionId":"9079d8cac279a8c4abd92da5c0b1e223b5cd7e78833c3082a68b1a9ebc91c663","status":"success","startEpochMs":1787565859564,"endEpochMs":1787565861650,"latencyMs":2086}
CALIPER_TX_LATENCY {"workerIndex":0,"roundIndex":2,"roundLabel":"write-tps-2","transactionId":"c53337fee2547c7bc070cd4733b683d90fbbb7bd63f5b9716e136b405fa5ac51","status":"success","startEpochMs":1787565859559,"endEpochMs":1787565861650,"latencyMs":2091}
CALIPER_TX_LATENCY {"workerIndex":1,"roundIndex":2,"roundLabel":"write-tps-2","transactionId":"005c6158de4dca735a88bb2edec91576fdfc373a83efae113dda29ef5ea64255","status":"success","startEpochMs":1787565861559,"endEpochMs":1787565863658,"latencyMs":2099}
CALIPER_TX_LATENCY {"workerIndex":0,"roundIndex":2,"roundLabel":"write-tps-2","transactionId":"17aa16c9e9b3b10a7631ef764221aff9d96f7330e66e0dbb7fe682c5469a9336","status":"success","startEpochMs":1787565863557,"endEpochMs":1787565863658,"latencyMs":101}
CALIPER_TX_LATENCY {"workerIndex":3,"roundIndex":2,"roundLabel":"write-tps-2","transactionId":"f720a86aa372019a02af11ed0ec7ae291a4fc0a398e9cd15439b230ee5892bd0","status":"success","startEpochMs":1787565861558,"endEpochMs":1787565863658,"latencyMs":2100}
CALIPER_TX_LATENCY {"workerIndex":2,"roundIndex":2,"roundLabel":"write-tps-2","transactionId":"329f198b1224936328ab8184d25cb5dac27566325aad9d14869bd17d15e76b95","status":"success","startEpochMs":1787565863557,"endEpochMs":1787565863658,"latencyMs":101}
CALIPER_TX_LATENCY {"workerIndex":1,"roundIndex":2,"roundLabel":"write-tps-2","transactionId":"f1937a9a1a7363bab0bad2f0448533a80805f7cdd2871a419125e6049a385149","status":"success","startEpochMs":1787565863558,"endEpochMs":1787565863659,"latencyMs":101}
CALIPER_TX_LATENCY {"workerIndex":2,"roundIndex":2,"roundLabel":"write-tps-2","transactionId":"e8038be96dc84d3083f3962722395e7c5e4b3157afff3657b74f1e02da8f8b0a","status":"success","startEpochMs":1787565861558,"endEpochMs":1787565863659,"latencyMs":2101}
CALIPER_TX_LATENCY {"workerIndex":0,"roundIndex":2,"roundLabel":"write-tps-2","transactionId":"55c77962d52df48539145c3635cfc4a1e85a5780c97bfdce0389c3737d4e6e77","status":"success","startEpochMs":1787565861558,"endEpochMs":1787565863659,"latencyMs":2101}
CALIPER_TX_LATENCY {"workerIndex":3,"roundIndex":2,"roundLabel":"write-tps-2","transactionId":"dfb56188cd8989c7c2fe89ce3837cdab74e579374c28036369191da77bec0f5b","status":"success","startEpochMs":1787565863558,"endEpochMs":1787565863659,"latencyMs":101}
2026.08.24-15:34:25.559[32m info [39m [caliper] [default-observer] 	[write-tps-2 Round 2 Transaction Info] - Submitted: 60 Succ: 60 Fail:0 Unfinished:0
CALIPER_TX_LATENCY {"workerIndex":3,"roundIndex":2,"roundLabel":"write-tps-2","transactionId":"c79e88e4f84144c8bb2f54163c618c859af59e284a43ea030308a89c40daddc2","status":"success","startEpochMs":1787565867557,"endEpochMs":1787565867661,"latencyMs":104}
CALIPER_TX_LATENCY {"workerIndex":2,"roundIndex":2,"roundLabel":"write-tps-2","transactionId":"e37bbf5cade14beb24fb809e00c19c5ecfe9ebe69b314cb3b1032cb781a506fc","status":"success","startEpochMs":1787565865558,"endEpochMs":1787565867662,"latencyMs":2104}
CALIPER_TX_LATENCY {"workerIndex":2,"roundIndex":2,"roundLabel":"write-tps-2","transactionId":"ca3ec5c652837bef6c39976f2571660ba1809ba852dd461eaf50954fb4544de6","status":"success","startEpochMs":1787565867558,"endEpochMs":1787565867662,"latencyMs":104}
CALIPER_TX_LATENCY {"workerIndex":0,"roundIndex":2,"roundLabel":"write-tps-2","transactionId":"c0ea7ca1d87cb95a4a4975e758076cde7885b0d854bb9d897813bdf3adb7914f","status":"success","startEpochMs":1787565867558,"endEpochMs":1787565867662,"latencyMs":104}
CALIPER_TX_LATENCY {"workerIndex":1,"roundIndex":2,"roundLabel":"write-tps-2","transactionId":"8e810787da070b535d3b5b0188455cf749f21994c09ad6baf5346247a623c19a","status":"success","startEpochMs":1787565867558,"endEpochMs":1787565867662,"latencyMs":104}
CALIPER_TX_LATENCY {"workerIndex":3,"roundIndex":2,"roundLabel":"write-tps-2","transactionId":"99c6bd949bb7f98c215118b552546d7c74915892909a325657a412aeee7d1a5f","status":"success","startEpochMs":1787565865558,"endEpochMs":1787565867662,"latencyMs":2104}
CALIPER_TX_LATENCY {"workerIndex":1,"roundIndex":2,"roundLabel":"write-tps-2","transactionId":"33f386ea04741139d8c250c8a9b08a62df41980b84396c97fd21568a1f353034","status":"success","startEpochMs":1787565865558,"endEpochMs":1787565867663,"latencyMs":2105}
CALIPER_TX_LATENCY {"workerIndex":0,"roundIndex":2,"roundLabel":"write-tps-2","transactionId":"3b7ac845cbbc10a97c7be03c8759a18da0f69edc92c06748621fa2d853396d4b","status":"success","startEpochMs":1787565865560,"endEpochMs":1787565867663,"latencyMs":2103}
2026.08.24-15:34:30.559[32m info [39m [caliper] [default-observer] 	[write-tps-2 Round 2 Transaction Info] - Submitted: 72 Succ: 68 Fail:0 Unfinished:4
CALIPER_TX_LATENCY {"workerIndex":3,"roundIndex":2,"roundLabel":"write-tps-2","transactionId":"1ab814d4f5382cb7fa8c51355cc5f97e48e0aab2b650084b1bcd96d834228ab4","status":"success","startEpochMs":1787565869558,"endEpochMs":1787565871656,"latencyMs":2098}
CALIPER_TX_LATENCY {"workerIndex":1,"roundIndex":2,"roundLabel":"write-tps-2","transactionId":"dd80e095ff2b94a06ba9b1376e7a171defe1ffa358e8af946fd68b0c38ef5e6c","status":"success","startEpochMs":1787565869558,"endEpochMs":1787565871656,"latencyMs":2098}
CALIPER_TX_LATENCY {"workerIndex":0,"roundIndex":2,"roundLabel":"write-tps-2","transactionId":"2b2fe4ac096ff8dbc3c61b85fb1904f2769e62ee17ad6db8b0fc811edc7d08c1","status":"success","startEpochMs":1787565869558,"endEpochMs":1787565871656,"latencyMs":2098}
CALIPER_TX_LATENCY {"workerIndex":2,"roundIndex":2,"roundLabel":"write-tps-2","transactionId":"264cd733f43de7a3a11dcb15e4ac66ddb9cc89f234facd8c865f6600d5fa7a00","status":"success","startEpochMs":1787565869558,"endEpochMs":1787565871656,"latencyMs":2098}
CALIPER_TX_LATENCY {"workerIndex":1,"roundIndex":2,"roundLabel":"write-tps-2","transactionId":"6141dd1c4c5fd66058becb87367e8a9cfb68d47c73b911bfd92ad92b9ee6850e","status":"success","startEpochMs":1787565871558,"endEpochMs":1787565873664,"latencyMs":2106}
CALIPER_TX_LATENCY {"workerIndex":3,"roundIndex":2,"roundLabel":"write-tps-2","transactionId":"cae4b5f448f57d1dd34199e4c485602173434acfc363248cd289ebc015dca4e2","status":"success","startEpochMs":1787565871558,"endEpochMs":1787565873664,"latencyMs":2106}
CALIPER_TX_LATENCY {"workerIndex":1,"roundIndex":2,"roundLabel":"write-tps-2","transactionId":"eaa403ff27389c59f8382f72a52cae3bd1c755a5e153d5b31c30b129f7d9d1b1","status":"success","startEpochMs":1787565873558,"endEpochMs":1787565873664,"latencyMs":106}
CALIPER_TX_LATENCY {"workerIndex":3,"roundIndex":2,"roundLabel":"write-tps-2","transactionId":"10d78e729097d566f1daade2a42526bf212a470ac8926262d9450fa1ef50cc32","status":"success","startEpochMs":1787565873558,"endEpochMs":1787565873665,"latencyMs":107}
CALIPER_TX_LATENCY {"workerIndex":2,"roundIndex":2,"roundLabel":"write-tps-2","transactionId":"23913c1a817b51790c3a6f47cc46aa81a0d7a82923dfae804579660ca4b93036","status":"success","startEpochMs":1787565873558,"endEpochMs":1787565873664,"latencyMs":106}
CALIPER_TX_LATENCY {"workerIndex":0,"roundIndex":2,"roundLabel":"write-tps-2","transactionId":"857c6582e599bf3f92db7b42554cef8e427867c20ec86f7ce07d58c8f30866a4","status":"success","startEpochMs":1787565873558,"endEpochMs":1787565873664,"latencyMs":106}
CALIPER_TX_LATENCY {"workerIndex":2,"roundIndex":2,"roundLabel":"write-tps-2","transactionId":"c16a11f3641650317421a214b45c2f4a40d3bddb7db77d2ac7bdd2507e2e3c75","status":"success","startEpochMs":1787565871558,"endEpochMs":1787565873665,"latencyMs":2107}
CALIPER_TX_LATENCY {"workerIndex":0,"roundIndex":2,"roundLabel":"write-tps-2","transactionId":"797138f2c8a2ecc865bd73298d44febc187e0720fcefa88263f567b0d0af8d31","status":"success","startEpochMs":1787565871558,"endEpochMs":1787565873665,"latencyMs":2107}
2026.08.24-15:34:35.561[32m info [39m [caliper] [default-observer] 	[write-tps-2 Round 2 Transaction Info] - Submitted: 80 Succ: 80 Fail:0 Unfinished:0
CALIPER_TX_LATENCY {"workerIndex":0,"roundIndex":2,"roundLabel":"write-tps-2","transactionId":"e3a5651cd6036071473dda69686dc6cce1ceb10473588a0e2cfc67993604206b","status":"success","startEpochMs":1787565875557,"endEpochMs":1787565877662,"latencyMs":2105}
CALIPER_TX_LATENCY {"workerIndex":1,"roundIndex":2,"roundLabel":"write-tps-2","transactionId":"7af7fbc993e1d36be40842ac270b929b56072ffedfff9d91e54d078a859fee0e","status":"success","startEpochMs":1787565877558,"endEpochMs":1787565877662,"latencyMs":104}
CALIPER_TX_LATENCY {"workerIndex":2,"roundIndex":2,"roundLabel":"write-tps-2","transactionId":"912477516d8624685c76c8db9494d3a590e3080ca40895aa2f5462e547d2d691","status":"success","startEpochMs":1787565877558,"endEpochMs":1787565877662,"latencyMs":104}
CALIPER_TX_LATENCY {"workerIndex":3,"roundIndex":2,"roundLabel":"write-tps-2","transactionId":"8261948b1e69625f18229d658822600f619164b52ac8ef4307eda84a47c33289","status":"success","startEpochMs":1787565877559,"endEpochMs":1787565877662,"latencyMs":103}
CALIPER_TX_LATENCY {"workerIndex":1,"roundIndex":2,"roundLabel":"write-tps-2","transactionId":"c8899109267e11b14fd4e1bdd7c06fc54ea3d5bd0616062f26a41f13ff91e19d","status":"success","startEpochMs":1787565875557,"endEpochMs":1787565877662,"latencyMs":2105}
CALIPER_TX_LATENCY {"workerIndex":0,"roundIndex":2,"roundLabel":"write-tps-2","transactionId":"3b5bfa29654f190d2f89ee903add87d76e085cd2a06be92af21477282da44a88","status":"success","startEpochMs":1787565877559,"endEpochMs":1787565877662,"latencyMs":103}
CALIPER_TX_LATENCY {"workerIndex":2,"roundIndex":2,"roundLabel":"write-tps-2","transactionId":"fbd1c0c965a8432d9c73fa871b011a164d090c7fd758cdce83eefa0a8507e7cc","status":"success","startEpochMs":1787565875558,"endEpochMs":1787565877663,"latencyMs":2105}
CALIPER_TX_LATENCY {"workerIndex":3,"roundIndex":2,"roundLabel":"write-tps-2","transactionId":"f28810ca7b62e0c224437fd6e972be64acac51a59531c420f7e4189bdd33b39b","status":"success","startEpochMs":1787565875557,"endEpochMs":1787565877663,"latencyMs":2106}
2026.08.24-15:34:40.561[32m info [39m [caliper] [default-observer] 	[write-tps-2 Round 2 Transaction Info] - Submitted: 92 Succ: 88 Fail:0 Unfinished:4
CALIPER_TX_LATENCY {"workerIndex":0,"roundIndex":2,"roundLabel":"write-tps-2","transactionId":"6885ee22cd68f299004e57a1d981cf258d1393fbca644eab9c8f01d5ce06fa24","status":"success","startEpochMs":1787565879558,"endEpochMs":1787565881663,"latencyMs":2105}
CALIPER_TX_LATENCY {"workerIndex":1,"roundIndex":2,"roundLabel":"write-tps-2","transactionId":"5d5f8d498efd726c7da0eb6f4949d7fdde56d2ff5b97ea3f657238d2c9140b6f","status":"success","startEpochMs":1787565881558,"endEpochMs":1787565881663,"latencyMs":105}
CALIPER_TX_LATENCY {"workerIndex":2,"roundIndex":2,"roundLabel":"write-tps-2","transactionId":"0e85c1c5a0f80676da81f60437b672db0f605140d2585f09eb53fc428ee9de89","status":"success","startEpochMs":1787565881558,"endEpochMs":1787565881663,"latencyMs":105}
CALIPER_TX_LATENCY {"workerIndex":3,"roundIndex":2,"roundLabel":"write-tps-2","transactionId":"8f4d06228ebe1a15f2922345cf9be468f7befbda27fde3b231cb220c2e936755","status":"success","startEpochMs":1787565879558,"endEpochMs":1787565881663,"latencyMs":2105}
CALIPER_TX_LATENCY {"workerIndex":3,"roundIndex":2,"roundLabel":"write-tps-2","transactionId":"7ea0ac2c9e76156616138fb4e0f0d78fd6158d816b7bffc500e617e88299416d","status":"success","startEpochMs":1787565881558,"endEpochMs":1787565881664,"latencyMs":106}
CALIPER_TX_LATENCY {"workerIndex":1,"roundIndex":2,"roundLabel":"write-tps-2","transactionId":"ab2e67706c8fd0b058a284f52fad916490e08be8848256044d59875292faa50b","status":"success","startEpochMs":1787565879558,"endEpochMs":1787565881664,"latencyMs":2106}
CALIPER_TX_LATENCY {"workerIndex":0,"roundIndex":2,"roundLabel":"write-tps-2","transactionId":"d4597dc2c740ace1385adfac04af3479c1417b9784710edcd9e29cd9773d0aae","status":"success","startEpochMs":1787565881558,"endEpochMs":1787565881664,"latencyMs":106}
CALIPER_TX_LATENCY {"workerIndex":2,"roundIndex":2,"roundLabel":"write-tps-2","transactionId":"834fef0c4c190fa7bc2a6db26b0ef6603ab0090e5b7b434a8794cbad05c1c55d","status":"success","startEpochMs":1787565879558,"endEpochMs":1787565881664,"latencyMs":2106}
2026.08.24-15:34:42.760[32m info [39m [caliper] [connectors/peer-gateway/PeerGateway] 	disconnecting gateway for user io.krishnan
2026.08.24-15:34:42.761[32m info [39m [caliper] [connectors/peer-gateway/PeerGateway] 	disconnecting gateway for user insp.rathore
2026.08.24-15:34:42.761[32m info [39m [caliper] [connectors/peer-gateway/PeerGateway] 	disconnecting gateway for user insp.singh
2026.08.24-15:34:42.761[32m info [39m [caliper] [connectors/peer-gateway/PeerGateway] 	disconnecting gateway for user const.verma
2026.08.24-15:34:42.761[32m info [39m [caliper] [connectors/peer-gateway/PeerGateway] 	disconnecting gateway for user insp.sharma
2026.08.24-15:34:42.761[32m info [39m [caliper] [connectors/peer-gateway/PeerGateway] 	disconnecting gateway for user _AuditMSP_aud.qureshi
2026.08.24-15:34:42.761[32m info [39m [caliper] [connectors/peer-gateway/PeerGateway] 	disconnecting gRpc client at peer PoliceMSP_localhost:7051
2026.08.24-15:34:42.761[32m info [39m [caliper] [connectors/peer-gateway/PeerGateway] 	disconnecting gRpc client at peer AuditMSP_localhost:11051
2026.08.24-15:34:42.761[32m info [39m [caliper] [worker-message-handler] 	Worker#1 finished Round#2
2026.08.24-15:34:42.762[32m info [39m [caliper] [connectors/peer-gateway/PeerGateway] 	disconnecting gateway for user io.krishnan
2026.08.24-15:34:42.762[32m info [39m [caliper] [connectors/peer-gateway/PeerGateway] 	disconnecting gateway for user io.krishnan
2026.08.24-15:34:42.762[32m info [39m [caliper] [connectors/peer-gateway/PeerGateway] 	disconnecting gateway for user insp.rathore
2026.08.24-15:34:42.762[32m info [39m [caliper] [connectors/peer-gateway/PeerGateway] 	disconnecting gateway for user insp.rathore
2026.08.24-15:34:42.762[32m info [39m [caliper] [connectors/peer-gateway/PeerGateway] 	disconnecting gateway for user insp.singh
2026.08.24-15:34:42.762[32m info [39m [caliper] [connectors/peer-gateway/PeerGateway] 	disconnecting gateway for user insp.singh
2026.08.24-15:34:42.762[32m info [39m [caliper] [connectors/peer-gateway/PeerGateway] 	disconnecting gateway for user const.verma
2026.08.24-15:34:42.762[32m info [39m [caliper] [connectors/peer-gateway/PeerGateway] 	disconnecting gateway for user const.verma
2026.08.24-15:34:42.762[32m info [39m [caliper] [connectors/peer-gateway/PeerGateway] 	disconnecting gateway for user insp.sharma
2026.08.24-15:34:42.762[32m info [39m [caliper] [connectors/peer-gateway/PeerGateway] 	disconnecting gateway for user insp.sharma
2026.08.24-15:34:42.762[32m info [39m [caliper] [connectors/peer-gateway/PeerGateway] 	disconnecting gateway for user _AuditMSP_aud.qureshi
2026.08.24-15:34:42.762[32m info [39m [caliper] [connectors/peer-gateway/PeerGateway] 	disconnecting gateway for user _AuditMSP_aud.qureshi
2026.08.24-15:34:42.762[32m info [39m [caliper] [connectors/peer-gateway/PeerGateway] 	disconnecting gRpc client at peer PoliceMSP_localhost:7051
2026.08.24-15:34:42.762[32m info [39m [caliper] [connectors/peer-gateway/PeerGateway] 	disconnecting gRpc client at peer PoliceMSP_localhost:7051
2026.08.24-15:34:42.762[32m info [39m [caliper] [connectors/peer-gateway/PeerGateway] 	disconnecting gRpc client at peer AuditMSP_localhost:11051
2026.08.24-15:34:42.762[32m info [39m [caliper] [connectors/peer-gateway/PeerGateway] 	disconnecting gRpc client at peer AuditMSP_localhost:11051
2026.08.24-15:34:42.762[32m info [39m [caliper] [worker-message-handler] 	Worker#3 finished Round#2
2026.08.24-15:34:42.762[32m info [39m [caliper] [worker-message-handler] 	Worker#2 finished Round#2
2026.08.24-15:34:42.763[32m info [39m [caliper] [connectors/peer-gateway/PeerGateway] 	disconnecting gateway for user io.krishnan
2026.08.24-15:34:42.763[32m info [39m [caliper] [connectors/peer-gateway/PeerGateway] 	disconnecting gateway for user insp.rathore
2026.08.24-15:34:42.763[32m info [39m [caliper] [connectors/peer-gateway/PeerGateway] 	disconnecting gateway for user insp.singh
2026.08.24-15:34:42.763[32m info [39m [caliper] [connectors/peer-gateway/PeerGateway] 	disconnecting gateway for user const.verma
2026.08.24-15:34:42.763[32m info [39m [caliper] [connectors/peer-gateway/PeerGateway] 	disconnecting gateway for user insp.sharma
2026.08.24-15:34:42.763[32m info [39m [caliper] [connectors/peer-gateway/PeerGateway] 	disconnecting gateway for user _AuditMSP_aud.qureshi
2026.08.24-15:34:42.763[32m info [39m [caliper] [connectors/peer-gateway/PeerGateway] 	disconnecting gRpc client at peer PoliceMSP_localhost:7051
2026.08.24-15:34:42.763[32m info [39m [caliper] [connectors/peer-gateway/PeerGateway] 	disconnecting gRpc client at peer AuditMSP_localhost:11051
2026.08.24-15:34:42.763[32m info [39m [caliper] [worker-message-handler] 	Worker#0 finished Round#2
2026.08.24-15:34:47.765[32m info [39m [caliper] [default-observer] 	Resetting txCount indicator count
2026.08.24-15:34:47.765[32m info [39m [caliper] [report-builder] 	### Test result ###
2026.08.24-15:34:47.765[32m info [39m [caliper] [report-builder] 	
+-------------+------+------+-----------------+-----------------+-----------------+-----------------+------------------+
| Name        | Succ | Fail | Send Rate (TPS) | Max Latency (s) | Min Latency (s) | Avg Latency (s) | Throughput (TPS) |
|-------------|------|------|-----------------|-----------------|-----------------|-----------------|------------------|
| write-tps-2 | 96   | 0    | 2.1             | 2.11            | 0.10            | 1.35            | 2.1              |
+-------------+------+------+-----------------+-----------------+-----------------+-----------------+------------------+

2026.08.24-15:34:47.784[32m info [39m [caliper] [report-builder] 	### prometheus resource stats ###'
2026.08.24-15:34:47.786[32m info [39m [caliper] [report-builder] 	
+--------------------------------------------------+-------------------------------------------------------------------------------------------------------------------------------------------------------------------------------------------------------------------------------------------------------------------------------------------------+------------------------------------+--------+
| Metric                                           | Prometheus Query                                                                                                                                                                                                                                                                                | Name                               | Value  |
|--------------------------------------------------|-------------------------------------------------------------------------------------------------------------------------------------------------------------------------------------------------------------------------------------------------------------------------------------------------|------------------------------------|--------|
| Process resident memory (MiB, max)               | process_resident_memory_bytes{job=~"fabric-.*"}                                                                                                                                                                                                                                                 | orderer.example.com:9443           | 96.6   |
|--------------------------------------------------|-------------------------------------------------------------------------------------------------------------------------------------------------------------------------------------------------------------------------------------------------------------------------------------------------|------------------------------------|--------|
|                                                  |                                                                                                                                                                                                                                                                                                 | peer0.audit.example.com:9448       | 135    |
|--------------------------------------------------|-------------------------------------------------------------------------------------------------------------------------------------------------------------------------------------------------------------------------------------------------------------------------------------------------|------------------------------------|--------|
|                                                  |                                                                                                                                                                                                                                                                                                 | peer0.court.example.com:9447       | 137    |
|--------------------------------------------------|-------------------------------------------------------------------------------------------------------------------------------------------------------------------------------------------------------------------------------------------------------------------------------------------------|------------------------------------|--------|
|                                                  |                                                                                                                                                                                                                                                                                                 | peer0.forensics.example.com:9445   | 134    |
|--------------------------------------------------|-------------------------------------------------------------------------------------------------------------------------------------------------------------------------------------------------------------------------------------------------------------------------------------------------|------------------------------------|--------|
|                                                  |                                                                                                                                                                                                                                                                                                 | peer0.police.example.com:9444      | 141    |
|--------------------------------------------------|-------------------------------------------------------------------------------------------------------------------------------------------------------------------------------------------------------------------------------------------------------------------------------------------------|------------------------------------|--------|
|                                                  |                                                                                                                                                                                                                                                                                                 | peer0.prosecution.example.com:9446 | 133    |
|--------------------------------------------------|-------------------------------------------------------------------------------------------------------------------------------------------------------------------------------------------------------------------------------------------------------------------------------------------------|------------------------------------|--------|
| Process CPU rate (percent, max)                  | rate(process_cpu_seconds_total{job=~"fabric-.*"}[1m])                                                                                                                                                                                                                                           | orderer.example.com:9443           | 0.582  |
|--------------------------------------------------|-------------------------------------------------------------------------------------------------------------------------------------------------------------------------------------------------------------------------------------------------------------------------------------------------|------------------------------------|--------|
|                                                  |                                                                                                                                                                                                                                                                                                 | peer0.audit.example.com:9448       | 4.36   |
|--------------------------------------------------|-------------------------------------------------------------------------------------------------------------------------------------------------------------------------------------------------------------------------------------------------------------------------------------------------|------------------------------------|--------|
|                                                  |                                                                                                                                                                                                                                                                                                 | peer0.court.example.com:9447       | 4.38   |
|--------------------------------------------------|-------------------------------------------------------------------------------------------------------------------------------------------------------------------------------------------------------------------------------------------------------------------------------------------------|------------------------------------|--------|
|                                                  |                                                                                                                                                                                                                                                                                                 | peer0.forensics.example.com:9445   | 4.47   |
|--------------------------------------------------|-------------------------------------------------------------------------------------------------------------------------------------------------------------------------------------------------------------------------------------------------------------------------------------------------|------------------------------------|--------|
|                                                  |                                                                                                                                                                                                                                                                                                 | peer0.police.example.com:9444      | 5.44   |
|--------------------------------------------------|-------------------------------------------------------------------------------------------------------------------------------------------------------------------------------------------------------------------------------------------------------------------------------------------------|------------------------------------|--------|
|                                                  |                                                                                                                                                                                                                                                                                                 | peer0.prosecution.example.com:9446 | 4.22   |
|--------------------------------------------------|-------------------------------------------------------------------------------------------------------------------------------------------------------------------------------------------------------------------------------------------------------------------------------------------------|------------------------------------|--------|
| Crimerecords endorsement duration (seconds, avg) | sum by (instance) (rate(endorser_proposal_duration_sum{job=~"fabric-.*",channel="crimechannel",chaincode="crimerecords",success="true"}[1m])) / sum by (instance) (rate(endorser_proposal_duration_count{job=~"fabric-.*",channel="crimechannel",chaincode="crimerecords",success="true"}[1m])) | peer0.audit.example.com:9448       | 0.0110 |
|--------------------------------------------------|-------------------------------------------------------------------------------------------------------------------------------------------------------------------------------------------------------------------------------------------------------------------------------------------------|------------------------------------|--------|
|                                                  |                                                                                                                                                                                                                                                                                                 | peer0.court.example.com:9447       | 0.0102 |
|--------------------------------------------------|-------------------------------------------------------------------------------------------------------------------------------------------------------------------------------------------------------------------------------------------------------------------------------------------------|------------------------------------|--------|
|                                                  |                                                                                                                                                                                                                                                                                                 | peer0.forensics.example.com:9445   | 0.0111 |
|--------------------------------------------------|-------------------------------------------------------------------------------------------------------------------------------------------------------------------------------------------------------------------------------------------------------------------------------------------------|------------------------------------|--------|
|                                                  |                                                                                                                                                                                                                                                                                                 | peer0.police.example.com:9444      | 0.0204 |
|--------------------------------------------------|-------------------------------------------------------------------------------------------------------------------------------------------------------------------------------------------------------------------------------------------------------------------------------------------------|------------------------------------|--------|
|                                                  |                                                                                                                                                                                                                                                                                                 | peer0.prosecution.example.com:9446 | 0.0109 |
|--------------------------------------------------|-------------------------------------------------------------------------------------------------------------------------------------------------------------------------------------------------------------------------------------------------------------------------------------------------|------------------------------------|--------|
| Ledger height (blocks, max)                      | ledger_blockchain_height{job=~"fabric-.*",channel="crimechannel"}                                                                                                                                                                                                                               | orderer.example.com:9443           | 422    |
|--------------------------------------------------|-------------------------------------------------------------------------------------------------------------------------------------------------------------------------------------------------------------------------------------------------------------------------------------------------|------------------------------------|--------|
|                                                  |                                                                                                                                                                                                                                                                                                 | peer0.audit.example.com:9448       | 422    |
|--------------------------------------------------|-------------------------------------------------------------------------------------------------------------------------------------------------------------------------------------------------------------------------------------------------------------------------------------------------|------------------------------------|--------|
|                                                  |                                                                                                                                                                                                                                                                                                 | peer0.court.example.com:9447       | 422    |
|--------------------------------------------------|-------------------------------------------------------------------------------------------------------------------------------------------------------------------------------------------------------------------------------------------------------------------------------------------------|------------------------------------|--------|
|                                                  |                                                                                                                                                                                                                                                                                                 | peer0.forensics.example.com:9445   | 422    |
|--------------------------------------------------|-------------------------------------------------------------------------------------------------------------------------------------------------------------------------------------------------------------------------------------------------------------------------------------------------|------------------------------------|--------|
|                                                  |                                                                                                                                                                                                                                                                                                 | peer0.police.example.com:9444      | 422    |
|--------------------------------------------------|-------------------------------------------------------------------------------------------------------------------------------------------------------------------------------------------------------------------------------------------------------------------------------------------------|------------------------------------|--------|
|                                                  |                                                                                                                                                                                                                                                                                                 | peer0.prosecution.example.com:9446 | 422    |
+--------------------------------------------------+-------------------------------------------------------------------------------------------------------------------------------------------------------------------------------------------------------------------------------------------------------------------------------------------------+------------------------------------+--------+

2026.08.24-15:34:47.786[32m info [39m [caliper] [round-orchestrator] 	Finished round 3 (write-tps-2) in 46.205 seconds
2026.08.24-15:34:47.786[32m info [39m [caliper] [monitor.js] 	Stopping all monitors
2026.08.24-15:34:47.786[32m info [39m [caliper] [round-orchestrator] 	Waiting 5 seconds for the next round...
2026.08.24-15:34:52.787[32m info [39m [caliper] [round-orchestrator] 	Started round 4 (write-tps-5)
2026.08.24-15:34:52.788[32m info [39m [caliper] [worker-message-handler] 	Preparing Worker#1 for Round#3
2026.08.24-15:34:52.788[32m info [39m [caliper] [worker-message-handler] 	Preparing Worker#2 for Round#3
2026.08.24-15:34:52.788[32m info [39m [caliper] [worker-message-handler] 	Preparing Worker#3 for Round#3
2026.08.24-15:34:52.788[32m info [39m [caliper] [worker-message-handler] 	Preparing Worker#0 for Round#3
2026.08.24-15:34:52.790[32m info [39m [caliper] [connectors/peer-gateway/PeerGateway] 	Generating contract map for user io.krishnan
2026.08.24-15:34:52.790[32m info [39m [caliper] [connectors/peer-gateway/PeerGateway] 	Generating contract map for user io.krishnan
2026.08.24-15:34:52.790[32m info [39m [caliper] [connectors/peer-gateway/PeerGateway] 	Generating contract map for user io.krishnan
2026.08.24-15:34:52.790[32m info [39m [caliper] [connectors/peer-gateway/PeerGateway] 	Generating contract map for user insp.rathore
2026.08.24-15:34:52.790[32m info [39m [caliper] [connectors/peer-gateway/PeerGateway] 	Generating contract map for user insp.rathore
2026.08.24-15:34:52.790[32m info [39m [caliper] [connectors/peer-gateway/PeerGateway] 	Generating contract map for user insp.singh
2026.08.24-15:34:52.790[32m info [39m [caliper] [connectors/peer-gateway/PeerGateway] 	Generating contract map for user insp.rathore
2026.08.24-15:34:52.790[32m info [39m [caliper] [connectors/peer-gateway/PeerGateway] 	Generating contract map for user insp.singh
2026.08.24-15:34:52.790[32m info [39m [caliper] [connectors/peer-gateway/PeerGateway] 	Generating contract map for user const.verma
2026.08.24-15:34:52.790[32m info [39m [caliper] [connectors/peer-gateway/PeerGateway] 	Generating contract map for user insp.singh
2026.08.24-15:34:52.790[32m info [39m [caliper] [connectors/peer-gateway/PeerGateway] 	Generating contract map for user const.verma
2026.08.24-15:34:52.790[32m info [39m [caliper] [connectors/peer-gateway/PeerGateway] 	Generating contract map for user io.krishnan
2026.08.24-15:34:52.790[32m info [39m [caliper] [connectors/peer-gateway/PeerGateway] 	Generating contract map for user insp.sharma
2026.08.24-15:34:52.790[32m info [39m [caliper] [connectors/peer-gateway/PeerGateway] 	Generating contract map for user const.verma
2026.08.24-15:34:52.790[32m info [39m [caliper] [connectors/peer-gateway/PeerGateway] 	Generating contract map for user insp.sharma
2026.08.24-15:34:52.790[32m info [39m [caliper] [connectors/peer-gateway/PeerGateway] 	Generating contract map for user insp.rathore
2026.08.24-15:34:52.790[32m info [39m [caliper] [connectors/peer-gateway/PeerGateway] 	Generating contract map for user insp.sharma
2026.08.24-15:34:52.790[32m info [39m [caliper] [connectors/peer-gateway/PeerGateway] 	Generating contract map for user insp.singh
2026.08.24-15:34:52.790[32m info [39m [caliper] [connectors/peer-gateway/PeerGateway] 	Generating contract map for user const.verma
2026.08.24-15:34:52.791[32m info [39m [caliper] [connectors/peer-gateway/PeerGateway] 	Generating contract map for user insp.sharma
2026.08.24-15:34:52.792[32m info [39m [caliper] [connectors/peer-gateway/PeerGateway] 	Generating contract map for user _AuditMSP_aud.qureshi
2026.08.24-15:34:52.792[32m info [39m [caliper] [connectors/peer-gateway/PeerGateway] 	Generating contract map for user _AuditMSP_aud.qureshi
2026.08.24-15:34:52.792[32m info [39m [caliper] [caliper-worker] 	Info: worker 1 prepare test phase for round 3 is starting...
2026.08.24-15:34:52.792[32m info [39m [caliper] [caliper-worker] 	Info: worker 2 prepare test phase for round 3 is starting...
2026.08.24-15:34:52.792[32m info [39m [caliper] [connectors/peer-gateway/PeerGateway] 	Generating contract map for user _AuditMSP_aud.qureshi
2026.08.24-15:34:52.792[32m info [39m [caliper] [connectors/peer-gateway/PeerGateway] 	Generating contract map for user _AuditMSP_aud.qureshi
2026.08.24-15:34:52.792[32m info [39m [caliper] [caliper-worker] 	Info: worker 0 prepare test phase for round 3 is starting...
2026.08.24-15:34:52.792[32m info [39m [caliper] [caliper-worker] 	Info: worker 3 prepare test phase for round 3 is starting...
2026.08.24-15:34:52.793[32m info [39m [caliper] [connectors/peer-gateway/PeerGateway] 	disconnecting gateway for user io.krishnan
2026.08.24-15:34:52.793[32m info [39m [caliper] [connectors/peer-gateway/PeerGateway] 	disconnecting gateway for user insp.rathore
2026.08.24-15:34:52.793[32m info [39m [caliper] [connectors/peer-gateway/PeerGateway] 	disconnecting gateway for user insp.singh
2026.08.24-15:34:52.793[32m info [39m [caliper] [connectors/peer-gateway/PeerGateway] 	disconnecting gateway for user io.krishnan
2026.08.24-15:34:52.793[32m info [39m [caliper] [connectors/peer-gateway/PeerGateway] 	disconnecting gateway for user const.verma
2026.08.24-15:34:52.793[32m info [39m [caliper] [connectors/peer-gateway/PeerGateway] 	disconnecting gateway for user insp.sharma
2026.08.24-15:34:52.793[32m info [39m [caliper] [connectors/peer-gateway/PeerGateway] 	disconnecting gateway for user insp.rathore
2026.08.24-15:34:52.793[32m info [39m [caliper] [connectors/peer-gateway/PeerGateway] 	disconnecting gateway for user _AuditMSP_aud.qureshi
2026.08.24-15:34:52.793[32m info [39m [caliper] [connectors/peer-gateway/PeerGateway] 	disconnecting gateway for user insp.singh
2026.08.24-15:34:52.793[32m info [39m [caliper] [connectors/peer-gateway/PeerGateway] 	disconnecting gRpc client at peer PoliceMSP_localhost:7051
2026.08.24-15:34:52.793[32m info [39m [caliper] [connectors/peer-gateway/PeerGateway] 	disconnecting gateway for user const.verma
2026.08.24-15:34:52.793[32m info [39m [caliper] [connectors/peer-gateway/PeerGateway] 	disconnecting gateway for user insp.sharma
2026.08.24-15:34:52.793[32m info [39m [caliper] [connectors/peer-gateway/PeerGateway] 	disconnecting gateway for user _AuditMSP_aud.qureshi
2026.08.24-15:34:52.793[32m info [39m [caliper] [connectors/peer-gateway/PeerGateway] 	disconnecting gRpc client at peer PoliceMSP_localhost:7051
2026.08.24-15:34:52.793[32m info [39m [caliper] [connectors/peer-gateway/PeerGateway] 	disconnecting gRpc client at peer AuditMSP_localhost:11051
2026.08.24-15:34:52.793[32m info [39m [caliper] [connectors/peer-gateway/PeerGateway] 	disconnecting gateway for user io.krishnan
2026.08.24-15:34:52.793[32m info [39m [caliper] [connectors/peer-gateway/PeerGateway] 	disconnecting gRpc client at peer AuditMSP_localhost:11051
2026.08.24-15:34:52.793[32m info [39m [caliper] [caliper-worker] 	Info: worker 1 prepare test phase for round 3 is completed
2026.08.24-15:34:52.793[32m info [39m [caliper] [connectors/peer-gateway/PeerGateway] 	disconnecting gateway for user io.krishnan
2026.08.24-15:34:52.793[32m info [39m [caliper] [caliper-worker] 	Info: worker 2 prepare test phase for round 3 is completed
2026.08.24-15:34:52.793[32m info [39m [caliper] [worker-message-handler] 	Worker#1 prepared for Round#3
2026.08.24-15:34:52.793[32m info [39m [caliper] [connectors/peer-gateway/PeerGateway] 	disconnecting gateway for user insp.rathore
2026.08.24-15:34:52.793[32m info [39m [caliper] [worker-message-handler] 	Worker#2 prepared for Round#3
2026.08.24-15:34:52.793[32m info [39m [caliper] [connectors/peer-gateway/PeerGateway] 	disconnecting gateway for user insp.singh
2026.08.24-15:34:52.793[32m info [39m [caliper] [connectors/peer-gateway/PeerGateway] 	disconnecting gateway for user insp.rathore
2026.08.24-15:34:52.793[32m info [39m [caliper] [connectors/peer-gateway/PeerGateway] 	disconnecting gateway for user const.verma
2026.08.24-15:34:52.793[32m info [39m [caliper] [connectors/peer-gateway/PeerGateway] 	disconnecting gateway for user insp.singh
2026.08.24-15:34:52.793[32m info [39m [caliper] [connectors/peer-gateway/PeerGateway] 	disconnecting gateway for user insp.sharma
2026.08.24-15:34:52.793[32m info [39m [caliper] [connectors/peer-gateway/PeerGateway] 	disconnecting gateway for user _AuditMSP_aud.qureshi
2026.08.24-15:34:52.793[32m info [39m [caliper] [connectors/peer-gateway/PeerGateway] 	disconnecting gateway for user const.verma
2026.08.24-15:34:52.793[32m info [39m [caliper] [connectors/peer-gateway/PeerGateway] 	disconnecting gRpc client at peer PoliceMSP_localhost:7051
2026.08.24-15:34:52.793[32m info [39m [caliper] [connectors/peer-gateway/PeerGateway] 	disconnecting gateway for user insp.sharma
2026.08.24-15:34:52.793[32m info [39m [caliper] [connectors/peer-gateway/PeerGateway] 	disconnecting gateway for user _AuditMSP_aud.qureshi
2026.08.24-15:34:52.793[32m info [39m [caliper] [connectors/peer-gateway/PeerGateway] 	disconnecting gRpc client at peer PoliceMSP_localhost:7051
2026.08.24-15:34:52.793[32m info [39m [caliper] [connectors/peer-gateway/PeerGateway] 	disconnecting gRpc client at peer AuditMSP_localhost:11051
2026.08.24-15:34:52.793[32m info [39m [caliper] [connectors/peer-gateway/PeerGateway] 	disconnecting gRpc client at peer AuditMSP_localhost:11051
2026.08.24-15:34:52.793[32m info [39m [caliper] [caliper-worker] 	Info: worker 0 prepare test phase for round 3 is completed
2026.08.24-15:34:52.793[32m info [39m [caliper] [worker-message-handler] 	Worker#0 prepared for Round#3
2026.08.24-15:34:52.793[32m info [39m [caliper] [caliper-worker] 	Info: worker 3 prepare test phase for round 3 is completed
2026.08.24-15:34:52.793[32m info [39m [caliper] [worker-message-handler] 	Worker#3 prepared for Round#3
2026.08.24-15:34:52.794[32m info [39m [caliper] [worker-orchestrator] 	4 workers prepared, progressing to test phase.
2026.08.24-15:34:52.794[32m info [39m [caliper] [round-orchestrator] 	Monitors successfully started
2026.08.24-15:34:52.794[32m info [39m [caliper] [worker-message-handler] 	Worker#1 is starting Round#3
2026.08.24-15:34:52.794[32m info [39m [caliper] [worker-message-handler] 	Worker#3 is starting Round#3
2026.08.24-15:34:52.794[32m info [39m [caliper] [worker-message-handler] 	Worker#0 is starting Round#3
2026.08.24-15:34:52.794[32m info [39m [caliper] [worker-message-handler] 	Worker#2 is starting Round#3
2026.08.24-15:34:52.796[32m info [39m [caliper] [connectors/peer-gateway/PeerGateway] 	Generating contract map for user io.krishnan
2026.08.24-15:34:52.796[32m info [39m [caliper] [connectors/peer-gateway/PeerGateway] 	Generating contract map for user io.krishnan
2026.08.24-15:34:52.796[32m info [39m [caliper] [connectors/peer-gateway/PeerGateway] 	Generating contract map for user io.krishnan
2026.08.24-15:34:52.796[32m info [39m [caliper] [connectors/peer-gateway/PeerGateway] 	Generating contract map for user io.krishnan
2026.08.24-15:34:52.796[32m info [39m [caliper] [connectors/peer-gateway/PeerGateway] 	Generating contract map for user insp.rathore
2026.08.24-15:34:52.796[32m info [39m [caliper] [connectors/peer-gateway/PeerGateway] 	Generating contract map for user insp.rathore
2026.08.24-15:34:52.796[32m info [39m [caliper] [connectors/peer-gateway/PeerGateway] 	Generating contract map for user insp.rathore
2026.08.24-15:34:52.796[32m info [39m [caliper] [connectors/peer-gateway/PeerGateway] 	Generating contract map for user insp.rathore
2026.08.24-15:34:52.796[32m info [39m [caliper] [connectors/peer-gateway/PeerGateway] 	Generating contract map for user insp.singh
2026.08.24-15:34:52.796[32m info [39m [caliper] [connectors/peer-gateway/PeerGateway] 	Generating contract map for user insp.singh
2026.08.24-15:34:52.796[32m info [39m [caliper] [connectors/peer-gateway/PeerGateway] 	Generating contract map for user insp.singh
2026.08.24-15:34:52.796[32m info [39m [caliper] [connectors/peer-gateway/PeerGateway] 	Generating contract map for user const.verma
2026.08.24-15:34:52.796[32m info [39m [caliper] [connectors/peer-gateway/PeerGateway] 	Generating contract map for user insp.singh
2026.08.24-15:34:52.796[32m info [39m [caliper] [connectors/peer-gateway/PeerGateway] 	Generating contract map for user const.verma
2026.08.24-15:34:52.796[32m info [39m [caliper] [connectors/peer-gateway/PeerGateway] 	Generating contract map for user const.verma
2026.08.24-15:34:52.796[32m info [39m [caliper] [connectors/peer-gateway/PeerGateway] 	Generating contract map for user insp.sharma
2026.08.24-15:34:52.796[32m info [39m [caliper] [connectors/peer-gateway/PeerGateway] 	Generating contract map for user insp.sharma
2026.08.24-15:34:52.796[32m info [39m [caliper] [connectors/peer-gateway/PeerGateway] 	Generating contract map for user const.verma
2026.08.24-15:34:52.796[32m info [39m [caliper] [connectors/peer-gateway/PeerGateway] 	Generating contract map for user insp.sharma
2026.08.24-15:34:52.796[32m info [39m [caliper] [connectors/peer-gateway/PeerGateway] 	Generating contract map for user insp.sharma
2026.08.24-15:34:52.797[32m info [39m [caliper] [connectors/peer-gateway/PeerGateway] 	Generating contract map for user _AuditMSP_aud.qureshi
2026.08.24-15:34:52.797[32m info [39m [caliper] [connectors/peer-gateway/PeerGateway] 	Generating contract map for user _AuditMSP_aud.qureshi
2026.08.24-15:34:52.797[32m info [39m [caliper] [connectors/peer-gateway/PeerGateway] 	Generating contract map for user _AuditMSP_aud.qureshi
2026.08.24-15:34:52.797[32m info [39m [caliper] [connectors/peer-gateway/PeerGateway] 	Generating contract map for user _AuditMSP_aud.qureshi
2026.08.24-15:34:52.797[32m info [39m [caliper] [caliper-worker] 	Worker #2 starting workload loop
2026.08.24-15:34:52.797[32m info [39m [caliper] [caliper-worker] 	Worker #0 starting workload loop
2026.08.24-15:34:52.797[32m info [39m [caliper] [caliper-worker] 	Worker #1 starting workload loop
2026.08.24-15:34:52.797[32m info [39m [caliper] [caliper-worker] 	Worker #3 starting workload loop
CALIPER_TX_LATENCY {"workerIndex":1,"roundIndex":3,"roundLabel":"write-tps-5","transactionId":"e90bbdcb9c60bac353f2226ae5805db91828378eab435a6df778b670886cae48","status":"success","startEpochMs":1787565892798,"endEpochMs":1787565894489,"latencyMs":1691}
CALIPER_TX_LATENCY {"workerIndex":0,"roundIndex":3,"roundLabel":"write-tps-5","transactionId":"3a63d9f941e158b95b9074dc437384b7f27fbcb6a86c55ac498ca6c62b3cc44b","status":"success","startEpochMs":1787565893599,"endEpochMs":1787565894489,"latencyMs":890}
CALIPER_TX_LATENCY {"workerIndex":1,"roundIndex":3,"roundLabel":"write-tps-5","transactionId":"9c3b18154f00d4baeed8b94705cabd1575dbacf6081f74086ce83ab567904406","status":"success","startEpochMs":1787565893598,"endEpochMs":1787565894490,"latencyMs":892}
CALIPER_TX_LATENCY {"workerIndex":3,"roundIndex":3,"roundLabel":"write-tps-5","transactionId":"6450373912bb607491f0ac00bf77c65d18427608b68160810e8b63a42e4d5fec","status":"success","startEpochMs":1787565894399,"endEpochMs":1787565894490,"latencyMs":91}
CALIPER_TX_LATENCY {"workerIndex":2,"roundIndex":3,"roundLabel":"write-tps-5","transactionId":"07288437599f4bbf53f51a28d2c127e4c56d34487067882929c0c742344c2fa2","status":"success","startEpochMs":1787565894399,"endEpochMs":1787565894489,"latencyMs":90}
CALIPER_TX_LATENCY {"workerIndex":0,"roundIndex":3,"roundLabel":"write-tps-5","transactionId":"b33b94b17ebd1993bcb295dcaf41f82ccec6b3a93475282eba10eb4d78412315","status":"success","startEpochMs":1787565892799,"endEpochMs":1787565894490,"latencyMs":1691}
CALIPER_TX_LATENCY {"workerIndex":3,"roundIndex":3,"roundLabel":"write-tps-5","transactionId":"1c246d4db6697eb2c4b8bf80d7b0cd929c3d2ed8051d0b35a972cb2531cabb77","status":"success","startEpochMs":1787565893599,"endEpochMs":1787565894490,"latencyMs":891}
CALIPER_TX_LATENCY {"workerIndex":2,"roundIndex":3,"roundLabel":"write-tps-5","transactionId":"538228721b14af2295f5e877811b688843c414269b6cfac28fdd640099f351f2","status":"success","startEpochMs":1787565893598,"endEpochMs":1787565894490,"latencyMs":892}
CALIPER_TX_LATENCY {"workerIndex":2,"roundIndex":3,"roundLabel":"write-tps-5","transactionId":"48ede737551bde6f8d52ef5908f42789a67aa2d0691b10ef5c7defa5c713695e","status":"success","startEpochMs":1787565892799,"endEpochMs":1787565894491,"latencyMs":1692}
CALIPER_TX_LATENCY {"workerIndex":3,"roundIndex":3,"roundLabel":"write-tps-5","transactionId":"1b80baa6b882beae5cadb6a01536948e45b96aff7c3b253a19da8ba77db79570","status":"success","startEpochMs":1787565892799,"endEpochMs":1787565894491,"latencyMs":1692}
CALIPER_TX_LATENCY {"workerIndex":1,"roundIndex":3,"roundLabel":"write-tps-5","transactionId":"1fddb4d882294edc63e9f90f801f558f3fa83acae437dbdf931ad5edaff7ddff","status":"success","startEpochMs":1787565894399,"endEpochMs":1787565896103,"latencyMs":1704}
CALIPER_TX_LATENCY {"workerIndex":2,"roundIndex":3,"roundLabel":"write-tps-5","transactionId":"11db24de1a6cfe8271174f67f426d0f1036c021092470840d04f9d487d623d0b","status":"success","startEpochMs":1787565895199,"endEpochMs":1787565896103,"latencyMs":904}
CALIPER_TX_LATENCY {"workerIndex":0,"roundIndex":3,"roundLabel":"write-tps-5","transactionId":"7f311eee3919947c7c95ad8f2200385050929e663be85d7422c4f210c3b89faa","status":"success","startEpochMs":1787565894399,"endEpochMs":1787565896104,"latencyMs":1705}
CALIPER_TX_LATENCY {"workerIndex":2,"roundIndex":3,"roundLabel":"write-tps-5","transactionId":"2019e0f52e6e3d57055e9f1fe6644eb3ae8e16650ccfc2c8f416f36dd81416ef","status":"success","startEpochMs":1787565895999,"endEpochMs":1787565896104,"latencyMs":105}
CALIPER_TX_LATENCY {"workerIndex":1,"roundIndex":3,"roundLabel":"write-tps-5","transactionId":"f875d7dbf1a49c22ef96d887959d98f571f7c814d439ee0a239051c8cb1284b1","status":"success","startEpochMs":1787565895998,"endEpochMs":1787565896104,"latencyMs":106}
CALIPER_TX_LATENCY {"workerIndex":3,"roundIndex":3,"roundLabel":"write-tps-5","transactionId":"8f15a70baf60d25ac0a91b4c108c65cfe238b1ddb556add624c64c8f0bd32c92","status":"success","startEpochMs":1787565895200,"endEpochMs":1787565896104,"latencyMs":904}
CALIPER_TX_LATENCY {"workerIndex":0,"roundIndex":3,"roundLabel":"write-tps-5","transactionId":"944da09ab125d75f55fa2a2626cd1455216330ebe7350731316fc0c7e9e4308f","status":"success","startEpochMs":1787565895999,"endEpochMs":1787565896104,"latencyMs":105}
CALIPER_TX_LATENCY {"workerIndex":1,"roundIndex":3,"roundLabel":"write-tps-5","transactionId":"31c387a6641a192561a33a8f7085e58488390cfbff2ff2b79459d06ac74ec7cb","status":"success","startEpochMs":1787565895200,"endEpochMs":1787565896105,"latencyMs":905}
CALIPER_TX_LATENCY {"workerIndex":3,"roundIndex":3,"roundLabel":"write-tps-5","transactionId":"e835a62b171681bd060fc98167868ea8cb0f3c5972dce8ac507fc054c6b62ba8","status":"success","startEpochMs":1787565895999,"endEpochMs":1787565896105,"latencyMs":106}
CALIPER_TX_LATENCY {"workerIndex":0,"roundIndex":3,"roundLabel":"write-tps-5","transactionId":"8f0d1d45e8718b2cfbc9b9aa8e337d814fdb91b7a5bdd52f4f22fb22fbf2fc56","status":"success","startEpochMs":1787565895198,"endEpochMs":1787565896105,"latencyMs":907}
2026.08.24-15:34:57.796[32m info [39m [caliper] [default-observer] 	[write-tps-5 Round 3 Transaction Info] - Submitted: 24 Succ: 20 Fail:0 Unfinished:4
CALIPER_TX_LATENCY {"workerIndex":2,"roundIndex":3,"roundLabel":"write-tps-5","transactionId":"9d3ae19347c37f58fd4281d9c3e454d7fb265b5e18b980217b50b4c94b9eb845","status":"success","startEpochMs":1787565896798,"endEpochMs":1787565898510,"latencyMs":1712}
CALIPER_TX_LATENCY {"workerIndex":1,"roundIndex":3,"roundLabel":"write-tps-5","transactionId":"d5f105c2a0a76f355f9f6386d2a41f632f91e3992b594ef9ef955b1c2988917d","status":"success","startEpochMs":1787565896799,"endEpochMs":1787565898510,"latencyMs":1711}
CALIPER_TX_LATENCY {"workerIndex":2,"roundIndex":3,"roundLabel":"write-tps-5","transactionId":"b031e462f31ebdbfc28eee435856d6026bd8e94328f5755479d62d967acb6912","status":"success","startEpochMs":1787565898399,"endEpochMs":1787565898511,"latencyMs":112}
CALIPER_TX_LATENCY {"workerIndex":3,"roundIndex":3,"roundLabel":"write-tps-5","transactionId":"358e7b8109d4677baa89583a54d9b5c3e683e7c866d97e3029c63b3ff1dd7e94","status":"success","startEpochMs":1787565897603,"endEpochMs":1787565898512,"latencyMs":909}
CALIPER_TX_LATENCY {"workerIndex":0,"roundIndex":3,"roundLabel":"write-tps-5","transactionId":"27290aa4a3e547df2c379ab85b21fccc00f162b1ff7a4c340637de2e72e9b8f3","status":"success","startEpochMs":1787565897599,"endEpochMs":1787565898512,"latencyMs":913}
CALIPER_TX_LATENCY {"workerIndex":1,"roundIndex":3,"roundLabel":"write-tps-5","transactionId":"05f47a273d142e273d6e0380f6bc561e4aa350666b8050a825e695795378b000","status":"success","startEpochMs":1787565897599,"endEpochMs":1787565898512,"latencyMs":913}
CALIPER_TX_LATENCY {"workerIndex":2,"roundIndex":3,"roundLabel":"write-tps-5","transactionId":"d45fdfbc1bfb08f61f3852a8b0a1e0c194484569e1bc5e3f3aa0d2210d9f226c","status":"success","startEpochMs":1787565897599,"endEpochMs":1787565898512,"latencyMs":913}
CALIPER_TX_LATENCY {"workerIndex":3,"roundIndex":3,"roundLabel":"write-tps-5","transactionId":"14deffc81f068049904edf4364305c36ed6f630c9d4e5545710c830aa1470c36","status":"success","startEpochMs":1787565896799,"endEpochMs":1787565898512,"latencyMs":1713}
CALIPER_TX_LATENCY {"workerIndex":0,"roundIndex":3,"roundLabel":"write-tps-5","transactionId":"bcfe306e4c9f8441b608fe659d99fe2259cb07654c3d80946ab408a4fd449160","status":"success","startEpochMs":1787565898399,"endEpochMs":1787565898513,"latencyMs":114}
CALIPER_TX_LATENCY {"workerIndex":0,"roundIndex":3,"roundLabel":"write-tps-5","transactionId":"ba1a4ed0ebb72a911367f7509ba183baa85411cf686d8fed4264fcbd60672c85","status":"success","startEpochMs":1787565896799,"endEpochMs":1787565898513,"latencyMs":1714}
CALIPER_TX_LATENCY {"workerIndex":3,"roundIndex":3,"roundLabel":"write-tps-5","transactionId":"316b4235d2ca2fbf484d7a09beac2e1395c40ab555c53c6a9648fcae8a35c247","status":"success","startEpochMs":1787565898399,"endEpochMs":1787565900093,"latencyMs":1694}
CALIPER_TX_LATENCY {"workerIndex":1,"roundIndex":3,"roundLabel":"write-tps-5","transactionId":"b07b5f0e79e89434d53fd818fbd0f789daf7de8c89cb16b07b894bb0ea8e3aeb","status":"success","startEpochMs":1787565899199,"endEpochMs":1787565900093,"latencyMs":894}
CALIPER_TX_LATENCY {"workerIndex":2,"roundIndex":3,"roundLabel":"write-tps-5","transactionId":"9c80f76cde7ed72ed737b46c54ca3f0660a13320b1a176987640dd851ac1fb98","status":"success","startEpochMs":1787565899199,"endEpochMs":1787565900093,"latencyMs":894}
CALIPER_TX_LATENCY {"workerIndex":0,"roundIndex":3,"roundLabel":"write-tps-5","transactionId":"8fdaf779ef73742b2e87ec6033daededc3ce4d4126916779a39369c988e3b74b","status":"success","startEpochMs":1787565899199,"endEpochMs":1787565900093,"latencyMs":894}
CALIPER_TX_LATENCY {"workerIndex":3,"roundIndex":3,"roundLabel":"write-tps-5","transactionId":"19689eb1cbc46901aa808fe72ea0b84208308542c567243039eb51fb511f0acb","status":"success","startEpochMs":1787565899199,"endEpochMs":1787565900093,"latencyMs":894}
CALIPER_TX_LATENCY {"workerIndex":1,"roundIndex":3,"roundLabel":"write-tps-5","transactionId":"fa7b1ad63816983a8f620c1b9d5bf750fe9716d19234cbfb715857de701599a6","status":"success","startEpochMs":1787565898400,"endEpochMs":1787565900093,"latencyMs":1693}
CALIPER_TX_LATENCY {"workerIndex":3,"roundIndex":3,"roundLabel":"write-tps-5","transactionId":"dcaf8ff46d2fa05ab0bcb6374e1f407eeac824184c0c79c979638dda1a863469","status":"success","startEpochMs":1787565899999,"endEpochMs":1787565900093,"latencyMs":94}
CALIPER_TX_LATENCY {"workerIndex":2,"roundIndex":3,"roundLabel":"write-tps-5","transactionId":"a7a951d9934d19dca8e714a680715bc1fa6654c124cf3b6e6a1794107ab8e7bf","status":"success","startEpochMs":1787565899999,"endEpochMs":1787565900093,"latencyMs":94}
CALIPER_TX_LATENCY {"workerIndex":1,"roundIndex":3,"roundLabel":"write-tps-5","transactionId":"cd458d82430822bbf137d2546d269d19b8485d3e768477061a8a9fd9f2d8fd59","status":"success","startEpochMs":1787565899999,"endEpochMs":1787565900093,"latencyMs":94}
CALIPER_TX_LATENCY {"workerIndex":0,"roundIndex":3,"roundLabel":"write-tps-5","transactionId":"9937007b58009124abebc1b743ea123ab36140277207f202e0273612000e2fd8","status":"success","startEpochMs":1787565899999,"endEpochMs":1787565900093,"latencyMs":94}
CALIPER_TX_LATENCY {"workerIndex":3,"roundIndex":3,"roundLabel":"write-tps-5","transactionId":"04a96f5cbca4779b68e8204aafb7e2aecdff52e9983b1cfc8759768613e20a8b","status":"success","startEpochMs":1787565901599,"endEpochMs":1787565902498,"latencyMs":899}
CALIPER_TX_LATENCY {"workerIndex":2,"roundIndex":3,"roundLabel":"write-tps-5","transactionId":"92720212dea2bd3476efb40bf3f4264d068cdcf8f122fefc92fc251c4ea91736","status":"success","startEpochMs":1787565900799,"endEpochMs":1787565902498,"latencyMs":1699}
CALIPER_TX_LATENCY {"workerIndex":0,"roundIndex":3,"roundLabel":"write-tps-5","transactionId":"3c6ebe93a456903bd1c4d81e6d8ec8a8736f13ecea73a48082b0dadd112e92a9","status":"success","startEpochMs":1787565902398,"endEpochMs":1787565902498,"latencyMs":100}
CALIPER_TX_LATENCY {"workerIndex":1,"roundIndex":3,"roundLabel":"write-tps-5","transactionId":"824dfb6fc04c6825ca61d0d0c7bc2dce3d517d1da5327ab78a3dc2a8f1c0fee4","status":"success","startEpochMs":1787565901599,"endEpochMs":1787565902498,"latencyMs":899}
CALIPER_TX_LATENCY {"workerIndex":3,"roundIndex":3,"roundLabel":"write-tps-5","transactionId":"d53618222dc5486d4d65b8a6bb588a525a2649742f01312042e28b6083641d26","status":"success","startEpochMs":1787565900799,"endEpochMs":1787565902498,"latencyMs":1699}
CALIPER_TX_LATENCY {"workerIndex":2,"roundIndex":3,"roundLabel":"write-tps-5","transactionId":"20b914e29c6fa3284a0bc81462e1b4bf880083976e1b82bcf41570e2515da078","status":"success","startEpochMs":1787565901599,"endEpochMs":1787565902498,"latencyMs":899}
CALIPER_TX_LATENCY {"workerIndex":1,"roundIndex":3,"roundLabel":"write-tps-5","transactionId":"1fe7862bb5f5094ad4e38e08a6bc0d914c7418ebe0ae1396ce07b51309c182f8","status":"success","startEpochMs":1787565900799,"endEpochMs":1787565902498,"latencyMs":1699}
CALIPER_TX_LATENCY {"workerIndex":0,"roundIndex":3,"roundLabel":"write-tps-5","transactionId":"62adbde8a67d14645845287dc771fbfa20a2a4e119d4a56cfc612ca4f8b16233","status":"success","startEpochMs":1787565900798,"endEpochMs":1787565902498,"latencyMs":1700}
CALIPER_TX_LATENCY {"workerIndex":0,"roundIndex":3,"roundLabel":"write-tps-5","transactionId":"5463419c8720f8255ea3cfdfdf319fdd420189df1e8dcb82b8290b5ac134197b","status":"success","startEpochMs":1787565901599,"endEpochMs":1787565902499,"latencyMs":900}
CALIPER_TX_LATENCY {"workerIndex":1,"roundIndex":3,"roundLabel":"write-tps-5","transactionId":"0fceac24972a49d61d3634b97ae7c45dcb2f47b897a761d3bd1f45cde62536aa","status":"success","startEpochMs":1787565902399,"endEpochMs":1787565902499,"latencyMs":100}
2026.08.24-15:35:02.795[32m info [39m [caliper] [default-observer] 	[write-tps-5 Round 3 Transaction Info] - Submitted: 48 Succ: 40 Fail:0 Unfinished:8
CALIPER_TX_LATENCY {"workerIndex":1,"roundIndex":3,"roundLabel":"write-tps-5","transactionId":"612d737f4a527ef11ef5a45f1501b31bf9dabf071f36a5629f56a262fb747283","status":"success","startEpochMs":1787565903999,"endEpochMs":1787565904098,"latencyMs":99}
CALIPER_TX_LATENCY {"workerIndex":0,"roundIndex":3,"roundLabel":"write-tps-5","transactionId":"250c90c9ac690d6e2f59fdf57df4b257a338215c304af6015263152f4443999c","status":"success","startEpochMs":1787565903199,"endEpochMs":1787565904098,"latencyMs":899}
CALIPER_TX_LATENCY {"workerIndex":2,"roundIndex":3,"roundLabel":"write-tps-5","transactionId":"aabdc0e0065caf0361cb663387aee7c942f70520e88e83a533d342977b8784d3","status":"success","startEpochMs":1787565903199,"endEpochMs":1787565904098,"latencyMs":899}
CALIPER_TX_LATENCY {"workerIndex":3,"roundIndex":3,"roundLabel":"write-tps-5","transactionId":"0133a437e6146eddbd98a92c74386aa7f4e859d3d213df50b00bed7323124fb8","status":"success","startEpochMs":1787565902398,"endEpochMs":1787565904098,"latencyMs":1700}
CALIPER_TX_LATENCY {"workerIndex":2,"roundIndex":3,"roundLabel":"write-tps-5","transactionId":"d842491acae9745a3f2c178d8bed3c73c89fc8f8592b6a511478b7acf984d097","status":"success","startEpochMs":1787565902398,"endEpochMs":1787565904099,"latencyMs":1701}
CALIPER_TX_LATENCY {"workerIndex":1,"roundIndex":3,"roundLabel":"write-tps-5","transactionId":"13fc3b9e3a72fa590264e9c442498a578287c6405e7dd159658166d5cd4d605b","status":"success","startEpochMs":1787565903199,"endEpochMs":1787565904099,"latencyMs":900}
CALIPER_TX_LATENCY {"workerIndex":3,"roundIndex":3,"roundLabel":"write-tps-5","transactionId":"4c68a2838039fe30ad51f5783962e6199e596406130d9fa972ee5f38ef6fd706","status":"success","startEpochMs":1787565903199,"endEpochMs":1787565904099,"latencyMs":900}
CALIPER_TX_LATENCY {"workerIndex":0,"roundIndex":3,"roundLabel":"write-tps-5","transactionId":"29ccf14ca6794f7c98f63546fcaaa4fa6d87931a9ba9fc67a2dd697bccbfa6d7","status":"success","startEpochMs":1787565903999,"endEpochMs":1787565904099,"latencyMs":100}
CALIPER_TX_LATENCY {"workerIndex":2,"roundIndex":3,"roundLabel":"write-tps-5","transactionId":"dbf660c9685eb95f87dd57f46b74534a59b77702cc91da8bc58d9dbc550e118c","status":"success","startEpochMs":1787565903998,"endEpochMs":1787565904099,"latencyMs":101}
CALIPER_TX_LATENCY {"workerIndex":3,"roundIndex":3,"roundLabel":"write-tps-5","transactionId":"4980fa4806090e2dbb1e9a09ee53d4e8f609256ebd610e1d01a157be01d2243f","status":"success","startEpochMs":1787565903998,"endEpochMs":1787565904099,"latencyMs":101}
CALIPER_TX_LATENCY {"workerIndex":1,"roundIndex":3,"roundLabel":"write-tps-5","transactionId":"17ca0c5b8699b26ce42b124ff4ab5f5c160180bf71a25036f11a13ddbc71b566","status":"success","startEpochMs":1787565904799,"endEpochMs":1787565906495,"latencyMs":1696}
CALIPER_TX_LATENCY {"workerIndex":2,"roundIndex":3,"roundLabel":"write-tps-5","transactionId":"8775c7e28ca115fdf5f0596219cfbfff7998e08a0f173066482a56fe8b456bf6","status":"success","startEpochMs":1787565904799,"endEpochMs":1787565906495,"latencyMs":1696}
CALIPER_TX_LATENCY {"workerIndex":3,"roundIndex":3,"roundLabel":"write-tps-5","transactionId":"57b1771207ab943418737d4b8fc17c5bc52a58c62448ee88da7c4cc8aa395abc","status":"success","startEpochMs":1787565906399,"endEpochMs":1787565906496,"latencyMs":97}
CALIPER_TX_LATENCY {"workerIndex":0,"roundIndex":3,"roundLabel":"write-tps-5","transactionId":"e20dd6194d1492d2896f6d8bb7c306110555212397f2c21ced49f9bc41171135","status":"success","startEpochMs":1787565904799,"endEpochMs":1787565906496,"latencyMs":1697}
CALIPER_TX_LATENCY {"workerIndex":1,"roundIndex":3,"roundLabel":"write-tps-5","transactionId":"7b3ffa5e319ae3b6ac38c6382c371b6955c9f1a8796af798f780d9016e7e47e0","status":"success","startEpochMs":1787565905599,"endEpochMs":1787565906496,"latencyMs":897}
CALIPER_TX_LATENCY {"workerIndex":2,"roundIndex":3,"roundLabel":"write-tps-5","transactionId":"f0094659dafec6c00b72057bd416a3cc6f19135ecfa815d82d6af6d279f74344","status":"success","startEpochMs":1787565905599,"endEpochMs":1787565906496,"latencyMs":897}
CALIPER_TX_LATENCY {"workerIndex":3,"roundIndex":3,"roundLabel":"write-tps-5","transactionId":"39397631959278c1a8615e079fac094f84265c54e140bbb0a87d24bb0c94d50d","status":"success","startEpochMs":1787565904799,"endEpochMs":1787565906496,"latencyMs":1697}
CALIPER_TX_LATENCY {"workerIndex":0,"roundIndex":3,"roundLabel":"write-tps-5","transactionId":"73585ebe536181f5e40b3a28185b8ae1392f8ec052b7bcd3c619fdda9a72a3a1","status":"success","startEpochMs":1787565905599,"endEpochMs":1787565906496,"latencyMs":897}
CALIPER_TX_LATENCY {"workerIndex":0,"roundIndex":3,"roundLabel":"write-tps-5","transactionId":"842746be30fba969ba36f017e993c9b044bf205e620e08773d9f066ea1b89f8b","status":"success","startEpochMs":1787565906399,"endEpochMs":1787565906497,"latencyMs":98}
CALIPER_TX_LATENCY {"workerIndex":3,"roundIndex":3,"roundLabel":"write-tps-5","transactionId":"071e91e16a63fec89602bd05424f55b67edffc5bc32087ec5998df87359af234","status":"success","startEpochMs":1787565905599,"endEpochMs":1787565906497,"latencyMs":898}
2026.08.24-15:35:07.796[32m info [39m [caliper] [default-observer] 	[write-tps-5 Round 3 Transaction Info] - Submitted: 72 Succ: 70 Fail:0 Unfinished:2
CALIPER_TX_LATENCY {"workerIndex":3,"roundIndex":3,"roundLabel":"write-tps-5","transactionId":"ce900acc2356d00867eb093a8f49839e242c548de99e0b7ff4dd14427b56f8e0","status":"success","startEpochMs":1787565907198,"endEpochMs":1787565908098,"latencyMs":900}
CALIPER_TX_LATENCY {"workerIndex":2,"roundIndex":3,"roundLabel":"write-tps-5","transactionId":"6b4c3b8466da112b191fdcb9da1e0ea809ad3cb193990fb95d71c128e8cdaa82","status":"success","startEpochMs":1787565907198,"endEpochMs":1787565908098,"latencyMs":900}
CALIPER_TX_LATENCY {"workerIndex":1,"roundIndex":3,"roundLabel":"write-tps-5","transactionId":"86a7c17e301b26ad99ceb51a5a7a53d4821de41881d57176894e4ce30089cd8f","status":"success","startEpochMs":1787565906399,"endEpochMs":1787565908098,"latencyMs":1699}
CALIPER_TX_LATENCY {"workerIndex":0,"roundIndex":3,"roundLabel":"write-tps-5","transactionId":"888302a97c32b92c1bd49206c3a5938a03e0bf736f4b8b649b608627827f014a","status":"success","startEpochMs":1787565907998,"endEpochMs":1787565908098,"latencyMs":100}
CALIPER_TX_LATENCY {"workerIndex":2,"roundIndex":3,"roundLabel":"write-tps-5","transactionId":"f15b89357c08c6d859b5cae0f1ac34ab8caba347388a7a7153cae6aac491fdea","status":"success","startEpochMs":1787565907998,"endEpochMs":1787565908098,"latencyMs":100}
CALIPER_TX_LATENCY {"workerIndex":1,"roundIndex":3,"roundLabel":"write-tps-5","transactionId":"8c81142c11bcdaa0c50e0881df0ac165ce3fa34b1eceb473b84fa4cdc4d29045","status":"success","startEpochMs":1787565907198,"endEpochMs":1787565908098,"latencyMs":900}
CALIPER_TX_LATENCY {"workerIndex":3,"roundIndex":3,"roundLabel":"write-tps-5","transactionId":"666ce8ac8034c3019362fb87019f410be28a1beb4edbd924035b62e879586d97","status":"success","startEpochMs":1787565907998,"endEpochMs":1787565908098,"latencyMs":100}
CALIPER_TX_LATENCY {"workerIndex":2,"roundIndex":3,"roundLabel":"write-tps-5","transactionId":"a4464a4df4ebe70ac57dccdd1f58822def208f8a7dc23587da937448250f56f6","status":"success","startEpochMs":1787565906399,"endEpochMs":1787565908099,"latencyMs":1700}
CALIPER_TX_LATENCY {"workerIndex":0,"roundIndex":3,"roundLabel":"write-tps-5","transactionId":"c3a18a3ea730c6a44afbba5ae7301f5db3763cfe157c709d5747ae379ca3ab61","status":"success","startEpochMs":1787565907198,"endEpochMs":1787565908099,"latencyMs":901}
CALIPER_TX_LATENCY {"workerIndex":1,"roundIndex":3,"roundLabel":"write-tps-5","transactionId":"741488415e4795495f4c1ab79369786fd886fbaf74b63a2c14dcc9a550bcf7eb","status":"success","startEpochMs":1787565907998,"endEpochMs":1787565908099,"latencyMs":101}
CALIPER_TX_LATENCY {"workerIndex":2,"roundIndex":3,"roundLabel":"write-tps-5","transactionId":"fed623851f2b77d2de1ca749abf5c6d64ba69f145f1f4172287687ab533d02ab","status":"success","startEpochMs":1787565909599,"endEpochMs":1787565910496,"latencyMs":897}
CALIPER_TX_LATENCY {"workerIndex":3,"roundIndex":3,"roundLabel":"write-tps-5","transactionId":"a698b1f73e9626e84017468326a4049e3d63ea37497e6767641d4e34fc766bdf","status":"success","startEpochMs":1787565909599,"endEpochMs":1787565910496,"latencyMs":897}
CALIPER_TX_LATENCY {"workerIndex":1,"roundIndex":3,"roundLabel":"write-tps-5","transactionId":"c19e52a5db3c2f30a185b807d5f2f0bc103bf627403d08c0de3273007d74516f","status":"success","startEpochMs":1787565909599,"endEpochMs":1787565910496,"latencyMs":897}
CALIPER_TX_LATENCY {"workerIndex":0,"roundIndex":3,"roundLabel":"write-tps-5","transactionId":"2757cd8657a5f8eaa196c7508f551eda04bec8235b6345213dcc1d30bccc20de","status":"success","startEpochMs":1787565910398,"endEpochMs":1787565910496,"latencyMs":98}
CALIPER_TX_LATENCY {"workerIndex":2,"roundIndex":3,"roundLabel":"write-tps-5","transactionId":"fe4d1cac371f268fa7dee5600214d2d3a9f0d25f818815eed04ceacd339e99cf","status":"success","startEpochMs":1787565908798,"endEpochMs":1787565910496,"latencyMs":1698}
CALIPER_TX_LATENCY {"workerIndex":3,"roundIndex":3,"roundLabel":"write-tps-5","transactionId":"327488f058fbf2a6aa9daaf8ee84ab5c21b2758517cf26b46c5a29001697b0d8","status":"success","startEpochMs":1787565908798,"endEpochMs":1787565910496,"latencyMs":1698}
CALIPER_TX_LATENCY {"workerIndex":2,"roundIndex":3,"roundLabel":"write-tps-5","transactionId":"dff710c087ee20b80bfddb9224542137ce0b5c5f9dc6e4ea0f7575a228bb8f1e","status":"success","startEpochMs":1787565910399,"endEpochMs":1787565910496,"latencyMs":97}
CALIPER_TX_LATENCY {"workerIndex":1,"roundIndex":3,"roundLabel":"write-tps-5","transactionId":"a27da42523904e3b1cb571964c0155aebcd54ac4f44be51bb24bd21f4860ac12","status":"success","startEpochMs":1787565908798,"endEpochMs":1787565910496,"latencyMs":1698}
CALIPER_TX_LATENCY {"workerIndex":0,"roundIndex":3,"roundLabel":"write-tps-5","transactionId":"49d82af3892bd45edef732bfe1b8213eaf549f671c09ed225ccf298f798e7e55","status":"success","startEpochMs":1787565909599,"endEpochMs":1787565910496,"latencyMs":897}
CALIPER_TX_LATENCY {"workerIndex":0,"roundIndex":3,"roundLabel":"write-tps-5","transactionId":"462a8559ed3fca32e71dac2f173f5f8af01eb8ed7999f6df78361fdd2c86c256","status":"success","startEpochMs":1787565908798,"endEpochMs":1787565910496,"latencyMs":1698}
CALIPER_TX_LATENCY {"workerIndex":0,"roundIndex":3,"roundLabel":"write-tps-5","transactionId":"5ff942fd47c8bb641af53d26bb49ad02b807cb1b2ad8e082ebc9ede6bdbf866c","status":"success","startEpochMs":1787565911999,"endEpochMs":1787565912090,"latencyMs":91}
CALIPER_TX_LATENCY {"workerIndex":2,"roundIndex":3,"roundLabel":"write-tps-5","transactionId":"36a81efedb8249fcc2478e4eb159c0d2bfb0acd0bb65dd7d1c1511b29bee1b0c","status":"success","startEpochMs":1787565911999,"endEpochMs":1787565912090,"latencyMs":91}
CALIPER_TX_LATENCY {"workerIndex":3,"roundIndex":3,"roundLabel":"write-tps-5","transactionId":"02c150cb22f936a9dde914f06f9f6b1921faff8c6ed1fef050e1e98fe8d13647","status":"success","startEpochMs":1787565911199,"endEpochMs":1787565912090,"latencyMs":891}
CALIPER_TX_LATENCY {"workerIndex":1,"roundIndex":3,"roundLabel":"write-tps-5","transactionId":"c253b85e9c2b9ab41afefcfbf0b471f48ed5b09feb6e63590ad21155e52e0e31","status":"success","startEpochMs":1787565911999,"endEpochMs":1787565912090,"latencyMs":91}
CALIPER_TX_LATENCY {"workerIndex":2,"roundIndex":3,"roundLabel":"write-tps-5","transactionId":"7ee7530bea691a3b0f7811824271653f37bb0355432d90d651ac1f57fb6e0540","status":"success","startEpochMs":1787565911197,"endEpochMs":1787565912090,"latencyMs":893}
CALIPER_TX_LATENCY {"workerIndex":1,"roundIndex":3,"roundLabel":"write-tps-5","transactionId":"e545afb4861b1e19a6a8440700678eb27fb5b6429f56e38303d306a6a947996c","status":"success","startEpochMs":1787565910399,"endEpochMs":1787565912090,"latencyMs":1691}
CALIPER_TX_LATENCY {"workerIndex":0,"roundIndex":3,"roundLabel":"write-tps-5","transactionId":"3dfdb7be5190582999f48fe83e70271e39f219c0147894931dc57fc3abacef26","status":"success","startEpochMs":1787565911199,"endEpochMs":1787565912090,"latencyMs":891}
CALIPER_TX_LATENCY {"workerIndex":3,"roundIndex":3,"roundLabel":"write-tps-5","transactionId":"1037cf8c7cbeac0f29dae0df1826d3b455ec7423ef22cc1071d62ebfe417e8e9","status":"success","startEpochMs":1787565910399,"endEpochMs":1787565912090,"latencyMs":1691}
CALIPER_TX_LATENCY {"workerIndex":1,"roundIndex":3,"roundLabel":"write-tps-5","transactionId":"8162f24689ddbf9fb121002c537766e2d827d7864af1e92d10a25fee12488d0d","status":"success","startEpochMs":1787565911198,"endEpochMs":1787565912091,"latencyMs":893}
CALIPER_TX_LATENCY {"workerIndex":3,"roundIndex":3,"roundLabel":"write-tps-5","transactionId":"87ecff56d1afd49ac08ad41c7d0a29d901f4d6569504a425c5ae7effb738cb62","status":"success","startEpochMs":1787565911999,"endEpochMs":1787565912091,"latencyMs":92}
2026.08.24-15:35:12.797[32m info [39m [caliper] [default-observer] 	[write-tps-5 Round 3 Transaction Info] - Submitted: 96 Succ: 90 Fail:0 Unfinished:6
CALIPER_TX_LATENCY {"workerIndex":0,"roundIndex":3,"roundLabel":"write-tps-5","transactionId":"4516ba0a018e3024854229b6bf3f64db7e2db48f7b77b505ef4a1ad970a17922","status":"success","startEpochMs":1787565913599,"endEpochMs":1787565914497,"latencyMs":898}
CALIPER_TX_LATENCY {"workerIndex":2,"roundIndex":3,"roundLabel":"write-tps-5","transactionId":"c2f604aaa3072d31885982ac56790a6a311f675b0ac1183cd0061993ffca8cba","status":"success","startEpochMs":1787565912800,"endEpochMs":1787565914497,"latencyMs":1697}
CALIPER_TX_LATENCY {"workerIndex":1,"roundIndex":3,"roundLabel":"write-tps-5","transactionId":"a527d3c2751f6a4122f9885cc3b27ba98e6dcbbb01b071f6ac46823738fc9553","status":"success","startEpochMs":1787565912799,"endEpochMs":1787565914497,"latencyMs":1698}
CALIPER_TX_LATENCY {"workerIndex":3,"roundIndex":3,"roundLabel":"write-tps-5","transactionId":"2b67a1e63c3386942c8854e42eb4f7f653ace6b18d0949b46fba08c887f6662f","status":"success","startEpochMs":1787565913599,"endEpochMs":1787565914497,"latencyMs":898}
CALIPER_TX_LATENCY {"workerIndex":0,"roundIndex":3,"roundLabel":"write-tps-5","transactionId":"1970314b33ce4e82b6e5470867f488278d0f9740fac01629ac457e7351cb396e","status":"success","startEpochMs":1787565912799,"endEpochMs":1787565914497,"latencyMs":1698}
CALIPER_TX_LATENCY {"workerIndex":1,"roundIndex":3,"roundLabel":"write-tps-5","transactionId":"ec99bfa3ec375e568a3c6f43cdbc9a2c9b288d9ab8d58264ee919aa579587318","status":"success","startEpochMs":1787565913599,"endEpochMs":1787565914497,"latencyMs":898}
CALIPER_TX_LATENCY {"workerIndex":3,"roundIndex":3,"roundLabel":"write-tps-5","transactionId":"6ec5f6996e4b5f6d99f8ddac967fae4b338cf721ebb2b630ac3bb0e1b15895d8","status":"success","startEpochMs":1787565912797,"endEpochMs":1787565914497,"latencyMs":1700}
CALIPER_TX_LATENCY {"workerIndex":2,"roundIndex":3,"roundLabel":"write-tps-5","transactionId":"5157e93d6ddd1a05a4c0cc3df5b4ebf524fb0386eabce2d9737f0b7aaaad63c5","status":"success","startEpochMs":1787565913599,"endEpochMs":1787565914497,"latencyMs":898}
CALIPER_TX_LATENCY {"workerIndex":0,"roundIndex":3,"roundLabel":"write-tps-5","transactionId":"f6c13eef982c9c3efaa42c682cc6ff66e1d7ee3e81f3632cecefe033621ec033","status":"success","startEpochMs":1787565914399,"endEpochMs":1787565914498,"latencyMs":99}
CALIPER_TX_LATENCY {"workerIndex":1,"roundIndex":3,"roundLabel":"write-tps-5","transactionId":"215d8661b4ecabf2627faba1248d69fc652c75b15cb9fb680fd279d58335e42c","status":"success","startEpochMs":1787565914399,"endEpochMs":1787565914498,"latencyMs":99}
CALIPER_TX_LATENCY {"workerIndex":2,"roundIndex":3,"roundLabel":"write-tps-5","transactionId":"337ae4bc36196b1ee19ee437cc0ee437d29cd743e95c8eb5796a4cc2a5325db9","status":"success","startEpochMs":1787565915999,"endEpochMs":1787565916094,"latencyMs":95}
CALIPER_TX_LATENCY {"workerIndex":1,"roundIndex":3,"roundLabel":"write-tps-5","transactionId":"4d30d8cc6bab448ba39f1a4719f5791397616ac06346b228943e21d5e77e2e39","status":"success","startEpochMs":1787565915999,"endEpochMs":1787565916095,"latencyMs":96}
CALIPER_TX_LATENCY {"workerIndex":3,"roundIndex":3,"roundLabel":"write-tps-5","transactionId":"0561c0568bb4fb86d83af6a8c595c8249dffba80f7560b417c5240fa34af7342","status":"success","startEpochMs":1787565915999,"endEpochMs":1787565916095,"latencyMs":96}
CALIPER_TX_LATENCY {"workerIndex":0,"roundIndex":3,"roundLabel":"write-tps-5","transactionId":"3874fe60a40a0c61869851e87b10739b7e5567dbeaef9904e83013a9b66679a0","status":"success","startEpochMs":1787565915200,"endEpochMs":1787565916096,"latencyMs":896}
CALIPER_TX_LATENCY {"workerIndex":1,"roundIndex":3,"roundLabel":"write-tps-5","transactionId":"5b98544e04c8d3a5e77783016131974faa930c0df40d17ef88f8808086d548a2","status":"success","startEpochMs":1787565915201,"endEpochMs":1787565916096,"latencyMs":895}
CALIPER_TX_LATENCY {"workerIndex":2,"roundIndex":3,"roundLabel":"write-tps-5","transactionId":"44248fece0edd32a4154c7dbf80f37091ce3bebbacaf5b11932d274320908a18","status":"success","startEpochMs":1787565915198,"endEpochMs":1787565916096,"latencyMs":898}
CALIPER_TX_LATENCY {"workerIndex":0,"roundIndex":3,"roundLabel":"write-tps-5","transactionId":"064e18248cbe81cf32d6a26c9585c008d23e28e15977771a11ad69b6dc0ed6d1","status":"success","startEpochMs":1787565915999,"endEpochMs":1787565916096,"latencyMs":97}
CALIPER_TX_LATENCY {"workerIndex":3,"roundIndex":3,"roundLabel":"write-tps-5","transactionId":"f1d898b194641c67176d5e9fc14cb028c1c0a4f42020bc5f584d591807aea97b","status":"success","startEpochMs":1787565915200,"endEpochMs":1787565916096,"latencyMs":896}
CALIPER_TX_LATENCY {"workerIndex":2,"roundIndex":3,"roundLabel":"write-tps-5","transactionId":"ea2d65e7907f6da6df3fcc979c077f2ecee02ea2d00ebb265210e15356a1cb24","status":"success","startEpochMs":1787565914399,"endEpochMs":1787565916096,"latencyMs":1697}
CALIPER_TX_LATENCY {"workerIndex":3,"roundIndex":3,"roundLabel":"write-tps-5","transactionId":"50624d5192aa7cd65fb94836252ba9b96b663ce5475566d15159c10c98fb63b0","status":"success","startEpochMs":1787565914399,"endEpochMs":1787565916097,"latencyMs":1698}
2026.08.24-15:35:17.798[32m info [39m [caliper] [default-observer] 	[write-tps-5 Round 3 Transaction Info] - Submitted: 124 Succ: 120 Fail:0 Unfinished:4
CALIPER_TX_LATENCY {"workerIndex":3,"roundIndex":3,"roundLabel":"write-tps-5","transactionId":"b6d4d27f64367a5c0ff9b928e3186d9a6a899ef8cf2729f2dcbe33bd727aab5a","status":"success","startEpochMs":1787565916799,"endEpochMs":1787565918499,"latencyMs":1700}
CALIPER_TX_LATENCY {"workerIndex":1,"roundIndex":3,"roundLabel":"write-tps-5","transactionId":"650cccb31181ee26a83ca5f6aa526bf9b0b7cdf8dfbd60bc81bac7f8d9844633","status":"success","startEpochMs":1787565918399,"endEpochMs":1787565918499,"latencyMs":100}
CALIPER_TX_LATENCY {"workerIndex":2,"roundIndex":3,"roundLabel":"write-tps-5","transactionId":"a905a1fc48ba60f4fa0766a24356b7de628eec7e86533e3b045c05130f8014cd","status":"success","startEpochMs":1787565916799,"endEpochMs":1787565918499,"latencyMs":1700}
CALIPER_TX_LATENCY {"workerIndex":2,"roundIndex":3,"roundLabel":"write-tps-5","transactionId":"8bb5c2e63d1a6ebe6998d7af91790bd9ed19b8aedc0e2f1afca1bd5aeafc5107","status":"success","startEpochMs":1787565917599,"endEpochMs":1787565918499,"latencyMs":900}
CALIPER_TX_LATENCY {"workerIndex":1,"roundIndex":3,"roundLabel":"write-tps-5","transactionId":"0e3e20f44532460e08d76743c431b7bad3f0c0babb51620c252d9b624662cdf0","status":"success","startEpochMs":1787565917599,"endEpochMs":1787565918499,"latencyMs":900}
CALIPER_TX_LATENCY {"workerIndex":0,"roundIndex":3,"roundLabel":"write-tps-5","transactionId":"eb7b4d3bc5a386d78a69989785920c0daf90b2e3b0671787459d0c6570f538b2","status":"success","startEpochMs":1787565917599,"endEpochMs":1787565918499,"latencyMs":900}
CALIPER_TX_LATENCY {"workerIndex":3,"roundIndex":3,"roundLabel":"write-tps-5","transactionId":"b7c9266870feada5b5a0c6eccd4969fdd986ecf2e848207c24e67ffe5b839c08","status":"success","startEpochMs":1787565917599,"endEpochMs":1787565918500,"latencyMs":901}
CALIPER_TX_LATENCY {"workerIndex":1,"roundIndex":3,"roundLabel":"write-tps-5","transactionId":"d82d0001911ceab801abd0d9971dd0b24d5a520bae3e1e0976f583ac429121a9","status":"success","startEpochMs":1787565916799,"endEpochMs":1787565918500,"latencyMs":1701}
CALIPER_TX_LATENCY {"workerIndex":0,"roundIndex":3,"roundLabel":"write-tps-5","transactionId":"dd4eb68ba5e27abe47dd32ff347cc779d58be973273b52baa639103be849e232","status":"success","startEpochMs":1787565916798,"endEpochMs":1787565918500,"latencyMs":1702}
CALIPER_TX_LATENCY {"workerIndex":3,"roundIndex":3,"roundLabel":"write-tps-5","transactionId":"5f3865eb7538b67b9e0e18072c9e28027bd283d8eab1e96b9022952369672f84","status":"success","startEpochMs":1787565918399,"endEpochMs":1787565918500,"latencyMs":101}
CALIPER_TX_LATENCY {"workerIndex":1,"roundIndex":3,"roundLabel":"write-tps-5","transactionId":"3fc60c206bc1fd8c49377bead937aa55f87cf51fa5bc8c6fce3bbbbfcf530df9","status":"success","startEpochMs":1787565919998,"endEpochMs":1787565920088,"latencyMs":90}
CALIPER_TX_LATENCY {"workerIndex":3,"roundIndex":3,"roundLabel":"write-tps-5","transactionId":"6e6b19349e705e76094226ad3e97d6b19631a52abc504d00fcb8da0a6d608855","status":"success","startEpochMs":1787565919199,"endEpochMs":1787565920088,"latencyMs":889}
CALIPER_TX_LATENCY {"workerIndex":0,"roundIndex":3,"roundLabel":"write-tps-5","transactionId":"d070278d673654116ea06066141ca96080a3ef2cd859ae4b326c3705f1a2a489","status":"success","startEpochMs":1787565919199,"endEpochMs":1787565920088,"latencyMs":889}
CALIPER_TX_LATENCY {"workerIndex":2,"roundIndex":3,"roundLabel":"write-tps-5","transactionId":"fb4da3ed343040d7d47ffbca48d499f0e4757d054141d5e210efe29e6ee81966","status":"success","startEpochMs":1787565919198,"endEpochMs":1787565920088,"latencyMs":890}
CALIPER_TX_LATENCY {"workerIndex":3,"roundIndex":3,"roundLabel":"write-tps-5","transactionId":"f12699905560a654a5fd3ad2d5c69f72e9c41d47e036d6c0d82d7bab6ce498d8","status":"success","startEpochMs":1787565919999,"endEpochMs":1787565920089,"latencyMs":90}
CALIPER_TX_LATENCY {"workerIndex":1,"roundIndex":3,"roundLabel":"write-tps-5","transactionId":"90f8f4c422df82445cefcaa3599324ce69b3007e5522b026574fd181bc151aeb","status":"success","startEpochMs":1787565919199,"endEpochMs":1787565920089,"latencyMs":890}
CALIPER_TX_LATENCY {"workerIndex":2,"roundIndex":3,"roundLabel":"write-tps-5","transactionId":"eadb1d40ef6aa8bca18032e8ed2bda91c7c60cef44125c1b5988c605e2798d6f","status":"success","startEpochMs":1787565918399,"endEpochMs":1787565920089,"latencyMs":1690}
CALIPER_TX_LATENCY {"workerIndex":0,"roundIndex":3,"roundLabel":"write-tps-5","transactionId":"55b098d3f056fd5f82d18cbf37ee785c8ce860dcf27fa3e4d60fe3fef6181cfc","status":"success","startEpochMs":1787565918399,"endEpochMs":1787565920089,"latencyMs":1690}
CALIPER_TX_LATENCY {"workerIndex":2,"roundIndex":3,"roundLabel":"write-tps-5","transactionId":"e867ecb14ad69d950fb2548b1a28ce3b5167922d9c97a97b4df993238e67f900","status":"success","startEpochMs":1787565919998,"endEpochMs":1787565920089,"latencyMs":91}
CALIPER_TX_LATENCY {"workerIndex":0,"roundIndex":3,"roundLabel":"write-tps-5","transactionId":"c0fdc976b0d6a3107cc5ff8875775652ca6df6db6cac47672e0fa373c345bb82","status":"success","startEpochMs":1787565919999,"endEpochMs":1787565920089,"latencyMs":90}
CALIPER_TX_LATENCY {"workerIndex":2,"roundIndex":3,"roundLabel":"write-tps-5","transactionId":"009fb579e4830513fb858a7b835521d754f4f9424096ae5ae7d94ca652e06cdd","status":"success","startEpochMs":1787565921598,"endEpochMs":1787565922505,"latencyMs":907}
CALIPER_TX_LATENCY {"workerIndex":3,"roundIndex":3,"roundLabel":"write-tps-5","transactionId":"a07bc2573b1a03d4006e155eed8a2ce228601977a4ff7e433f6a77053ce7d495","status":"success","startEpochMs":1787565921598,"endEpochMs":1787565922505,"latencyMs":907}
CALIPER_TX_LATENCY {"workerIndex":1,"roundIndex":3,"roundLabel":"write-tps-5","transactionId":"d46d1381752fe3b36134e7b0f09b49d62b14abc3d0499e328a1927fe7d8bc98e","status":"success","startEpochMs":1787565921598,"endEpochMs":1787565922505,"latencyMs":907}
CALIPER_TX_LATENCY {"workerIndex":0,"roundIndex":3,"roundLabel":"write-tps-5","transactionId":"76062cf1d9b543206c500fba745cea3e20337cf253eab682aa95ae806a646856","status":"success","startEpochMs":1787565921598,"endEpochMs":1787565922505,"latencyMs":907}
CALIPER_TX_LATENCY {"workerIndex":2,"roundIndex":3,"roundLabel":"write-tps-5","transactionId":"5902657f66dfb7e14009e9c91c71636be39b3dfc313b7c90f56639ee4cf3b2a8","status":"success","startEpochMs":1787565920799,"endEpochMs":1787565922505,"latencyMs":1706}
CALIPER_TX_LATENCY {"workerIndex":3,"roundIndex":3,"roundLabel":"write-tps-5","transactionId":"07477ada7a278e5b355bdb9e5cbc198a7c7746f9511604c675d554acc262f2bf","status":"success","startEpochMs":1787565920799,"endEpochMs":1787565922505,"latencyMs":1706}
CALIPER_TX_LATENCY {"workerIndex":1,"roundIndex":3,"roundLabel":"write-tps-5","transactionId":"5a2234c25c604b95a202246906e115264c5f80d8886aafc550aab634ae9dd25c","status":"success","startEpochMs":1787565920799,"endEpochMs":1787565922505,"latencyMs":1706}
CALIPER_TX_LATENCY {"workerIndex":0,"roundIndex":3,"roundLabel":"write-tps-5","transactionId":"e44c32ff4f2ab81f742c6ba28db1b05ffcf531cc56b0b47c9bb3729bb8193118","status":"success","startEpochMs":1787565920799,"endEpochMs":1787565922505,"latencyMs":1706}
CALIPER_TX_LATENCY {"workerIndex":2,"roundIndex":3,"roundLabel":"write-tps-5","transactionId":"ba9c3937955a8274edb1c8f7e12902e7f1187a2d5423e69b15dc75857c5b2fbc","status":"success","startEpochMs":1787565922398,"endEpochMs":1787565922505,"latencyMs":107}
CALIPER_TX_LATENCY {"workerIndex":1,"roundIndex":3,"roundLabel":"write-tps-5","transactionId":"cd08a03266158c7ea7ab89f106ad6e675808ef06f6e430d95c1983d526ea573f","status":"success","startEpochMs":1787565922398,"endEpochMs":1787565922505,"latencyMs":107}
2026.08.24-15:35:22.800[32m info [39m [caliper] [default-observer] 	[write-tps-5 Round 3 Transaction Info] - Submitted: 148 Succ: 140 Fail:0 Unfinished:8
CALIPER_TX_LATENCY {"workerIndex":1,"roundIndex":3,"roundLabel":"write-tps-5","transactionId":"365e866080209c4b305467baabcaa2b732c897b54db3913c42ae34a79e829150","status":"success","startEpochMs":1787565923199,"endEpochMs":1787565924093,"latencyMs":894}
CALIPER_TX_LATENCY {"workerIndex":3,"roundIndex":3,"roundLabel":"write-tps-5","transactionId":"914b5a5c9423792229e21700d9358ccbe25a785312f8b2544913f6cc68682115","status":"success","startEpochMs":1787565922398,"endEpochMs":1787565924093,"latencyMs":1695}
CALIPER_TX_LATENCY {"workerIndex":0,"roundIndex":3,"roundLabel":"write-tps-5","transactionId":"aab9050c62a4ac164b794c4ea0393ea18b7f58e06aa5eb9d0dcba8fe39249a39","status":"success","startEpochMs":1787565923999,"endEpochMs":1787565924093,"latencyMs":94}
CALIPER_TX_LATENCY {"workerIndex":2,"roundIndex":3,"roundLabel":"write-tps-5","transactionId":"69e024295bf73be4c56ed3de7fe7285abbb0ad48a99081c762fd409225a433f9","status":"success","startEpochMs":1787565923200,"endEpochMs":1787565924093,"latencyMs":893}
CALIPER_TX_LATENCY {"workerIndex":1,"roundIndex":3,"roundLabel":"write-tps-5","transactionId":"65ad459eb268082b06d01b1592a1df95b20cc87a0dd70835233baaf5358e6e23","status":"success","startEpochMs":1787565923999,"endEpochMs":1787565924093,"latencyMs":94}
CALIPER_TX_LATENCY {"workerIndex":3,"roundIndex":3,"roundLabel":"write-tps-5","transactionId":"1f52379eeaa5806f7c906eed99b133581828e1b676374241d14c8bbc1f78d20c","status":"success","startEpochMs":1787565923999,"endEpochMs":1787565924093,"latencyMs":94}
CALIPER_TX_LATENCY {"workerIndex":2,"roundIndex":3,"roundLabel":"write-tps-5","transactionId":"8da4b1c0159040eb3bc2e6a2728b60d9766f351fcb02739fc7e5a5dc30c54873","status":"success","startEpochMs":1787565923999,"endEpochMs":1787565924093,"latencyMs":94}
CALIPER_TX_LATENCY {"workerIndex":0,"roundIndex":3,"roundLabel":"write-tps-5","transactionId":"a10218f4621f2d25fd5f674639e2299d53808636ca21af78157e29eb0efc9177","status":"success","startEpochMs":1787565922399,"endEpochMs":1787565924093,"latencyMs":1694}
CALIPER_TX_LATENCY {"workerIndex":3,"roundIndex":3,"roundLabel":"write-tps-5","transactionId":"1c59b9e2232ed3ee547241dd3958a3e56460a49085d45f6cc73dcca01bb2add3","status":"success","startEpochMs":1787565923199,"endEpochMs":1787565924093,"latencyMs":894}
CALIPER_TX_LATENCY {"workerIndex":0,"roundIndex":3,"roundLabel":"write-tps-5","transactionId":"ce0845e054bd3f139c8d96fe4a360ed1fba0e4043dff3332a2abe67fceb4f564","status":"success","startEpochMs":1787565923201,"endEpochMs":1787565924093,"latencyMs":892}
CALIPER_TX_LATENCY {"workerIndex":0,"roundIndex":3,"roundLabel":"write-tps-5","transactionId":"65d0f9a74f7e0ea963c7a3ce52857a53cf8fc7c75b28653fb569fe4e2497ffbe","status":"success","startEpochMs":1787565926399,"endEpochMs":1787565926498,"latencyMs":99}
CALIPER_TX_LATENCY {"workerIndex":3,"roundIndex":3,"roundLabel":"write-tps-5","transactionId":"4c0379689bba5e894d784a18bc01c9f886c48f35a2cedf0f42f49297b50b2e0e","status":"success","startEpochMs":1787565925599,"endEpochMs":1787565926498,"latencyMs":899}
CALIPER_TX_LATENCY {"workerIndex":1,"roundIndex":3,"roundLabel":"write-tps-5","transactionId":"137d9d3d44bb72967c5ce35fa8007375684d03cce6765ad6197a48bb5f15b67f","status":"success","startEpochMs":1787565924799,"endEpochMs":1787565926498,"latencyMs":1699}
CALIPER_TX_LATENCY {"workerIndex":2,"roundIndex":3,"roundLabel":"write-tps-5","transactionId":"527f150537760f611566671ebdc115648dfdd1183b614a17ea2851edd4bbff68","status":"success","startEpochMs":1787565925599,"endEpochMs":1787565926498,"latencyMs":899}
CALIPER_TX_LATENCY {"workerIndex":1,"roundIndex":3,"roundLabel":"write-tps-5","transactionId":"c4ac5a0a299a38c3b666a6a2462beaaf6f3b01f9a939df0fcdc3461641c9e1ab","status":"success","startEpochMs":1787565925599,"endEpochMs":1787565926499,"latencyMs":900}
CALIPER_TX_LATENCY {"workerIndex":0,"roundIndex":3,"roundLabel":"write-tps-5","transactionId":"505326e46aa1f377f49a6153f475152587a6cf83a87e4f13b6ec593289648186","status":"success","startEpochMs":1787565925599,"endEpochMs":1787565926499,"latencyMs":900}
CALIPER_TX_LATENCY {"workerIndex":3,"roundIndex":3,"roundLabel":"write-tps-5","transactionId":"5daabdce2ab782d0c47cde52e972ef9a8a235a384b54eeec09c49fdf2c639889","status":"success","startEpochMs":1787565924799,"endEpochMs":1787565926499,"latencyMs":1700}
CALIPER_TX_LATENCY {"workerIndex":0,"roundIndex":3,"roundLabel":"write-tps-5","transactionId":"5d9c6cf58e354a1c22b078d493611081f000f195ec72774b2c8a3e92df940017","status":"success","startEpochMs":1787565924799,"endEpochMs":1787565926499,"latencyMs":1700}
CALIPER_TX_LATENCY {"workerIndex":2,"roundIndex":3,"roundLabel":"write-tps-5","transactionId":"1dbad10d9a631f3a256e93affb191fa3f07e8ecd288133a34a860bcc25359332","status":"success","startEpochMs":1787565926399,"endEpochMs":1787565926499,"latencyMs":100}
CALIPER_TX_LATENCY {"workerIndex":2,"roundIndex":3,"roundLabel":"write-tps-5","transactionId":"4149bfa3173fd56974efbf8b9af3089bbcd7a1735d14ac802c14cf281726c895","status":"success","startEpochMs":1787565924799,"endEpochMs":1787565926499,"latencyMs":1700}
2026.08.24-15:35:27.800[32m info [39m [caliper] [default-observer] 	[write-tps-5 Round 3 Transaction Info] - Submitted: 172 Succ: 170 Fail:0 Unfinished:2
CALIPER_TX_LATENCY {"workerIndex":1,"roundIndex":3,"roundLabel":"write-tps-5","transactionId":"65ba2e582080b71f02762d3072bd9198bb7ad941d06bdcaf4e0fa4612a07b177","status":"success","startEpochMs":1787565927199,"endEpochMs":1787565928101,"latencyMs":902}
CALIPER_TX_LATENCY {"workerIndex":1,"roundIndex":3,"roundLabel":"write-tps-5","transactionId":"d4aa7ebab22c0300b6885a8d6e85adbc045a41c7cb8ecd0ecdacd0b4817c195f","status":"success","startEpochMs":1787565927999,"endEpochMs":1787565928102,"latencyMs":103}
CALIPER_TX_LATENCY {"workerIndex":0,"roundIndex":3,"roundLabel":"write-tps-5","transactionId":"d77df7a0eb68657a9a9ac56407cd29d11fff7a5ff8865ea4ad00851f11532569","status":"success","startEpochMs":1787565927999,"endEpochMs":1787565928102,"latencyMs":103}
CALIPER_TX_LATENCY {"workerIndex":2,"roundIndex":3,"roundLabel":"write-tps-5","transactionId":"9d76b4f610d77731dbb918080aee70ef090500eac3197c4e0f53194465edf53a","status":"success","startEpochMs":1787565927999,"endEpochMs":1787565928101,"latencyMs":102}
CALIPER_TX_LATENCY {"workerIndex":0,"roundIndex":3,"roundLabel":"write-tps-5","transactionId":"43af494aec9b27fb4fb45f20f1ccfbadff27323096e68ec42cc3fb621d3ab97a","status":"success","startEpochMs":1787565927199,"endEpochMs":1787565928103,"latencyMs":904}
CALIPER_TX_LATENCY {"workerIndex":3,"roundIndex":3,"roundLabel":"write-tps-5","transactionId":"99586f9f3bad5bd5665dc0cfb6c4c4c761bafacac84fee3f4c8090cfa9dbd5a2","status":"success","startEpochMs":1787565927999,"endEpochMs":1787565928101,"latencyMs":102}
CALIPER_TX_LATENCY {"workerIndex":1,"roundIndex":3,"roundLabel":"write-tps-5","transactionId":"2a823e9f2664049b04547415ecb6c6f27c38b32d3ffc4114ce73c8af4dd81a9f","status":"success","startEpochMs":1787565926398,"endEpochMs":1787565928103,"latencyMs":1705}
CALIPER_TX_LATENCY {"workerIndex":2,"roundIndex":3,"roundLabel":"write-tps-5","transactionId":"2eafbfef4c00bc2ba2d110895500171855dffd6189398efd4de79c65d9ff4d57","status":"success","startEpochMs":1787565927199,"endEpochMs":1787565928104,"latencyMs":905}
CALIPER_TX_LATENCY {"workerIndex":3,"roundIndex":3,"roundLabel":"write-tps-5","transactionId":"a0ed3ec01c2ab1fdbdc9708a4ee2084722c099f62b2ce9a837d2a69367e61147","status":"success","startEpochMs":1787565926398,"endEpochMs":1787565928104,"latencyMs":1706}
CALIPER_TX_LATENCY {"workerIndex":3,"roundIndex":3,"roundLabel":"write-tps-5","transactionId":"bd3bc7f38ca5f12c5896fc06942240f5a42c8db7a34bc5e7b085527eb697bae9","status":"success","startEpochMs":1787565927199,"endEpochMs":1787565928104,"latencyMs":905}
CALIPER_TX_LATENCY {"workerIndex":2,"roundIndex":3,"roundLabel":"write-tps-5","transactionId":"f905cc4298ed7f5854910315b7be673b8baa5b77dd3c7ce6d2aba66abf49f4b7","status":"success","startEpochMs":1787565930399,"endEpochMs":1787565930507,"latencyMs":108}
CALIPER_TX_LATENCY {"workerIndex":1,"roundIndex":3,"roundLabel":"write-tps-5","transactionId":"d5bd3e6695421a8bb9464502b278e5b8d3a740f36caea32da14b92f81b866050","status":"success","startEpochMs":1787565928799,"endEpochMs":1787565930507,"latencyMs":1708}
CALIPER_TX_LATENCY {"workerIndex":3,"roundIndex":3,"roundLabel":"write-tps-5","transactionId":"8932d743fcfac4f6691c7ed0e037df2afcbcc2ce6d61b4639482bc8d5c94b536","status":"success","startEpochMs":1787565929599,"endEpochMs":1787565930507,"latencyMs":908}
CALIPER_TX_LATENCY {"workerIndex":0,"roundIndex":3,"roundLabel":"write-tps-5","transactionId":"901575508b5058385357ff09221e0ed02111d632fe1bd71232dd04645d3d0a17","status":"success","startEpochMs":1787565928799,"endEpochMs":1787565930507,"latencyMs":1708}
CALIPER_TX_LATENCY {"workerIndex":2,"roundIndex":3,"roundLabel":"write-tps-5","transactionId":"eeb908860e0c78c8d2b2548f7862493611c7e84870fbc6e27e75410b9017633f","status":"success","startEpochMs":1787565929598,"endEpochMs":1787565930507,"latencyMs":909}
CALIPER_TX_LATENCY {"workerIndex":1,"roundIndex":3,"roundLabel":"write-tps-5","transactionId":"f14ec98061b64b4d0ed0f0967d2f1b564353cd3b0b4bbbcbfbd46f3842a068a3","status":"success","startEpochMs":1787565929598,"endEpochMs":1787565930507,"latencyMs":909}
CALIPER_TX_LATENCY {"workerIndex":2,"roundIndex":3,"roundLabel":"write-tps-5","transactionId":"2bce8921bd333f4020910760ecf2f8bcda793b9ec7f09f7022304c01d4ae5a2a","status":"success","startEpochMs":1787565928799,"endEpochMs":1787565930507,"latencyMs":1708}
CALIPER_TX_LATENCY {"workerIndex":0,"roundIndex":3,"roundLabel":"write-tps-5","transactionId":"83ab649d3eb621de6bd0fc572a171beea359b67301ba196e16d247b4bd10faae","status":"success","startEpochMs":1787565929599,"endEpochMs":1787565930507,"latencyMs":908}
CALIPER_TX_LATENCY {"workerIndex":3,"roundIndex":3,"roundLabel":"write-tps-5","transactionId":"aa449d5ebdeb150b0621a927798a4b8cbf1db84d2d7dba1789bb89986b59af80","status":"success","startEpochMs":1787565928799,"endEpochMs":1787565930507,"latencyMs":1708}
CALIPER_TX_LATENCY {"workerIndex":3,"roundIndex":3,"roundLabel":"write-tps-5","transactionId":"bbe7b00e5105ce3241bc9ff38b0f2a5a0abb6a79b793d64e8d1e055b4df28779","status":"success","startEpochMs":1787565930398,"endEpochMs":1787565930507,"latencyMs":109}
CALIPER_TX_LATENCY {"workerIndex":3,"roundIndex":3,"roundLabel":"write-tps-5","transactionId":"f245c0d46f1680ed17690d2f2ae4e7488f264ea27987fed0c5285cee0c0d7957","status":"success","startEpochMs":1787565931199,"endEpochMs":1787565932108,"latencyMs":909}
CALIPER_TX_LATENCY {"workerIndex":1,"roundIndex":3,"roundLabel":"write-tps-5","transactionId":"7cc1e66cca0d050c3b1c5b496b53bb2f7ba11dd3fadc939f7660daa116e328ca","status":"success","startEpochMs":1787565930398,"endEpochMs":1787565932108,"latencyMs":1710}
CALIPER_TX_LATENCY {"workerIndex":2,"roundIndex":3,"roundLabel":"write-tps-5","transactionId":"f4b6b262fabca01080d62e68ebbb8f2c2cf86f8303caf12c73017647bb9b778c","status":"success","startEpochMs":1787565931999,"endEpochMs":1787565932108,"latencyMs":109}
CALIPER_TX_LATENCY {"workerIndex":0,"roundIndex":3,"roundLabel":"write-tps-5","transactionId":"27be87ad744cb54807138b0896f0f2c727c37804f82dd3d400c13dbb763b848a","status":"success","startEpochMs":1787565930399,"endEpochMs":1787565932108,"latencyMs":1709}
CALIPER_TX_LATENCY {"workerIndex":1,"roundIndex":3,"roundLabel":"write-tps-5","transactionId":"dd298d4fadbb4f45ff3b0693ff3d0bd29af20706192fb3423c0b06a72abacac5","status":"success","startEpochMs":1787565931199,"endEpochMs":1787565932108,"latencyMs":909}
CALIPER_TX_LATENCY {"workerIndex":3,"roundIndex":3,"roundLabel":"write-tps-5","transactionId":"02ea287b278d598d257782f437bd955ea80dd5f2836b9a16952dd90534520e4e","status":"success","startEpochMs":1787565931998,"endEpochMs":1787565932108,"latencyMs":110}
CALIPER_TX_LATENCY {"workerIndex":2,"roundIndex":3,"roundLabel":"write-tps-5","transactionId":"3513edd109c63a12aa3c2470b52f9a35d36f76f53682467ff7d0b36c3920cb5f","status":"success","startEpochMs":1787565931199,"endEpochMs":1787565932108,"latencyMs":909}
CALIPER_TX_LATENCY {"workerIndex":0,"roundIndex":3,"roundLabel":"write-tps-5","transactionId":"21e64e69a35f65461a79dac3b5e6deccdf144a85f2cac8535e10f01ae1d62e6a","status":"success","startEpochMs":1787565931198,"endEpochMs":1787565932108,"latencyMs":910}
CALIPER_TX_LATENCY {"workerIndex":1,"roundIndex":3,"roundLabel":"write-tps-5","transactionId":"eff7b63478549c3f3a98581eda4959873bb2669484f3e41c2f5bef7fa277b209","status":"success","startEpochMs":1787565931999,"endEpochMs":1787565932108,"latencyMs":109}
CALIPER_TX_LATENCY {"workerIndex":0,"roundIndex":3,"roundLabel":"write-tps-5","transactionId":"bbe52c0a3d91fa5b1cc74c5ba41d555f9e016f4013abf98bc1ac66c4d472144a","status":"success","startEpochMs":1787565931999,"endEpochMs":1787565932108,"latencyMs":109}
2026.08.24-15:35:32.801[32m info [39m [caliper] [default-observer] 	[write-tps-5 Round 3 Transaction Info] - Submitted: 196 Succ: 190 Fail:0 Unfinished:6
CALIPER_TX_LATENCY {"workerIndex":3,"roundIndex":3,"roundLabel":"write-tps-5","transactionId":"d1ca4711b229997ebb829bf73d66d23f1d02de43162d5998bfacda14fdcaad40","status":"success","startEpochMs":1787565934400,"endEpochMs":1787565934498,"latencyMs":98}
CALIPER_TX_LATENCY {"workerIndex":1,"roundIndex":3,"roundLabel":"write-tps-5","transactionId":"bf805f5f9c1c93f7c6d6b2400d41c910a99a6e16fda931570d3d022bd41fd684","status":"success","startEpochMs":1787565932799,"endEpochMs":1787565934498,"latencyMs":1699}
CALIPER_TX_LATENCY {"workerIndex":3,"roundIndex":3,"roundLabel":"write-tps-5","transactionId":"573acb18e825d6992a313ec71c6761056bd05eeeb480781de9af789600849eed","status":"success","startEpochMs":1787565932799,"endEpochMs":1787565934499,"latencyMs":1700}
CALIPER_TX_LATENCY {"workerIndex":0,"roundIndex":3,"roundLabel":"write-tps-5","transactionId":"97bec9ded4d7fcbb583f7bae6a7549aff57c8fa7f6caefbba5bf11537a91c6ae","status":"success","startEpochMs":1787565932799,"endEpochMs":1787565934499,"latencyMs":1700}
CALIPER_TX_LATENCY {"workerIndex":1,"roundIndex":3,"roundLabel":"write-tps-5","transactionId":"d39eac681bb382fc64b7589e62676b833bfb85dd4dadeaa7b1f9b74f0a08f272","status":"success","startEpochMs":1787565933598,"endEpochMs":1787565934499,"latencyMs":901}
CALIPER_TX_LATENCY {"workerIndex":2,"roundIndex":3,"roundLabel":"write-tps-5","transactionId":"19405e860164fbd834a7da5f0161a0eaa33d5effd685994cf3ab387537257a79","status":"success","startEpochMs":1787565932799,"endEpochMs":1787565934498,"latencyMs":1699}
CALIPER_TX_LATENCY {"workerIndex":0,"roundIndex":3,"roundLabel":"write-tps-5","transactionId":"cbacdd85dd52a68e00c5f24c3f40690a83f9d3d721b09d909b23178f2d1c6357","status":"success","startEpochMs":1787565933598,"endEpochMs":1787565934499,"latencyMs":901}
CALIPER_TX_LATENCY {"workerIndex":3,"roundIndex":3,"roundLabel":"write-tps-5","transactionId":"969293036bf1054880d7d6260adc1a934c2d5233176f76df1c4b0a8bc0adbdfd","status":"success","startEpochMs":1787565933597,"endEpochMs":1787565934499,"latencyMs":902}
CALIPER_TX_LATENCY {"workerIndex":0,"roundIndex":3,"roundLabel":"write-tps-5","transactionId":"64d3bd21fde52f91d906857f7d2f3ade7387b43a739c9134ca612400d6d9fb0d","status":"success","startEpochMs":1787565934398,"endEpochMs":1787565934500,"latencyMs":102}
CALIPER_TX_LATENCY {"workerIndex":2,"roundIndex":3,"roundLabel":"write-tps-5","transactionId":"190a005098daa9293321813173dca171a10c5317b8f6f3227e1c8b133e9f2e40","status":"success","startEpochMs":1787565933598,"endEpochMs":1787565934500,"latencyMs":902}
CALIPER_TX_LATENCY {"workerIndex":1,"roundIndex":3,"roundLabel":"write-tps-5","transactionId":"c1798c4671a383e593e89a386a84c248ca591b98d57106ddb4a885de3a9bcb88","status":"success","startEpochMs":1787565935999,"endEpochMs":1787565936107,"latencyMs":108}
CALIPER_TX_LATENCY {"workerIndex":2,"roundIndex":3,"roundLabel":"write-tps-5","transactionId":"b5eacc7db4d89ec42dd18b5e6241cf87c88e54788721cce384085d6dcc5b0271","status":"success","startEpochMs":1787565934399,"endEpochMs":1787565936107,"latencyMs":1708}
CALIPER_TX_LATENCY {"workerIndex":1,"roundIndex":3,"roundLabel":"write-tps-5","transactionId":"4536769a299d7ff35c4af2b41319c03e80ea7287a5eba88648eee1edec67a175","status":"success","startEpochMs":1787565935199,"endEpochMs":1787565936108,"latencyMs":909}
CALIPER_TX_LATENCY {"workerIndex":2,"roundIndex":3,"roundLabel":"write-tps-5","transactionId":"3c65d835fc6e7dd66b797e88aa07738176a9a8e017aa487d6678df7077fcdef4","status":"success","startEpochMs":1787565935999,"endEpochMs":1787565936108,"latencyMs":109}
CALIPER_TX_LATENCY {"workerIndex":3,"roundIndex":3,"roundLabel":"write-tps-5","transactionId":"37b268942b15d47866bda90d92c019ea68ed456e9dcff0af1775e7138f3356b8","status":"success","startEpochMs":1787565935999,"endEpochMs":1787565936107,"latencyMs":108}
CALIPER_TX_LATENCY {"workerIndex":0,"roundIndex":3,"roundLabel":"write-tps-5","transactionId":"eb753e73635f6ea572c77af810cc94af5367a6c19bbe5c817757f573b4c1f2a9","status":"success","startEpochMs":1787565935199,"endEpochMs":1787565936108,"latencyMs":909}
CALIPER_TX_LATENCY {"workerIndex":2,"roundIndex":3,"roundLabel":"write-tps-5","transactionId":"3fadd5fceb6955603081a6463367630b27dfeb1f97d40040314e9a4cc2e90af1","status":"success","startEpochMs":1787565935200,"endEpochMs":1787565936108,"latencyMs":908}
CALIPER_TX_LATENCY {"workerIndex":3,"roundIndex":3,"roundLabel":"write-tps-5","transactionId":"476b749951dc4906953692a6fef480afb3a5eefd62514ad06a59754637e07bf2","status":"success","startEpochMs":1787565935199,"endEpochMs":1787565936108,"latencyMs":909}
CALIPER_TX_LATENCY {"workerIndex":0,"roundIndex":3,"roundLabel":"write-tps-5","transactionId":"681648cd4d7b896c36683055a5fc1eacb83ea9cab1528caa191b70a8da22cefe","status":"success","startEpochMs":1787565935999,"endEpochMs":1787565936108,"latencyMs":109}
CALIPER_TX_LATENCY {"workerIndex":1,"roundIndex":3,"roundLabel":"write-tps-5","transactionId":"e5602c3599301b6577419f16832f4b1cb763ecb7fc97615c48cc3be648fb383e","status":"success","startEpochMs":1787565934400,"endEpochMs":1787565936108,"latencyMs":1708}
2026.08.24-15:35:37.804[32m info [39m [caliper] [default-observer] 	[write-tps-5 Round 3 Transaction Info] - Submitted: 224 Succ: 220 Fail:0 Unfinished:4
CALIPER_TX_LATENCY {"workerIndex":2,"roundIndex":3,"roundLabel":"write-tps-5","transactionId":"6522943260824f66bbd32e94c698222a4f604aa5bc447c234ea91dd43019bc1c","status":"success","startEpochMs":1787565936801,"endEpochMs":1787565938505,"latencyMs":1704}
CALIPER_TX_LATENCY {"workerIndex":0,"roundIndex":3,"roundLabel":"write-tps-5","transactionId":"05268018a62030afacea5deef90f4e18e8060f6256f4fc4805f797e34b209938","status":"success","startEpochMs":1787565936799,"endEpochMs":1787565938505,"latencyMs":1706}
CALIPER_TX_LATENCY {"workerIndex":1,"roundIndex":3,"roundLabel":"write-tps-5","transactionId":"d0dc94e45f44ccbed8ea5d02f5d81f71aa43354c0dafb8077256b34defdcbbf4","status":"success","startEpochMs":1787565936799,"endEpochMs":1787565938505,"latencyMs":1706}
CALIPER_TX_LATENCY {"workerIndex":1,"roundIndex":3,"roundLabel":"write-tps-5","transactionId":"10ff3aca84d02c4c58ea08f98922b7082d286c76117ec79b3fec66e4604260e2","status":"success","startEpochMs":1787565937599,"endEpochMs":1787565938506,"latencyMs":907}
CALIPER_TX_LATENCY {"workerIndex":0,"roundIndex":3,"roundLabel":"write-tps-5","transactionId":"cb6fddde1e180c1cc6b5922225ed3120483f555b4ce55b355287aa0fd7a6cbf8","status":"success","startEpochMs":1787565937599,"endEpochMs":1787565938506,"latencyMs":907}
CALIPER_TX_LATENCY {"workerIndex":2,"roundIndex":3,"roundLabel":"write-tps-5","transactionId":"62f6d9ce2ecf57052d8f4b0a21abcc4a57ec3df27c965780718bec51a3ba1488","status":"success","startEpochMs":1787565937599,"endEpochMs":1787565938506,"latencyMs":907}
CALIPER_TX_LATENCY {"workerIndex":3,"roundIndex":3,"roundLabel":"write-tps-5","transactionId":"9aaacb7ffaa5a4b1a6bd762b9a520f90f663833b9089fc0698a20aef216505c5","status":"success","startEpochMs":1787565936800,"endEpochMs":1787565938506,"latencyMs":1706}
CALIPER_TX_LATENCY {"workerIndex":2,"roundIndex":3,"roundLabel":"write-tps-5","transactionId":"0dbf6d32ecf2d52b80a6c5fff7c6f83d8e3ef26f02fb53d61e486bac4d51d533","status":"success","startEpochMs":1787565938399,"endEpochMs":1787565938506,"latencyMs":107}
CALIPER_TX_LATENCY {"workerIndex":3,"roundIndex":3,"roundLabel":"write-tps-5","transactionId":"f068ee6109e1ba531499e26f52dbe56d4477280525a22f09259b90f38409830e","status":"success","startEpochMs":1787565938399,"endEpochMs":1787565938507,"latencyMs":108}
CALIPER_TX_LATENCY {"workerIndex":3,"roundIndex":3,"roundLabel":"write-tps-5","transactionId":"9191c97eec7f484227f3a134da5bccb05d57a474c29687d623b6c621826c5fe6","status":"success","startEpochMs":1787565937599,"endEpochMs":1787565938507,"latencyMs":908}
2026.08.24-15:35:39.604[32m info [39m [caliper] [connectors/peer-gateway/PeerGateway] 	disconnecting gateway for user io.krishnan
2026.08.24-15:35:39.604[32m info [39m [caliper] [connectors/peer-gateway/PeerGateway] 	disconnecting gateway for user insp.rathore
2026.08.24-15:35:39.604[32m info [39m [caliper] [connectors/peer-gateway/PeerGateway] 	disconnecting gateway for user insp.singh
2026.08.24-15:35:39.604[32m info [39m [caliper] [connectors/peer-gateway/PeerGateway] 	disconnecting gateway for user const.verma
2026.08.24-15:35:39.604[32m info [39m [caliper] [connectors/peer-gateway/PeerGateway] 	disconnecting gateway for user insp.sharma
2026.08.24-15:35:39.604[32m info [39m [caliper] [connectors/peer-gateway/PeerGateway] 	disconnecting gateway for user _AuditMSP_aud.qureshi
2026.08.24-15:35:39.604[32m info [39m [caliper] [connectors/peer-gateway/PeerGateway] 	disconnecting gRpc client at peer PoliceMSP_localhost:7051
2026.08.24-15:35:39.605[32m info [39m [caliper] [connectors/peer-gateway/PeerGateway] 	disconnecting gRpc client at peer AuditMSP_localhost:11051
2026.08.24-15:35:39.605[32m info [39m [caliper] [worker-message-handler] 	Worker#2 finished Round#3
2026.08.24-15:35:39.605[32m info [39m [caliper] [connectors/peer-gateway/PeerGateway] 	disconnecting gateway for user io.krishnan
2026.08.24-15:35:39.605[32m info [39m [caliper] [connectors/peer-gateway/PeerGateway] 	disconnecting gateway for user insp.rathore
2026.08.24-15:35:39.605[32m info [39m [caliper] [connectors/peer-gateway/PeerGateway] 	disconnecting gateway for user insp.singh
2026.08.24-15:35:39.605[32m info [39m [caliper] [connectors/peer-gateway/PeerGateway] 	disconnecting gateway for user const.verma
2026.08.24-15:35:39.605[32m info [39m [caliper] [connectors/peer-gateway/PeerGateway] 	disconnecting gateway for user insp.sharma
2026.08.24-15:35:39.605[32m info [39m [caliper] [connectors/peer-gateway/PeerGateway] 	disconnecting gateway for user _AuditMSP_aud.qureshi
2026.08.24-15:35:39.606[32m info [39m [caliper] [connectors/peer-gateway/PeerGateway] 	disconnecting gRpc client at peer PoliceMSP_localhost:7051
2026.08.24-15:35:39.606[32m info [39m [caliper] [connectors/peer-gateway/PeerGateway] 	disconnecting gRpc client at peer AuditMSP_localhost:11051
2026.08.24-15:35:39.606[32m info [39m [caliper] [worker-message-handler] 	Worker#3 finished Round#3
CALIPER_TX_LATENCY {"workerIndex":1,"roundIndex":3,"roundLabel":"write-tps-5","transactionId":"3eae74ab9f6e5a5562173436d41701503491099a538840205df58b8cad81f58a","status":"success","startEpochMs":1787565938399,"endEpochMs":1787565940498,"latencyMs":2099}
CALIPER_TX_LATENCY {"workerIndex":0,"roundIndex":3,"roundLabel":"write-tps-5","transactionId":"49a722d57724c997cd05a8e741f430152bbe836cada71796c92e9a63d86ac865","status":"success","startEpochMs":1787565938399,"endEpochMs":1787565940498,"latencyMs":2099}
2026.08.24-15:35:41.528[32m info [39m [caliper] [connectors/peer-gateway/PeerGateway] 	disconnecting gateway for user io.krishnan
2026.08.24-15:35:41.528[32m info [39m [caliper] [connectors/peer-gateway/PeerGateway] 	disconnecting gateway for user insp.rathore
2026.08.24-15:35:41.529[32m info [39m [caliper] [connectors/peer-gateway/PeerGateway] 	disconnecting gateway for user insp.singh
2026.08.24-15:35:41.529[32m info [39m [caliper] [connectors/peer-gateway/PeerGateway] 	disconnecting gateway for user const.verma
2026.08.24-15:35:41.529[32m info [39m [caliper] [connectors/peer-gateway/PeerGateway] 	disconnecting gateway for user insp.sharma
2026.08.24-15:35:41.529[32m info [39m [caliper] [connectors/peer-gateway/PeerGateway] 	disconnecting gateway for user _AuditMSP_aud.qureshi
2026.08.24-15:35:41.529[32m info [39m [caliper] [connectors/peer-gateway/PeerGateway] 	disconnecting gRpc client at peer PoliceMSP_localhost:7051
2026.08.24-15:35:41.529[32m info [39m [caliper] [connectors/peer-gateway/PeerGateway] 	disconnecting gRpc client at peer AuditMSP_localhost:11051
2026.08.24-15:35:41.529[32m info [39m [caliper] [worker-message-handler] 	Worker#0 finished Round#3
2026.08.24-15:35:41.529[32m info [39m [caliper] [connectors/peer-gateway/PeerGateway] 	disconnecting gateway for user io.krishnan
2026.08.24-15:35:41.529[32m info [39m [caliper] [connectors/peer-gateway/PeerGateway] 	disconnecting gateway for user insp.rathore
2026.08.24-15:35:41.529[32m info [39m [caliper] [connectors/peer-gateway/PeerGateway] 	disconnecting gateway for user insp.singh
2026.08.24-15:35:41.529[32m info [39m [caliper] [connectors/peer-gateway/PeerGateway] 	disconnecting gateway for user const.verma
2026.08.24-15:35:41.529[32m info [39m [caliper] [connectors/peer-gateway/PeerGateway] 	disconnecting gateway for user insp.sharma
2026.08.24-15:35:41.529[32m info [39m [caliper] [connectors/peer-gateway/PeerGateway] 	disconnecting gateway for user _AuditMSP_aud.qureshi
2026.08.24-15:35:41.529[32m info [39m [caliper] [connectors/peer-gateway/PeerGateway] 	disconnecting gRpc client at peer PoliceMSP_localhost:7051
2026.08.24-15:35:41.529[32m info [39m [caliper] [connectors/peer-gateway/PeerGateway] 	disconnecting gRpc client at peer AuditMSP_localhost:11051
2026.08.24-15:35:41.529[32m info [39m [caliper] [worker-message-handler] 	Worker#1 finished Round#3
2026.08.24-15:35:46.530[32m info [39m [caliper] [default-observer] 	Resetting txCount indicator count
2026.08.24-15:35:46.530[32m info [39m [caliper] [report-builder] 	### Test result ###
2026.08.24-15:35:46.531[32m info [39m [caliper] [report-builder] 	
+-------------+------+------+-----------------+-----------------+-----------------+-----------------+------------------+
| Name        | Succ | Fail | Send Rate (TPS) | Max Latency (s) | Min Latency (s) | Avg Latency (s) | Throughput (TPS) |
|-------------|------|------|-----------------|-----------------|-----------------|-----------------|------------------|
| write-tps-5 | 232  | 0    | 5.1             | 2.10            | 0.09            | 0.92            | 4.9              |
+-------------+------+------+-----------------+-----------------+-----------------+-----------------+------------------+

2026.08.24-15:35:46.540[32m info [39m [caliper] [report-builder] 	### prometheus resource stats ###'
2026.08.24-15:35:46.541[32m info [39m [caliper] [report-builder] 	
+--------------------------------------------------+-------------------------------------------------------------------------------------------------------------------------------------------------------------------------------------------------------------------------------------------------------------------------------------------------+------------------------------------+---------+
| Metric                                           | Prometheus Query                                                                                                                                                                                                                                                                                | Name                               | Value   |
|--------------------------------------------------|-------------------------------------------------------------------------------------------------------------------------------------------------------------------------------------------------------------------------------------------------------------------------------------------------|------------------------------------|---------|
| Process resident memory (MiB, max)               | process_resident_memory_bytes{job=~"fabric-.*"}                                                                                                                                                                                                                                                 | orderer.example.com:9443           | 101     |
|--------------------------------------------------|-------------------------------------------------------------------------------------------------------------------------------------------------------------------------------------------------------------------------------------------------------------------------------------------------|------------------------------------|---------|
|                                                  |                                                                                                                                                                                                                                                                                                 | peer0.audit.example.com:9448       | 135     |
|--------------------------------------------------|-------------------------------------------------------------------------------------------------------------------------------------------------------------------------------------------------------------------------------------------------------------------------------------------------|------------------------------------|---------|
|                                                  |                                                                                                                                                                                                                                                                                                 | peer0.court.example.com:9447       | 137     |
|--------------------------------------------------|-------------------------------------------------------------------------------------------------------------------------------------------------------------------------------------------------------------------------------------------------------------------------------------------------|------------------------------------|---------|
|                                                  |                                                                                                                                                                                                                                                                                                 | peer0.forensics.example.com:9445   | 137     |
|--------------------------------------------------|-------------------------------------------------------------------------------------------------------------------------------------------------------------------------------------------------------------------------------------------------------------------------------------------------|------------------------------------|---------|
|                                                  |                                                                                                                                                                                                                                                                                                 | peer0.police.example.com:9444      | 141     |
|--------------------------------------------------|-------------------------------------------------------------------------------------------------------------------------------------------------------------------------------------------------------------------------------------------------------------------------------------------------|------------------------------------|---------|
|                                                  |                                                                                                                                                                                                                                                                                                 | peer0.prosecution.example.com:9446 | 133     |
|--------------------------------------------------|-------------------------------------------------------------------------------------------------------------------------------------------------------------------------------------------------------------------------------------------------------------------------------------------------|------------------------------------|---------|
| Process CPU rate (percent, max)                  | rate(process_cpu_seconds_total{job=~"fabric-.*"}[1m])                                                                                                                                                                                                                                           | orderer.example.com:9443           | 0.982   |
|--------------------------------------------------|-------------------------------------------------------------------------------------------------------------------------------------------------------------------------------------------------------------------------------------------------------------------------------------------------|------------------------------------|---------|
|                                                  |                                                                                                                                                                                                                                                                                                 | peer0.audit.example.com:9448       | 4.82    |
|--------------------------------------------------|-------------------------------------------------------------------------------------------------------------------------------------------------------------------------------------------------------------------------------------------------------------------------------------------------|------------------------------------|---------|
|                                                  |                                                                                                                                                                                                                                                                                                 | peer0.court.example.com:9447       | 4.78    |
|--------------------------------------------------|-------------------------------------------------------------------------------------------------------------------------------------------------------------------------------------------------------------------------------------------------------------------------------------------------|------------------------------------|---------|
|                                                  |                                                                                                                                                                                                                                                                                                 | peer0.forensics.example.com:9445   | 5.05    |
|--------------------------------------------------|-------------------------------------------------------------------------------------------------------------------------------------------------------------------------------------------------------------------------------------------------------------------------------------------------|------------------------------------|---------|
|                                                  |                                                                                                                                                                                                                                                                                                 | peer0.police.example.com:9444      | 7.60    |
|--------------------------------------------------|-------------------------------------------------------------------------------------------------------------------------------------------------------------------------------------------------------------------------------------------------------------------------------------------------|------------------------------------|---------|
|                                                  |                                                                                                                                                                                                                                                                                                 | peer0.prosecution.example.com:9446 | 4.82    |
|--------------------------------------------------|-------------------------------------------------------------------------------------------------------------------------------------------------------------------------------------------------------------------------------------------------------------------------------------------------|------------------------------------|---------|
| Crimerecords endorsement duration (seconds, avg) | sum by (instance) (rate(endorser_proposal_duration_sum{job=~"fabric-.*",channel="crimechannel",chaincode="crimerecords",success="true"}[1m])) / sum by (instance) (rate(endorser_proposal_duration_count{job=~"fabric-.*",channel="crimechannel",chaincode="crimerecords",success="true"}[1m])) | peer0.audit.example.com:9448       | 0.0102  |
|--------------------------------------------------|-------------------------------------------------------------------------------------------------------------------------------------------------------------------------------------------------------------------------------------------------------------------------------------------------|------------------------------------|---------|
|                                                  |                                                                                                                                                                                                                                                                                                 | peer0.court.example.com:9447       | 0.00978 |
|--------------------------------------------------|-------------------------------------------------------------------------------------------------------------------------------------------------------------------------------------------------------------------------------------------------------------------------------------------------|------------------------------------|---------|
|                                                  |                                                                                                                                                                                                                                                                                                 | peer0.forensics.example.com:9445   | 0.0102  |
|--------------------------------------------------|-------------------------------------------------------------------------------------------------------------------------------------------------------------------------------------------------------------------------------------------------------------------------------------------------|------------------------------------|---------|
|                                                  |                                                                                                                                                                                                                                                                                                 | peer0.police.example.com:9444      | 0.0201  |
|--------------------------------------------------|-------------------------------------------------------------------------------------------------------------------------------------------------------------------------------------------------------------------------------------------------------------------------------------------------|------------------------------------|---------|
|                                                  |                                                                                                                                                                                                                                                                                                 | peer0.prosecution.example.com:9446 | 0.00978 |
|--------------------------------------------------|-------------------------------------------------------------------------------------------------------------------------------------------------------------------------------------------------------------------------------------------------------------------------------------------------|------------------------------------|---------|
| Ledger height (blocks, max)                      | ledger_blockchain_height{job=~"fabric-.*",channel="crimechannel"}                                                                                                                                                                                                                               | orderer.example.com:9443           | 446     |
|--------------------------------------------------|-------------------------------------------------------------------------------------------------------------------------------------------------------------------------------------------------------------------------------------------------------------------------------------------------|------------------------------------|---------|
|                                                  |                                                                                                                                                                                                                                                                                                 | peer0.audit.example.com:9448       | 446     |
|--------------------------------------------------|-------------------------------------------------------------------------------------------------------------------------------------------------------------------------------------------------------------------------------------------------------------------------------------------------|------------------------------------|---------|
|                                                  |                                                                                                                                                                                                                                                                                                 | peer0.court.example.com:9447       | 446     |
|--------------------------------------------------|-------------------------------------------------------------------------------------------------------------------------------------------------------------------------------------------------------------------------------------------------------------------------------------------------|------------------------------------|---------|
|                                                  |                                                                                                                                                                                                                                                                                                 | peer0.forensics.example.com:9445   | 446     |
|--------------------------------------------------|-------------------------------------------------------------------------------------------------------------------------------------------------------------------------------------------------------------------------------------------------------------------------------------------------|------------------------------------|---------|
|                                                  |                                                                                                                                                                                                                                                                                                 | peer0.police.example.com:9444      | 446     |
|--------------------------------------------------|-------------------------------------------------------------------------------------------------------------------------------------------------------------------------------------------------------------------------------------------------------------------------------------------------|------------------------------------|---------|
|                                                  |                                                                                                                                                                                                                                                                                                 | peer0.prosecution.example.com:9446 | 446     |
+--------------------------------------------------+-------------------------------------------------------------------------------------------------------------------------------------------------------------------------------------------------------------------------------------------------------------------------------------------------+------------------------------------+---------+

2026.08.24-15:35:46.541[32m info [39m [caliper] [round-orchestrator] 	Finished round 4 (write-tps-5) in 47.728 seconds
2026.08.24-15:35:46.541[32m info [39m [caliper] [monitor.js] 	Stopping all monitors
2026.08.24-15:35:46.541[32m info [39m [caliper] [round-orchestrator] 	Waiting 5 seconds for the next round...
2026.08.24-15:35:51.541[32m info [39m [caliper] [round-orchestrator] 	Started round 5 (write-tps-10)
2026.08.24-15:35:51.541[32m info [39m [caliper] [worker-message-handler] 	Preparing Worker#0 for Round#4
2026.08.24-15:35:51.541[32m info [39m [caliper] [worker-message-handler] 	Preparing Worker#1 for Round#4
2026.08.24-15:35:51.541[32m info [39m [caliper] [worker-message-handler] 	Preparing Worker#3 for Round#4
2026.08.24-15:35:51.541[32m info [39m [caliper] [worker-message-handler] 	Preparing Worker#2 for Round#4
2026.08.24-15:35:51.543[32m info [39m [caliper] [connectors/peer-gateway/PeerGateway] 	Generating contract map for user io.krishnan
2026.08.24-15:35:51.543[32m info [39m [caliper] [connectors/peer-gateway/PeerGateway] 	Generating contract map for user io.krishnan
2026.08.24-15:35:51.543[32m info [39m [caliper] [connectors/peer-gateway/PeerGateway] 	Generating contract map for user io.krishnan
2026.08.24-15:35:51.543[32m info [39m [caliper] [connectors/peer-gateway/PeerGateway] 	Generating contract map for user io.krishnan
2026.08.24-15:35:51.543[32m info [39m [caliper] [connectors/peer-gateway/PeerGateway] 	Generating contract map for user insp.rathore
2026.08.24-15:35:51.543[32m info [39m [caliper] [connectors/peer-gateway/PeerGateway] 	Generating contract map for user insp.rathore
2026.08.24-15:35:51.543[32m info [39m [caliper] [connectors/peer-gateway/PeerGateway] 	Generating contract map for user insp.rathore
2026.08.24-15:35:51.543[32m info [39m [caliper] [connectors/peer-gateway/PeerGateway] 	Generating contract map for user insp.rathore
2026.08.24-15:35:51.543[32m info [39m [caliper] [connectors/peer-gateway/PeerGateway] 	Generating contract map for user insp.singh
2026.08.24-15:35:51.543[32m info [39m [caliper] [connectors/peer-gateway/PeerGateway] 	Generating contract map for user insp.singh
2026.08.24-15:35:51.543[32m info [39m [caliper] [connectors/peer-gateway/PeerGateway] 	Generating contract map for user insp.singh
2026.08.24-15:35:51.543[32m info [39m [caliper] [connectors/peer-gateway/PeerGateway] 	Generating contract map for user insp.singh
2026.08.24-15:35:51.543[32m info [39m [caliper] [connectors/peer-gateway/PeerGateway] 	Generating contract map for user const.verma
2026.08.24-15:35:51.543[32m info [39m [caliper] [connectors/peer-gateway/PeerGateway] 	Generating contract map for user const.verma
2026.08.24-15:35:51.543[32m info [39m [caliper] [connectors/peer-gateway/PeerGateway] 	Generating contract map for user const.verma
2026.08.24-15:35:51.543[32m info [39m [caliper] [connectors/peer-gateway/PeerGateway] 	Generating contract map for user const.verma
2026.08.24-15:35:51.543[32m info [39m [caliper] [connectors/peer-gateway/PeerGateway] 	Generating contract map for user insp.sharma
2026.08.24-15:35:51.543[32m info [39m [caliper] [connectors/peer-gateway/PeerGateway] 	Generating contract map for user insp.sharma
2026.08.24-15:35:51.543[32m info [39m [caliper] [connectors/peer-gateway/PeerGateway] 	Generating contract map for user insp.sharma
2026.08.24-15:35:51.543[32m info [39m [caliper] [connectors/peer-gateway/PeerGateway] 	Generating contract map for user insp.sharma
2026.08.24-15:35:51.544[32m info [39m [caliper] [connectors/peer-gateway/PeerGateway] 	Generating contract map for user _AuditMSP_aud.qureshi
2026.08.24-15:35:51.544[32m info [39m [caliper] [connectors/peer-gateway/PeerGateway] 	Generating contract map for user _AuditMSP_aud.qureshi
2026.08.24-15:35:51.544[32m info [39m [caliper] [connectors/peer-gateway/PeerGateway] 	Generating contract map for user _AuditMSP_aud.qureshi
2026.08.24-15:35:51.544[32m info [39m [caliper] [connectors/peer-gateway/PeerGateway] 	Generating contract map for user _AuditMSP_aud.qureshi
2026.08.24-15:35:51.544[32m info [39m [caliper] [caliper-worker] 	Info: worker 2 prepare test phase for round 4 is starting...
2026.08.24-15:35:51.544[32m info [39m [caliper] [caliper-worker] 	Info: worker 3 prepare test phase for round 4 is starting...
2026.08.24-15:35:51.544[32m info [39m [caliper] [caliper-worker] 	Info: worker 0 prepare test phase for round 4 is starting...
2026.08.24-15:35:51.544[32m info [39m [caliper] [caliper-worker] 	Info: worker 1 prepare test phase for round 4 is starting...
2026.08.24-15:35:51.545[32m info [39m [caliper] [connectors/peer-gateway/PeerGateway] 	disconnecting gateway for user io.krishnan
2026.08.24-15:35:51.545[32m info [39m [caliper] [connectors/peer-gateway/PeerGateway] 	disconnecting gateway for user io.krishnan
2026.08.24-15:35:51.546[32m info [39m [caliper] [connectors/peer-gateway/PeerGateway] 	disconnecting gateway for user insp.rathore
2026.08.24-15:35:51.546[32m info [39m [caliper] [connectors/peer-gateway/PeerGateway] 	disconnecting gateway for user insp.rathore
2026.08.24-15:35:51.546[32m info [39m [caliper] [connectors/peer-gateway/PeerGateway] 	disconnecting gateway for user insp.singh
2026.08.24-15:35:51.546[32m info [39m [caliper] [connectors/peer-gateway/PeerGateway] 	disconnecting gateway for user insp.singh
2026.08.24-15:35:51.546[32m info [39m [caliper] [connectors/peer-gateway/PeerGateway] 	disconnecting gateway for user io.krishnan
2026.08.24-15:35:51.546[32m info [39m [caliper] [connectors/peer-gateway/PeerGateway] 	disconnecting gateway for user io.krishnan
2026.08.24-15:35:51.546[32m info [39m [caliper] [connectors/peer-gateway/PeerGateway] 	disconnecting gateway for user const.verma
2026.08.24-15:35:51.546[32m info [39m [caliper] [connectors/peer-gateway/PeerGateway] 	disconnecting gateway for user const.verma
2026.08.24-15:35:51.546[32m info [39m [caliper] [connectors/peer-gateway/PeerGateway] 	disconnecting gateway for user insp.sharma
2026.08.24-15:35:51.546[32m info [39m [caliper] [connectors/peer-gateway/PeerGateway] 	disconnecting gateway for user insp.sharma
2026.08.24-15:35:51.546[32m info [39m [caliper] [connectors/peer-gateway/PeerGateway] 	disconnecting gateway for user insp.rathore
2026.08.24-15:35:51.546[32m info [39m [caliper] [connectors/peer-gateway/PeerGateway] 	disconnecting gateway for user _AuditMSP_aud.qureshi
2026.08.24-15:35:51.546[32m info [39m [caliper] [connectors/peer-gateway/PeerGateway] 	disconnecting gateway for user insp.rathore
2026.08.24-15:35:51.546[32m info [39m [caliper] [connectors/peer-gateway/PeerGateway] 	disconnecting gateway for user _AuditMSP_aud.qureshi
2026.08.24-15:35:51.546[32m info [39m [caliper] [connectors/peer-gateway/PeerGateway] 	disconnecting gRpc client at peer PoliceMSP_localhost:7051
2026.08.24-15:35:51.546[32m info [39m [caliper] [connectors/peer-gateway/PeerGateway] 	disconnecting gateway for user insp.singh
2026.08.24-15:35:51.546[32m info [39m [caliper] [connectors/peer-gateway/PeerGateway] 	disconnecting gRpc client at peer PoliceMSP_localhost:7051
2026.08.24-15:35:51.546[32m info [39m [caliper] [connectors/peer-gateway/PeerGateway] 	disconnecting gateway for user insp.singh
2026.08.24-15:35:51.546[32m info [39m [caliper] [connectors/peer-gateway/PeerGateway] 	disconnecting gateway for user const.verma
2026.08.24-15:35:51.546[32m info [39m [caliper] [connectors/peer-gateway/PeerGateway] 	disconnecting gateway for user const.verma
2026.08.24-15:35:51.546[32m info [39m [caliper] [connectors/peer-gateway/PeerGateway] 	disconnecting gRpc client at peer AuditMSP_localhost:11051
2026.08.24-15:35:51.546[32m info [39m [caliper] [connectors/peer-gateway/PeerGateway] 	disconnecting gateway for user insp.sharma
2026.08.24-15:35:51.546[32m info [39m [caliper] [connectors/peer-gateway/PeerGateway] 	disconnecting gRpc client at peer AuditMSP_localhost:11051
2026.08.24-15:35:51.546[32m info [39m [caliper] [connectors/peer-gateway/PeerGateway] 	disconnecting gateway for user insp.sharma
2026.08.24-15:35:51.546[32m info [39m [caliper] [connectors/peer-gateway/PeerGateway] 	disconnecting gateway for user _AuditMSP_aud.qureshi
2026.08.24-15:35:51.546[32m info [39m [caliper] [connectors/peer-gateway/PeerGateway] 	disconnecting gateway for user _AuditMSP_aud.qureshi
2026.08.24-15:35:51.546[32m info [39m [caliper] [caliper-worker] 	Info: worker 1 prepare test phase for round 4 is completed
2026.08.24-15:35:51.546[32m info [39m [caliper] [caliper-worker] 	Info: worker 0 prepare test phase for round 4 is completed
2026.08.24-15:35:51.546[32m info [39m [caliper] [connectors/peer-gateway/PeerGateway] 	disconnecting gRpc client at peer PoliceMSP_localhost:7051
2026.08.24-15:35:51.546[32m info [39m [caliper] [connectors/peer-gateway/PeerGateway] 	disconnecting gRpc client at peer PoliceMSP_localhost:7051
2026.08.24-15:35:51.546[32m info [39m [caliper] [worker-message-handler] 	Worker#1 prepared for Round#4
2026.08.24-15:35:51.546[32m info [39m [caliper] [worker-message-handler] 	Worker#0 prepared for Round#4
2026.08.24-15:35:51.546[32m info [39m [caliper] [connectors/peer-gateway/PeerGateway] 	disconnecting gRpc client at peer AuditMSP_localhost:11051
2026.08.24-15:35:51.546[32m info [39m [caliper] [connectors/peer-gateway/PeerGateway] 	disconnecting gRpc client at peer AuditMSP_localhost:11051
2026.08.24-15:35:51.546[32m info [39m [caliper] [caliper-worker] 	Info: worker 3 prepare test phase for round 4 is completed
2026.08.24-15:35:51.546[32m info [39m [caliper] [worker-message-handler] 	Worker#3 prepared for Round#4
2026.08.24-15:35:51.546[32m info [39m [caliper] [caliper-worker] 	Info: worker 2 prepare test phase for round 4 is completed
2026.08.24-15:35:51.546[32m info [39m [caliper] [worker-message-handler] 	Worker#2 prepared for Round#4
2026.08.24-15:35:51.546[32m info [39m [caliper] [worker-orchestrator] 	4 workers prepared, progressing to test phase.
2026.08.24-15:35:51.546[32m info [39m [caliper] [round-orchestrator] 	Monitors successfully started
2026.08.24-15:35:51.546[32m info [39m [caliper] [worker-message-handler] 	Worker#0 is starting Round#4
2026.08.24-15:35:51.546[32m info [39m [caliper] [worker-message-handler] 	Worker#1 is starting Round#4
2026.08.24-15:35:51.546[32m info [39m [caliper] [worker-message-handler] 	Worker#3 is starting Round#4
2026.08.24-15:35:51.546[32m info [39m [caliper] [worker-message-handler] 	Worker#2 is starting Round#4
2026.08.24-15:35:51.547[32m info [39m [caliper] [connectors/peer-gateway/PeerGateway] 	Generating contract map for user io.krishnan
2026.08.24-15:35:51.547[32m info [39m [caliper] [connectors/peer-gateway/PeerGateway] 	Generating contract map for user io.krishnan
2026.08.24-15:35:51.547[32m info [39m [caliper] [connectors/peer-gateway/PeerGateway] 	Generating contract map for user io.krishnan
2026.08.24-15:35:51.547[32m info [39m [caliper] [connectors/peer-gateway/PeerGateway] 	Generating contract map for user io.krishnan
2026.08.24-15:35:51.547[32m info [39m [caliper] [connectors/peer-gateway/PeerGateway] 	Generating contract map for user insp.rathore
2026.08.24-15:35:51.547[32m info [39m [caliper] [connectors/peer-gateway/PeerGateway] 	Generating contract map for user insp.rathore
2026.08.24-15:35:51.547[32m info [39m [caliper] [connectors/peer-gateway/PeerGateway] 	Generating contract map for user insp.rathore
2026.08.24-15:35:51.547[32m info [39m [caliper] [connectors/peer-gateway/PeerGateway] 	Generating contract map for user insp.rathore
2026.08.24-15:35:51.547[32m info [39m [caliper] [connectors/peer-gateway/PeerGateway] 	Generating contract map for user insp.singh
2026.08.24-15:35:51.547[32m info [39m [caliper] [connectors/peer-gateway/PeerGateway] 	Generating contract map for user insp.singh
2026.08.24-15:35:51.547[32m info [39m [caliper] [connectors/peer-gateway/PeerGateway] 	Generating contract map for user insp.singh
2026.08.24-15:35:51.547[32m info [39m [caliper] [connectors/peer-gateway/PeerGateway] 	Generating contract map for user insp.singh
2026.08.24-15:35:51.547[32m info [39m [caliper] [connectors/peer-gateway/PeerGateway] 	Generating contract map for user const.verma
2026.08.24-15:35:51.547[32m info [39m [caliper] [connectors/peer-gateway/PeerGateway] 	Generating contract map for user const.verma
2026.08.24-15:35:51.547[32m info [39m [caliper] [connectors/peer-gateway/PeerGateway] 	Generating contract map for user const.verma
2026.08.24-15:35:51.547[32m info [39m [caliper] [connectors/peer-gateway/PeerGateway] 	Generating contract map for user const.verma
2026.08.24-15:35:51.547[32m info [39m [caliper] [connectors/peer-gateway/PeerGateway] 	Generating contract map for user insp.sharma
2026.08.24-15:35:51.547[32m info [39m [caliper] [connectors/peer-gateway/PeerGateway] 	Generating contract map for user insp.sharma
2026.08.24-15:35:51.547[32m info [39m [caliper] [connectors/peer-gateway/PeerGateway] 	Generating contract map for user insp.sharma
2026.08.24-15:35:51.547[32m info [39m [caliper] [connectors/peer-gateway/PeerGateway] 	Generating contract map for user insp.sharma
2026.08.24-15:35:51.548[32m info [39m [caliper] [connectors/peer-gateway/PeerGateway] 	Generating contract map for user _AuditMSP_aud.qureshi
2026.08.24-15:35:51.548[32m info [39m [caliper] [connectors/peer-gateway/PeerGateway] 	Generating contract map for user _AuditMSP_aud.qureshi
2026.08.24-15:35:51.548[32m info [39m [caliper] [caliper-worker] 	Worker #1 starting workload loop
2026.08.24-15:35:51.548[32m info [39m [caliper] [connectors/peer-gateway/PeerGateway] 	Generating contract map for user _AuditMSP_aud.qureshi
2026.08.24-15:35:51.548[32m info [39m [caliper] [connectors/peer-gateway/PeerGateway] 	Generating contract map for user _AuditMSP_aud.qureshi
2026.08.24-15:35:51.548[32m info [39m [caliper] [caliper-worker] 	Worker #3 starting workload loop
2026.08.24-15:35:51.548[32m info [39m [caliper] [caliper-worker] 	Worker #0 starting workload loop
2026.08.24-15:35:51.548[32m info [39m [caliper] [caliper-worker] 	Worker #2 starting workload loop
CALIPER_TX_LATENCY {"workerIndex":0,"roundIndex":4,"roundLabel":"write-tps-10","transactionId":"4235ef247ef40007cd063463466a6d4c62f78706f768a14a6f6d2c00338153a2","status":"success","startEpochMs":1787565952350,"endEpochMs":1787565952426,"latencyMs":76}
CALIPER_TX_LATENCY {"workerIndex":2,"roundIndex":4,"roundLabel":"write-tps-10","transactionId":"41fae6d0d17683f16eb70d7492f0b1675a6e6d6fa0e567a7d1bfc2c3af176991","status":"success","startEpochMs":1787565951550,"endEpochMs":1787565952426,"latencyMs":876}
CALIPER_TX_LATENCY {"workerIndex":1,"roundIndex":4,"roundLabel":"write-tps-10","transactionId":"bc0215de6aa8f89404895995a770d5eaebc140e3c3af46855ed71de9b351a587","status":"success","startEpochMs":1787565951550,"endEpochMs":1787565952426,"latencyMs":876}
CALIPER_TX_LATENCY {"workerIndex":3,"roundIndex":4,"roundLabel":"write-tps-10","transactionId":"15884ad396c387efdbeea983ef5afa59d209784ca279b4ca986a7eae507e3928","status":"success","startEpochMs":1787565951550,"endEpochMs":1787565952426,"latencyMs":876}
CALIPER_TX_LATENCY {"workerIndex":0,"roundIndex":4,"roundLabel":"write-tps-10","transactionId":"a9ccfc4c44eaab9d1437f335861fdb13370bdb8c44bd5e69c271ed120739ca0f","status":"success","startEpochMs":1787565951550,"endEpochMs":1787565952426,"latencyMs":876}
CALIPER_TX_LATENCY {"workerIndex":2,"roundIndex":4,"roundLabel":"write-tps-10","transactionId":"38876867dfe3463ac6d1f0a0a40d6039a0f68bc8ac0a2bb482e66486a976d317","status":"success","startEpochMs":1787565951949,"endEpochMs":1787565952426,"latencyMs":477}
CALIPER_TX_LATENCY {"workerIndex":1,"roundIndex":4,"roundLabel":"write-tps-10","transactionId":"ac812fa4fddd20b5c9b697d5a9c9bb849fdadc985d6c56042748fde7316a16d6","status":"success","startEpochMs":1787565951949,"endEpochMs":1787565952426,"latencyMs":477}
CALIPER_TX_LATENCY {"workerIndex":3,"roundIndex":4,"roundLabel":"write-tps-10","transactionId":"9e6b7dacc286907e806340e6bd001369048fdfca27b295ff64ff9ccc12ee4dd8","status":"success","startEpochMs":1787565951949,"endEpochMs":1787565952426,"latencyMs":477}
CALIPER_TX_LATENCY {"workerIndex":0,"roundIndex":4,"roundLabel":"write-tps-10","transactionId":"3477a2cdfa9fbc8715209fcfd30a9efa0e25c018a053a00572d4fd05e27ed379","status":"success","startEpochMs":1787565951949,"endEpochMs":1787565952426,"latencyMs":477}
CALIPER_TX_LATENCY {"workerIndex":1,"roundIndex":4,"roundLabel":"write-tps-10","transactionId":"1e3dd92b89b81cdaf0b01f273c6ba852c5fbbc524c230ab3b4eace78a44ef8a2","status":"success","startEpochMs":1787565952350,"endEpochMs":1787565952426,"latencyMs":76}
CALIPER_TX_LATENCY {"workerIndex":0,"roundIndex":4,"roundLabel":"write-tps-10","transactionId":"c8c8416b6290c9c240dc1cde963d28e9dd4681af07d54e29b46ce210ba5d84a3","status":"success","startEpochMs":1787565952750,"endEpochMs":1787565953231,"latencyMs":481}
CALIPER_TX_LATENCY {"workerIndex":1,"roundIndex":4,"roundLabel":"write-tps-10","transactionId":"39b313ec912c3d46f7623ebc643938e28249f87065c2a75536e284bc7ca21640","status":"success","startEpochMs":1787565952750,"endEpochMs":1787565953231,"latencyMs":481}
CALIPER_TX_LATENCY {"workerIndex":3,"roundIndex":4,"roundLabel":"write-tps-10","transactionId":"3c3f9d31a08f452860df1d936b64b3e2d815ee48bf3c64a631686d827afd590c","status":"success","startEpochMs":1787565953149,"endEpochMs":1787565953231,"latencyMs":82}
CALIPER_TX_LATENCY {"workerIndex":0,"roundIndex":4,"roundLabel":"write-tps-10","transactionId":"91abd7e36a78b3b88d869a2fafdd5f9fa4871c2426a99b5d1860a4785b808620","status":"success","startEpochMs":1787565953149,"endEpochMs":1787565953231,"latencyMs":82}
CALIPER_TX_LATENCY {"workerIndex":2,"roundIndex":4,"roundLabel":"write-tps-10","transactionId":"bb7b1125bab7981fde947e412af65e041f294bf065ab22995c13f595fbd432e1","status":"success","startEpochMs":1787565952350,"endEpochMs":1787565953231,"latencyMs":881}
CALIPER_TX_LATENCY {"workerIndex":3,"roundIndex":4,"roundLabel":"write-tps-10","transactionId":"e49644d51875bfbbfb30a4e385edee56757bb7b94e5a27c96f72c8ff867f9b71","status":"success","startEpochMs":1787565952349,"endEpochMs":1787565953231,"latencyMs":882}
CALIPER_TX_LATENCY {"workerIndex":2,"roundIndex":4,"roundLabel":"write-tps-10","transactionId":"d2d0b06cfe9a3b62a4b5ac6aa86b099cb622f1c4502facb1d290ce664189e55a","status":"success","startEpochMs":1787565952749,"endEpochMs":1787565953231,"latencyMs":482}
CALIPER_TX_LATENCY {"workerIndex":3,"roundIndex":4,"roundLabel":"write-tps-10","transactionId":"76261b4948d8028b7d70a1ef45827e52034f6d948b3aeaf592fe66b0bf31b030","status":"success","startEpochMs":1787565952748,"endEpochMs":1787565953231,"latencyMs":483}
CALIPER_TX_LATENCY {"workerIndex":2,"roundIndex":4,"roundLabel":"write-tps-10","transactionId":"526cdb97b2279407ab83dab7d24e9bb01d8e855153367ae8aa7385516195c4da","status":"success","startEpochMs":1787565953149,"endEpochMs":1787565953232,"latencyMs":83}
CALIPER_TX_LATENCY {"workerIndex":1,"roundIndex":4,"roundLabel":"write-tps-10","transactionId":"a52e20df656d0dfdd0071fd30b1eaa7b155b787281480fc8b9ba9837f5671fef","status":"success","startEpochMs":1787565953149,"endEpochMs":1787565953232,"latencyMs":83}
CALIPER_TX_LATENCY {"workerIndex":2,"roundIndex":4,"roundLabel":"write-tps-10","transactionId":"5f41b3af0ea10f8089ee444506fc51f1fdd91d03bfdd21e778596e025e5c9500","status":"success","startEpochMs":1787565953549,"endEpochMs":1787565954431,"latencyMs":882}
CALIPER_TX_LATENCY {"workerIndex":1,"roundIndex":4,"roundLabel":"write-tps-10","transactionId":"e2b4a474456b1169811e5778886df41ad0297fea3e9e8a5e1ec8985413885de1","status":"success","startEpochMs":1787565953549,"endEpochMs":1787565954431,"latencyMs":882}
CALIPER_TX_LATENCY {"workerIndex":0,"roundIndex":4,"roundLabel":"write-tps-10","transactionId":"f7e77e8f7772f64677c910807c2fb92e8f3b03947d0e3b81807f181f86c2d650","status":"success","startEpochMs":1787565953550,"endEpochMs":1787565954431,"latencyMs":881}
CALIPER_TX_LATENCY {"workerIndex":3,"roundIndex":4,"roundLabel":"write-tps-10","transactionId":"794476c230ac173a1448af2fc87eaaf4dcbb82e479df7229acd4b3e24796fcba","status":"success","startEpochMs":1787565953550,"endEpochMs":1787565954431,"latencyMs":881}
CALIPER_TX_LATENCY {"workerIndex":2,"roundIndex":4,"roundLabel":"write-tps-10","transactionId":"8b7dc57b26fb002d16827ea395c4d8abaa85e1089b783c51d9a0d189c2bd571a","status":"success","startEpochMs":1787565953949,"endEpochMs":1787565954431,"latencyMs":482}
CALIPER_TX_LATENCY {"workerIndex":1,"roundIndex":4,"roundLabel":"write-tps-10","transactionId":"d391d2af79f29bd428a12defdc46047b9c5db46fc4b3dfd77d67850c27aa0ea1","status":"success","startEpochMs":1787565953949,"endEpochMs":1787565954431,"latencyMs":482}
CALIPER_TX_LATENCY {"workerIndex":2,"roundIndex":4,"roundLabel":"write-tps-10","transactionId":"b6d534f852faa08470613f6405f68153ba3b5861e332c1edf53a3f8ad1ae18d2","status":"success","startEpochMs":1787565954350,"endEpochMs":1787565954431,"latencyMs":81}
CALIPER_TX_LATENCY {"workerIndex":0,"roundIndex":4,"roundLabel":"write-tps-10","transactionId":"837244b8668d5f9751b679b345e9bc0f9c55712c9d9ae67431c220b9da2fb51f","status":"success","startEpochMs":1787565954350,"endEpochMs":1787565954431,"latencyMs":81}
CALIPER_TX_LATENCY {"workerIndex":3,"roundIndex":4,"roundLabel":"write-tps-10","transactionId":"6ca5571811daa8c4fb9be0333d6ea3e625d5c24fca0b83a4a8399d720e5b481f","status":"success","startEpochMs":1787565953949,"endEpochMs":1787565954431,"latencyMs":482}
CALIPER_TX_LATENCY {"workerIndex":0,"roundIndex":4,"roundLabel":"write-tps-10","transactionId":"77f7fe5945537a4407b2f66d83e70e7190a69e3ca0f79bae4f01739b20725a3d","status":"success","startEpochMs":1787565953949,"endEpochMs":1787565954432,"latencyMs":483}
CALIPER_TX_LATENCY {"workerIndex":3,"roundIndex":4,"roundLabel":"write-tps-10","transactionId":"77927eb338de1eaa7b5657a6ec14c49b6cbce625dbece66f7c75767200acae7f","status":"success","startEpochMs":1787565955148,"endEpochMs":1787565955232,"latencyMs":84}
CALIPER_TX_LATENCY {"workerIndex":1,"roundIndex":4,"roundLabel":"write-tps-10","transactionId":"58fcf77225baa163478b6e2a7f4afb316f622355053342aacac0b1529301075b","status":"success","startEpochMs":1787565955148,"endEpochMs":1787565955232,"latencyMs":84}
CALIPER_TX_LATENCY {"workerIndex":2,"roundIndex":4,"roundLabel":"write-tps-10","transactionId":"c7d202c2b0be77f8dcf380d7d0cb2a97a5da500d305d8bc9894af0e57b2489b1","status":"success","startEpochMs":1787565954749,"endEpochMs":1787565955232,"latencyMs":483}
CALIPER_TX_LATENCY {"workerIndex":0,"roundIndex":4,"roundLabel":"write-tps-10","transactionId":"61a8b0eb984b3835fc61592bdf54d7013d5f11f2288fef89b6703c4f7dedd105","status":"success","startEpochMs":1787565955148,"endEpochMs":1787565955232,"latencyMs":84}
CALIPER_TX_LATENCY {"workerIndex":3,"roundIndex":4,"roundLabel":"write-tps-10","transactionId":"6d74920eefc74dabbcf830a848747fc46cb955930f47525bf1c2339d5cad7a2f","status":"success","startEpochMs":1787565954350,"endEpochMs":1787565955232,"latencyMs":882}
CALIPER_TX_LATENCY {"workerIndex":2,"roundIndex":4,"roundLabel":"write-tps-10","transactionId":"f651e7dcac4eb75fa315bb34e671baa72ce7a5bd29b8ca2cad44b9e8861c1117","status":"success","startEpochMs":1787565955149,"endEpochMs":1787565955232,"latencyMs":83}
CALIPER_TX_LATENCY {"workerIndex":1,"roundIndex":4,"roundLabel":"write-tps-10","transactionId":"118722c7257f70407833a0742eb0a55ea6752e89020e9f4f3e67fe6a20a31373","status":"success","startEpochMs":1787565954350,"endEpochMs":1787565955232,"latencyMs":882}
CALIPER_TX_LATENCY {"workerIndex":0,"roundIndex":4,"roundLabel":"write-tps-10","transactionId":"5a19d05a61b25275317d9804257387805a4678b1630ce7e3caf7c89244bdc3f1","status":"success","startEpochMs":1787565954749,"endEpochMs":1787565955232,"latencyMs":483}
CALIPER_TX_LATENCY {"workerIndex":3,"roundIndex":4,"roundLabel":"write-tps-10","transactionId":"f59cecb1b0fa344b060c5982a616a74c093eb3e59ae37b0ab7a358a9a3919137","status":"success","startEpochMs":1787565954749,"endEpochMs":1787565955233,"latencyMs":484}
CALIPER_TX_LATENCY {"workerIndex":1,"roundIndex":4,"roundLabel":"write-tps-10","transactionId":"36090f78c9b6fe275ba4afb62ed1dd08c94129148c2f0b846f85ae6442b2fd9e","status":"success","startEpochMs":1787565954749,"endEpochMs":1787565955233,"latencyMs":484}
CALIPER_TX_LATENCY {"workerIndex":3,"roundIndex":4,"roundLabel":"write-tps-10","transactionId":"036bec468629b42c8b68bbee2a334d95437728127a4f1f8157195dd7646e83f1","status":"success","startEpochMs":1787565955549,"endEpochMs":1787565956427,"latencyMs":878}
CALIPER_TX_LATENCY {"workerIndex":1,"roundIndex":4,"roundLabel":"write-tps-10","transactionId":"90eac5cd1d2112cdefd12d293fe5da12f894b2f5fc73d40e6a299309f356a1f2","status":"success","startEpochMs":1787565955549,"endEpochMs":1787565956427,"latencyMs":878}
CALIPER_TX_LATENCY {"workerIndex":3,"roundIndex":4,"roundLabel":"write-tps-10","transactionId":"59e899196c3f5530c6a109ffc4bb1df072967942dde8b7b16e06295567b88f90","status":"success","startEpochMs":1787565955949,"endEpochMs":1787565956427,"latencyMs":478}
CALIPER_TX_LATENCY {"workerIndex":2,"roundIndex":4,"roundLabel":"write-tps-10","transactionId":"a2641b02c1ed2698cc30da5e7d850adc96635ae23520e9b328ffa30e45f0891d","status":"success","startEpochMs":1787565956350,"endEpochMs":1787565956427,"latencyMs":77}
CALIPER_TX_LATENCY {"workerIndex":1,"roundIndex":4,"roundLabel":"write-tps-10","transactionId":"98d03e8560fe0040cb470bb25a5182b58af5d8adeed9505a6f111f1e381f00cd","status":"success","startEpochMs":1787565955949,"endEpochMs":1787565956427,"latencyMs":478}
CALIPER_TX_LATENCY {"workerIndex":0,"roundIndex":4,"roundLabel":"write-tps-10","transactionId":"9620abbfc079f32a2f237a6e8fe3a11bb95bdd06ec20026054d89a47acf1878f","status":"success","startEpochMs":1787565955550,"endEpochMs":1787565956427,"latencyMs":877}
CALIPER_TX_LATENCY {"workerIndex":0,"roundIndex":4,"roundLabel":"write-tps-10","transactionId":"a5ee15ebf6f5c2b6a082f451716424fb98fbcc51cf6102633cd837e682bd3c5b","status":"success","startEpochMs":1787565955949,"endEpochMs":1787565956428,"latencyMs":479}
CALIPER_TX_LATENCY {"workerIndex":2,"roundIndex":4,"roundLabel":"write-tps-10","transactionId":"e7d9527af078c27b3eaa3852c1b35e0f49c143f0821df573c9f8d689ca1f855a","status":"success","startEpochMs":1787565955550,"endEpochMs":1787565956428,"latencyMs":878}
CALIPER_TX_LATENCY {"workerIndex":0,"roundIndex":4,"roundLabel":"write-tps-10","transactionId":"6a29bde32fb45081a91eea89693fe4b8b6ca8e3a6b339bffd295fccfb186c6a8","status":"success","startEpochMs":1787565956350,"endEpochMs":1787565956428,"latencyMs":78}
CALIPER_TX_LATENCY {"workerIndex":2,"roundIndex":4,"roundLabel":"write-tps-10","transactionId":"8e636344b4a551178d6b3eebf98619e02af634f53cf278738f92746fa38d5e29","status":"success","startEpochMs":1787565955949,"endEpochMs":1787565956428,"latencyMs":479}
2026.08.24-15:35:56.547[32m info [39m [caliper] [default-observer] 	[write-tps-10 Round 4 Transaction Info] - Submitted: 44 Succ: 40 Fail:0 Unfinished:4
CALIPER_TX_LATENCY {"workerIndex":3,"roundIndex":4,"roundLabel":"write-tps-10","transactionId":"d7ee7862244de8f33609f0eac5e018564f608f220164689fcaa0b79fb784601a","status":"success","startEpochMs":1787565956350,"endEpochMs":1787565957224,"latencyMs":874}
CALIPER_TX_LATENCY {"workerIndex":1,"roundIndex":4,"roundLabel":"write-tps-10","transactionId":"9864e8930e6597b5fec2fbbb6033aede98195e96bf447812e27b90054bb8155b","status":"success","startEpochMs":1787565957149,"endEpochMs":1787565957224,"latencyMs":75}
CALIPER_TX_LATENCY {"workerIndex":2,"roundIndex":4,"roundLabel":"write-tps-10","transactionId":"9ddd20e046bf821a474e2d2dfcd0c02d0c19cb8e47e3eac4cff14cb42cae39b0","status":"success","startEpochMs":1787565957150,"endEpochMs":1787565957224,"latencyMs":74}
CALIPER_TX_LATENCY {"workerIndex":0,"roundIndex":4,"roundLabel":"write-tps-10","transactionId":"e22d3de767bd684f81fa6f6065088c6d30736bcb5e2e07a08666226878c7de85","status":"success","startEpochMs":1787565956750,"endEpochMs":1787565957224,"latencyMs":474}
CALIPER_TX_LATENCY {"workerIndex":1,"roundIndex":4,"roundLabel":"write-tps-10","transactionId":"f0a1b88095be6abc07f66bd53e2509adf5e2691b6a6a18c958ce56cf0c84d53d","status":"success","startEpochMs":1787565956350,"endEpochMs":1787565957225,"latencyMs":875}
CALIPER_TX_LATENCY {"workerIndex":2,"roundIndex":4,"roundLabel":"write-tps-10","transactionId":"a1189f6cd3644ceb9c1ba8fdeb809d895486d5dd98a70eb2af2539152257bb4d","status":"success","startEpochMs":1787565956750,"endEpochMs":1787565957225,"latencyMs":475}
CALIPER_TX_LATENCY {"workerIndex":3,"roundIndex":4,"roundLabel":"write-tps-10","transactionId":"936a55e87559266f0633611e7e2d2ff28ba9e5b59d5e582495abc1e9b8cd3830","status":"success","startEpochMs":1787565957149,"endEpochMs":1787565957225,"latencyMs":76}
CALIPER_TX_LATENCY {"workerIndex":0,"roundIndex":4,"roundLabel":"write-tps-10","transactionId":"1758f163f4c6f7589610ed58acf1848a96bf3ed98a7ffcfeef9ec5bd7155d465","status":"success","startEpochMs":1787565957149,"endEpochMs":1787565957225,"latencyMs":76}
CALIPER_TX_LATENCY {"workerIndex":1,"roundIndex":4,"roundLabel":"write-tps-10","transactionId":"e3314d6a154037af9bc1da56cd9266c43e63faca72228601610d4c306498cb12","status":"success","startEpochMs":1787565956750,"endEpochMs":1787565957225,"latencyMs":475}
CALIPER_TX_LATENCY {"workerIndex":3,"roundIndex":4,"roundLabel":"write-tps-10","transactionId":"1f6f838fcbf2b381d8ee727a88a890f5f97149527c88fa77a45be0e8f6766959","status":"success","startEpochMs":1787565956750,"endEpochMs":1787565957225,"latencyMs":475}
CALIPER_TX_LATENCY {"workerIndex":3,"roundIndex":4,"roundLabel":"write-tps-10","transactionId":"00fd6497a041770aa4d15c9be946ede4bc0ca73ad1488e3220a45ff3c912065a","status":"success","startEpochMs":1787565958349,"endEpochMs":1787565958430,"latencyMs":81}
CALIPER_TX_LATENCY {"workerIndex":0,"roundIndex":4,"roundLabel":"write-tps-10","transactionId":"fee618e772120e89d9d1e3056c7447b076b4bb94796929f0a7364b5812b186ba","status":"success","startEpochMs":1787565957949,"endEpochMs":1787565958430,"latencyMs":481}
CALIPER_TX_LATENCY {"workerIndex":2,"roundIndex":4,"roundLabel":"write-tps-10","transactionId":"4b123715a0fd9c483886e8202097dfa3d95ef3e8e5fc8d0769f4140029f38056","status":"success","startEpochMs":1787565957549,"endEpochMs":1787565958430,"latencyMs":881}
CALIPER_TX_LATENCY {"workerIndex":1,"roundIndex":4,"roundLabel":"write-tps-10","transactionId":"171f8f559bf04e21f7b3c003dd3ef76a83aaf720191749ff6d5fd2edcebfc53e","status":"success","startEpochMs":1787565957948,"endEpochMs":1787565958430,"latencyMs":482}
CALIPER_TX_LATENCY {"workerIndex":3,"roundIndex":4,"roundLabel":"write-tps-10","transactionId":"f8dd3b8ab53040956c74c93e1b09a9e110f2d4f2fb5502a9cffe2c6685329270","status":"success","startEpochMs":1787565957549,"endEpochMs":1787565958431,"latencyMs":882}
CALIPER_TX_LATENCY {"workerIndex":2,"roundIndex":4,"roundLabel":"write-tps-10","transactionId":"73333f52e1be770acf7e09c5d313523ec71989d2c134dcf0165006768739e8e4","status":"success","startEpochMs":1787565957948,"endEpochMs":1787565958431,"latencyMs":483}
CALIPER_TX_LATENCY {"workerIndex":0,"roundIndex":4,"roundLabel":"write-tps-10","transactionId":"e806a98a5bf9053a5639aed39d6044dfd45fe324d3a6cecf0e24e3db6664df37","status":"success","startEpochMs":1787565957548,"endEpochMs":1787565958431,"latencyMs":883}
CALIPER_TX_LATENCY {"workerIndex":3,"roundIndex":4,"roundLabel":"write-tps-10","transactionId":"ea4bfa0a1348dcac4c6c7f5526eab0269c7d8687ef3ab2fd3ddd84588309ef71","status":"success","startEpochMs":1787565957948,"endEpochMs":1787565958431,"latencyMs":483}
CALIPER_TX_LATENCY {"workerIndex":1,"roundIndex":4,"roundLabel":"write-tps-10","transactionId":"66718e1acb0d039159e929a1f285373019ca9807bd99aa5e555a312b782a8692","status":"success","startEpochMs":1787565957549,"endEpochMs":1787565958431,"latencyMs":882}
CALIPER_TX_LATENCY {"workerIndex":2,"roundIndex":4,"roundLabel":"write-tps-10","transactionId":"e240ee678e618053c0b277c1094fc0999f48b485f4f6cfd7086f19594710f427","status":"success","startEpochMs":1787565958349,"endEpochMs":1787565958431,"latencyMs":82}
CALIPER_TX_LATENCY {"workerIndex":2,"roundIndex":4,"roundLabel":"write-tps-10","transactionId":"218b64bed0a0165cafc1ce0ddacff97be64df0da11bd5b33adcfb54c78c73a12","status":"success","startEpochMs":1787565959149,"endEpochMs":1787565959228,"latencyMs":79}
CALIPER_TX_LATENCY {"workerIndex":3,"roundIndex":4,"roundLabel":"write-tps-10","transactionId":"4a674f5e44bd9fb011f1cd4d2ea53341e84faa78fd2d7907528264b64b5377cd","status":"success","startEpochMs":1787565959149,"endEpochMs":1787565959228,"latencyMs":79}
CALIPER_TX_LATENCY {"workerIndex":1,"roundIndex":4,"roundLabel":"write-tps-10","transactionId":"b89dc5686d8b4b58cdf722f3959ed8f5b4de44a66f10a8f3c1756b45413d35e4","status":"success","startEpochMs":1787565959150,"endEpochMs":1787565959228,"latencyMs":78}
CALIPER_TX_LATENCY {"workerIndex":0,"roundIndex":4,"roundLabel":"write-tps-10","transactionId":"e8363b326ee77917b204aebdde2ded5db4dabf72f60e5b1ce3272af0de9ff75c","status":"success","startEpochMs":1787565958748,"endEpochMs":1787565959228,"latencyMs":480}
CALIPER_TX_LATENCY {"workerIndex":2,"roundIndex":4,"roundLabel":"write-tps-10","transactionId":"de62427c9e4ea80f6da0872b3141ff0295aff5373606feea0d6a700ce9997891","status":"success","startEpochMs":1787565958750,"endEpochMs":1787565959229,"latencyMs":479}
CALIPER_TX_LATENCY {"workerIndex":3,"roundIndex":4,"roundLabel":"write-tps-10","transactionId":"0b9d22a4a1da49ab7c06bf32ac5c2da19723ab383902fafecc6b96d6e03ca65d","status":"success","startEpochMs":1787565958748,"endEpochMs":1787565959229,"latencyMs":481}
CALIPER_TX_LATENCY {"workerIndex":1,"roundIndex":4,"roundLabel":"write-tps-10","transactionId":"ab29de12c09f9f55b28dbf48c88aeb7c289be7f6b98468751336873d95af8644","status":"success","startEpochMs":1787565958349,"endEpochMs":1787565959229,"latencyMs":880}
CALIPER_TX_LATENCY {"workerIndex":0,"roundIndex":4,"roundLabel":"write-tps-10","transactionId":"c29a056b3f9140615fdd25b6d4900b76fe9ad0280b42ed5a476fbcde75556e65","status":"success","startEpochMs":1787565959149,"endEpochMs":1787565959229,"latencyMs":80}
CALIPER_TX_LATENCY {"workerIndex":0,"roundIndex":4,"roundLabel":"write-tps-10","transactionId":"432a82eb2bd35bec9f953901b08f858aea4197ed8663bf5de3998b724cee6594","status":"success","startEpochMs":1787565958349,"endEpochMs":1787565959229,"latencyMs":880}
CALIPER_TX_LATENCY {"workerIndex":1,"roundIndex":4,"roundLabel":"write-tps-10","transactionId":"96423c9967015e978975e522374c32c635faa03b11a6266d7590afd15a4b575f","status":"success","startEpochMs":1787565958750,"endEpochMs":1787565959229,"latencyMs":479}
CALIPER_TX_LATENCY {"workerIndex":3,"roundIndex":4,"roundLabel":"write-tps-10","transactionId":"eb46e0d2b52f699bbfc30216af6d322efd8709dd77d8ccfc02d15dec5d5f7257","status":"success","startEpochMs":1787565960350,"endEpochMs":1787565960427,"latencyMs":77}
CALIPER_TX_LATENCY {"workerIndex":0,"roundIndex":4,"roundLabel":"write-tps-10","transactionId":"62b913a42835d848fde28684699517b0cef4561dc8edbec53633f89b0afeed55","status":"success","startEpochMs":1787565959549,"endEpochMs":1787565960427,"latencyMs":878}
CALIPER_TX_LATENCY {"workerIndex":2,"roundIndex":4,"roundLabel":"write-tps-10","transactionId":"1280bdd389aeb0fd815731ad84cb579cf905fc139caeac80d7a79888435d657d","status":"success","startEpochMs":1787565959549,"endEpochMs":1787565960427,"latencyMs":878}
CALIPER_TX_LATENCY {"workerIndex":1,"roundIndex":4,"roundLabel":"write-tps-10","transactionId":"25eeff497f8e3337fde07f18cb8af747f5e2a292a06e990d99813a4fc1c9269c","status":"success","startEpochMs":1787565959549,"endEpochMs":1787565960427,"latencyMs":878}
CALIPER_TX_LATENCY {"workerIndex":3,"roundIndex":4,"roundLabel":"write-tps-10","transactionId":"dd4aa4cd8589af232fb4864631fb0c975113a12bb0fdc6ff108bd73bbacf3318","status":"success","startEpochMs":1787565959549,"endEpochMs":1787565960427,"latencyMs":878}
CALIPER_TX_LATENCY {"workerIndex":0,"roundIndex":4,"roundLabel":"write-tps-10","transactionId":"d21b7a5c6f2e3644e7ade9e9d78cec1880e637398d2ce304a96499db1a7e28bd","status":"success","startEpochMs":1787565959949,"endEpochMs":1787565960427,"latencyMs":478}
CALIPER_TX_LATENCY {"workerIndex":2,"roundIndex":4,"roundLabel":"write-tps-10","transactionId":"5d76342a2960698a9623305dc804db3640e3c6acdd1db36f9cb82bdc8850ac53","status":"success","startEpochMs":1787565959949,"endEpochMs":1787565960427,"latencyMs":478}
CALIPER_TX_LATENCY {"workerIndex":3,"roundIndex":4,"roundLabel":"write-tps-10","transactionId":"cae57b02d3eafbbabd21687d0ca7a6b04cd0b3905c5eb409f202585f3e312c5d","status":"success","startEpochMs":1787565959949,"endEpochMs":1787565960427,"latencyMs":478}
CALIPER_TX_LATENCY {"workerIndex":0,"roundIndex":4,"roundLabel":"write-tps-10","transactionId":"1009be9bb17ff505f879189d76c95a09082c6680939ef55cf45ba170fbd35b84","status":"success","startEpochMs":1787565960350,"endEpochMs":1787565960427,"latencyMs":77}
CALIPER_TX_LATENCY {"workerIndex":1,"roundIndex":4,"roundLabel":"write-tps-10","transactionId":"9c6a4c924470311c0bbc23a9204cba8e7665a25215d89b3a9c8e0cfb3f9bcd8b","status":"success","startEpochMs":1787565959949,"endEpochMs":1787565960427,"latencyMs":478}
CALIPER_TX_LATENCY {"workerIndex":2,"roundIndex":4,"roundLabel":"write-tps-10","transactionId":"97658a9b88d15c459cfd6ba83d265a6285482b835f83146f4087de4267b70ebf","status":"success","startEpochMs":1787565961150,"endEpochMs":1787565961250,"latencyMs":100}
CALIPER_TX_LATENCY {"workerIndex":0,"roundIndex":4,"roundLabel":"write-tps-10","transactionId":"92a6d688c025f2d7baac1782d25046e7ebccc34da2a353749cc8d3be174239a3","status":"success","startEpochMs":1787565961150,"endEpochMs":1787565961250,"latencyMs":100}
CALIPER_TX_LATENCY {"workerIndex":1,"roundIndex":4,"roundLabel":"write-tps-10","transactionId":"846cb4f3633fc2867deeae85eaa572e09d8e552d4fa939412a998cc6a33ba457","status":"success","startEpochMs":1787565960350,"endEpochMs":1787565961250,"latencyMs":900}
CALIPER_TX_LATENCY {"workerIndex":3,"roundIndex":4,"roundLabel":"write-tps-10","transactionId":"061d8ef8579c7767f213954d41bd648e72b9cbea0780186b098d0c85fae947ee","status":"success","startEpochMs":1787565961150,"endEpochMs":1787565961250,"latencyMs":100}
CALIPER_TX_LATENCY {"workerIndex":0,"roundIndex":4,"roundLabel":"write-tps-10","transactionId":"b2aae1abcb2f7e62a158f4ac274b9f074106988814cae9b965eb30cdd417d7bf","status":"success","startEpochMs":1787565960750,"endEpochMs":1787565961253,"latencyMs":503}
CALIPER_TX_LATENCY {"workerIndex":1,"roundIndex":4,"roundLabel":"write-tps-10","transactionId":"1960c8cca841d1716a91fb2126dc925add9a8d4da96ab318b3c8837790fb9c29","status":"success","startEpochMs":1787565960750,"endEpochMs":1787565961253,"latencyMs":503}
CALIPER_TX_LATENCY {"workerIndex":3,"roundIndex":4,"roundLabel":"write-tps-10","transactionId":"fb4e585f0bc1e34dd926c425177ae083c4a9acf24ade3dd7397afb30806f9d08","status":"success","startEpochMs":1787565960750,"endEpochMs":1787565961253,"latencyMs":503}
CALIPER_TX_LATENCY {"workerIndex":2,"roundIndex":4,"roundLabel":"write-tps-10","transactionId":"8038ce7cfb2e186a7ab891fccda5800e38727c2036f9d1163cefe22c8c897bb8","status":"success","startEpochMs":1787565960349,"endEpochMs":1787565961252,"latencyMs":903}
CALIPER_TX_LATENCY {"workerIndex":1,"roundIndex":4,"roundLabel":"write-tps-10","transactionId":"32754bf376a768cace6ad77bfc765ff510ceda9fa6ada911eb5cc63369d40d2d","status":"success","startEpochMs":1787565961150,"endEpochMs":1787565961254,"latencyMs":104}
CALIPER_TX_LATENCY {"workerIndex":2,"roundIndex":4,"roundLabel":"write-tps-10","transactionId":"21f89c4ea06d1fa011044cb6d8adc7b3eab82dcccfd0d4934e600e5cf83a8122","status":"success","startEpochMs":1787565960750,"endEpochMs":1787565961254,"latencyMs":504}
2026.08.24-15:36:01.549[32m info [39m [caliper] [default-observer] 	[write-tps-10 Round 4 Transaction Info] - Submitted: 92 Succ: 90 Fail:0 Unfinished:2
CALIPER_TX_LATENCY {"workerIndex":1,"roundIndex":4,"roundLabel":"write-tps-10","transactionId":"8fc42a9e3db3c3def2eafeb4e0df97682f0d9bd537ab590a6bde922c3c05ec71","status":"success","startEpochMs":1787565961950,"endEpochMs":1787565962461,"latencyMs":511}
CALIPER_TX_LATENCY {"workerIndex":0,"roundIndex":4,"roundLabel":"write-tps-10","transactionId":"1ece732262cd6834090c60730c2b40b3447155565d90a6e9f335d1640a535e28","status":"success","startEpochMs":1787565961949,"endEpochMs":1787565962462,"latencyMs":513}
CALIPER_TX_LATENCY {"workerIndex":2,"roundIndex":4,"roundLabel":"write-tps-10","transactionId":"3e811ed325f133042e144a8d8c1b65f98639f81606659d29ce5b944dc70f198e","status":"success","startEpochMs":1787565961949,"endEpochMs":1787565962461,"latencyMs":512}
CALIPER_TX_LATENCY {"workerIndex":3,"roundIndex":4,"roundLabel":"write-tps-10","transactionId":"1b83a540643dd1e063045f1b6508af9ca38fafd76a04816056ba5e451f634035","status":"success","startEpochMs":1787565961550,"endEpochMs":1787565962462,"latencyMs":912}
CALIPER_TX_LATENCY {"workerIndex":1,"roundIndex":4,"roundLabel":"write-tps-10","transactionId":"665d6eeb9d42d0fb092db3fdbe28bb4ec3ad01bdc74dd31cbc037749d5e49cc3","status":"success","startEpochMs":1787565961551,"endEpochMs":1787565962463,"latencyMs":912}
CALIPER_TX_LATENCY {"workerIndex":0,"roundIndex":4,"roundLabel":"write-tps-10","transactionId":"e6aaf9ee47b32e207298cb5ab086514d333cac6904306339ffe4db37e9b210bf","status":"success","startEpochMs":1787565962350,"endEpochMs":1787565962463,"latencyMs":113}
CALIPER_TX_LATENCY {"workerIndex":3,"roundIndex":4,"roundLabel":"write-tps-10","transactionId":"230515912d0c2e615d1d7d4c3f08f62575114c4ac8bbf6d1a5a3503349b4ff87","status":"success","startEpochMs":1787565961950,"endEpochMs":1787565962463,"latencyMs":513}
CALIPER_TX_LATENCY {"workerIndex":2,"roundIndex":4,"roundLabel":"write-tps-10","transactionId":"47915037c38ec4022b12be9636c85b58d07c115b69c275aa816e5b4f0b6fe08a","status":"success","startEpochMs":1787565962350,"endEpochMs":1787565962463,"latencyMs":113}
CALIPER_TX_LATENCY {"workerIndex":2,"roundIndex":4,"roundLabel":"write-tps-10","transactionId":"05e5583241b98a4cc83746bb6b006a6513cb0bbb2922325f8fcb3a48fad80659","status":"success","startEpochMs":1787565961551,"endEpochMs":1787565962464,"latencyMs":913}
CALIPER_TX_LATENCY {"workerIndex":0,"roundIndex":4,"roundLabel":"write-tps-10","transactionId":"0416f0bdc585c025310c9c1970c7ad5cff2678f57d4395d84286146e5a866526","status":"success","startEpochMs":1787565961550,"endEpochMs":1787565962464,"latencyMs":914}
CALIPER_TX_LATENCY {"workerIndex":1,"roundIndex":4,"roundLabel":"write-tps-10","transactionId":"dde78c3225e675ca06a7425693bf505db4f62e685ea4f1491ca40e4b1be62994","status":"success","startEpochMs":1787565962350,"endEpochMs":1787565963255,"latencyMs":905}
CALIPER_TX_LATENCY {"workerIndex":0,"roundIndex":4,"roundLabel":"write-tps-10","transactionId":"315ed2cbb27dec2524f7251be3c715b60ece4370d7dfae11acb02b1652612825","status":"success","startEpochMs":1787565962750,"endEpochMs":1787565963255,"latencyMs":505}
CALIPER_TX_LATENCY {"workerIndex":0,"roundIndex":4,"roundLabel":"write-tps-10","transactionId":"9a108a85f35f83f567e2410540a0a1394c52edc23f7448010e45e31eaad9f52b","status":"success","startEpochMs":1787565963149,"endEpochMs":1787565963256,"latencyMs":107}
CALIPER_TX_LATENCY {"workerIndex":1,"roundIndex":4,"roundLabel":"write-tps-10","transactionId":"921caba2f18ddd304f597ced0cbfa9bf43f4466181668d3b7899a71b41f9ed77","status":"success","startEpochMs":1787565962750,"endEpochMs":1787565963256,"latencyMs":506}
CALIPER_TX_LATENCY {"workerIndex":1,"roundIndex":4,"roundLabel":"write-tps-10","transactionId":"1b1c068c5e33ed922fcc8d2c7180084022c4a00659d5ff2df9efe0b8a15bf423","status":"success","startEpochMs":1787565963149,"endEpochMs":1787565963256,"latencyMs":107}
CALIPER_TX_LATENCY {"workerIndex":3,"roundIndex":4,"roundLabel":"write-tps-10","transactionId":"80886f1ccbe534e288457aa21211149ef41d6d2a57fb02e4b60a5a49cb332435","status":"success","startEpochMs":1787565963149,"endEpochMs":1787565963257,"latencyMs":108}
CALIPER_TX_LATENCY {"workerIndex":2,"roundIndex":4,"roundLabel":"write-tps-10","transactionId":"5c2493a5815686281800de2dc7d045f2715848c69c98b87f7dd93107bb92f716","status":"success","startEpochMs":1787565962750,"endEpochMs":1787565963255,"latencyMs":505}
CALIPER_TX_LATENCY {"workerIndex":3,"roundIndex":4,"roundLabel":"write-tps-10","transactionId":"9e335515f06689cd009f3a5c648883436982889ce4ebe7340ca8a14c94122cfe","status":"success","startEpochMs":1787565962350,"endEpochMs":1787565963257,"latencyMs":907}
CALIPER_TX_LATENCY {"workerIndex":2,"roundIndex":4,"roundLabel":"write-tps-10","transactionId":"bd255fbd4f381231ff72b2ee578185d554f497f328061658bcb0254e9ce5bc36","status":"success","startEpochMs":1787565963149,"endEpochMs":1787565963257,"latencyMs":108}
CALIPER_TX_LATENCY {"workerIndex":3,"roundIndex":4,"roundLabel":"write-tps-10","transactionId":"9fa352581073f670878df5ed2363f3080ae1564209e318227733f2f1c3478b59","status":"success","startEpochMs":1787565962750,"endEpochMs":1787565963258,"latencyMs":508}
CALIPER_TX_LATENCY {"workerIndex":1,"roundIndex":4,"roundLabel":"write-tps-10","transactionId":"aed009551654ce103a2d2cd413d357651ae73ec7bb8e9ee82f6fa483fbe5f4ea","status":"success","startEpochMs":1787565963950,"endEpochMs":1787565964459,"latencyMs":509}
CALIPER_TX_LATENCY {"workerIndex":2,"roundIndex":4,"roundLabel":"write-tps-10","transactionId":"df760811be3b8e9f60628beed7868c6fe389ffd61f7668cdac4afee1655898c3","status":"success","startEpochMs":1787565964350,"endEpochMs":1787565964459,"latencyMs":109}
CALIPER_TX_LATENCY {"workerIndex":0,"roundIndex":4,"roundLabel":"write-tps-10","transactionId":"24db4a321c5a6c55b789900858d8e49a9c5cacafa809f02c71dd6a223a30565a","status":"success","startEpochMs":1787565963550,"endEpochMs":1787565964459,"latencyMs":909}
CALIPER_TX_LATENCY {"workerIndex":3,"roundIndex":4,"roundLabel":"write-tps-10","transactionId":"b1a1900503159be54f586b0e93355788a52c2b2c1a230b0fd178d527814865b8","status":"success","startEpochMs":1787565963950,"endEpochMs":1787565964459,"latencyMs":509}
CALIPER_TX_LATENCY {"workerIndex":2,"roundIndex":4,"roundLabel":"write-tps-10","transactionId":"f70927514bbda43936fe25abbd1bcd1478927be06eb890173d8923bcdf443d12","status":"success","startEpochMs":1787565963548,"endEpochMs":1787565964460,"latencyMs":912}
CALIPER_TX_LATENCY {"workerIndex":0,"roundIndex":4,"roundLabel":"write-tps-10","transactionId":"de5a5427799364a7109c953ba060d90e316f459ac1984afb4332069e8215637a","status":"success","startEpochMs":1787565963950,"endEpochMs":1787565964460,"latencyMs":510}
CALIPER_TX_LATENCY {"workerIndex":3,"roundIndex":4,"roundLabel":"write-tps-10","transactionId":"9b3bc5f9d42dbeb9987dc3ed1e91a7d8036d45dfa4d6fbd49de973d808749da4","status":"success","startEpochMs":1787565963549,"endEpochMs":1787565964461,"latencyMs":912}
CALIPER_TX_LATENCY {"workerIndex":2,"roundIndex":4,"roundLabel":"write-tps-10","transactionId":"969361058da2eb2da371589d9089ec7459fc620783abf9ae2189488b3d49658b","status":"success","startEpochMs":1787565963950,"endEpochMs":1787565964462,"latencyMs":512}
CALIPER_TX_LATENCY {"workerIndex":1,"roundIndex":4,"roundLabel":"write-tps-10","transactionId":"9bfaff98a80dc1f97a9965168a91fd9e44dcdf02ebe31abf59f898b2fdd91fb5","status":"success","startEpochMs":1787565963552,"endEpochMs":1787565964462,"latencyMs":910}
CALIPER_TX_LATENCY {"workerIndex":1,"roundIndex":4,"roundLabel":"write-tps-10","transactionId":"612c517208d6412f4528474d0fa21e348eb6bddfdb8723f751207a81f8ee5f66","status":"success","startEpochMs":1787565964350,"endEpochMs":1787565964462,"latencyMs":112}
CALIPER_TX_LATENCY {"workerIndex":1,"roundIndex":4,"roundLabel":"write-tps-10","transactionId":"9218d8cbc28d05b73c0fb204f445e40ba42b40749ea0c457e4c16efc349190fc","status":"success","startEpochMs":1787565965151,"endEpochMs":1787565965252,"latencyMs":101}
CALIPER_TX_LATENCY {"workerIndex":2,"roundIndex":4,"roundLabel":"write-tps-10","transactionId":"6721ba82e5a5f8b46f503cc18d44aa0159ef5e6aa6080a606228cb0f9a3d2bbb","status":"success","startEpochMs":1787565965151,"endEpochMs":1787565965252,"latencyMs":101}
CALIPER_TX_LATENCY {"workerIndex":2,"roundIndex":4,"roundLabel":"write-tps-10","transactionId":"fa05724bfa79bda47734ff97b8e58b6351710217820c6868253a0a84cf14ccfc","status":"success","startEpochMs":1787565964749,"endEpochMs":1787565965253,"latencyMs":504}
CALIPER_TX_LATENCY {"workerIndex":1,"roundIndex":4,"roundLabel":"write-tps-10","transactionId":"4b11805a31343424b9eee2dbc1d9f9a1acef86f10db1ff26c4731a271b5f7fb1","status":"success","startEpochMs":1787565964749,"endEpochMs":1787565965254,"latencyMs":505}
CALIPER_TX_LATENCY {"workerIndex":0,"roundIndex":4,"roundLabel":"write-tps-10","transactionId":"6de89fc7aae866429332a3644849632bd257b1d7900486ac8cd0d01bdca4aff2","status":"success","startEpochMs":1787565964350,"endEpochMs":1787565965253,"latencyMs":903}
CALIPER_TX_LATENCY {"workerIndex":3,"roundIndex":4,"roundLabel":"write-tps-10","transactionId":"84d76cd578a70c54a91174fefcc9d764728d061984e2b2008164e13a0ca275a1","status":"success","startEpochMs":1787565964749,"endEpochMs":1787565965254,"latencyMs":505}
CALIPER_TX_LATENCY {"workerIndex":0,"roundIndex":4,"roundLabel":"write-tps-10","transactionId":"1c662fdbfef4673a4faab28931ed012eb51d83fd7a6eaf5a73a0bff515597ce4","status":"success","startEpochMs":1787565965151,"endEpochMs":1787565965254,"latencyMs":103}
CALIPER_TX_LATENCY {"workerIndex":3,"roundIndex":4,"roundLabel":"write-tps-10","transactionId":"e7d4ad4f274b3040d977a704475e71b26146b2279b8947c2a515fee9bff1fb66","status":"success","startEpochMs":1787565964350,"endEpochMs":1787565965254,"latencyMs":904}
CALIPER_TX_LATENCY {"workerIndex":0,"roundIndex":4,"roundLabel":"write-tps-10","transactionId":"a2068e102cdc8556172d1864eca6b190b7f08fac6d3271c7f3465d7e0139a2e0","status":"success","startEpochMs":1787565964749,"endEpochMs":1787565965254,"latencyMs":505}
CALIPER_TX_LATENCY {"workerIndex":3,"roundIndex":4,"roundLabel":"write-tps-10","transactionId":"e0cfe6a72be5683cfbc3d2cd29a6fc243705557ed7476f02970d580baa5cc0f1","status":"success","startEpochMs":1787565965151,"endEpochMs":1787565965254,"latencyMs":103}
CALIPER_TX_LATENCY {"workerIndex":2,"roundIndex":4,"roundLabel":"write-tps-10","transactionId":"80f5e2623f4ed8d596f0965a1c2a0e6c9ca291ef61d4bf03446521d06f4cb471","status":"success","startEpochMs":1787565965550,"endEpochMs":1787565966429,"latencyMs":879}
CALIPER_TX_LATENCY {"workerIndex":1,"roundIndex":4,"roundLabel":"write-tps-10","transactionId":"99d03d3aeef4b9fcb0bcfe88bcc30a975922383b427c063dd68923a6e8c477d9","status":"success","startEpochMs":1787565965549,"endEpochMs":1787565966429,"latencyMs":880}
CALIPER_TX_LATENCY {"workerIndex":3,"roundIndex":4,"roundLabel":"write-tps-10","transactionId":"2e60a7bf018d994d53fc57c9816d137962de759b370bbe33f2fb78774d6c980d","status":"success","startEpochMs":1787565965950,"endEpochMs":1787565966429,"latencyMs":479}
CALIPER_TX_LATENCY {"workerIndex":0,"roundIndex":4,"roundLabel":"write-tps-10","transactionId":"3913de90c90d85160a5f12a1d6ba40ccfd050f251078c13ff1b9644556185870","status":"success","startEpochMs":1787565966349,"endEpochMs":1787565966429,"latencyMs":80}
CALIPER_TX_LATENCY {"workerIndex":1,"roundIndex":4,"roundLabel":"write-tps-10","transactionId":"eee0f73d693addb869cda4ad63a162e3299779fa0d7686aa6a86186d2bbfa947","status":"success","startEpochMs":1787565965950,"endEpochMs":1787565966429,"latencyMs":479}
CALIPER_TX_LATENCY {"workerIndex":2,"roundIndex":4,"roundLabel":"write-tps-10","transactionId":"bc2e4911eb374cd5ef9b410b3920a16bc6068777e6a0eb85930616ca413f585d","status":"success","startEpochMs":1787565965950,"endEpochMs":1787565966429,"latencyMs":479}
CALIPER_TX_LATENCY {"workerIndex":3,"roundIndex":4,"roundLabel":"write-tps-10","transactionId":"2bfb1593eb5733ccfba23e5ae4a03694a1825cd3c5a11816af4ed39e09ea71f1","status":"success","startEpochMs":1787565965550,"endEpochMs":1787565966429,"latencyMs":879}
CALIPER_TX_LATENCY {"workerIndex":1,"roundIndex":4,"roundLabel":"write-tps-10","transactionId":"4e58ad15e8758d9885c9f50e730889ebba65891dfeea40dee4b657e9b486725c","status":"success","startEpochMs":1787565966350,"endEpochMs":1787565966429,"latencyMs":79}
CALIPER_TX_LATENCY {"workerIndex":0,"roundIndex":4,"roundLabel":"write-tps-10","transactionId":"f851db2ed0d63dbf6c943fdef2098764dc4f95c958645407b9d13f892ba33a81","status":"success","startEpochMs":1787565965549,"endEpochMs":1787565966429,"latencyMs":880}
CALIPER_TX_LATENCY {"workerIndex":0,"roundIndex":4,"roundLabel":"write-tps-10","transactionId":"83ac99dd5c287885ada4a5dc99ff603429ebfe5ccd58e37876ae3a1e22d17887","status":"success","startEpochMs":1787565965950,"endEpochMs":1787565966429,"latencyMs":479}
2026.08.24-15:36:06.549[32m info [39m [caliper] [default-observer] 	[write-tps-10 Round 4 Transaction Info] - Submitted: 144 Succ: 140 Fail:0 Unfinished:4
CALIPER_TX_LATENCY {"workerIndex":2,"roundIndex":4,"roundLabel":"write-tps-10","transactionId":"6ea197ec406b037f0ba719b57248102cf14ca8b85f5ebc8f219eda61ef80a96c","status":"success","startEpochMs":1787565966750,"endEpochMs":1787565967251,"latencyMs":501}
CALIPER_TX_LATENCY {"workerIndex":1,"roundIndex":4,"roundLabel":"write-tps-10","transactionId":"efc1fe82024a11592b0a00283857360aaf63f7756ffac8c1f0b16f29b6422ad2","status":"success","startEpochMs":1787565967150,"endEpochMs":1787565967252,"latencyMs":102}
CALIPER_TX_LATENCY {"workerIndex":2,"roundIndex":4,"roundLabel":"write-tps-10","transactionId":"58e4b67a771c3f6b5fc8f7fbd48f5caecfb0f301de21ff09e32dffeea7a7b9e8","status":"success","startEpochMs":1787565966349,"endEpochMs":1787565967252,"latencyMs":903}
CALIPER_TX_LATENCY {"workerIndex":1,"roundIndex":4,"roundLabel":"write-tps-10","transactionId":"a990bbe8cbe37657f55e24b7f8398c2ef985ea4e781b7696b3348ee334607b08","status":"success","startEpochMs":1787565966753,"endEpochMs":1787565967253,"latencyMs":500}
CALIPER_TX_LATENCY {"workerIndex":0,"roundIndex":4,"roundLabel":"write-tps-10","transactionId":"c30a61bc4e98a07a0dd434a56d756c3892e84445c342c7c463747e4e8cd9be2a","status":"success","startEpochMs":1787565966750,"endEpochMs":1787565967253,"latencyMs":503}
CALIPER_TX_LATENCY {"workerIndex":2,"roundIndex":4,"roundLabel":"write-tps-10","transactionId":"0396c809c2824e1945ad34281defd262adf284b7156d71931d480f4871e8ceed","status":"success","startEpochMs":1787565967149,"endEpochMs":1787565967253,"latencyMs":104}
CALIPER_TX_LATENCY {"workerIndex":3,"roundIndex":4,"roundLabel":"write-tps-10","transactionId":"b5f7cf13ccf6aff782aad1d97a809700bfeada2d5a6c0cf72e335612b2283d6e","status":"success","startEpochMs":1787565966752,"endEpochMs":1787565967253,"latencyMs":501}
CALIPER_TX_LATENCY {"workerIndex":3,"roundIndex":4,"roundLabel":"write-tps-10","transactionId":"c8b0ebdb70a832522a4ad83b6b65cb9f4b91156f98486831fa4da1b8769e2451","status":"success","startEpochMs":1787565966349,"endEpochMs":1787565967253,"latencyMs":904}
CALIPER_TX_LATENCY {"workerIndex":3,"roundIndex":4,"roundLabel":"write-tps-10","transactionId":"10c4998b6836a037bcb548bee311e4a077b0ad929b754c199bf698e61383fd5b","status":"success","startEpochMs":1787565967150,"endEpochMs":1787565967253,"latencyMs":103}
CALIPER_TX_LATENCY {"workerIndex":0,"roundIndex":4,"roundLabel":"write-tps-10","transactionId":"367a21d075227abd12c8333bf6f3e7e3ae0fbf965a14a939658314a866c0acc8","status":"success","startEpochMs":1787565967150,"endEpochMs":1787565967253,"latencyMs":103}
CALIPER_TX_LATENCY {"workerIndex":1,"roundIndex":4,"roundLabel":"write-tps-10","transactionId":"95a71bd5c2a907c78f53d68f534d1ba991d1666689e2e49642afb900ff053ded","status":"success","startEpochMs":1787565967950,"endEpochMs":1787565968448,"latencyMs":498}
CALIPER_TX_LATENCY {"workerIndex":2,"roundIndex":4,"roundLabel":"write-tps-10","transactionId":"e35366c8358aa083a1d2c723baf26b92a3b4124bccf7558c136d18303cfd8fdb","status":"success","startEpochMs":1787565967549,"endEpochMs":1787565968448,"latencyMs":899}
CALIPER_TX_LATENCY {"workerIndex":0,"roundIndex":4,"roundLabel":"write-tps-10","transactionId":"0cd1b3f8bc897cf1f4d80ca167c63c4a52fea50577b7b361c06ed4fb6b8ad140","status":"success","startEpochMs":1787565968350,"endEpochMs":1787565968448,"latencyMs":98}
CALIPER_TX_LATENCY {"workerIndex":3,"roundIndex":4,"roundLabel":"write-tps-10","transactionId":"03b192878ff68d4f6d3390b320f6760977765159e2106477fbbd9d2cec438790","status":"success","startEpochMs":1787565967950,"endEpochMs":1787565968448,"latencyMs":498}
CALIPER_TX_LATENCY {"workerIndex":1,"roundIndex":4,"roundLabel":"write-tps-10","transactionId":"3cac7033881ee0b1052c277bbdd2e15c0508949c357bc9a435e4bc009d84f244","status":"success","startEpochMs":1787565967550,"endEpochMs":1787565968448,"latencyMs":898}
CALIPER_TX_LATENCY {"workerIndex":2,"roundIndex":4,"roundLabel":"write-tps-10","transactionId":"0bfd919704487d234788b0269bbfe3785a76ab2217bf09bf15d0dc469322760e","status":"success","startEpochMs":1787565967950,"endEpochMs":1787565968448,"latencyMs":498}
CALIPER_TX_LATENCY {"workerIndex":3,"roundIndex":4,"roundLabel":"write-tps-10","transactionId":"3832c30eabb8727e170f1c392881cf2c5a22dcd255b84d2aa95de511a5aaa175","status":"success","startEpochMs":1787565967550,"endEpochMs":1787565968448,"latencyMs":898}
CALIPER_TX_LATENCY {"workerIndex":0,"roundIndex":4,"roundLabel":"write-tps-10","transactionId":"cca53b8f3f33706a3a9984921f92e655ea8f0cbb0a0d259a32f463573a743f3c","status":"success","startEpochMs":1787565967950,"endEpochMs":1787565968448,"latencyMs":498}
CALIPER_TX_LATENCY {"workerIndex":3,"roundIndex":4,"roundLabel":"write-tps-10","transactionId":"602acd695670321dabe4e9bc4b2f21a1960752334df92b5257539757828fa6b7","status":"success","startEpochMs":1787565968350,"endEpochMs":1787565968448,"latencyMs":98}
CALIPER_TX_LATENCY {"workerIndex":0,"roundIndex":4,"roundLabel":"write-tps-10","transactionId":"4d956c1e0b3ebe82e0fe50fe137e4dd006a58b8b7dbacdb11beac42fd8e245d8","status":"success","startEpochMs":1787565967549,"endEpochMs":1787565968449,"latencyMs":900}
CALIPER_TX_LATENCY {"workerIndex":0,"roundIndex":4,"roundLabel":"write-tps-10","transactionId":"a9ebc833cc3daaad976a882e716cbfdaa5e29bfae8285d0812d017e6c0cb2fa8","status":"success","startEpochMs":1787565969150,"endEpochMs":1787565969260,"latencyMs":110}
CALIPER_TX_LATENCY {"workerIndex":3,"roundIndex":4,"roundLabel":"write-tps-10","transactionId":"25eaa1eda69c982418ebdf8b456c9d8db5ac84df5116da8a667e9c7128b4da78","status":"success","startEpochMs":1787565969150,"endEpochMs":1787565969261,"latencyMs":111}
CALIPER_TX_LATENCY {"workerIndex":2,"roundIndex":4,"roundLabel":"write-tps-10","transactionId":"a62a2abfe6c57a4440bb873e012882b7c110cbabfcea66ab4375d0c9ea6c7f3d","status":"success","startEpochMs":1787565968350,"endEpochMs":1787565969260,"latencyMs":910}
CALIPER_TX_LATENCY {"workerIndex":1,"roundIndex":4,"roundLabel":"write-tps-10","transactionId":"1b6471a44225770b1af3d427904f03af343799c8a8e56b839d21cdd9001cf241","status":"success","startEpochMs":1787565968750,"endEpochMs":1787565969260,"latencyMs":510}
CALIPER_TX_LATENCY {"workerIndex":2,"roundIndex":4,"roundLabel":"write-tps-10","transactionId":"ab1cc82ca67c97559895179e5b2a1e6f8eff82ddaf9c24337eb5330679d40fce","status":"success","startEpochMs":1787565968755,"endEpochMs":1787565969261,"latencyMs":506}
CALIPER_TX_LATENCY {"workerIndex":1,"roundIndex":4,"roundLabel":"write-tps-10","transactionId":"09a6f6edfb91f97c8da1fd9965369108b8030e81000949fd483ab8e22c99a48e","status":"success","startEpochMs":1787565968350,"endEpochMs":1787565969261,"latencyMs":911}
CALIPER_TX_LATENCY {"workerIndex":0,"roundIndex":4,"roundLabel":"write-tps-10","transactionId":"0254b0a79ea5895d0c48c75935f59c2369fc3abda37062b7c55a0e694b83e370","status":"success","startEpochMs":1787565968750,"endEpochMs":1787565969261,"latencyMs":511}
CALIPER_TX_LATENCY {"workerIndex":3,"roundIndex":4,"roundLabel":"write-tps-10","transactionId":"2053e29a030e361c504ca76380f57a882b8243f830813a9d675cbaeaa99dd99c","status":"success","startEpochMs":1787565968751,"endEpochMs":1787565969261,"latencyMs":510}
CALIPER_TX_LATENCY {"workerIndex":2,"roundIndex":4,"roundLabel":"write-tps-10","transactionId":"cdce422e5bbcd3c882bf8c1891708c91a60120d410d89e3f6a6fccc5a9388072","status":"success","startEpochMs":1787565969150,"endEpochMs":1787565969261,"latencyMs":111}
CALIPER_TX_LATENCY {"workerIndex":1,"roundIndex":4,"roundLabel":"write-tps-10","transactionId":"845fea386afabce11e166763542d2c88e9ba8fc933e70dcc24c9e5a773e336ce","status":"success","startEpochMs":1787565969150,"endEpochMs":1787565969261,"latencyMs":111}
CALIPER_TX_LATENCY {"workerIndex":0,"roundIndex":4,"roundLabel":"write-tps-10","transactionId":"4d09521588539f49608f1466a4b7e47460810b589bebb0a033b88d79f203b173","status":"success","startEpochMs":1787565969549,"endEpochMs":1787565970455,"latencyMs":906}
CALIPER_TX_LATENCY {"workerIndex":3,"roundIndex":4,"roundLabel":"write-tps-10","transactionId":"faf2a6e94c9ac1f56f3ad7469e0cffba87c4bed9ef36098e12856299b71541b6","status":"success","startEpochMs":1787565969549,"endEpochMs":1787565970455,"latencyMs":906}
CALIPER_TX_LATENCY {"workerIndex":2,"roundIndex":4,"roundLabel":"write-tps-10","transactionId":"8957ff459e0575905b7f42e29511d2c21458d72095e730e60a755b9af0084aa4","status":"success","startEpochMs":1787565969549,"endEpochMs":1787565970455,"latencyMs":906}
CALIPER_TX_LATENCY {"workerIndex":1,"roundIndex":4,"roundLabel":"write-tps-10","transactionId":"a72258031feb15fbcae94a6d053bbfbb1d7a7195684a949726fe57391757454b","status":"success","startEpochMs":1787565970349,"endEpochMs":1787565970455,"latencyMs":106}
CALIPER_TX_LATENCY {"workerIndex":0,"roundIndex":4,"roundLabel":"write-tps-10","transactionId":"7ac28c38582b7c90cf7dfebec9beb0a7a8fc61bbc4de3b47d68fa18f0f9d3f57","status":"success","startEpochMs":1787565969950,"endEpochMs":1787565970455,"latencyMs":505}
CALIPER_TX_LATENCY {"workerIndex":1,"roundIndex":4,"roundLabel":"write-tps-10","transactionId":"fcae679c5d471a1a27274e0c51c26f48dd6a9d5a18ed30216433ca8c452e2a51","status":"success","startEpochMs":1787565969549,"endEpochMs":1787565970456,"latencyMs":907}
CALIPER_TX_LATENCY {"workerIndex":2,"roundIndex":4,"roundLabel":"write-tps-10","transactionId":"a08fbe88b08a9089c02c9319d74bdd0d78ff0c8ddd710b772382c23ff03c935f","status":"success","startEpochMs":1787565969950,"endEpochMs":1787565970456,"latencyMs":506}
CALIPER_TX_LATENCY {"workerIndex":0,"roundIndex":4,"roundLabel":"write-tps-10","transactionId":"302845ac770636ee4aa5e0f05ba83ca01a6b91a299aa510ad7ef9484ada82fad","status":"success","startEpochMs":1787565970349,"endEpochMs":1787565970456,"latencyMs":107}
CALIPER_TX_LATENCY {"workerIndex":3,"roundIndex":4,"roundLabel":"write-tps-10","transactionId":"21d8ef13bafdc8f6e564a4f2912e3b8ff7afa07c0b912a8cecb626ba3cbcd620","status":"success","startEpochMs":1787565969950,"endEpochMs":1787565970455,"latencyMs":505}
CALIPER_TX_LATENCY {"workerIndex":1,"roundIndex":4,"roundLabel":"write-tps-10","transactionId":"cd64c54d9248e1459172f85e62aa23715ce3ef150787067cd7d2c26dc2e399b2","status":"success","startEpochMs":1787565969950,"endEpochMs":1787565970456,"latencyMs":506}
CALIPER_TX_LATENCY {"workerIndex":3,"roundIndex":4,"roundLabel":"write-tps-10","transactionId":"d22275236c9a746e7eb23eb53becbbd8a0538e95ee8434644e0e71566da2db21","status":"success","startEpochMs":1787565971150,"endEpochMs":1787565971246,"latencyMs":96}
CALIPER_TX_LATENCY {"workerIndex":2,"roundIndex":4,"roundLabel":"write-tps-10","transactionId":"ff722072f330ba616aebe4ba4cd05744f1013a1529da88de4bff8bbfe4ae3168","status":"success","startEpochMs":1787565971150,"endEpochMs":1787565971246,"latencyMs":96}
CALIPER_TX_LATENCY {"workerIndex":0,"roundIndex":4,"roundLabel":"write-tps-10","transactionId":"cbd5999540615412aec2dc2761403eef600fd752d63bad21e899a2142769998a","status":"success","startEpochMs":1787565971150,"endEpochMs":1787565971246,"latencyMs":96}
CALIPER_TX_LATENCY {"workerIndex":1,"roundIndex":4,"roundLabel":"write-tps-10","transactionId":"6c83810e709c6dc7f75924880fdb696bcc57ed8b76661a4be73343f79bc65cc6","status":"success","startEpochMs":1787565971150,"endEpochMs":1787565971246,"latencyMs":96}
CALIPER_TX_LATENCY {"workerIndex":3,"roundIndex":4,"roundLabel":"write-tps-10","transactionId":"62e35e761ad2a64de471db8d6d5b5300ff53b64fb9b1e89651d0945078778ae3","status":"success","startEpochMs":1787565970349,"endEpochMs":1787565971247,"latencyMs":898}
CALIPER_TX_LATENCY {"workerIndex":1,"roundIndex":4,"roundLabel":"write-tps-10","transactionId":"88ace767dfdf9dad7de9c7d88c3c73dc041d08ea97155f4d359987290aaa512f","status":"success","startEpochMs":1787565970749,"endEpochMs":1787565971247,"latencyMs":498}
CALIPER_TX_LATENCY {"workerIndex":2,"roundIndex":4,"roundLabel":"write-tps-10","transactionId":"73de182e229926e9dbd5f6b16c6511f44a10cb5a04538ec3380e35b83f457ec9","status":"success","startEpochMs":1787565970349,"endEpochMs":1787565971247,"latencyMs":898}
CALIPER_TX_LATENCY {"workerIndex":3,"roundIndex":4,"roundLabel":"write-tps-10","transactionId":"9cbbb7508f40ced73c71bd11e4d49c6fa0cbc61dbc28ae580f3393d944a1ca07","status":"success","startEpochMs":1787565970750,"endEpochMs":1787565971247,"latencyMs":497}
CALIPER_TX_LATENCY {"workerIndex":0,"roundIndex":4,"roundLabel":"write-tps-10","transactionId":"7ea89a6f400e228991929b90d684581a88c42d9e6b3cfd08c1ce75c0087f35de","status":"success","startEpochMs":1787565970750,"endEpochMs":1787565971247,"latencyMs":497}
CALIPER_TX_LATENCY {"workerIndex":2,"roundIndex":4,"roundLabel":"write-tps-10","transactionId":"4a3cbbcabcbb0685435012e46291632eed3d3d270452a77ce0f169f9023310c0","status":"success","startEpochMs":1787565970749,"endEpochMs":1787565971247,"latencyMs":498}
2026.08.24-15:36:11.555[32m info [39m [caliper] [default-observer] 	[write-tps-10 Round 4 Transaction Info] - Submitted: 192 Succ: 190 Fail:0 Unfinished:2
CALIPER_TX_LATENCY {"workerIndex":0,"roundIndex":4,"roundLabel":"write-tps-10","transactionId":"c3510253c24f6ec35770f57598b65b63a5efb4e71a6d52ef901bc814f8ef4865","status":"success","startEpochMs":1787565971550,"endEpochMs":1787565972456,"latencyMs":906}
CALIPER_TX_LATENCY {"workerIndex":2,"roundIndex":4,"roundLabel":"write-tps-10","transactionId":"6dcc1fd9888bd0f70ecfc50a691a27c61c95fc1dcb10ae70ef1c4215144a0bba","status":"success","startEpochMs":1787565971551,"endEpochMs":1787565972456,"latencyMs":905}
CALIPER_TX_LATENCY {"workerIndex":1,"roundIndex":4,"roundLabel":"write-tps-10","transactionId":"ac9985ef7048dfb832ca2200b511f96daf17b52a8e9772b361f43e121c739151","status":"success","startEpochMs":1787565971950,"endEpochMs":1787565972456,"latencyMs":506}
CALIPER_TX_LATENCY {"workerIndex":3,"roundIndex":4,"roundLabel":"write-tps-10","transactionId":"89bbec9ce9869f15671caa85c033417a28d788e27895ca7201ee451682e28135","status":"success","startEpochMs":1787565971550,"endEpochMs":1787565972456,"latencyMs":906}
CALIPER_TX_LATENCY {"workerIndex":0,"roundIndex":4,"roundLabel":"write-tps-10","transactionId":"89601fd98ba7bf26b4c06c55c4f1a2aa6b296a8de721dc246794735ee1074526","status":"success","startEpochMs":1787565971951,"endEpochMs":1787565972457,"latencyMs":506}
CALIPER_TX_LATENCY {"workerIndex":1,"roundIndex":4,"roundLabel":"write-tps-10","transactionId":"ddcd8f8d5a250e4ddd7f32d24f968759db3ee2fe6f76cd8b7f4dc223d079aacb","status":"success","startEpochMs":1787565971550,"endEpochMs":1787565972457,"latencyMs":907}
CALIPER_TX_LATENCY {"workerIndex":2,"roundIndex":4,"roundLabel":"write-tps-10","transactionId":"fbb1ed22b1e0b267f9d39ab9ee27734d1f6dc41fc7e5ab193a8aa790d6f84747","status":"success","startEpochMs":1787565971950,"endEpochMs":1787565972457,"latencyMs":507}
CALIPER_TX_LATENCY {"workerIndex":3,"roundIndex":4,"roundLabel":"write-tps-10","transactionId":"9d3226d7e4dd9bafd73c3eae534ac90f7ef40e5a854332c71e9f9e22ed6ccc84","status":"success","startEpochMs":1787565971950,"endEpochMs":1787565972457,"latencyMs":507}
CALIPER_TX_LATENCY {"workerIndex":1,"roundIndex":4,"roundLabel":"write-tps-10","transactionId":"9844f31c131cf474449ecfe7ccac162df1c58c66a3551cd13b124016e1c9794e","status":"success","startEpochMs":1787565972350,"endEpochMs":1787565972457,"latencyMs":107}
CALIPER_TX_LATENCY {"workerIndex":2,"roundIndex":4,"roundLabel":"write-tps-10","transactionId":"08d218de521854965abcadd242791db6a09cffa5265de1d65c50376c1b65125b","status":"success","startEpochMs":1787565972350,"endEpochMs":1787565972457,"latencyMs":107}
CALIPER_TX_LATENCY {"workerIndex":3,"roundIndex":4,"roundLabel":"write-tps-10","transactionId":"699eb7e0370e502f3132ae119d0c6420cfaf40466f00093cdb573ded6649aabb","status":"success","startEpochMs":1787565973150,"endEpochMs":1787565973253,"latencyMs":103}
CALIPER_TX_LATENCY {"workerIndex":1,"roundIndex":4,"roundLabel":"write-tps-10","transactionId":"ec6413d12aceb3022ab9396505ff0d538a6f4e064460c7cbc107c368d3908b69","status":"success","startEpochMs":1787565973150,"endEpochMs":1787565973253,"latencyMs":103}
CALIPER_TX_LATENCY {"workerIndex":0,"roundIndex":4,"roundLabel":"write-tps-10","transactionId":"29d13b39dc1c05cd734c01a3168dd3b55443604f1c3672a80b3c5c383b36005a","status":"success","startEpochMs":1787565972751,"endEpochMs":1787565973253,"latencyMs":502}
CALIPER_TX_LATENCY {"workerIndex":2,"roundIndex":4,"roundLabel":"write-tps-10","transactionId":"675f98c20d66b3788a80d1409b1a7408664ac8b25571098704d59b550790ac37","status":"success","startEpochMs":1787565973150,"endEpochMs":1787565973253,"latencyMs":103}
CALIPER_TX_LATENCY {"workerIndex":3,"roundIndex":4,"roundLabel":"write-tps-10","transactionId":"7275f3d3ffeeb5d79f957a9bc3721e53dce74343ee2a932abbf41578b70048ed","status":"success","startEpochMs":1787565972750,"endEpochMs":1787565973253,"latencyMs":503}
CALIPER_TX_LATENCY {"workerIndex":0,"roundIndex":4,"roundLabel":"write-tps-10","transactionId":"d92159e242ce502124e2daadc7230f32c5655f3590d7325904ca808eb8f5bc2c","status":"success","startEpochMs":1787565973149,"endEpochMs":1787565973253,"latencyMs":104}
CALIPER_TX_LATENCY {"workerIndex":2,"roundIndex":4,"roundLabel":"write-tps-10","transactionId":"654a1cff5093a45231d99052b260c82a3cf7e66d7bc74988e790535bec24edd7","status":"success","startEpochMs":1787565972756,"endEpochMs":1787565973253,"latencyMs":497}
CALIPER_TX_LATENCY {"workerIndex":1,"roundIndex":4,"roundLabel":"write-tps-10","transactionId":"a725df2a152f96f2da99339106e71a76ae0e1ba309ba26fd69ebb8601a16e232","status":"success","startEpochMs":1787565972751,"endEpochMs":1787565973253,"latencyMs":502}
CALIPER_TX_LATENCY {"workerIndex":3,"roundIndex":4,"roundLabel":"write-tps-10","transactionId":"63495ba1b57285369ebffcac393e99238045b6c5258dffe03c8032a3fe7d3585","status":"success","startEpochMs":1787565972350,"endEpochMs":1787565973254,"latencyMs":904}
CALIPER_TX_LATENCY {"workerIndex":0,"roundIndex":4,"roundLabel":"write-tps-10","transactionId":"45a94700d142ae082aa6756b886e0cadb1cec2a6aa4780c24b3a701ac850ffdd","status":"success","startEpochMs":1787565972350,"endEpochMs":1787565973254,"latencyMs":904}
CALIPER_TX_LATENCY {"workerIndex":3,"roundIndex":4,"roundLabel":"write-tps-10","transactionId":"72f0cf36d50f9c40c46cdf9175146c977909e0e8d4c2f1a679a37de671319667","status":"success","startEpochMs":1787565973550,"endEpochMs":1787565974454,"latencyMs":904}
CALIPER_TX_LATENCY {"workerIndex":1,"roundIndex":4,"roundLabel":"write-tps-10","transactionId":"a35c41c412338bf4e41c77f4842d0cf42f5ed9cb0c79498ca5ce04913b77c652","status":"success","startEpochMs":1787565973950,"endEpochMs":1787565974454,"latencyMs":504}
CALIPER_TX_LATENCY {"workerIndex":2,"roundIndex":4,"roundLabel":"write-tps-10","transactionId":"748cefdea2f20a2c3299a4e7aa46c1702f1d977b71f3bbbf161c8fdc9664d82d","status":"success","startEpochMs":1787565973550,"endEpochMs":1787565974454,"latencyMs":904}
CALIPER_TX_LATENCY {"workerIndex":0,"roundIndex":4,"roundLabel":"write-tps-10","transactionId":"6a8b915a5b8e709c5188cc5f438ec60447c20043ad0916111eda94fd2f64c463","status":"success","startEpochMs":1787565973550,"endEpochMs":1787565974454,"latencyMs":904}
CALIPER_TX_LATENCY {"workerIndex":2,"roundIndex":4,"roundLabel":"write-tps-10","transactionId":"0575facff44187e40172baa1086320f5708f6e94cce7e29f4880192dabc2a4a8","status":"success","startEpochMs":1787565973950,"endEpochMs":1787565974455,"latencyMs":505}
CALIPER_TX_LATENCY {"workerIndex":0,"roundIndex":4,"roundLabel":"write-tps-10","transactionId":"9c8ad9ba242be5fbfd5b41aacc53c62c1eae7725da2584297f1927872189e4dc","status":"success","startEpochMs":1787565973950,"endEpochMs":1787565974455,"latencyMs":505}
CALIPER_TX_LATENCY {"workerIndex":3,"roundIndex":4,"roundLabel":"write-tps-10","transactionId":"90cf238c0cce7c0303674bcc60887ae8a474e7b17293d389e936e8ba309cc182","status":"success","startEpochMs":1787565974350,"endEpochMs":1787565974455,"latencyMs":105}
CALIPER_TX_LATENCY {"workerIndex":1,"roundIndex":4,"roundLabel":"write-tps-10","transactionId":"1ea9fb1b2383ac961b89182a8194b38789e3ceb013926487a028328ac49428c4","status":"success","startEpochMs":1787565973550,"endEpochMs":1787565974455,"latencyMs":905}
CALIPER_TX_LATENCY {"workerIndex":2,"roundIndex":4,"roundLabel":"write-tps-10","transactionId":"54d26e3b217adfe8d163fde7197e6aed2515704cec2917d27af67d51b9b93dad","status":"success","startEpochMs":1787565974350,"endEpochMs":1787565974455,"latencyMs":105}
CALIPER_TX_LATENCY {"workerIndex":3,"roundIndex":4,"roundLabel":"write-tps-10","transactionId":"8a8abc0e15f63038e5ef5e219b7f83069b2b087f85c4e3a7b19aaec0b2c3c5bb","status":"success","startEpochMs":1787565973954,"endEpochMs":1787565974456,"latencyMs":502}
CALIPER_TX_LATENCY {"workerIndex":2,"roundIndex":4,"roundLabel":"write-tps-10","transactionId":"be699a083de40dd714487ae09b714a59cd85127e29ea42d52ed15a721146ef51","status":"success","startEpochMs":1787565975150,"endEpochMs":1787565975253,"latencyMs":103}
CALIPER_TX_LATENCY {"workerIndex":0,"roundIndex":4,"roundLabel":"write-tps-10","transactionId":"1eae1d8dbfc68512a43b3c3ffa869e2e31cbd607f674d4fb0bdb803d9910cc8f","status":"success","startEpochMs":1787565974350,"endEpochMs":1787565975254,"latencyMs":904}
CALIPER_TX_LATENCY {"workerIndex":1,"roundIndex":4,"roundLabel":"write-tps-10","transactionId":"1dfbe05ea58d0d60ae4fed072ad3b2dcfecb9e3faae1d4c396796ab3feb9b2fe","status":"success","startEpochMs":1787565974350,"endEpochMs":1787565975253,"latencyMs":903}
CALIPER_TX_LATENCY {"workerIndex":3,"roundIndex":4,"roundLabel":"write-tps-10","transactionId":"775e8a0da553fe132d2a7c9c555dae572823d33716e83fc63c0a52318c22c40e","status":"success","startEpochMs":1787565975150,"endEpochMs":1787565975254,"latencyMs":104}
CALIPER_TX_LATENCY {"workerIndex":1,"roundIndex":4,"roundLabel":"write-tps-10","transactionId":"6dca5e880860fde62be617db0fc1071280f6d26074d71ecc88a0278e011ee973","status":"success","startEpochMs":1787565975150,"endEpochMs":1787565975255,"latencyMs":105}
CALIPER_TX_LATENCY {"workerIndex":2,"roundIndex":4,"roundLabel":"write-tps-10","transactionId":"159fcbe66b963db221b5f6b106330dad41b539fc4ddbbcfff5cbb5535cbf0434","status":"success","startEpochMs":1787565974750,"endEpochMs":1787565975255,"latencyMs":505}
CALIPER_TX_LATENCY {"workerIndex":1,"roundIndex":4,"roundLabel":"write-tps-10","transactionId":"0aa7e9f72995fb94da88c3f5be965c821723880c9725c05ac780da5bd79d413c","status":"success","startEpochMs":1787565974750,"endEpochMs":1787565975255,"latencyMs":505}
CALIPER_TX_LATENCY {"workerIndex":3,"roundIndex":4,"roundLabel":"write-tps-10","transactionId":"1d188263797affb158da581608dc68936499d43afd27427d1a6006a1e52e1965","status":"success","startEpochMs":1787565974749,"endEpochMs":1787565975255,"latencyMs":506}
CALIPER_TX_LATENCY {"workerIndex":0,"roundIndex":4,"roundLabel":"write-tps-10","transactionId":"113be2d0a151d7a2c1b73e9338982864e300afa96ae37c352f678793313280c6","status":"success","startEpochMs":1787565974750,"endEpochMs":1787565975255,"latencyMs":505}
CALIPER_TX_LATENCY {"workerIndex":0,"roundIndex":4,"roundLabel":"write-tps-10","transactionId":"eab546a5bd79cd877d9dbf223919599a70d81363193b8af1c2e35ed1a5361e03","status":"success","startEpochMs":1787565975150,"endEpochMs":1787565975256,"latencyMs":106}
CALIPER_TX_LATENCY {"workerIndex":1,"roundIndex":4,"roundLabel":"write-tps-10","transactionId":"09001417d4a42f3f453bf676f22b601fcea734c1470c7374d45773edad991788","status":"success","startEpochMs":1787565975550,"endEpochMs":1787565976455,"latencyMs":905}
CALIPER_TX_LATENCY {"workerIndex":1,"roundIndex":4,"roundLabel":"write-tps-10","transactionId":"c198a40aa0cbf4a2b95ede0a4365fed1eb4ff8a546c798b6aa741267e7c476e8","status":"success","startEpochMs":1787565976350,"endEpochMs":1787565976456,"latencyMs":106}
CALIPER_TX_LATENCY {"workerIndex":2,"roundIndex":4,"roundLabel":"write-tps-10","transactionId":"1b1cc58d0f8a05f0ea1789db841ac7307af57b14dd3be80590803f5038f5ac10","status":"success","startEpochMs":1787565975549,"endEpochMs":1787565976458,"latencyMs":909}
CALIPER_TX_LATENCY {"workerIndex":2,"roundIndex":4,"roundLabel":"write-tps-10","transactionId":"dbf90ea0dd5de61f0cf069f82b10f42edc71fbd8886bac69d69f201a3d2b0803","status":"success","startEpochMs":1787565976350,"endEpochMs":1787565976459,"latencyMs":109}
CALIPER_TX_LATENCY {"workerIndex":2,"roundIndex":4,"roundLabel":"write-tps-10","transactionId":"da78501e5a0eb4d1779e9f80d7e68fde7e695095bfce7784bc6a5760971d0364","status":"success","startEpochMs":1787565975951,"endEpochMs":1787565976459,"latencyMs":508}
CALIPER_TX_LATENCY {"workerIndex":3,"roundIndex":4,"roundLabel":"write-tps-10","transactionId":"eb565d07a41bb852e4b6c92105548b0f6aa930dfc09e267d8ae47297276431f2","status":"success","startEpochMs":1787565975549,"endEpochMs":1787565976462,"latencyMs":913}
CALIPER_TX_LATENCY {"workerIndex":3,"roundIndex":4,"roundLabel":"write-tps-10","transactionId":"cc9e5451d60a80ff2140a91f3201132d94fe5aba4146ae8c583d332beea57168","status":"success","startEpochMs":1787565975951,"endEpochMs":1787565976463,"latencyMs":512}
CALIPER_TX_LATENCY {"workerIndex":1,"roundIndex":4,"roundLabel":"write-tps-10","transactionId":"fe50eb6307240c9b59a68a549dfa0cb7cadb67f92b37674009e96bfe66c797c9","status":"success","startEpochMs":1787565975951,"endEpochMs":1787565976457,"latencyMs":506}
CALIPER_TX_LATENCY {"workerIndex":0,"roundIndex":4,"roundLabel":"write-tps-10","transactionId":"242e0c50e9af628ec0a933f621d8dae8fb159e8acb8dd365dd61e511e62b107f","status":"success","startEpochMs":1787565975951,"endEpochMs":1787565976464,"latencyMs":513}
CALIPER_TX_LATENCY {"workerIndex":0,"roundIndex":4,"roundLabel":"write-tps-10","transactionId":"56eec234faf6f87b530e138f5f47a0d7ab8958c4ff7b282e3ff236b7bbce2634","status":"success","startEpochMs":1787565975550,"endEpochMs":1787565976465,"latencyMs":915}
2026.08.24-15:36:16.556[32m info [39m [caliper] [default-observer] 	[write-tps-10 Round 4 Transaction Info] - Submitted: 244 Succ: 240 Fail:0 Unfinished:4
CALIPER_TX_LATENCY {"workerIndex":2,"roundIndex":4,"roundLabel":"write-tps-10","transactionId":"08310e2d7ced572a48a82d5fe22fdb6acb8b50c06e0ebc9185f456756db80e4c","status":"success","startEpochMs":1787565976750,"endEpochMs":1787565977244,"latencyMs":494}
CALIPER_TX_LATENCY {"workerIndex":1,"roundIndex":4,"roundLabel":"write-tps-10","transactionId":"6fb38730388d1afb5874d2b879f04b8e833e65a632cfc21549193976e389758d","status":"success","startEpochMs":1787565976750,"endEpochMs":1787565977244,"latencyMs":494}
CALIPER_TX_LATENCY {"workerIndex":0,"roundIndex":4,"roundLabel":"write-tps-10","transactionId":"1b9e4d11f249a0a053221881061c78b56488628ce4b951e20460a756c1683ec8","status":"success","startEpochMs":1787565976350,"endEpochMs":1787565977245,"latencyMs":895}
CALIPER_TX_LATENCY {"workerIndex":3,"roundIndex":4,"roundLabel":"write-tps-10","transactionId":"4e2db81c1f80f7955f09b868040e316b10eade4ab7e3d3f834d56f1ce4625d63","status":"success","startEpochMs":1787565977149,"endEpochMs":1787565977245,"latencyMs":96}
CALIPER_TX_LATENCY {"workerIndex":2,"roundIndex":4,"roundLabel":"write-tps-10","transactionId":"470cdc1eec39f650cb1eb6aff629cec846e13eb93ceba9340c263feea6a5ce38","status":"success","startEpochMs":1787565977149,"endEpochMs":1787565977245,"latencyMs":96}
CALIPER_TX_LATENCY {"workerIndex":1,"roundIndex":4,"roundLabel":"write-tps-10","transactionId":"56a3004840500baf3358f959bfc75734dbea279c3bf90bc3e23fb5aac0846158","status":"success","startEpochMs":1787565977149,"endEpochMs":1787565977245,"latencyMs":96}
CALIPER_TX_LATENCY {"workerIndex":0,"roundIndex":4,"roundLabel":"write-tps-10","transactionId":"ca2299506d2e0f3c304a739626a7dd1bac281ce152f7ab23ab2967623d1ac569","status":"success","startEpochMs":1787565976750,"endEpochMs":1787565977245,"latencyMs":495}
CALIPER_TX_LATENCY {"workerIndex":3,"roundIndex":4,"roundLabel":"write-tps-10","transactionId":"5ede6ef8f313c0fa54a238a9b2b86e6b39f60b529e95048bdffe84ca83ec15dd","status":"success","startEpochMs":1787565976349,"endEpochMs":1787565977245,"latencyMs":896}
CALIPER_TX_LATENCY {"workerIndex":0,"roundIndex":4,"roundLabel":"write-tps-10","transactionId":"a3c8d3cd9c224deaa8faf2de7617d5ab6bec376b7e170206e392cb392544f8b8","status":"success","startEpochMs":1787565977149,"endEpochMs":1787565977245,"latencyMs":96}
CALIPER_TX_LATENCY {"workerIndex":3,"roundIndex":4,"roundLabel":"write-tps-10","transactionId":"a5d4d05e375f3bdb4ecdb75412749b9a349a763dbe85be44551b5f1173852a83","status":"success","startEpochMs":1787565976750,"endEpochMs":1787565977245,"latencyMs":495}
CALIPER_TX_LATENCY {"workerIndex":3,"roundIndex":4,"roundLabel":"write-tps-10","transactionId":"3a60cf9ac87343daa5c4da9001b545b3fc7214b6bd9368ac9ba19088a4c7bc63","status":"success","startEpochMs":1787565977953,"endEpochMs":1787565978451,"latencyMs":498}
CALIPER_TX_LATENCY {"workerIndex":0,"roundIndex":4,"roundLabel":"write-tps-10","transactionId":"1ab6b794ca03a20a41e29d6b001d57a2435ad8f4fad0acc570a2ec0eb1fbfc41","status":"success","startEpochMs":1787565977550,"endEpochMs":1787565978451,"latencyMs":901}
CALIPER_TX_LATENCY {"workerIndex":2,"roundIndex":4,"roundLabel":"write-tps-10","transactionId":"105f798b2ce8cd1a53250679876a10ba88228ecd2fdfe1d55b6d8965d29813ce","status":"success","startEpochMs":1787565978350,"endEpochMs":1787565978451,"latencyMs":101}
CALIPER_TX_LATENCY {"workerIndex":3,"roundIndex":4,"roundLabel":"write-tps-10","transactionId":"59a2bb9b3f066ee3e39bf93a6d0011ec0f74d7fa038df7dd2aaa2e85d40dca00","status":"success","startEpochMs":1787565977550,"endEpochMs":1787565978453,"latencyMs":903}
CALIPER_TX_LATENCY {"workerIndex":1,"roundIndex":4,"roundLabel":"write-tps-10","transactionId":"d0b78cfe7b085c67d710943e568b042d98290048ad40bff3dc985c10229f830a","status":"success","startEpochMs":1787565977550,"endEpochMs":1787565978453,"latencyMs":903}
CALIPER_TX_LATENCY {"workerIndex":0,"roundIndex":4,"roundLabel":"write-tps-10","transactionId":"bb65c92b1e9c21f6fe3255f339d6e010b1e252f469da406d818821a3cd28c068","status":"success","startEpochMs":1787565977953,"endEpochMs":1787565978453,"latencyMs":500}
CALIPER_TX_LATENCY {"workerIndex":1,"roundIndex":4,"roundLabel":"write-tps-10","transactionId":"a6ef20d729c8520463b1bf773d628a1fea965b11fefcbbb5d6d0d9114476075c","status":"success","startEpochMs":1787565977949,"endEpochMs":1787565978454,"latencyMs":505}
CALIPER_TX_LATENCY {"workerIndex":2,"roundIndex":4,"roundLabel":"write-tps-10","transactionId":"b82f1082c684893d79805eaefbefdbe88ce37de5314c2718d6b91bc4d9fd237b","status":"success","startEpochMs":1787565977949,"endEpochMs":1787565978454,"latencyMs":505}
CALIPER_TX_LATENCY {"workerIndex":1,"roundIndex":4,"roundLabel":"write-tps-10","transactionId":"0871b80e571cd83ae8afa7022a001a03050801d5e5875498a142a11fe780ae3d","status":"success","startEpochMs":1787565978356,"endEpochMs":1787565978454,"latencyMs":98}
CALIPER_TX_LATENCY {"workerIndex":2,"roundIndex":4,"roundLabel":"write-tps-10","transactionId":"109d2aa5df469dfc8853f30031417ccb0f9f3d5c1229651b968b12a84da1b324","status":"success","startEpochMs":1787565977550,"endEpochMs":1787565978454,"latencyMs":904}
CALIPER_TX_LATENCY {"workerIndex":3,"roundIndex":4,"roundLabel":"write-tps-10","transactionId":"e91c01427b16f6ec615c6f6bc8f988c6a30f7f85899accde60b15156080d07a4","status":"success","startEpochMs":1787565979150,"endEpochMs":1787565979250,"latencyMs":100}
CALIPER_TX_LATENCY {"workerIndex":1,"roundIndex":4,"roundLabel":"write-tps-10","transactionId":"77c5c9494ad97ad3d03c09dd1293643f750d0cca286ce9eb7cd055659fde2c82","status":"success","startEpochMs":1787565978750,"endEpochMs":1787565979250,"latencyMs":500}
CALIPER_TX_LATENCY {"workerIndex":3,"roundIndex":4,"roundLabel":"write-tps-10","transactionId":"c0c788cf91ca11974f711e51234b29be50850291aa8026de57789401c9672529","status":"success","startEpochMs":1787565978750,"endEpochMs":1787565979253,"latencyMs":503}
CALIPER_TX_LATENCY {"workerIndex":1,"roundIndex":4,"roundLabel":"write-tps-10","transactionId":"896cce74bce2ac5f27223bc1ac926fa81e3a7ed410bf5e8d4f603ad25affb6ac","status":"success","startEpochMs":1787565979150,"endEpochMs":1787565979253,"latencyMs":103}
CALIPER_TX_LATENCY {"workerIndex":3,"roundIndex":4,"roundLabel":"write-tps-10","transactionId":"168d7960aafe710b78db2a1e0c5370a890889542676c79401356dea59e6de784","status":"success","startEpochMs":1787565978357,"endEpochMs":1787565979253,"latencyMs":896}
CALIPER_TX_LATENCY {"workerIndex":2,"roundIndex":4,"roundLabel":"write-tps-10","transactionId":"9ca5510c63d870de22a828ee55dc55acea3b006148f865c06ef94c5856f84096","status":"success","startEpochMs":1787565979150,"endEpochMs":1787565979250,"latencyMs":100}
CALIPER_TX_LATENCY {"workerIndex":0,"roundIndex":4,"roundLabel":"write-tps-10","transactionId":"1900393de1342cc09c1a05f0ebcffccf698054a487b9207c9006a7d72b79c284","status":"success","startEpochMs":1787565979150,"endEpochMs":1787565979250,"latencyMs":100}
CALIPER_TX_LATENCY {"workerIndex":0,"roundIndex":4,"roundLabel":"write-tps-10","transactionId":"1118331bafb5873e8066a2843fba0a07d21340c6605062b6d676f7e4044b311a","status":"success","startEpochMs":1787565978750,"endEpochMs":1787565979255,"latencyMs":505}
CALIPER_TX_LATENCY {"workerIndex":0,"roundIndex":4,"roundLabel":"write-tps-10","transactionId":"597d26cbd39eb69caf73f764e76a3cc197340ebe988a1405f8341e9c19645ecf","status":"success","startEpochMs":1787565978351,"endEpochMs":1787565979255,"latencyMs":904}
CALIPER_TX_LATENCY {"workerIndex":2,"roundIndex":4,"roundLabel":"write-tps-10","transactionId":"047221c17b1e625c41407758133eb236a0774184d060518705244412924f6463","status":"success","startEpochMs":1787565978750,"endEpochMs":1787565979254,"latencyMs":504}
CALIPER_TX_LATENCY {"workerIndex":0,"roundIndex":4,"roundLabel":"write-tps-10","transactionId":"cdfece726f087848468ab92e0e6874457a8d66089444064f4a5733c7a8921cd1","status":"success","startEpochMs":1787565979549,"endEpochMs":1787565980438,"latencyMs":889}
CALIPER_TX_LATENCY {"workerIndex":2,"roundIndex":4,"roundLabel":"write-tps-10","transactionId":"6eced887628ccb1c12af0dde29ba3a1664a3abbce2a922211054c23d11646fe5","status":"success","startEpochMs":1787565979550,"endEpochMs":1787565980438,"latencyMs":888}
CALIPER_TX_LATENCY {"workerIndex":3,"roundIndex":4,"roundLabel":"write-tps-10","transactionId":"b65adc3fed54ab63eb330d869e8be62cac42ad1a147f91c2821dbbe0cb68e5c3","status":"success","startEpochMs":1787565979550,"endEpochMs":1787565980438,"latencyMs":888}
CALIPER_TX_LATENCY {"workerIndex":1,"roundIndex":4,"roundLabel":"write-tps-10","transactionId":"10cfd5c7b9b764e9ab82869eba516fbb92d3005f81f71c9b519a4143495b74b4","status":"success","startEpochMs":1787565979549,"endEpochMs":1787565980438,"latencyMs":889}
CALIPER_TX_LATENCY {"workerIndex":1,"roundIndex":4,"roundLabel":"write-tps-10","transactionId":"c08f068a6175d0d9a9a720f14bc4fa1aa110838e1083dbb1053eaf268c64ae89","status":"success","startEpochMs":1787565980349,"endEpochMs":1787565980439,"latencyMs":90}
CALIPER_TX_LATENCY {"workerIndex":3,"roundIndex":4,"roundLabel":"write-tps-10","transactionId":"012c06500b0d88fb7b8bbf8489367cf9dac1da1a73172baaeb9cc28df4f93081","status":"success","startEpochMs":1787565979950,"endEpochMs":1787565980439,"latencyMs":489}
CALIPER_TX_LATENCY {"workerIndex":0,"roundIndex":4,"roundLabel":"write-tps-10","transactionId":"3a6922fb382b50df84e3910218d0a318cc02cd6d1d6b84526b1992ff5fbcb799","status":"success","startEpochMs":1787565979950,"endEpochMs":1787565980439,"latencyMs":489}
CALIPER_TX_LATENCY {"workerIndex":2,"roundIndex":4,"roundLabel":"write-tps-10","transactionId":"d24c6d0054c633ba698e08086cd47aff997500ccea97154ae8fcca13692c0660","status":"success","startEpochMs":1787565979950,"endEpochMs":1787565980439,"latencyMs":489}
CALIPER_TX_LATENCY {"workerIndex":1,"roundIndex":4,"roundLabel":"write-tps-10","transactionId":"6d4fd9332f94183930198a23413e594537cfaf1c1fecb6e9c287ee477751b520","status":"success","startEpochMs":1787565979950,"endEpochMs":1787565980439,"latencyMs":489}
CALIPER_TX_LATENCY {"workerIndex":0,"roundIndex":4,"roundLabel":"write-tps-10","transactionId":"ea74268a443170a096ae139218ee6d4240dd23d5aa9bee065035aa7f438fa944","status":"success","startEpochMs":1787565980350,"endEpochMs":1787565980439,"latencyMs":89}
CALIPER_TX_LATENCY {"workerIndex":3,"roundIndex":4,"roundLabel":"write-tps-10","transactionId":"83442b418d733364f7825d6687fd3de13a78d72edf78c6564924c92e513e6c7e","status":"success","startEpochMs":1787565981150,"endEpochMs":1787565981256,"latencyMs":106}
CALIPER_TX_LATENCY {"workerIndex":2,"roundIndex":4,"roundLabel":"write-tps-10","transactionId":"c5c7cfdada2a25c41ae488391826db6bf4b30da5054007183d0bab0b4392049b","status":"success","startEpochMs":1787565980350,"endEpochMs":1787565981256,"latencyMs":906}
CALIPER_TX_LATENCY {"workerIndex":1,"roundIndex":4,"roundLabel":"write-tps-10","transactionId":"08a238a0333ca9794515d5c702fbde749abad223e6b1e8f875f0942dce6a0b3c","status":"success","startEpochMs":1787565981150,"endEpochMs":1787565981256,"latencyMs":106}
CALIPER_TX_LATENCY {"workerIndex":0,"roundIndex":4,"roundLabel":"write-tps-10","transactionId":"8d0c37f6c57339b1d9d096922ee644214046f4f4ff154c94ae820dc4350b4188","status":"success","startEpochMs":1787565981150,"endEpochMs":1787565981256,"latencyMs":106}
CALIPER_TX_LATENCY {"workerIndex":3,"roundIndex":4,"roundLabel":"write-tps-10","transactionId":"990d852aacf659cfa522eb168698d0107dbd2bddc5aae6884590fb1cde5753d7","status":"success","startEpochMs":1787565980349,"endEpochMs":1787565981256,"latencyMs":907}
CALIPER_TX_LATENCY {"workerIndex":2,"roundIndex":4,"roundLabel":"write-tps-10","transactionId":"078e1f1cccfafb398d5f7d04b1f4a932caf6f5da2f2952e67e440310d2806a3d","status":"success","startEpochMs":1787565980749,"endEpochMs":1787565981256,"latencyMs":507}
CALIPER_TX_LATENCY {"workerIndex":0,"roundIndex":4,"roundLabel":"write-tps-10","transactionId":"f5f37052134942ebcb4799c3af0d1cf0c516477c305b40e7ec59109378d70c14","status":"success","startEpochMs":1787565980749,"endEpochMs":1787565981256,"latencyMs":507}
CALIPER_TX_LATENCY {"workerIndex":1,"roundIndex":4,"roundLabel":"write-tps-10","transactionId":"21704554b861fb4164d48e8339fd6aed66db6a1a11764f7429f4587e771ae326","status":"success","startEpochMs":1787565980749,"endEpochMs":1787565981256,"latencyMs":507}
CALIPER_TX_LATENCY {"workerIndex":3,"roundIndex":4,"roundLabel":"write-tps-10","transactionId":"166113a7e0d59f4c4d5ce9fc85d3b9489494668af1a46b586764f9264804a7f3","status":"success","startEpochMs":1787565980747,"endEpochMs":1787565981256,"latencyMs":509}
CALIPER_TX_LATENCY {"workerIndex":2,"roundIndex":4,"roundLabel":"write-tps-10","transactionId":"d6bd2c362e7ddef1884a8a2841c40ce749ad24fa9e364f8271ffbe949263f692","status":"success","startEpochMs":1787565981150,"endEpochMs":1787565981256,"latencyMs":106}
2026.08.24-15:36:21.556[32m info [39m [caliper] [default-observer] 	[write-tps-10 Round 4 Transaction Info] - Submitted: 292 Succ: 290 Fail:0 Unfinished:2
CALIPER_TX_LATENCY {"workerIndex":2,"roundIndex":4,"roundLabel":"write-tps-10","transactionId":"46f7a77a55806ae28ae678780e4028ad8e2472609f9de0f67ea08597eda08da5","status":"success","startEpochMs":1787565981550,"endEpochMs":1787565982457,"latencyMs":907}
CALIPER_TX_LATENCY {"workerIndex":0,"roundIndex":4,"roundLabel":"write-tps-10","transactionId":"a268a6f4ac5d985f850c78e6ad1c40394660ea845e4a00d505261c34b18c027d","status":"success","startEpochMs":1787565982350,"endEpochMs":1787565982457,"latencyMs":107}
CALIPER_TX_LATENCY {"workerIndex":3,"roundIndex":4,"roundLabel":"write-tps-10","transactionId":"25221dd054d8bfbf9060678c402d16c136db05e1d09cd0ce79a31af165dbd01d","status":"success","startEpochMs":1787565981950,"endEpochMs":1787565982457,"latencyMs":507}
CALIPER_TX_LATENCY {"workerIndex":1,"roundIndex":4,"roundLabel":"write-tps-10","transactionId":"2514f05d4f8c5a59a054d6f9625328124a00d62b094711100fc133a77c9f3a3a","status":"success","startEpochMs":1787565981950,"endEpochMs":1787565982457,"latencyMs":507}
CALIPER_TX_LATENCY {"workerIndex":2,"roundIndex":4,"roundLabel":"write-tps-10","transactionId":"c0b4e680b155d75ff80d09845bf56b75816926f1381e1ea1aa3d2b1ac9e79d98","status":"success","startEpochMs":1787565981950,"endEpochMs":1787565982458,"latencyMs":508}
CALIPER_TX_LATENCY {"workerIndex":3,"roundIndex":4,"roundLabel":"write-tps-10","transactionId":"c6f01d9bf37dc15ba1c0c8d86a061a4de286975be3456cbcbbc4715856e114c6","status":"success","startEpochMs":1787565981550,"endEpochMs":1787565982458,"latencyMs":908}
CALIPER_TX_LATENCY {"workerIndex":1,"roundIndex":4,"roundLabel":"write-tps-10","transactionId":"6bce92ad8d99c3a021a2c8bdfe1a03c453e206f80ab4cffde96e060ba662916a","status":"success","startEpochMs":1787565981549,"endEpochMs":1787565982458,"latencyMs":909}
CALIPER_TX_LATENCY {"workerIndex":0,"roundIndex":4,"roundLabel":"write-tps-10","transactionId":"9d850151160726e573529466a40b6e4f6e054d0be9981a5b39ebaf0086dfcd47","status":"success","startEpochMs":1787565981950,"endEpochMs":1787565982458,"latencyMs":508}
CALIPER_TX_LATENCY {"workerIndex":1,"roundIndex":4,"roundLabel":"write-tps-10","transactionId":"7659b0f9e6f4909685f160d6aa91e1977dbbca7d53148adbd8b9373607e5d7e4","status":"success","startEpochMs":1787565982350,"endEpochMs":1787565982458,"latencyMs":108}
CALIPER_TX_LATENCY {"workerIndex":0,"roundIndex":4,"roundLabel":"write-tps-10","transactionId":"2649cc0aacf9e10ce0a8b4e0c958fe86b7060f4d34322ec1b0c018236795d695","status":"success","startEpochMs":1787565981549,"endEpochMs":1787565982458,"latencyMs":909}
CALIPER_TX_LATENCY {"workerIndex":0,"roundIndex":4,"roundLabel":"write-tps-10","transactionId":"8925f6ad430da383475a10d7241662f732c55099aef0c05b21842f24a52ff190","status":"success","startEpochMs":1787565982750,"endEpochMs":1787565983255,"latencyMs":505}
CALIPER_TX_LATENCY {"workerIndex":1,"roundIndex":4,"roundLabel":"write-tps-10","transactionId":"e99aefd8f020b9b4218eb27150a0c932c4e843b48ffa89c695eabf00fea21c5c","status":"success","startEpochMs":1787565982750,"endEpochMs":1787565983255,"latencyMs":505}
CALIPER_TX_LATENCY {"workerIndex":3,"roundIndex":4,"roundLabel":"write-tps-10","transactionId":"b3fd13967c7bfdfa4e4d39d176eb7b55b70362dcd0fd4a22590b3e4db448bf49","status":"success","startEpochMs":1787565983150,"endEpochMs":1787565983255,"latencyMs":105}
CALIPER_TX_LATENCY {"workerIndex":2,"roundIndex":4,"roundLabel":"write-tps-10","transactionId":"cb60f4286cf8d2ff201abc7e3cccf0927959f6fc838507d6302965627bac113c","status":"success","startEpochMs":1787565982350,"endEpochMs":1787565983255,"latencyMs":905}
CALIPER_TX_LATENCY {"workerIndex":1,"roundIndex":4,"roundLabel":"write-tps-10","transactionId":"c93f9e14d18d81f21f7ddc5b1628977f5150c4950aa8556752f10c0265bd80b8","status":"success","startEpochMs":1787565983150,"endEpochMs":1787565983256,"latencyMs":106}
CALIPER_TX_LATENCY {"workerIndex":0,"roundIndex":4,"roundLabel":"write-tps-10","transactionId":"82134397d022211a0a0a5769fa3db85b93434c1fb804f79e1a8df30268b982af","status":"success","startEpochMs":1787565983150,"endEpochMs":1787565983256,"latencyMs":106}
CALIPER_TX_LATENCY {"workerIndex":2,"roundIndex":4,"roundLabel":"write-tps-10","transactionId":"0265ff645f5097ddaa88b4bad2539f1aefcf739791f6d43d7b5e7aac3abc4e5f","status":"success","startEpochMs":1787565982750,"endEpochMs":1787565983256,"latencyMs":506}
CALIPER_TX_LATENCY {"workerIndex":3,"roundIndex":4,"roundLabel":"write-tps-10","transactionId":"fd35e5a7518412413a668d9f8f104e6f715d72ce0855a096fb27cf43ccac80e6","status":"success","startEpochMs":1787565982350,"endEpochMs":1787565983256,"latencyMs":906}
CALIPER_TX_LATENCY {"workerIndex":2,"roundIndex":4,"roundLabel":"write-tps-10","transactionId":"02b2e1e9687ed158262a8476116383c40c1ce29912b4e4460b6dbd9abe9e9ee9","status":"success","startEpochMs":1787565983150,"endEpochMs":1787565983256,"latencyMs":106}
CALIPER_TX_LATENCY {"workerIndex":3,"roundIndex":4,"roundLabel":"write-tps-10","transactionId":"ea707adae28c603782ef33947021d45d86db780392ad104bc5e24927c3866dd7","status":"success","startEpochMs":1787565982751,"endEpochMs":1787565983256,"latencyMs":505}
CALIPER_TX_LATENCY {"workerIndex":2,"roundIndex":4,"roundLabel":"write-tps-10","transactionId":"f58daf641080ebcfd9dc746cd0395fdd87755b88c317cc3e45085ca9baebdd3e","status":"success","startEpochMs":1787565983951,"endEpochMs":1787565984458,"latencyMs":507}
CALIPER_TX_LATENCY {"workerIndex":1,"roundIndex":4,"roundLabel":"write-tps-10","transactionId":"7a643395fc96e4f68bd4ae6c70a1998aae7e155b67122beee89c13f16f473473","status":"success","startEpochMs":1787565983950,"endEpochMs":1787565984458,"latencyMs":508}
CALIPER_TX_LATENCY {"workerIndex":0,"roundIndex":4,"roundLabel":"write-tps-10","transactionId":"b9325d3cd65e9372a728cb636b9b3e782155cc80ac98ec267d1440a6f218c801","status":"success","startEpochMs":1787565983550,"endEpochMs":1787565984458,"latencyMs":908}
CALIPER_TX_LATENCY {"workerIndex":3,"roundIndex":4,"roundLabel":"write-tps-10","transactionId":"e2f4fad2c129ecedd8932c800e5b15757158795f701858172d0882255e5bd020","status":"success","startEpochMs":1787565984350,"endEpochMs":1787565984458,"latencyMs":108}
CALIPER_TX_LATENCY {"workerIndex":3,"roundIndex":4,"roundLabel":"write-tps-10","transactionId":"1635997e491434d2eb97837080465fbf40b8c4d68f3bd26c059f22cf40b1f66a","status":"success","startEpochMs":1787565983950,"endEpochMs":1787565984459,"latencyMs":509}
CALIPER_TX_LATENCY {"workerIndex":1,"roundIndex":4,"roundLabel":"write-tps-10","transactionId":"3c9f11d7fa114265378abfbed8ecd8ca92558e6d8504cc798784c5c2cc9c8b64","status":"success","startEpochMs":1787565983550,"endEpochMs":1787565984460,"latencyMs":910}
CALIPER_TX_LATENCY {"workerIndex":0,"roundIndex":4,"roundLabel":"write-tps-10","transactionId":"3e735ab64c8b083745132cdadf973ddc0796cbe57ea1139adec687f7db35e836","status":"success","startEpochMs":1787565983950,"endEpochMs":1787565984459,"latencyMs":509}
CALIPER_TX_LATENCY {"workerIndex":3,"roundIndex":4,"roundLabel":"write-tps-10","transactionId":"4939280e8c41f9335510837ae255a31e573480ccea54f0109ef77b6a330c7f73","status":"success","startEpochMs":1787565983550,"endEpochMs":1787565984460,"latencyMs":910}
CALIPER_TX_LATENCY {"workerIndex":2,"roundIndex":4,"roundLabel":"write-tps-10","transactionId":"765c013ad2a0d18f7cbc09cc03eb117e1f82bbecf20fb0a50a88ac01125394a3","status":"success","startEpochMs":1787565984350,"endEpochMs":1787565984459,"latencyMs":109}
CALIPER_TX_LATENCY {"workerIndex":2,"roundIndex":4,"roundLabel":"write-tps-10","transactionId":"d199406697fc6d18566dbed014e87b0b1e07b5a54ec870f96edc48b901ba27c4","status":"success","startEpochMs":1787565983550,"endEpochMs":1787565984461,"latencyMs":911}
CALIPER_TX_LATENCY {"workerIndex":1,"roundIndex":4,"roundLabel":"write-tps-10","transactionId":"30183a6bdbfa3a346bd0fd9bf8e3a9dafeb8086f220f20f48020c7ad55af3c2d","status":"success","startEpochMs":1787565984350,"endEpochMs":1787565985243,"latencyMs":893}
CALIPER_TX_LATENCY {"workerIndex":0,"roundIndex":4,"roundLabel":"write-tps-10","transactionId":"a6fe1fe92f33432902e2ed335365efdb69544b7be8c730c0ff9ddd13dffece3a","status":"success","startEpochMs":1787565984350,"endEpochMs":1787565985243,"latencyMs":893}
CALIPER_TX_LATENCY {"workerIndex":2,"roundIndex":4,"roundLabel":"write-tps-10","transactionId":"a5ef8ba52813ede443f25d115161696e6814ba56322ef50a6c228aacf60a8651","status":"success","startEpochMs":1787565985150,"endEpochMs":1787565985243,"latencyMs":93}
CALIPER_TX_LATENCY {"workerIndex":3,"roundIndex":4,"roundLabel":"write-tps-10","transactionId":"7eaa957702e4e420b3f57ca5da0ab907a73bf554c41e84376397bc774f4a796c","status":"success","startEpochMs":1787565985150,"endEpochMs":1787565985243,"latencyMs":93}
CALIPER_TX_LATENCY {"workerIndex":1,"roundIndex":4,"roundLabel":"write-tps-10","transactionId":"d51fcdfaa8e63649810168c348c03f81f403319ffddaeb76f689af564e7dfbb1","status":"success","startEpochMs":1787565985150,"endEpochMs":1787565985243,"latencyMs":93}
CALIPER_TX_LATENCY {"workerIndex":0,"roundIndex":4,"roundLabel":"write-tps-10","transactionId":"c6104058d1592d8ebaaecca8eeb0843c7a286efef749a49c8840eae719dfcd4e","status":"success","startEpochMs":1787565984749,"endEpochMs":1787565985243,"latencyMs":494}
CALIPER_TX_LATENCY {"workerIndex":2,"roundIndex":4,"roundLabel":"write-tps-10","transactionId":"e074654dbfd8f67dd2d863a56669f96597e0541e2ddcd3eb0e5386fe94f4b33d","status":"success","startEpochMs":1787565984750,"endEpochMs":1787565985243,"latencyMs":493}
CALIPER_TX_LATENCY {"workerIndex":1,"roundIndex":4,"roundLabel":"write-tps-10","transactionId":"e207163e517783c6613edc795c604836dcb7e619c370df33e08f189a30b36ebe","status":"success","startEpochMs":1787565984749,"endEpochMs":1787565985243,"latencyMs":494}
CALIPER_TX_LATENCY {"workerIndex":3,"roundIndex":4,"roundLabel":"write-tps-10","transactionId":"39c36de337bbe27a386dd70f2f7020cc0d0b69f012d810c48769a87f62032bd5","status":"success","startEpochMs":1787565984750,"endEpochMs":1787565985243,"latencyMs":493}
CALIPER_TX_LATENCY {"workerIndex":0,"roundIndex":4,"roundLabel":"write-tps-10","transactionId":"f1b6d83fd682a9e1517a43a9311860b75973ce68443ebf8ef17763485027003a","status":"success","startEpochMs":1787565985150,"endEpochMs":1787565985243,"latencyMs":93}
CALIPER_TX_LATENCY {"workerIndex":3,"roundIndex":4,"roundLabel":"write-tps-10","transactionId":"092961f29663ac191099b1d26772e19fe7509ebab6796ea07fe9c62e14143a33","status":"success","startEpochMs":1787565985550,"endEpochMs":1787565986458,"latencyMs":908}
CALIPER_TX_LATENCY {"workerIndex":1,"roundIndex":4,"roundLabel":"write-tps-10","transactionId":"49cd3a613f307cb0433dba3f945307d4bb88b14a37c212951c33e80589a7848e","status":"success","startEpochMs":1787565985550,"endEpochMs":1787565986458,"latencyMs":908}
CALIPER_TX_LATENCY {"workerIndex":2,"roundIndex":4,"roundLabel":"write-tps-10","transactionId":"bacbd4ad09fc1880a8a6a5986c1c24c5d313114d04cacb261bda3631a14d15f9","status":"success","startEpochMs":1787565985550,"endEpochMs":1787565986458,"latencyMs":908}
CALIPER_TX_LATENCY {"workerIndex":0,"roundIndex":4,"roundLabel":"write-tps-10","transactionId":"757f1f04990eb133a7f92dcd7b16fb8eb5b7890cd1e1b3419d00a70ce3980e39","status":"success","startEpochMs":1787565985951,"endEpochMs":1787565986458,"latencyMs":507}
CALIPER_TX_LATENCY {"workerIndex":3,"roundIndex":4,"roundLabel":"write-tps-10","transactionId":"78e6b976eaac9dd20030cb7824f91fd2a1e99cd90c70523733d6045a67c4dd7a","status":"success","startEpochMs":1787565985951,"endEpochMs":1787565986458,"latencyMs":507}
CALIPER_TX_LATENCY {"workerIndex":1,"roundIndex":4,"roundLabel":"write-tps-10","transactionId":"a07b03dfe2d889128371ff741a4c0c29b8209c46bbf8c2ee22fd1fbdbc4b888e","status":"success","startEpochMs":1787565985951,"endEpochMs":1787565986458,"latencyMs":507}
CALIPER_TX_LATENCY {"workerIndex":2,"roundIndex":4,"roundLabel":"write-tps-10","transactionId":"89223e05c6d0312cfa3bead9626bf7b5f93872feb14beb872ea9ffa193a7a4f4","status":"success","startEpochMs":1787565985951,"endEpochMs":1787565986458,"latencyMs":507}
CALIPER_TX_LATENCY {"workerIndex":0,"roundIndex":4,"roundLabel":"write-tps-10","transactionId":"05af57281083b9594c71add0f67cb6010768d8d2be90fb5941a227a54bcbdfcf","status":"success","startEpochMs":1787565986349,"endEpochMs":1787565986458,"latencyMs":109}
CALIPER_TX_LATENCY {"workerIndex":2,"roundIndex":4,"roundLabel":"write-tps-10","transactionId":"399ff798c8b6ee0d1e8a336e00ccfdc1f03c14a95f9f4affdd8e3607ae333c26","status":"success","startEpochMs":1787565986349,"endEpochMs":1787565986458,"latencyMs":109}
CALIPER_TX_LATENCY {"workerIndex":0,"roundIndex":4,"roundLabel":"write-tps-10","transactionId":"df42d37852dfa4fe405497bb922a64805ea166c185e2b07160a50efc20cf2e2f","status":"success","startEpochMs":1787565985550,"endEpochMs":1787565986458,"latencyMs":908}
2026.08.24-15:36:26.558[32m info [39m [caliper] [default-observer] 	[write-tps-10 Round 4 Transaction Info] - Submitted: 344 Succ: 340 Fail:0 Unfinished:4
CALIPER_TX_LATENCY {"workerIndex":2,"roundIndex":4,"roundLabel":"write-tps-10","transactionId":"6f19d93530e0b2503a0c975adb177778d0f6cbbbd130631fbedabb48bdc44ffb","status":"success","startEpochMs":1787565986750,"endEpochMs":1787565987246,"latencyMs":496}
CALIPER_TX_LATENCY {"workerIndex":3,"roundIndex":4,"roundLabel":"write-tps-10","transactionId":"e5ac886acf3c32a4754a7e28eb58b411a587480be3ba3fae210ba44d21d37d3d","status":"success","startEpochMs":1787565986349,"endEpochMs":1787565987246,"latencyMs":897}
CALIPER_TX_LATENCY {"workerIndex":1,"roundIndex":4,"roundLabel":"write-tps-10","transactionId":"782b7725657056206b5fe145f97e824e99756120f4a3ca0a2b2363079c65fa50","status":"success","startEpochMs":1787565986349,"endEpochMs":1787565987246,"latencyMs":897}
CALIPER_TX_LATENCY {"workerIndex":0,"roundIndex":4,"roundLabel":"write-tps-10","transactionId":"e44399950538bed2a87cc8ad9af1ed5c23c439cf3dc6e0510c4ba0a97ac092fa","status":"success","startEpochMs":1787565987150,"endEpochMs":1787565987246,"latencyMs":96}
CALIPER_TX_LATENCY {"workerIndex":2,"roundIndex":4,"roundLabel":"write-tps-10","transactionId":"b3a720e13f0dda76c411f5f4f785b3a9786d0deae7d53b245669defabdb0a67f","status":"success","startEpochMs":1787565987150,"endEpochMs":1787565987247,"latencyMs":97}
CALIPER_TX_LATENCY {"workerIndex":1,"roundIndex":4,"roundLabel":"write-tps-10","transactionId":"beea75b9669124649b41a18e4f1416a778ba28a1108512a105ae2a3d2cbbac77","status":"success","startEpochMs":1787565986750,"endEpochMs":1787565987247,"latencyMs":497}
CALIPER_TX_LATENCY {"workerIndex":3,"roundIndex":4,"roundLabel":"write-tps-10","transactionId":"7a4db7743080ff80ea4feda74e2cdfc782a40c35d9024b6fd5069455fabd41a0","status":"success","startEpochMs":1787565986750,"endEpochMs":1787565987247,"latencyMs":497}
CALIPER_TX_LATENCY {"workerIndex":3,"roundIndex":4,"roundLabel":"write-tps-10","transactionId":"d7b5a43947bba87679ff79f5453d9507445c744bfc1f594e8c4b4cddc81c0dbb","status":"success","startEpochMs":1787565987150,"endEpochMs":1787565987247,"latencyMs":97}
CALIPER_TX_LATENCY {"workerIndex":0,"roundIndex":4,"roundLabel":"write-tps-10","transactionId":"95692e36b5c5178a173526dc841f5d5721b77a5bf1b3a71607ab3c384bc65543","status":"success","startEpochMs":1787565986750,"endEpochMs":1787565987248,"latencyMs":498}
CALIPER_TX_LATENCY {"workerIndex":1,"roundIndex":4,"roundLabel":"write-tps-10","transactionId":"c048413745e64440ed618b61580b538567f0a8c50e4a29afdb87b507380e39be","status":"success","startEpochMs":1787565987150,"endEpochMs":1787565987248,"latencyMs":98}
CALIPER_TX_LATENCY {"workerIndex":0,"roundIndex":4,"roundLabel":"write-tps-10","transactionId":"213ee0cfc6461059a6199133c14f9722c67992c25d36cc1e0b2d27c870a27da1","status":"success","startEpochMs":1787565987550,"endEpochMs":1787565988464,"latencyMs":914}
CALIPER_TX_LATENCY {"workerIndex":1,"roundIndex":4,"roundLabel":"write-tps-10","transactionId":"55b99171afec4c12b5b242826aac8099b466738dc9b3981a3ab6894bb05e8b18","status":"success","startEpochMs":1787565987550,"endEpochMs":1787565988464,"latencyMs":914}
CALIPER_TX_LATENCY {"workerIndex":3,"roundIndex":4,"roundLabel":"write-tps-10","transactionId":"c1f6519248ef10c588529d5632a06cdff3964ae2d53a4f06c999a81610431fd4","status":"success","startEpochMs":1787565987952,"endEpochMs":1787565988464,"latencyMs":512}
CALIPER_TX_LATENCY {"workerIndex":2,"roundIndex":4,"roundLabel":"write-tps-10","transactionId":"518540bc4e3466c0919ec184353feb46c268120b676356ba9a53c60530455cee","status":"success","startEpochMs":1787565987550,"endEpochMs":1787565988464,"latencyMs":914}
CALIPER_TX_LATENCY {"workerIndex":0,"roundIndex":4,"roundLabel":"write-tps-10","transactionId":"89a2e7a9cd82a4ba52988abfa96f661c1e122e8fca4fb47663284f748eaf5e05","status":"success","startEpochMs":1787565988350,"endEpochMs":1787565988464,"latencyMs":114}
CALIPER_TX_LATENCY {"workerIndex":3,"roundIndex":4,"roundLabel":"write-tps-10","transactionId":"d90d98111c8442df850c59e026cde4fa62cf600400ffedc0c2d185b915d325c1","status":"success","startEpochMs":1787565987550,"endEpochMs":1787565988464,"latencyMs":914}
CALIPER_TX_LATENCY {"workerIndex":1,"roundIndex":4,"roundLabel":"write-tps-10","transactionId":"7996486b529ba7e5209c0fe699fa12e38fad669fc3e4b1d676004aa66e830f8a","status":"success","startEpochMs":1787565987950,"endEpochMs":1787565988464,"latencyMs":514}
CALIPER_TX_LATENCY {"workerIndex":2,"roundIndex":4,"roundLabel":"write-tps-10","transactionId":"6505d40613ad18335a723a83ffe2b4947122fd8cfab8b4429d55864d56eb6bab","status":"success","startEpochMs":1787565987950,"endEpochMs":1787565988464,"latencyMs":514}
CALIPER_TX_LATENCY {"workerIndex":0,"roundIndex":4,"roundLabel":"write-tps-10","transactionId":"37475717b01c5e4b2c85a3f10d7d2820e2ce05f9b0741375e6314efb8b7ba1e4","status":"success","startEpochMs":1787565987950,"endEpochMs":1787565988464,"latencyMs":514}
CALIPER_TX_LATENCY {"workerIndex":3,"roundIndex":4,"roundLabel":"write-tps-10","transactionId":"c6b7239a3bb7c835fe60b373e87969e13e76846f48b755e26078b8b8806e41c2","status":"success","startEpochMs":1787565988350,"endEpochMs":1787565988464,"latencyMs":114}
CALIPER_TX_LATENCY {"workerIndex":0,"roundIndex":4,"roundLabel":"write-tps-10","transactionId":"27ede303bd1e24e0bd900070e6b1fd0f973dc0c006c3d9087defda64bc8469bb","status":"success","startEpochMs":1787565988750,"endEpochMs":1787565989262,"latencyMs":512}
CALIPER_TX_LATENCY {"workerIndex":3,"roundIndex":4,"roundLabel":"write-tps-10","transactionId":"6163373cf59dcb82661f68911f86b0948b23e32d29f7a80eddc4e3fb7e95e98a","status":"success","startEpochMs":1787565988749,"endEpochMs":1787565989262,"latencyMs":513}
CALIPER_TX_LATENCY {"workerIndex":1,"roundIndex":4,"roundLabel":"write-tps-10","transactionId":"52ba90d24a9fd7a89103fbbd66aa091631cd6df9e2e3d2f06864f703c2261f20","status":"success","startEpochMs":1787565988750,"endEpochMs":1787565989262,"latencyMs":512}
CALIPER_TX_LATENCY {"workerIndex":2,"roundIndex":4,"roundLabel":"write-tps-10","transactionId":"4d8c5042a0bae17bf96d82f0ac47cfa70e2fe6922baf3006f2d76a8b2bd527f6","status":"success","startEpochMs":1787565989150,"endEpochMs":1787565989262,"latencyMs":112}
CALIPER_TX_LATENCY {"workerIndex":1,"roundIndex":4,"roundLabel":"write-tps-10","transactionId":"afbdd91059eb18dabbcc922f0e7f4ecd7db2d8194efec2e93144de6d2bd25b32","status":"success","startEpochMs":1787565989150,"endEpochMs":1787565989263,"latencyMs":113}
CALIPER_TX_LATENCY {"workerIndex":2,"roundIndex":4,"roundLabel":"write-tps-10","transactionId":"06fcfc51e7b92e4500346172228cb5b4d4a024d28e238f77c00d608e44f60d62","status":"success","startEpochMs":1787565988749,"endEpochMs":1787565989263,"latencyMs":514}
CALIPER_TX_LATENCY {"workerIndex":0,"roundIndex":4,"roundLabel":"write-tps-10","transactionId":"acb752d7b886721e86131f3d0fe87cca7f44ce0c18ca0c81b268521790d5ec27","status":"success","startEpochMs":1787565989150,"endEpochMs":1787565989263,"latencyMs":113}
CALIPER_TX_LATENCY {"workerIndex":3,"roundIndex":4,"roundLabel":"write-tps-10","transactionId":"b5c593491b57c5a95e860abfeadb46f415f4a70ff5681977ec30bb53f7ca70f8","status":"success","startEpochMs":1787565989150,"endEpochMs":1787565989263,"latencyMs":113}
CALIPER_TX_LATENCY {"workerIndex":2,"roundIndex":4,"roundLabel":"write-tps-10","transactionId":"ae454434c5ba22a68e4efde7540fbc0e884d2b8d7f1045a20794466411be22cf","status":"success","startEpochMs":1787565988350,"endEpochMs":1787565989263,"latencyMs":913}
CALIPER_TX_LATENCY {"workerIndex":1,"roundIndex":4,"roundLabel":"write-tps-10","transactionId":"b7429664b69daf258069071a68e1a80038b044144f472d2b3f1be44d099aa563","status":"success","startEpochMs":1787565988350,"endEpochMs":1787565989263,"latencyMs":913}
CALIPER_TX_LATENCY {"workerIndex":0,"roundIndex":4,"roundLabel":"write-tps-10","transactionId":"531b03eca7ce3faee9ecf5ccb0aafc297df436590a00095fbb837f5fea57492e","status":"success","startEpochMs":1787565989550,"endEpochMs":1787565990457,"latencyMs":907}
CALIPER_TX_LATENCY {"workerIndex":2,"roundIndex":4,"roundLabel":"write-tps-10","transactionId":"b68b4e70fafc8460311238a379595834a57b3d9fb8e2b01c114514bc591635f7","status":"success","startEpochMs":1787565990353,"endEpochMs":1787565990457,"latencyMs":104}
CALIPER_TX_LATENCY {"workerIndex":0,"roundIndex":4,"roundLabel":"write-tps-10","transactionId":"ec59f56fea497ffdc40078ecff75410d651b45dd7450298a700d801269b10743","status":"success","startEpochMs":1787565989949,"endEpochMs":1787565990458,"latencyMs":509}
CALIPER_TX_LATENCY {"workerIndex":3,"roundIndex":4,"roundLabel":"write-tps-10","transactionId":"b21e4fff3bfc78648164fc294b0b8c19df4a6bb2d7151fe94a556a9883a0c7a1","status":"success","startEpochMs":1787565989949,"endEpochMs":1787565990458,"latencyMs":509}
CALIPER_TX_LATENCY {"workerIndex":2,"roundIndex":4,"roundLabel":"write-tps-10","transactionId":"e731c7dbef640669418f35d0ddae32e3aa6f9c103ca125f270bac23981130510","status":"success","startEpochMs":1787565989550,"endEpochMs":1787565990458,"latencyMs":908}
CALIPER_TX_LATENCY {"workerIndex":1,"roundIndex":4,"roundLabel":"write-tps-10","transactionId":"6adf6ac61477a8fdb35d081cd7e88e1b7f456901399d66a592b16c7d55eb25f2","status":"success","startEpochMs":1787565989950,"endEpochMs":1787565990456,"latencyMs":506}
CALIPER_TX_LATENCY {"workerIndex":2,"roundIndex":4,"roundLabel":"write-tps-10","transactionId":"79bf25f464f94588a8b9b21aa2f6e6d74d83b9e9fc4d3d5f188c59455c84172a","status":"success","startEpochMs":1787565989950,"endEpochMs":1787565990458,"latencyMs":508}
CALIPER_TX_LATENCY {"workerIndex":1,"roundIndex":4,"roundLabel":"write-tps-10","transactionId":"4d152f7401755a208efaa8092b70cdd06e62a3b8145207448e75ae72cb700e39","status":"success","startEpochMs":1787565990350,"endEpochMs":1787565990458,"latencyMs":108}
CALIPER_TX_LATENCY {"workerIndex":3,"roundIndex":4,"roundLabel":"write-tps-10","transactionId":"266b7f1831c65d1a8c7a1f66a02745734ac2c1bd5ff9cbad769f2c0734efd41e","status":"success","startEpochMs":1787565989550,"endEpochMs":1787565990458,"latencyMs":908}
CALIPER_TX_LATENCY {"workerIndex":1,"roundIndex":4,"roundLabel":"write-tps-10","transactionId":"96fcc59e364959473d100528dcd9216b93d0d5af8e8ead61688caeef44e814db","status":"success","startEpochMs":1787565989550,"endEpochMs":1787565990459,"latencyMs":909}
CALIPER_TX_LATENCY {"workerIndex":0,"roundIndex":4,"roundLabel":"write-tps-10","transactionId":"30d707032b8710def30923eb0292e2f0bba0c21957acd1353545702facce441a","status":"success","startEpochMs":1787565990350,"endEpochMs":1787565991254,"latencyMs":904}
CALIPER_TX_LATENCY {"workerIndex":3,"roundIndex":4,"roundLabel":"write-tps-10","transactionId":"842c1fa5a987a0f37d52fe38bdc4835979aaa3a60c6282209f32e1c062534eb8","status":"success","startEpochMs":1787565990350,"endEpochMs":1787565991254,"latencyMs":904}
CALIPER_TX_LATENCY {"workerIndex":2,"roundIndex":4,"roundLabel":"write-tps-10","transactionId":"57c8ea3e4021cbca48b7ecefa9d59ee6a495d2c694370859e97f58b1d5764303","status":"success","startEpochMs":1787565991150,"endEpochMs":1787565991254,"latencyMs":104}
CALIPER_TX_LATENCY {"workerIndex":1,"roundIndex":4,"roundLabel":"write-tps-10","transactionId":"387d5e08687de309b0c33a5428c6dc49943bbb0385a99d977fd8cd3861c3fa25","status":"success","startEpochMs":1787565991150,"endEpochMs":1787565991254,"latencyMs":104}
CALIPER_TX_LATENCY {"workerIndex":0,"roundIndex":4,"roundLabel":"write-tps-10","transactionId":"a206686f5738c236c6b85c63149608828d4c07f2072e0c9ad9215887fcb78ce7","status":"success","startEpochMs":1787565991148,"endEpochMs":1787565991254,"latencyMs":106}
CALIPER_TX_LATENCY {"workerIndex":2,"roundIndex":4,"roundLabel":"write-tps-10","transactionId":"6f490cba405e518506b03f4f006f2dae2605e13074c4cd45975921b5ccba2e62","status":"success","startEpochMs":1787565990750,"endEpochMs":1787565991254,"latencyMs":504}
CALIPER_TX_LATENCY {"workerIndex":0,"roundIndex":4,"roundLabel":"write-tps-10","transactionId":"f95ebf353de0fd10604243c9031ff1817e0b4a7d4a28edff13f71edf65af944b","status":"success","startEpochMs":1787565990750,"endEpochMs":1787565991254,"latencyMs":504}
CALIPER_TX_LATENCY {"workerIndex":1,"roundIndex":4,"roundLabel":"write-tps-10","transactionId":"3aa87eccfddc2fd9e3b5b00416beba954df4f7699dd123cfc3425cee448ca847","status":"success","startEpochMs":1787565990750,"endEpochMs":1787565991254,"latencyMs":504}
CALIPER_TX_LATENCY {"workerIndex":3,"roundIndex":4,"roundLabel":"write-tps-10","transactionId":"1000a8935d578196362d17edb47cd49bc5b93087af134814ad1c0684e27b604c","status":"success","startEpochMs":1787565991150,"endEpochMs":1787565991254,"latencyMs":104}
CALIPER_TX_LATENCY {"workerIndex":3,"roundIndex":4,"roundLabel":"write-tps-10","transactionId":"ca56c95775a409347ad7620759c7294a341d26d8b93c8a82d8b7f5de6f223782","status":"success","startEpochMs":1787565990750,"endEpochMs":1787565991255,"latencyMs":505}
2026.08.24-15:36:31.560[32m info [39m [caliper] [default-observer] 	[write-tps-10 Round 4 Transaction Info] - Submitted: 392 Succ: 390 Fail:0 Unfinished:2
CALIPER_TX_LATENCY {"workerIndex":0,"roundIndex":4,"roundLabel":"write-tps-10","transactionId":"29dfcc2565045069f411b7028130e3640259b2f27ea843ef05d3baf5d1ffa5bb","status":"success","startEpochMs":1787565991549,"endEpochMs":1787565992458,"latencyMs":909}
CALIPER_TX_LATENCY {"workerIndex":2,"roundIndex":4,"roundLabel":"write-tps-10","transactionId":"52aa960852f8ddc6518d4455a78630061d776f65e987994954b1595c5fed46f4","status":"success","startEpochMs":1787565991953,"endEpochMs":1787565992458,"latencyMs":505}
CALIPER_TX_LATENCY {"workerIndex":1,"roundIndex":4,"roundLabel":"write-tps-10","transactionId":"35360666711fc45a5446cd93166a3f5a39ff8eca78e1342416a947e47b45ea04","status":"success","startEpochMs":1787565991951,"endEpochMs":1787565992458,"latencyMs":507}
CALIPER_TX_LATENCY {"workerIndex":3,"roundIndex":4,"roundLabel":"write-tps-10","transactionId":"67835d9a2ec47a3c444cc066162c924bfb2f698c7ae25c862245073b28ff62ee","status":"success","startEpochMs":1787565991951,"endEpochMs":1787565992458,"latencyMs":507}
CALIPER_TX_LATENCY {"workerIndex":0,"roundIndex":4,"roundLabel":"write-tps-10","transactionId":"c72ee4b3d02ccd376d18b3456b2b9d61b8da025336ead374909b8c1bac586c90","status":"success","startEpochMs":1787565991950,"endEpochMs":1787565992459,"latencyMs":509}
CALIPER_TX_LATENCY {"workerIndex":1,"roundIndex":4,"roundLabel":"write-tps-10","transactionId":"7b8dac2d0674e905ddb5b70ae5ba74dc2c6eab7b5bd45975862205c58d7a914d","status":"success","startEpochMs":1787565991549,"endEpochMs":1787565992459,"latencyMs":910}
CALIPER_TX_LATENCY {"workerIndex":3,"roundIndex":4,"roundLabel":"write-tps-10","transactionId":"4a5699ec2c48b8c30c70a3424bf5869ec0cf95f6129c745c1947f28279e243c3","status":"success","startEpochMs":1787565992350,"endEpochMs":1787565992459,"latencyMs":109}
CALIPER_TX_LATENCY {"workerIndex":3,"roundIndex":4,"roundLabel":"write-tps-10","transactionId":"3b88f7e238a4fbc1fc8cda35f8d7aa1b6b260d1cefd6a103735100d508d34d58","status":"success","startEpochMs":1787565991549,"endEpochMs":1787565992460,"latencyMs":911}
CALIPER_TX_LATENCY {"workerIndex":2,"roundIndex":4,"roundLabel":"write-tps-10","transactionId":"50ceb657046b2872cf0fb7c5e66f6600345a3922ab0ce0b0c6d80099eac28a2d","status":"success","startEpochMs":1787565991550,"endEpochMs":1787565992459,"latencyMs":909}
CALIPER_TX_LATENCY {"workerIndex":2,"roundIndex":4,"roundLabel":"write-tps-10","transactionId":"46504b68c9e165c256ef3c03158edc5ba374176744c5a03ae624da52b7205a35","status":"success","startEpochMs":1787565992350,"endEpochMs":1787565992461,"latencyMs":111}
CALIPER_TX_LATENCY {"workerIndex":2,"roundIndex":4,"roundLabel":"write-tps-10","transactionId":"891d935ea7f92b96d1434cc9990df4a0dd05f590756f26b9296aad7d7c11ad59","status":"success","startEpochMs":1787565993150,"endEpochMs":1787565993256,"latencyMs":106}
CALIPER_TX_LATENCY {"workerIndex":1,"roundIndex":4,"roundLabel":"write-tps-10","transactionId":"e4a7317a3fc200485fce73f67e920836fb9a2ed5494d253aa2470b895efd23a0","status":"success","startEpochMs":1787565992352,"endEpochMs":1787565993256,"latencyMs":904}
CALIPER_TX_LATENCY {"workerIndex":0,"roundIndex":4,"roundLabel":"write-tps-10","transactionId":"fb5770565d1308bc67a3e2ead36818139d98715c9b28b5d915dcc94587dfa506","status":"success","startEpochMs":1787565993150,"endEpochMs":1787565993256,"latencyMs":106}
CALIPER_TX_LATENCY {"workerIndex":3,"roundIndex":4,"roundLabel":"write-tps-10","transactionId":"a535d374059b5727698e9473be8f24aa997bae69eee2ca3f4bd0096af449011f","status":"success","startEpochMs":1787565992750,"endEpochMs":1787565993256,"latencyMs":506}
CALIPER_TX_LATENCY {"workerIndex":0,"roundIndex":4,"roundLabel":"write-tps-10","transactionId":"d75badbcdde807d5fe0fdff0e8a61c8ec8f9d28d1890285e5483d4a77283bd77","status":"success","startEpochMs":1787565992753,"endEpochMs":1787565993256,"latencyMs":503}
CALIPER_TX_LATENCY {"workerIndex":2,"roundIndex":4,"roundLabel":"write-tps-10","transactionId":"7028becb6bf38cfb0a7419a779f5e9ddf4c520ac37c74dcaa5c8f6854fbfa47b","status":"success","startEpochMs":1787565992750,"endEpochMs":1787565993256,"latencyMs":506}
CALIPER_TX_LATENCY {"workerIndex":1,"roundIndex":4,"roundLabel":"write-tps-10","transactionId":"fca31d5d32c13b48aa99586301db496cf2b37f5c7e4aaf41e98b4caf9e2be62c","status":"success","startEpochMs":1787565992750,"endEpochMs":1787565993256,"latencyMs":506}
CALIPER_TX_LATENCY {"workerIndex":0,"roundIndex":4,"roundLabel":"write-tps-10","transactionId":"8faa86424cf81d50c9b64439752ca0b590a333c5d668c86a1632046af38f0978","status":"success","startEpochMs":1787565992350,"endEpochMs":1787565993256,"latencyMs":906}
CALIPER_TX_LATENCY {"workerIndex":1,"roundIndex":4,"roundLabel":"write-tps-10","transactionId":"e0346ce552c3660c616babb508b2bccb53024adafb2bdcd7e8110c972fe4c866","status":"success","startEpochMs":1787565993150,"endEpochMs":1787565993256,"latencyMs":106}
CALIPER_TX_LATENCY {"workerIndex":3,"roundIndex":4,"roundLabel":"write-tps-10","transactionId":"973a1102b3c789392cd3c47d09c90145c2bd59e3732e3d2dec952f21a6a49930","status":"success","startEpochMs":1787565993150,"endEpochMs":1787565993256,"latencyMs":106}
CALIPER_TX_LATENCY {"workerIndex":2,"roundIndex":4,"roundLabel":"write-tps-10","transactionId":"ade4cb6e9b18311cf6ad4378a14e26c2d3d8efdf547ee588f4e3742160e47d50","status":"success","startEpochMs":1787565993550,"endEpochMs":1787565994453,"latencyMs":903}
CALIPER_TX_LATENCY {"workerIndex":1,"roundIndex":4,"roundLabel":"write-tps-10","transactionId":"45d4f2c33fa7a2f4bbc6091b9f047c3247fe85fdc4cabb282121fbee71847927","status":"success","startEpochMs":1787565994349,"endEpochMs":1787565994453,"latencyMs":104}
CALIPER_TX_LATENCY {"workerIndex":3,"roundIndex":4,"roundLabel":"write-tps-10","transactionId":"241b67a52f0b46656e6731fc69dfa4b301d8a734a88d16dc2748fc9c0bce7a85","status":"success","startEpochMs":1787565993950,"endEpochMs":1787565994453,"latencyMs":503}
CALIPER_TX_LATENCY {"workerIndex":0,"roundIndex":4,"roundLabel":"write-tps-10","transactionId":"3adca897c9df161168e0ec22c322027448dff8c69b91eecb2c6714a087f0e6a7","status":"success","startEpochMs":1787565994348,"endEpochMs":1787565994453,"latencyMs":105}
CALIPER_TX_LATENCY {"workerIndex":2,"roundIndex":4,"roundLabel":"write-tps-10","transactionId":"50826697a8eac83e6fded46297d4c2aab2fac77a57b2b1fe8c662dfff622add2","status":"success","startEpochMs":1787565993950,"endEpochMs":1787565994454,"latencyMs":504}
CALIPER_TX_LATENCY {"workerIndex":1,"roundIndex":4,"roundLabel":"write-tps-10","transactionId":"0c049979d78cd555f73a00781f6baf25ee058a1a340eb040747ddd1f84c038c1","status":"success","startEpochMs":1787565993950,"endEpochMs":1787565994454,"latencyMs":504}
CALIPER_TX_LATENCY {"workerIndex":3,"roundIndex":4,"roundLabel":"write-tps-10","transactionId":"43119a0815994bdec78a821b89f91c29539f48b578cc97152fc37ea039f63b04","status":"success","startEpochMs":1787565993550,"endEpochMs":1787565994454,"latencyMs":904}
CALIPER_TX_LATENCY {"workerIndex":0,"roundIndex":4,"roundLabel":"write-tps-10","transactionId":"36b7aa84f31d6f0806e0365d7628ed4379251569e9278a7c9db4488f7f173277","status":"success","startEpochMs":1787565993950,"endEpochMs":1787565994454,"latencyMs":504}
CALIPER_TX_LATENCY {"workerIndex":1,"roundIndex":4,"roundLabel":"write-tps-10","transactionId":"275c9250af9b6f3ba72c0151e2ee116a8382c36d6474e8377b3cf09f8a543ed1","status":"success","startEpochMs":1787565993550,"endEpochMs":1787565994454,"latencyMs":904}
CALIPER_TX_LATENCY {"workerIndex":0,"roundIndex":4,"roundLabel":"write-tps-10","transactionId":"26ba416209232e66ec0806452b81996642c31fa846206cd6d350eff4a66f9d2c","status":"success","startEpochMs":1787565993550,"endEpochMs":1787565994455,"latencyMs":905}
CALIPER_TX_LATENCY {"workerIndex":2,"roundIndex":4,"roundLabel":"write-tps-10","transactionId":"5dbd1fe2cb4f26d52f96b4bef7ccb20fb073c2b0d8310c46218245c38e8e53fe","status":"success","startEpochMs":1787565995150,"endEpochMs":1787565995255,"latencyMs":105}
CALIPER_TX_LATENCY {"workerIndex":1,"roundIndex":4,"roundLabel":"write-tps-10","transactionId":"5a468e03e2499757b134db68262e761b122b7dc9d0e3332fe74491438d02bdae","status":"success","startEpochMs":1787565994754,"endEpochMs":1787565995255,"latencyMs":501}
CALIPER_TX_LATENCY {"workerIndex":3,"roundIndex":4,"roundLabel":"write-tps-10","transactionId":"b756ed63711dfd4bf6120e87cee3afd0097dfc0a5e51e74340c440c97f3d34b0","status":"success","startEpochMs":1787565995150,"endEpochMs":1787565995255,"latencyMs":105}
CALIPER_TX_LATENCY {"workerIndex":0,"roundIndex":4,"roundLabel":"write-tps-10","transactionId":"04b4edb5481e3034d69d21d41f634b7c8d9f237e3fa98cb363770bae9073806e","status":"success","startEpochMs":1787565995150,"endEpochMs":1787565995255,"latencyMs":105}
CALIPER_TX_LATENCY {"workerIndex":3,"roundIndex":4,"roundLabel":"write-tps-10","transactionId":"3deeca3e6948fe46a4fa04fc2dcacc02f0de86e5fe868e3bd519a567262517df","status":"success","startEpochMs":1787565994750,"endEpochMs":1787565995255,"latencyMs":505}
CALIPER_TX_LATENCY {"workerIndex":1,"roundIndex":4,"roundLabel":"write-tps-10","transactionId":"6369c40fcf7c24e5e2a40b235e448d37747a767b148790b99986e73aa459a4e2","status":"success","startEpochMs":1787565995150,"endEpochMs":1787565995255,"latencyMs":105}
CALIPER_TX_LATENCY {"workerIndex":2,"roundIndex":4,"roundLabel":"write-tps-10","transactionId":"708ba1390c688b92dd84309fd41ef116e28000a68d0d8d1a296922aac8a81ff9","status":"success","startEpochMs":1787565994349,"endEpochMs":1787565995255,"latencyMs":906}
CALIPER_TX_LATENCY {"workerIndex":0,"roundIndex":4,"roundLabel":"write-tps-10","transactionId":"1002f7c1859f50af029158a08ac91c1f61bb31de9e50122b186a8aa5cca4dcd9","status":"success","startEpochMs":1787565994751,"endEpochMs":1787565995255,"latencyMs":504}
CALIPER_TX_LATENCY {"workerIndex":2,"roundIndex":4,"roundLabel":"write-tps-10","transactionId":"2943f62fd73ccf96ac052dc8876589e1c3a140c85321d761d0ac3a175d50acae","status":"success","startEpochMs":1787565994750,"endEpochMs":1787565995256,"latencyMs":506}
CALIPER_TX_LATENCY {"workerIndex":3,"roundIndex":4,"roundLabel":"write-tps-10","transactionId":"fb37e0d2cbf006eef18a7fe4c892b374e5ec04b11d9c2773c3a883f751b6f1a6","status":"success","startEpochMs":1787565994350,"endEpochMs":1787565995256,"latencyMs":906}
CALIPER_TX_LATENCY {"workerIndex":0,"roundIndex":4,"roundLabel":"write-tps-10","transactionId":"6891b5a35a3939735e43de3683f835943d03ccacf64e7471924ea2a816a91317","status":"success","startEpochMs":1787565995549,"endEpochMs":1787565996452,"latencyMs":903}
CALIPER_TX_LATENCY {"workerIndex":2,"roundIndex":4,"roundLabel":"write-tps-10","transactionId":"403fd9ab25e75ac3393f9d8b6080b23d3add9f9b46fb3f0d8e43b04e3dafc64d","status":"success","startEpochMs":1787565995550,"endEpochMs":1787565996452,"latencyMs":902}
CALIPER_TX_LATENCY {"workerIndex":3,"roundIndex":4,"roundLabel":"write-tps-10","transactionId":"2bf2b54d7e739d6f91e3bc0c1fc3c4716f7db655df48d1eac10c4fe515b86e8b","status":"success","startEpochMs":1787565995550,"endEpochMs":1787565996452,"latencyMs":902}
CALIPER_TX_LATENCY {"workerIndex":1,"roundIndex":4,"roundLabel":"write-tps-10","transactionId":"5f7c4b0efc3758b466f890889d78272087cda459115e15c0bb553f91b2d71c72","status":"success","startEpochMs":1787565996353,"endEpochMs":1787565996452,"latencyMs":99}
CALIPER_TX_LATENCY {"workerIndex":2,"roundIndex":4,"roundLabel":"write-tps-10","transactionId":"75ee12a6853a8040df8fef04670840d8299ec9a1b11ef7bbc31864653285a62b","status":"success","startEpochMs":1787565995950,"endEpochMs":1787565996453,"latencyMs":503}
CALIPER_TX_LATENCY {"workerIndex":3,"roundIndex":4,"roundLabel":"write-tps-10","transactionId":"a2d4be2017ae39d0e6ee5e7b8376d278280c7e8dec89d21aab02fbe199ce52b7","status":"success","startEpochMs":1787565995950,"endEpochMs":1787565996453,"latencyMs":503}
CALIPER_TX_LATENCY {"workerIndex":0,"roundIndex":4,"roundLabel":"write-tps-10","transactionId":"7ab07cbfe9f0a3e510b518aa3cfb37abc24d09d8a9ea239e08ccbae468824269","status":"success","startEpochMs":1787565995950,"endEpochMs":1787565996453,"latencyMs":503}
CALIPER_TX_LATENCY {"workerIndex":1,"roundIndex":4,"roundLabel":"write-tps-10","transactionId":"d2e15cbfb369dce8385ea935d5735c764ab30f187891b1114fe9b00f86d0142c","status":"success","startEpochMs":1787565995549,"endEpochMs":1787565996453,"latencyMs":904}
CALIPER_TX_LATENCY {"workerIndex":2,"roundIndex":4,"roundLabel":"write-tps-10","transactionId":"ffcc952ce821a2ef9fc357e58f80c4d4812c00fd38943c75193e35a9f589cf9a","status":"success","startEpochMs":1787565996353,"endEpochMs":1787565996453,"latencyMs":100}
CALIPER_TX_LATENCY {"workerIndex":1,"roundIndex":4,"roundLabel":"write-tps-10","transactionId":"e396af2da5bc9c949e693af4c9a07257925062dfc23f92688c04cf789afae7ac","status":"success","startEpochMs":1787565995950,"endEpochMs":1787565996453,"latencyMs":503}
2026.08.24-15:36:36.561[32m info [39m [caliper] [default-observer] 	[write-tps-10 Round 4 Transaction Info] - Submitted: 444 Succ: 440 Fail:0 Unfinished:4
CALIPER_TX_LATENCY {"workerIndex":0,"roundIndex":4,"roundLabel":"write-tps-10","transactionId":"5c510cb97e7cf45f6b944a1281a7d6e97dfc718da42121b0bdd8914a123a5705","status":"success","startEpochMs":1787565996353,"endEpochMs":1787565998474,"latencyMs":2121}
CALIPER_TX_LATENCY {"workerIndex":1,"roundIndex":4,"roundLabel":"write-tps-10","transactionId":"385e86d4999f3f636c74b9022503e22b677055fb2076619320950258d76f9fad","status":"success","startEpochMs":1787565996752,"endEpochMs":1787565998474,"latencyMs":1722}
CALIPER_TX_LATENCY {"workerIndex":3,"roundIndex":4,"roundLabel":"write-tps-10","transactionId":"8915b438fb91402a21f843e8c5c6c3f7327a9b0b1962b0383b5b1993f3304e40","status":"success","startEpochMs":1787565996751,"endEpochMs":1787565998474,"latencyMs":1723}
CALIPER_TX_LATENCY {"workerIndex":2,"roundIndex":4,"roundLabel":"write-tps-10","transactionId":"d28fab1d9d90f346cdc11ffd461cb5cee2a708517cb3d50ae5002858ef2acc75","status":"success","startEpochMs":1787565996751,"endEpochMs":1787565998474,"latencyMs":1723}
CALIPER_TX_LATENCY {"workerIndex":0,"roundIndex":4,"roundLabel":"write-tps-10","transactionId":"bb5673b44a314a17148d6d89527e7de166d0086f3626e7d2e5c9001362f5ad1d","status":"success","startEpochMs":1787565996750,"endEpochMs":1787565998474,"latencyMs":1724}
CALIPER_TX_LATENCY {"workerIndex":3,"roundIndex":4,"roundLabel":"write-tps-10","transactionId":"5b1e164bc53b95cfb7e65c0bfba91fc21d6ee11a266a9440590ad5f56e8b013b","status":"success","startEpochMs":1787565996351,"endEpochMs":1787565998474,"latencyMs":2123}
2026.08.24-15:36:39.572[32m info [39m [caliper] [connectors/peer-gateway/PeerGateway] 	disconnecting gateway for user io.krishnan
2026.08.24-15:36:39.572[32m info [39m [caliper] [connectors/peer-gateway/PeerGateway] 	disconnecting gateway for user insp.rathore
2026.08.24-15:36:39.572[32m info [39m [caliper] [connectors/peer-gateway/PeerGateway] 	disconnecting gateway for user insp.singh
2026.08.24-15:36:39.572[32m info [39m [caliper] [connectors/peer-gateway/PeerGateway] 	disconnecting gateway for user const.verma
2026.08.24-15:36:39.572[32m info [39m [caliper] [connectors/peer-gateway/PeerGateway] 	disconnecting gateway for user insp.sharma
2026.08.24-15:36:39.572[32m info [39m [caliper] [connectors/peer-gateway/PeerGateway] 	disconnecting gateway for user _AuditMSP_aud.qureshi
2026.08.24-15:36:39.572[32m info [39m [caliper] [connectors/peer-gateway/PeerGateway] 	disconnecting gRpc client at peer PoliceMSP_localhost:7051
2026.08.24-15:36:39.572[32m info [39m [caliper] [connectors/peer-gateway/PeerGateway] 	disconnecting gRpc client at peer AuditMSP_localhost:11051
2026.08.24-15:36:39.572[32m info [39m [caliper] [worker-message-handler] 	Worker#0 finished Round#4
2026.08.24-15:36:39.573[32m info [39m [caliper] [connectors/peer-gateway/PeerGateway] 	disconnecting gateway for user io.krishnan
2026.08.24-15:36:39.573[32m info [39m [caliper] [connectors/peer-gateway/PeerGateway] 	disconnecting gateway for user io.krishnan
2026.08.24-15:36:39.574[32m info [39m [caliper] [connectors/peer-gateway/PeerGateway] 	disconnecting gateway for user insp.rathore
2026.08.24-15:36:39.574[32m info [39m [caliper] [connectors/peer-gateway/PeerGateway] 	disconnecting gateway for user insp.singh
2026.08.24-15:36:39.574[32m info [39m [caliper] [connectors/peer-gateway/PeerGateway] 	disconnecting gateway for user insp.rathore
2026.08.24-15:36:39.574[32m info [39m [caliper] [connectors/peer-gateway/PeerGateway] 	disconnecting gateway for user const.verma
2026.08.24-15:36:39.574[32m info [39m [caliper] [connectors/peer-gateway/PeerGateway] 	disconnecting gateway for user insp.singh
2026.08.24-15:36:39.574[32m info [39m [caliper] [connectors/peer-gateway/PeerGateway] 	disconnecting gateway for user insp.sharma
2026.08.24-15:36:39.574[32m info [39m [caliper] [connectors/peer-gateway/PeerGateway] 	disconnecting gateway for user const.verma
2026.08.24-15:36:39.574[32m info [39m [caliper] [connectors/peer-gateway/PeerGateway] 	disconnecting gateway for user _AuditMSP_aud.qureshi
2026.08.24-15:36:39.574[32m info [39m [caliper] [connectors/peer-gateway/PeerGateway] 	disconnecting gateway for user insp.sharma
2026.08.24-15:36:39.574[32m info [39m [caliper] [connectors/peer-gateway/PeerGateway] 	disconnecting gRpc client at peer PoliceMSP_localhost:7051
2026.08.24-15:36:39.574[32m info [39m [caliper] [connectors/peer-gateway/PeerGateway] 	disconnecting gateway for user _AuditMSP_aud.qureshi
2026.08.24-15:36:39.574[32m info [39m [caliper] [connectors/peer-gateway/PeerGateway] 	disconnecting gRpc client at peer PoliceMSP_localhost:7051
2026.08.24-15:36:39.574[32m info [39m [caliper] [connectors/peer-gateway/PeerGateway] 	disconnecting gRpc client at peer AuditMSP_localhost:11051
2026.08.24-15:36:39.574[32m info [39m [caliper] [connectors/peer-gateway/PeerGateway] 	disconnecting gRpc client at peer AuditMSP_localhost:11051
2026.08.24-15:36:39.574[32m info [39m [caliper] [worker-message-handler] 	Worker#2 finished Round#4
2026.08.24-15:36:39.574[32m info [39m [caliper] [worker-message-handler] 	Worker#1 finished Round#4
2026.08.24-15:36:39.575[32m info [39m [caliper] [connectors/peer-gateway/PeerGateway] 	disconnecting gateway for user io.krishnan
2026.08.24-15:36:39.575[32m info [39m [caliper] [connectors/peer-gateway/PeerGateway] 	disconnecting gateway for user insp.rathore
2026.08.24-15:36:39.575[32m info [39m [caliper] [connectors/peer-gateway/PeerGateway] 	disconnecting gateway for user insp.singh
2026.08.24-15:36:39.575[32m info [39m [caliper] [connectors/peer-gateway/PeerGateway] 	disconnecting gateway for user const.verma
2026.08.24-15:36:39.575[32m info [39m [caliper] [connectors/peer-gateway/PeerGateway] 	disconnecting gateway for user insp.sharma
2026.08.24-15:36:39.575[32m info [39m [caliper] [connectors/peer-gateway/PeerGateway] 	disconnecting gateway for user _AuditMSP_aud.qureshi
2026.08.24-15:36:39.575[32m info [39m [caliper] [connectors/peer-gateway/PeerGateway] 	disconnecting gRpc client at peer PoliceMSP_localhost:7051
2026.08.24-15:36:39.575[32m info [39m [caliper] [connectors/peer-gateway/PeerGateway] 	disconnecting gRpc client at peer AuditMSP_localhost:11051
2026.08.24-15:36:39.575[32m info [39m [caliper] [worker-message-handler] 	Worker#3 finished Round#4
2026.08.24-15:36:44.578[32m info [39m [caliper] [default-observer] 	Resetting txCount indicator count
2026.08.24-15:36:44.579[32m info [39m [caliper] [report-builder] 	### Test result ###
2026.08.24-15:36:44.580[32m info [39m [caliper] [report-builder] 	
+--------------+------+------+-----------------+-----------------+-----------------+-----------------+------------------+
| Name         | Succ | Fail | Send Rate (TPS) | Max Latency (s) | Min Latency (s) | Avg Latency (s) | Throughput (TPS) |
|--------------|------|------|-----------------|-----------------|-----------------|-----------------|------------------|
| write-tps-10 | 456  | 0    | 10.1            | 2.12            | 0.07            | 0.52            | 9.7              |
+--------------+------+------+-----------------+-----------------+-----------------+-----------------+------------------+

2026.08.24-15:36:44.599[32m info [39m [caliper] [report-builder] 	### prometheus resource stats ###'
2026.08.24-15:36:44.601[32m info [39m [caliper] [report-builder] 	
+--------------------------------------------------+-------------------------------------------------------------------------------------------------------------------------------------------------------------------------------------------------------------------------------------------------------------------------------------------------+------------------------------------+--------+
| Metric                                           | Prometheus Query                                                                                                                                                                                                                                                                                | Name                               | Value  |
|--------------------------------------------------|-------------------------------------------------------------------------------------------------------------------------------------------------------------------------------------------------------------------------------------------------------------------------------------------------|------------------------------------|--------|
| Process resident memory (MiB, max)               | process_resident_memory_bytes{job=~"fabric-.*"}                                                                                                                                                                                                                                                 | orderer.example.com:9443           | 73.8   |
|--------------------------------------------------|-------------------------------------------------------------------------------------------------------------------------------------------------------------------------------------------------------------------------------------------------------------------------------------------------|------------------------------------|--------|
|                                                  |                                                                                                                                                                                                                                                                                                 | peer0.audit.example.com:9448       | 137    |
|--------------------------------------------------|-------------------------------------------------------------------------------------------------------------------------------------------------------------------------------------------------------------------------------------------------------------------------------------------------|------------------------------------|--------|
|                                                  |                                                                                                                                                                                                                                                                                                 | peer0.court.example.com:9447       | 138    |
|--------------------------------------------------|-------------------------------------------------------------------------------------------------------------------------------------------------------------------------------------------------------------------------------------------------------------------------------------------------|------------------------------------|--------|
|                                                  |                                                                                                                                                                                                                                                                                                 | peer0.forensics.example.com:9445   | 139    |
|--------------------------------------------------|-------------------------------------------------------------------------------------------------------------------------------------------------------------------------------------------------------------------------------------------------------------------------------------------------|------------------------------------|--------|
|                                                  |                                                                                                                                                                                                                                                                                                 | peer0.police.example.com:9444      | 141    |
|--------------------------------------------------|-------------------------------------------------------------------------------------------------------------------------------------------------------------------------------------------------------------------------------------------------------------------------------------------------|------------------------------------|--------|
|                                                  |                                                                                                                                                                                                                                                                                                 | peer0.prosecution.example.com:9446 | 133    |
|--------------------------------------------------|-------------------------------------------------------------------------------------------------------------------------------------------------------------------------------------------------------------------------------------------------------------------------------------------------|------------------------------------|--------|
| Process CPU rate (percent, max)                  | rate(process_cpu_seconds_total{job=~"fabric-.*"}[1m])                                                                                                                                                                                                                                           | orderer.example.com:9443           | 1.67   |
|--------------------------------------------------|-------------------------------------------------------------------------------------------------------------------------------------------------------------------------------------------------------------------------------------------------------------------------------------------------|------------------------------------|--------|
|                                                  |                                                                                                                                                                                                                                                                                                 | peer0.audit.example.com:9448       | 5.58   |
|--------------------------------------------------|-------------------------------------------------------------------------------------------------------------------------------------------------------------------------------------------------------------------------------------------------------------------------------------------------|------------------------------------|--------|
|                                                  |                                                                                                                                                                                                                                                                                                 | peer0.court.example.com:9447       | 5.62   |
|--------------------------------------------------|-------------------------------------------------------------------------------------------------------------------------------------------------------------------------------------------------------------------------------------------------------------------------------------------------|------------------------------------|--------|
|                                                  |                                                                                                                                                                                                                                                                                                 | peer0.forensics.example.com:9445   | 6.11   |
|--------------------------------------------------|-------------------------------------------------------------------------------------------------------------------------------------------------------------------------------------------------------------------------------------------------------------------------------------------------|------------------------------------|--------|
|                                                  |                                                                                                                                                                                                                                                                                                 | peer0.police.example.com:9444      | 10.5   |
|--------------------------------------------------|-------------------------------------------------------------------------------------------------------------------------------------------------------------------------------------------------------------------------------------------------------------------------------------------------|------------------------------------|--------|
|                                                  |                                                                                                                                                                                                                                                                                                 | peer0.prosecution.example.com:9446 | 5.85   |
|--------------------------------------------------|-------------------------------------------------------------------------------------------------------------------------------------------------------------------------------------------------------------------------------------------------------------------------------------------------|------------------------------------|--------|
| Crimerecords endorsement duration (seconds, avg) | sum by (instance) (rate(endorser_proposal_duration_sum{job=~"fabric-.*",channel="crimechannel",chaincode="crimerecords",success="true"}[1m])) / sum by (instance) (rate(endorser_proposal_duration_count{job=~"fabric-.*",channel="crimechannel",chaincode="crimerecords",success="true"}[1m])) | peer0.audit.example.com:9448       | 0.0110 |
|--------------------------------------------------|-------------------------------------------------------------------------------------------------------------------------------------------------------------------------------------------------------------------------------------------------------------------------------------------------|------------------------------------|--------|
|                                                  |                                                                                                                                                                                                                                                                                                 | peer0.court.example.com:9447       | 0.0112 |
|--------------------------------------------------|-------------------------------------------------------------------------------------------------------------------------------------------------------------------------------------------------------------------------------------------------------------------------------------------------|------------------------------------|--------|
|                                                  |                                                                                                                                                                                                                                                                                                 | peer0.forensics.example.com:9445   | 0.0105 |
|--------------------------------------------------|-------------------------------------------------------------------------------------------------------------------------------------------------------------------------------------------------------------------------------------------------------------------------------------------------|------------------------------------|--------|
|                                                  |                                                                                                                                                                                                                                                                                                 | peer0.police.example.com:9444      | 0.0181 |
|--------------------------------------------------|-------------------------------------------------------------------------------------------------------------------------------------------------------------------------------------------------------------------------------------------------------------------------------------------------|------------------------------------|--------|
|                                                  |                                                                                                                                                                                                                                                                                                 | peer0.prosecution.example.com:9446 | 0.0101 |
|--------------------------------------------------|-------------------------------------------------------------------------------------------------------------------------------------------------------------------------------------------------------------------------------------------------------------------------------------------------|------------------------------------|--------|
| Ledger height (blocks, max)                      | ledger_blockchain_height{job=~"fabric-.*",channel="crimechannel"}                                                                                                                                                                                                                               | orderer.example.com:9443           | 492    |
|--------------------------------------------------|-------------------------------------------------------------------------------------------------------------------------------------------------------------------------------------------------------------------------------------------------------------------------------------------------|------------------------------------|--------|
|                                                  |                                                                                                                                                                                                                                                                                                 | peer0.audit.example.com:9448       | 492    |
|--------------------------------------------------|-------------------------------------------------------------------------------------------------------------------------------------------------------------------------------------------------------------------------------------------------------------------------------------------------|------------------------------------|--------|
|                                                  |                                                                                                                                                                                                                                                                                                 | peer0.court.example.com:9447       | 492    |
|--------------------------------------------------|-------------------------------------------------------------------------------------------------------------------------------------------------------------------------------------------------------------------------------------------------------------------------------------------------|------------------------------------|--------|
|                                                  |                                                                                                                                                                                                                                                                                                 | peer0.forensics.example.com:9445   | 492    |
|--------------------------------------------------|-------------------------------------------------------------------------------------------------------------------------------------------------------------------------------------------------------------------------------------------------------------------------------------------------|------------------------------------|--------|
|                                                  |                                                                                                                                                                                                                                                                                                 | peer0.police.example.com:9444      | 492    |
|--------------------------------------------------|-------------------------------------------------------------------------------------------------------------------------------------------------------------------------------------------------------------------------------------------------------------------------------------------------|------------------------------------|--------|
|                                                  |                                                                                                                                                                                                                                                                                                 | peer0.prosecution.example.com:9446 | 492    |
+--------------------------------------------------+-------------------------------------------------------------------------------------------------------------------------------------------------------------------------------------------------------------------------------------------------------------------------------------------------+------------------------------------+--------+

2026.08.24-15:36:44.601[32m info [39m [caliper] [round-orchestrator] 	Finished round 5 (write-tps-10) in 47.026 seconds
2026.08.24-15:36:44.601[32m info [39m [caliper] [monitor.js] 	Stopping all monitors
2026.08.24-15:36:44.601[32m info [39m [caliper] [round-orchestrator] 	Waiting 5 seconds for the next round...
2026.08.24-15:36:49.604[32m info [39m [caliper] [round-orchestrator] 	Started round 6 (write-tps-20)
2026.08.24-15:36:49.605[32m info [39m [caliper] [worker-message-handler] 	Preparing Worker#1 for Round#5
2026.08.24-15:36:49.605[32m info [39m [caliper] [worker-message-handler] 	Preparing Worker#2 for Round#5
2026.08.24-15:36:49.605[32m info [39m [caliper] [worker-message-handler] 	Preparing Worker#0 for Round#5
2026.08.24-15:36:49.605[32m info [39m [caliper] [worker-message-handler] 	Preparing Worker#3 for Round#5
2026.08.24-15:36:49.608[32m info [39m [caliper] [connectors/peer-gateway/PeerGateway] 	Generating contract map for user io.krishnan
2026.08.24-15:36:49.608[32m info [39m [caliper] [connectors/peer-gateway/PeerGateway] 	Generating contract map for user io.krishnan
2026.08.24-15:36:49.608[32m info [39m [caliper] [connectors/peer-gateway/PeerGateway] 	Generating contract map for user io.krishnan
2026.08.24-15:36:49.608[32m info [39m [caliper] [connectors/peer-gateway/PeerGateway] 	Generating contract map for user insp.rathore
2026.08.24-15:36:49.608[32m info [39m [caliper] [connectors/peer-gateway/PeerGateway] 	Generating contract map for user insp.rathore
2026.08.24-15:36:49.608[32m info [39m [caliper] [connectors/peer-gateway/PeerGateway] 	Generating contract map for user io.krishnan
2026.08.24-15:36:49.609[32m info [39m [caliper] [connectors/peer-gateway/PeerGateway] 	Generating contract map for user insp.singh
2026.08.24-15:36:49.609[32m info [39m [caliper] [connectors/peer-gateway/PeerGateway] 	Generating contract map for user insp.singh
2026.08.24-15:36:49.609[32m info [39m [caliper] [connectors/peer-gateway/PeerGateway] 	Generating contract map for user insp.rathore
2026.08.24-15:36:49.609[32m info [39m [caliper] [connectors/peer-gateway/PeerGateway] 	Generating contract map for user insp.rathore
2026.08.24-15:36:49.609[32m info [39m [caliper] [connectors/peer-gateway/PeerGateway] 	Generating contract map for user const.verma
2026.08.24-15:36:49.609[32m info [39m [caliper] [connectors/peer-gateway/PeerGateway] 	Generating contract map for user const.verma
2026.08.24-15:36:49.609[32m info [39m [caliper] [connectors/peer-gateway/PeerGateway] 	Generating contract map for user insp.singh
2026.08.24-15:36:49.609[32m info [39m [caliper] [connectors/peer-gateway/PeerGateway] 	Generating contract map for user insp.singh
2026.08.24-15:36:49.609[32m info [39m [caliper] [connectors/peer-gateway/PeerGateway] 	Generating contract map for user insp.sharma
2026.08.24-15:36:49.609[32m info [39m [caliper] [connectors/peer-gateway/PeerGateway] 	Generating contract map for user insp.sharma
2026.08.24-15:36:49.609[32m info [39m [caliper] [connectors/peer-gateway/PeerGateway] 	Generating contract map for user const.verma
2026.08.24-15:36:49.609[32m info [39m [caliper] [connectors/peer-gateway/PeerGateway] 	Generating contract map for user const.verma
2026.08.24-15:36:49.609[32m info [39m [caliper] [connectors/peer-gateway/PeerGateway] 	Generating contract map for user insp.sharma
2026.08.24-15:36:49.609[32m info [39m [caliper] [connectors/peer-gateway/PeerGateway] 	Generating contract map for user insp.sharma
2026.08.24-15:36:49.611[32m info [39m [caliper] [connectors/peer-gateway/PeerGateway] 	Generating contract map for user _AuditMSP_aud.qureshi
2026.08.24-15:36:49.611[32m info [39m [caliper] [connectors/peer-gateway/PeerGateway] 	Generating contract map for user _AuditMSP_aud.qureshi
2026.08.24-15:36:49.611[32m info [39m [caliper] [caliper-worker] 	Info: worker 3 prepare test phase for round 5 is starting...
2026.08.24-15:36:49.611[32m info [39m [caliper] [caliper-worker] 	Info: worker 0 prepare test phase for round 5 is starting...
2026.08.24-15:36:49.611[32m info [39m [caliper] [connectors/peer-gateway/PeerGateway] 	Generating contract map for user _AuditMSP_aud.qureshi
2026.08.24-15:36:49.611[32m info [39m [caliper] [caliper-worker] 	Info: worker 1 prepare test phase for round 5 is starting...
2026.08.24-15:36:49.612[32m info [39m [caliper] [connectors/peer-gateway/PeerGateway] 	disconnecting gateway for user io.krishnan
2026.08.24-15:36:49.612[32m info [39m [caliper] [connectors/peer-gateway/PeerGateway] 	Generating contract map for user _AuditMSP_aud.qureshi
2026.08.24-15:36:49.612[32m info [39m [caliper] [connectors/peer-gateway/PeerGateway] 	disconnecting gateway for user insp.rathore
2026.08.24-15:36:49.612[32m info [39m [caliper] [caliper-worker] 	Info: worker 2 prepare test phase for round 5 is starting...
2026.08.24-15:36:49.612[32m info [39m [caliper] [connectors/peer-gateway/PeerGateway] 	disconnecting gateway for user insp.singh
2026.08.24-15:36:49.612[32m info [39m [caliper] [connectors/peer-gateway/PeerGateway] 	disconnecting gateway for user const.verma
2026.08.24-15:36:49.612[32m info [39m [caliper] [connectors/peer-gateway/PeerGateway] 	disconnecting gateway for user insp.sharma
2026.08.24-15:36:49.612[32m info [39m [caliper] [connectors/peer-gateway/PeerGateway] 	disconnecting gateway for user _AuditMSP_aud.qureshi
2026.08.24-15:36:49.613[32m info [39m [caliper] [connectors/peer-gateway/PeerGateway] 	disconnecting gRpc client at peer PoliceMSP_localhost:7051
2026.08.24-15:36:49.613[32m info [39m [caliper] [connectors/peer-gateway/PeerGateway] 	disconnecting gRpc client at peer AuditMSP_localhost:11051
2026.08.24-15:36:49.612[32m info [39m [caliper] [connectors/peer-gateway/PeerGateway] 	disconnecting gateway for user io.krishnan
2026.08.24-15:36:49.613[32m info [39m [caliper] [caliper-worker] 	Info: worker 3 prepare test phase for round 5 is completed
2026.08.24-15:36:49.613[32m info [39m [caliper] [worker-message-handler] 	Worker#3 prepared for Round#5
2026.08.24-15:36:49.613[32m info [39m [caliper] [connectors/peer-gateway/PeerGateway] 	disconnecting gateway for user insp.rathore
2026.08.24-15:36:49.613[32m info [39m [caliper] [connectors/peer-gateway/PeerGateway] 	disconnecting gateway for user io.krishnan
2026.08.24-15:36:49.613[32m info [39m [caliper] [connectors/peer-gateway/PeerGateway] 	disconnecting gateway for user insp.singh
2026.08.24-15:36:49.613[32m info [39m [caliper] [connectors/peer-gateway/PeerGateway] 	disconnecting gateway for user const.verma
2026.08.24-15:36:49.613[32m info [39m [caliper] [connectors/peer-gateway/PeerGateway] 	disconnecting gateway for user insp.rathore
2026.08.24-15:36:49.613[32m info [39m [caliper] [connectors/peer-gateway/PeerGateway] 	disconnecting gateway for user insp.sharma
2026.08.24-15:36:49.613[32m info [39m [caliper] [connectors/peer-gateway/PeerGateway] 	disconnecting gateway for user insp.singh
2026.08.24-15:36:49.613[32m info [39m [caliper] [connectors/peer-gateway/PeerGateway] 	disconnecting gateway for user _AuditMSP_aud.qureshi
2026.08.24-15:36:49.613[32m info [39m [caliper] [connectors/peer-gateway/PeerGateway] 	disconnecting gateway for user const.verma
2026.08.24-15:36:49.613[32m info [39m [caliper] [connectors/peer-gateway/PeerGateway] 	disconnecting gRpc client at peer PoliceMSP_localhost:7051
2026.08.24-15:36:49.613[32m info [39m [caliper] [connectors/peer-gateway/PeerGateway] 	disconnecting gateway for user insp.sharma
2026.08.24-15:36:49.613[32m info [39m [caliper] [connectors/peer-gateway/PeerGateway] 	disconnecting gateway for user _AuditMSP_aud.qureshi
2026.08.24-15:36:49.613[32m info [39m [caliper] [connectors/peer-gateway/PeerGateway] 	disconnecting gRpc client at peer PoliceMSP_localhost:7051
2026.08.24-15:36:49.613[32m info [39m [caliper] [connectors/peer-gateway/PeerGateway] 	disconnecting gRpc client at peer AuditMSP_localhost:11051
2026.08.24-15:36:49.613[32m info [39m [caliper] [caliper-worker] 	Info: worker 0 prepare test phase for round 5 is completed
2026.08.24-15:36:49.613[32m info [39m [caliper] [connectors/peer-gateway/PeerGateway] 	disconnecting gRpc client at peer AuditMSP_localhost:11051
2026.08.24-15:36:49.613[32m info [39m [caliper] [worker-message-handler] 	Worker#0 prepared for Round#5
2026.08.24-15:36:49.613[32m info [39m [caliper] [caliper-worker] 	Info: worker 1 prepare test phase for round 5 is completed
2026.08.24-15:36:49.613[32m info [39m [caliper] [worker-message-handler] 	Worker#1 prepared for Round#5
2026.08.24-15:36:49.614[32m info [39m [caliper] [connectors/peer-gateway/PeerGateway] 	disconnecting gateway for user io.krishnan
2026.08.24-15:36:49.614[32m info [39m [caliper] [connectors/peer-gateway/PeerGateway] 	disconnecting gateway for user insp.rathore
2026.08.24-15:36:49.614[32m info [39m [caliper] [connectors/peer-gateway/PeerGateway] 	disconnecting gateway for user insp.singh
2026.08.24-15:36:49.614[32m info [39m [caliper] [connectors/peer-gateway/PeerGateway] 	disconnecting gateway for user const.verma
2026.08.24-15:36:49.614[32m info [39m [caliper] [connectors/peer-gateway/PeerGateway] 	disconnecting gateway for user insp.sharma
2026.08.24-15:36:49.614[32m info [39m [caliper] [connectors/peer-gateway/PeerGateway] 	disconnecting gateway for user _AuditMSP_aud.qureshi
2026.08.24-15:36:49.614[32m info [39m [caliper] [connectors/peer-gateway/PeerGateway] 	disconnecting gRpc client at peer PoliceMSP_localhost:7051
2026.08.24-15:36:49.614[32m info [39m [caliper] [connectors/peer-gateway/PeerGateway] 	disconnecting gRpc client at peer AuditMSP_localhost:11051
2026.08.24-15:36:49.614[32m info [39m [caliper] [caliper-worker] 	Info: worker 2 prepare test phase for round 5 is completed
2026.08.24-15:36:49.614[32m info [39m [caliper] [worker-message-handler] 	Worker#2 prepared for Round#5
2026.08.24-15:36:49.615[32m info [39m [caliper] [worker-orchestrator] 	4 workers prepared, progressing to test phase.
2026.08.24-15:36:49.615[32m info [39m [caliper] [round-orchestrator] 	Monitors successfully started
2026.08.24-15:36:49.615[32m info [39m [caliper] [worker-message-handler] 	Worker#0 is starting Round#5
2026.08.24-15:36:49.615[32m info [39m [caliper] [worker-message-handler] 	Worker#1 is starting Round#5
2026.08.24-15:36:49.615[32m info [39m [caliper] [worker-message-handler] 	Worker#2 is starting Round#5
2026.08.24-15:36:49.615[32m info [39m [caliper] [worker-message-handler] 	Worker#3 is starting Round#5
2026.08.24-15:36:49.617[32m info [39m [caliper] [connectors/peer-gateway/PeerGateway] 	Generating contract map for user io.krishnan
2026.08.24-15:36:49.617[32m info [39m [caliper] [connectors/peer-gateway/PeerGateway] 	Generating contract map for user io.krishnan
2026.08.24-15:36:49.617[32m info [39m [caliper] [connectors/peer-gateway/PeerGateway] 	Generating contract map for user io.krishnan
2026.08.24-15:36:49.617[32m info [39m [caliper] [connectors/peer-gateway/PeerGateway] 	Generating contract map for user io.krishnan
2026.08.24-15:36:49.617[32m info [39m [caliper] [connectors/peer-gateway/PeerGateway] 	Generating contract map for user insp.rathore
2026.08.24-15:36:49.617[32m info [39m [caliper] [connectors/peer-gateway/PeerGateway] 	Generating contract map for user insp.rathore
2026.08.24-15:36:49.617[32m info [39m [caliper] [connectors/peer-gateway/PeerGateway] 	Generating contract map for user insp.rathore
2026.08.24-15:36:49.617[32m info [39m [caliper] [connectors/peer-gateway/PeerGateway] 	Generating contract map for user insp.rathore
2026.08.24-15:36:49.617[32m info [39m [caliper] [connectors/peer-gateway/PeerGateway] 	Generating contract map for user insp.singh
2026.08.24-15:36:49.617[32m info [39m [caliper] [connectors/peer-gateway/PeerGateway] 	Generating contract map for user insp.singh
2026.08.24-15:36:49.617[32m info [39m [caliper] [connectors/peer-gateway/PeerGateway] 	Generating contract map for user insp.singh
2026.08.24-15:36:49.618[32m info [39m [caliper] [connectors/peer-gateway/PeerGateway] 	Generating contract map for user insp.singh
2026.08.24-15:36:49.618[32m info [39m [caliper] [connectors/peer-gateway/PeerGateway] 	Generating contract map for user const.verma
2026.08.24-15:36:49.618[32m info [39m [caliper] [connectors/peer-gateway/PeerGateway] 	Generating contract map for user const.verma
2026.08.24-15:36:49.618[32m info [39m [caliper] [connectors/peer-gateway/PeerGateway] 	Generating contract map for user const.verma
2026.08.24-15:36:49.618[32m info [39m [caliper] [connectors/peer-gateway/PeerGateway] 	Generating contract map for user insp.sharma
2026.08.24-15:36:49.618[32m info [39m [caliper] [connectors/peer-gateway/PeerGateway] 	Generating contract map for user insp.sharma
2026.08.24-15:36:49.618[32m info [39m [caliper] [connectors/peer-gateway/PeerGateway] 	Generating contract map for user const.verma
2026.08.24-15:36:49.618[32m info [39m [caliper] [connectors/peer-gateway/PeerGateway] 	Generating contract map for user insp.sharma
2026.08.24-15:36:49.618[32m info [39m [caliper] [connectors/peer-gateway/PeerGateway] 	Generating contract map for user insp.sharma
2026.08.24-15:36:49.619[32m info [39m [caliper] [connectors/peer-gateway/PeerGateway] 	Generating contract map for user _AuditMSP_aud.qureshi
2026.08.24-15:36:49.619[32m info [39m [caliper] [connectors/peer-gateway/PeerGateway] 	Generating contract map for user _AuditMSP_aud.qureshi
2026.08.24-15:36:49.619[32m info [39m [caliper] [connectors/peer-gateway/PeerGateway] 	Generating contract map for user _AuditMSP_aud.qureshi
2026.08.24-15:36:49.619[32m info [39m [caliper] [connectors/peer-gateway/PeerGateway] 	Generating contract map for user _AuditMSP_aud.qureshi
2026.08.24-15:36:49.620[32m info [39m [caliper] [caliper-worker] 	Worker #1 starting workload loop
2026.08.24-15:36:49.620[32m info [39m [caliper] [caliper-worker] 	Worker #2 starting workload loop
2026.08.24-15:36:49.620[32m info [39m [caliper] [caliper-worker] 	Worker #3 starting workload loop
2026.08.24-15:36:49.620[32m info [39m [caliper] [caliper-worker] 	Worker #0 starting workload loop
CALIPER_TX_LATENCY {"workerIndex":2,"roundIndex":5,"roundLabel":"write-tps-20","transactionId":"51172e3d9487a3640babbdbee81785126faf2d5b3000e43e651d0f223ccb26f7","status":"success","startEpochMs":1787566009622,"endEpochMs":1787566010132,"latencyMs":510}
CALIPER_TX_LATENCY {"workerIndex":1,"roundIndex":5,"roundLabel":"write-tps-20","transactionId":"5a4efdaa51653f15d0bf1a9f5ea795243ece9ec1e2333223c037c09a4d6df93d","status":"success","startEpochMs":1787566010021,"endEpochMs":1787566010132,"latencyMs":111}
CALIPER_TX_LATENCY {"workerIndex":3,"roundIndex":5,"roundLabel":"write-tps-20","transactionId":"c461b787e747f45721781670699e3da6e457a4f00a8e4225ee4f502a4eeb18d7","status":"success","startEpochMs":1787566009621,"endEpochMs":1787566010132,"latencyMs":511}
CALIPER_TX_LATENCY {"workerIndex":0,"roundIndex":5,"roundLabel":"write-tps-20","transactionId":"2ab7485b589b02400ee0ae9cdb23e353785c06ba0b1321adfc61d4da208454e4","status":"success","startEpochMs":1787566009621,"endEpochMs":1787566010132,"latencyMs":511}
CALIPER_TX_LATENCY {"workerIndex":1,"roundIndex":5,"roundLabel":"write-tps-20","transactionId":"21bf71b0cdd90f5505a5f6fccb363b3fc344c9987a99bfe4d56a4fc0f8dfcd5f","status":"success","startEpochMs":1787566009821,"endEpochMs":1787566010132,"latencyMs":311}
CALIPER_TX_LATENCY {"workerIndex":3,"roundIndex":5,"roundLabel":"write-tps-20","transactionId":"4933b45eafc28d6171f5a77c1441686116efcff49cc52015cdb8f9ace900737e","status":"success","startEpochMs":1787566009821,"endEpochMs":1787566010132,"latencyMs":311}
CALIPER_TX_LATENCY {"workerIndex":2,"roundIndex":5,"roundLabel":"write-tps-20","transactionId":"22980bb6c887e8b660f857582016c51a6583a41af0f1a682a5aa7aefe8295547","status":"success","startEpochMs":1787566010021,"endEpochMs":1787566010132,"latencyMs":111}
CALIPER_TX_LATENCY {"workerIndex":0,"roundIndex":5,"roundLabel":"write-tps-20","transactionId":"7b71690d249f3432d14a22206f3f46164d850e350f5d006897b56889b3947b2b","status":"success","startEpochMs":1787566009822,"endEpochMs":1787566010133,"latencyMs":311}
CALIPER_TX_LATENCY {"workerIndex":1,"roundIndex":5,"roundLabel":"write-tps-20","transactionId":"19d615e036bf1ee6ac406b7fdd06b52e1a0525e6360d9e7771d85b4a852bb528","status":"success","startEpochMs":1787566009621,"endEpochMs":1787566010133,"latencyMs":512}
CALIPER_TX_LATENCY {"workerIndex":2,"roundIndex":5,"roundLabel":"write-tps-20","transactionId":"f54ae7fb89a566db845b1248cdb7d2209e570321211cf2587b192d9dbe19a6b6","status":"success","startEpochMs":1787566009822,"endEpochMs":1787566010133,"latencyMs":311}
CALIPER_TX_LATENCY {"workerIndex":3,"roundIndex":5,"roundLabel":"write-tps-20","transactionId":"1bffb8c7ecdd09626bc0dcf19bed826ac643a2273a4332e63813b2b47bf8f7be","status":"success","startEpochMs":1787566010422,"endEpochMs":1787566010517,"latencyMs":95}
CALIPER_TX_LATENCY {"workerIndex":2,"roundIndex":5,"roundLabel":"write-tps-20","transactionId":"49f448d56acd271ce0a131c9efcd66873298b6874aa508d13efa98afc14c1c3e","status":"success","startEpochMs":1787566010222,"endEpochMs":1787566010517,"latencyMs":295}
CALIPER_TX_LATENCY {"workerIndex":1,"roundIndex":5,"roundLabel":"write-tps-20","transactionId":"7ce96627d534cea6336fc6059077ee41e986b99c52871c9429fc5e0d19a4cada","status":"success","startEpochMs":1787566010422,"endEpochMs":1787566010517,"latencyMs":95}
CALIPER_TX_LATENCY {"workerIndex":0,"roundIndex":5,"roundLabel":"write-tps-20","transactionId":"8e725f154dacc73ff1ddbb9452d33d87b212a105fce567d15596b88e6ac41fdd","status":"success","startEpochMs":1787566010021,"endEpochMs":1787566010517,"latencyMs":496}
CALIPER_TX_LATENCY {"workerIndex":3,"roundIndex":5,"roundLabel":"write-tps-20","transactionId":"74916ef044610e9bd1af134faa5489cc1b23abbe09df391444949361be2a3db4","status":"success","startEpochMs":1787566010222,"endEpochMs":1787566010517,"latencyMs":295}
CALIPER_TX_LATENCY {"workerIndex":2,"roundIndex":5,"roundLabel":"write-tps-20","transactionId":"19a08b22492288a87220db9b5e49bb883854a87e34f6a89bf1936d6917cb146b","status":"success","startEpochMs":1787566010422,"endEpochMs":1787566010517,"latencyMs":95}
CALIPER_TX_LATENCY {"workerIndex":1,"roundIndex":5,"roundLabel":"write-tps-20","transactionId":"6932824ab5247ece67c943d32173b396efc91c7f20a9d0d2c2120f14dd042620","status":"success","startEpochMs":1787566010221,"endEpochMs":1787566010517,"latencyMs":296}
CALIPER_TX_LATENCY {"workerIndex":0,"roundIndex":5,"roundLabel":"write-tps-20","transactionId":"4ebef033320a71e21019e8b22885b09e59bc83049711f471b602ce69e410bf1b","status":"success","startEpochMs":1787566010221,"endEpochMs":1787566010517,"latencyMs":296}
CALIPER_TX_LATENCY {"workerIndex":3,"roundIndex":5,"roundLabel":"write-tps-20","transactionId":"e6cda121056ea8059937f70637591eda8151d5de24114c78aa82c3003bda42ab","status":"success","startEpochMs":1787566010023,"endEpochMs":1787566010517,"latencyMs":494}
CALIPER_TX_LATENCY {"workerIndex":0,"roundIndex":5,"roundLabel":"write-tps-20","transactionId":"36df0ea84191f6257614d56bd77a7e28baa789d0340d36ce93e9290935d309b3","status":"success","startEpochMs":1787566010422,"endEpochMs":1787566010517,"latencyMs":95}
CALIPER_TX_LATENCY {"workerIndex":3,"roundIndex":5,"roundLabel":"write-tps-20","transactionId":"238cd7cf33a995bc579a67e4d692f350dce12799b0064ed599ff08737f23d49d","status":"success","startEpochMs":1787566010623,"endEpochMs":1787566011093,"latencyMs":470}
CALIPER_TX_LATENCY {"workerIndex":1,"roundIndex":5,"roundLabel":"write-tps-20","transactionId":"c68854fa7afd91d85dda26d38022201718b7782e0fede3fa39185dfc4a8ec708","status":"success","startEpochMs":1787566011021,"endEpochMs":1787566011093,"latencyMs":72}
CALIPER_TX_LATENCY {"workerIndex":0,"roundIndex":5,"roundLabel":"write-tps-20","transactionId":"1ab4b7f67900f6fa63057ca1070ace78c1a9071f0b159a9e9ae7c5f3dcaf7b96","status":"success","startEpochMs":1787566010626,"endEpochMs":1787566011093,"latencyMs":467}
CALIPER_TX_LATENCY {"workerIndex":2,"roundIndex":5,"roundLabel":"write-tps-20","transactionId":"dfe6ebd85f0e1be1dc5a98b87522a757faaaf23534386ca75c9613eddfa38c09","status":"success","startEpochMs":1787566010623,"endEpochMs":1787566011093,"latencyMs":470}
CALIPER_TX_LATENCY {"workerIndex":3,"roundIndex":5,"roundLabel":"write-tps-20","transactionId":"e78161caab18aa0bf5a3d40413fd72ce945cd585e963b000b5aaefe4c8f41d62","status":"success","startEpochMs":1787566010822,"endEpochMs":1787566011093,"latencyMs":271}
CALIPER_TX_LATENCY {"workerIndex":2,"roundIndex":5,"roundLabel":"write-tps-20","transactionId":"a40ce04c94a6a8d92033a410c98fb24798ec3fe3a6275ee63b2fca96c42b2021","status":"success","startEpochMs":1787566010821,"endEpochMs":1787566011093,"latencyMs":272}
CALIPER_TX_LATENCY {"workerIndex":3,"roundIndex":5,"roundLabel":"write-tps-20","transactionId":"c7d6b1b099de3124fd83d4f4ee8a4bb10e3eee33fd06f83f4919f6696d296332","status":"success","startEpochMs":1787566011022,"endEpochMs":1787566011093,"latencyMs":71}
CALIPER_TX_LATENCY {"workerIndex":0,"roundIndex":5,"roundLabel":"write-tps-20","transactionId":"6504a9b97a813ba4c6f6db77ab6b1639b60b6b8a93c543e3a308a4f51a1ec1df","status":"success","startEpochMs":1787566010821,"endEpochMs":1787566011093,"latencyMs":272}
CALIPER_TX_LATENCY {"workerIndex":1,"roundIndex":5,"roundLabel":"write-tps-20","transactionId":"5ca5a1b6ddfb381625255f7174197651bad8bb9e682eb59d10ebe49c9f7deac6","status":"success","startEpochMs":1787566010623,"endEpochMs":1787566011093,"latencyMs":470}
CALIPER_TX_LATENCY {"workerIndex":1,"roundIndex":5,"roundLabel":"write-tps-20","transactionId":"6011e86dba3dd0c6ef9f5fadaaf68807eca7a573c8d881070a09d3ace71c0be8","status":"success","startEpochMs":1787566010821,"endEpochMs":1787566011094,"latencyMs":273}
CALIPER_TX_LATENCY {"workerIndex":2,"roundIndex":5,"roundLabel":"write-tps-20","transactionId":"ac4f5fcd327f9e67aa66748406fa6f71bcdc06df721f2cd45c629b48f2675c3c","status":"success","startEpochMs":1787566011022,"endEpochMs":1787566011506,"latencyMs":484}
CALIPER_TX_LATENCY {"workerIndex":1,"roundIndex":5,"roundLabel":"write-tps-20","transactionId":"f9014a24f9b34cd20787ae0915b6235a9247bc2e0ecb3a4050a89d82ce726aab","status":"success","startEpochMs":1787566011422,"endEpochMs":1787566011506,"latencyMs":84}
CALIPER_TX_LATENCY {"workerIndex":0,"roundIndex":5,"roundLabel":"write-tps-20","transactionId":"1816e1a56dcc4e4682b67d772441357fb70820f50ba3929d8438334a7ad10c71","status":"success","startEpochMs":1787566011222,"endEpochMs":1787566011506,"latencyMs":284}
CALIPER_TX_LATENCY {"workerIndex":3,"roundIndex":5,"roundLabel":"write-tps-20","transactionId":"5f841d20a5417aea225d0859530a05f230907c3bc9945676595fc288022cbda9","status":"success","startEpochMs":1787566011423,"endEpochMs":1787566011506,"latencyMs":83}
CALIPER_TX_LATENCY {"workerIndex":0,"roundIndex":5,"roundLabel":"write-tps-20","transactionId":"743a7de4346d5d68f0c080ba809c2c9778a2c4883521b1ec74ecb14b33b45176","status":"success","startEpochMs":1787566011423,"endEpochMs":1787566011506,"latencyMs":83}
CALIPER_TX_LATENCY {"workerIndex":3,"roundIndex":5,"roundLabel":"write-tps-20","transactionId":"b627a476df21302cb5735b58276cb1cf33b1748894fdafa07c658fe824cd33cd","status":"success","startEpochMs":1787566011222,"endEpochMs":1787566011506,"latencyMs":284}
CALIPER_TX_LATENCY {"workerIndex":2,"roundIndex":5,"roundLabel":"write-tps-20","transactionId":"91132026af886230c0038bfeda19f43b873ed2c0767d9af9dc284e94f453e8e0","status":"success","startEpochMs":1787566011425,"endEpochMs":1787566011506,"latencyMs":81}
CALIPER_TX_LATENCY {"workerIndex":1,"roundIndex":5,"roundLabel":"write-tps-20","transactionId":"82d0de8b5ccf897c9a777979b87c964e79a2bd553a4ac0ce74d909889c811f26","status":"success","startEpochMs":1787566011221,"endEpochMs":1787566011506,"latencyMs":285}
CALIPER_TX_LATENCY {"workerIndex":0,"roundIndex":5,"roundLabel":"write-tps-20","transactionId":"3c121932d07b82a1bf90ed2114a5cf1a08803e858d70d22c2e6032df814b3f04","status":"success","startEpochMs":1787566011022,"endEpochMs":1787566011507,"latencyMs":485}
CALIPER_TX_LATENCY {"workerIndex":2,"roundIndex":5,"roundLabel":"write-tps-20","transactionId":"4bde6a07de891cb1c75d3b3d937075abc76a5db5553150a2196e8714deda7d13","status":"success","startEpochMs":1787566011222,"endEpochMs":1787566011507,"latencyMs":285}
CALIPER_TX_LATENCY {"workerIndex":2,"roundIndex":5,"roundLabel":"write-tps-20","transactionId":"a2687256e3e7e959a71e76736925d118210dd8014d56eaf59af8d6f4f06675d0","status":"success","startEpochMs":1787566011623,"endEpochMs":1787566012128,"latencyMs":505}
CALIPER_TX_LATENCY {"workerIndex":2,"roundIndex":5,"roundLabel":"write-tps-20","transactionId":"15f12e672afa6237f7bb5ce3d1c1e306ae0a22916d602ae064667cbd990d21ec","status":"success","startEpochMs":1787566011822,"endEpochMs":1787566012129,"latencyMs":307}
CALIPER_TX_LATENCY {"workerIndex":2,"roundIndex":5,"roundLabel":"write-tps-20","transactionId":"fe374a6766dd6ebf294853ef855cfcef9ba9fe3e23069b193d898fe84593029f","status":"success","startEpochMs":1787566012021,"endEpochMs":1787566012129,"latencyMs":108}
CALIPER_TX_LATENCY {"workerIndex":3,"roundIndex":5,"roundLabel":"write-tps-20","transactionId":"a3cb6e435626a6ce99f18374774d2a93282a23c80958f3885b27cc8432618a46","status":"success","startEpochMs":1787566012021,"endEpochMs":1787566012128,"latencyMs":107}
CALIPER_TX_LATENCY {"workerIndex":1,"roundIndex":5,"roundLabel":"write-tps-20","transactionId":"6fb4989e86974bf9933952de9f49899e7198d057ebfedc73e531e0fd084b29a7","status":"success","startEpochMs":1787566011822,"endEpochMs":1787566012128,"latencyMs":306}
CALIPER_TX_LATENCY {"workerIndex":0,"roundIndex":5,"roundLabel":"write-tps-20","transactionId":"d372ffa199d405d86be2b8bc51faf4ad52e4ff6470bbf2aa36bcdd8c83d7d037","status":"success","startEpochMs":1787566011628,"endEpochMs":1787566012128,"latencyMs":500}
CALIPER_TX_LATENCY {"workerIndex":1,"roundIndex":5,"roundLabel":"write-tps-20","transactionId":"c8d34afaf2f82cf9ac6079da29e7d6a0da7ce8d2d5d07b62413ee6117175ccf2","status":"success","startEpochMs":1787566011623,"endEpochMs":1787566012131,"latencyMs":508}
CALIPER_TX_LATENCY {"workerIndex":0,"roundIndex":5,"roundLabel":"write-tps-20","transactionId":"ed76ca3af83bc880c4464dc9a4b634243b3172a61c35b89492b3c42395f73caf","status":"success","startEpochMs":1787566011823,"endEpochMs":1787566012131,"latencyMs":308}
CALIPER_TX_LATENCY {"workerIndex":3,"roundIndex":5,"roundLabel":"write-tps-20","transactionId":"babada8c8631b47259a7b06e9fd7b2fe2d24e1b44506fbab9748926a20420e36","status":"success","startEpochMs":1787566011823,"endEpochMs":1787566012131,"latencyMs":308}
CALIPER_TX_LATENCY {"workerIndex":3,"roundIndex":5,"roundLabel":"write-tps-20","transactionId":"4d1679f35a59faa9759e5ebf4007cc794f7f5449f549ab01c6cae299703f9f69","status":"success","startEpochMs":1787566011624,"endEpochMs":1787566012132,"latencyMs":508}
CALIPER_TX_LATENCY {"workerIndex":1,"roundIndex":5,"roundLabel":"write-tps-20","transactionId":"2a7cf0bc3be50b547e6ad9b594888e272b267cc5b9255c58b3147a53441e04d0","status":"success","startEpochMs":1787566012021,"endEpochMs":1787566012520,"latencyMs":499}
CALIPER_TX_LATENCY {"workerIndex":3,"roundIndex":5,"roundLabel":"write-tps-20","transactionId":"4ad4c4b49c32399f827451de1e8d68cb3de833559ac1b5ec3c56fcaba00ce0a8","status":"success","startEpochMs":1787566012421,"endEpochMs":1787566012520,"latencyMs":99}
CALIPER_TX_LATENCY {"workerIndex":2,"roundIndex":5,"roundLabel":"write-tps-20","transactionId":"98a9b5493e48095dd2d4a7a048902bb2281fdc5cf67c878dcdc76656c7d11766","status":"success","startEpochMs":1787566012222,"endEpochMs":1787566012520,"latencyMs":298}
CALIPER_TX_LATENCY {"workerIndex":0,"roundIndex":5,"roundLabel":"write-tps-20","transactionId":"5a41b60bbf3701c5af867eb8af7f4f9978e68e7587f44460658fda39150ca3a7","status":"success","startEpochMs":1787566012222,"endEpochMs":1787566012520,"latencyMs":298}
CALIPER_TX_LATENCY {"workerIndex":1,"roundIndex":5,"roundLabel":"write-tps-20","transactionId":"d5c5de285011bca23355e3ad7593865f89c65a38881c6e95d278e511b33850fc","status":"success","startEpochMs":1787566012421,"endEpochMs":1787566012520,"latencyMs":99}
CALIPER_TX_LATENCY {"workerIndex":3,"roundIndex":5,"roundLabel":"write-tps-20","transactionId":"c0d9fbecada21f379568c2694fc96c285003e2db479d7e8554062815b5deecb6","status":"success","startEpochMs":1787566012222,"endEpochMs":1787566012520,"latencyMs":298}
CALIPER_TX_LATENCY {"workerIndex":2,"roundIndex":5,"roundLabel":"write-tps-20","transactionId":"4ce6fba5e29a2a4b69642955e8c5858ae7a688a6f4866a2ac46b4e01a9e9240c","status":"success","startEpochMs":1787566012421,"endEpochMs":1787566012521,"latencyMs":100}
CALIPER_TX_LATENCY {"workerIndex":1,"roundIndex":5,"roundLabel":"write-tps-20","transactionId":"6b1dda39c8d02ff796e5bf158b7df038bf36cf8f8788bb7c1f53d046e31bc0bd","status":"success","startEpochMs":1787566012222,"endEpochMs":1787566012521,"latencyMs":299}
CALIPER_TX_LATENCY {"workerIndex":0,"roundIndex":5,"roundLabel":"write-tps-20","transactionId":"140cb1cfee2d5c8c9cd6bcfbd85e472fa7d7506a75b28e9d10ce6b9c9c75be76","status":"success","startEpochMs":1787566012421,"endEpochMs":1787566012521,"latencyMs":100}
CALIPER_TX_LATENCY {"workerIndex":0,"roundIndex":5,"roundLabel":"write-tps-20","transactionId":"c6bc8876e2c1e4e4b7cb93ac2ce5a7fda95cced0a0e0623dd12d01c0648f6c1e","status":"success","startEpochMs":1787566012022,"endEpochMs":1787566012521,"latencyMs":499}
CALIPER_TX_LATENCY {"workerIndex":3,"roundIndex":5,"roundLabel":"write-tps-20","transactionId":"8420c9429b5d212edfcddd052c3ddcb728810e6adf6758a05e577f5e8095535e","status":"success","startEpochMs":1787566013021,"endEpochMs":1787566013128,"latencyMs":107}
CALIPER_TX_LATENCY {"workerIndex":2,"roundIndex":5,"roundLabel":"write-tps-20","transactionId":"36aea4c4f6fd2cf50b8a9179a607aa1e3ff962cf8e38fd8f7f5b0253c9f30179","status":"success","startEpochMs":1787566012624,"endEpochMs":1787566013128,"latencyMs":504}
CALIPER_TX_LATENCY {"workerIndex":0,"roundIndex":5,"roundLabel":"write-tps-20","transactionId":"5d56c284b84d3ca0b40011e8487dd29ca970f1770bddb62467fc2a5989424d75","status":"success","startEpochMs":1787566012623,"endEpochMs":1787566013129,"latencyMs":506}
CALIPER_TX_LATENCY {"workerIndex":1,"roundIndex":5,"roundLabel":"write-tps-20","transactionId":"47da6793d646a26a1bf7be63c272810bda41cfbcd2f98eb662dd9938a528a0eb","status":"success","startEpochMs":1787566012821,"endEpochMs":1787566013128,"latencyMs":307}
CALIPER_TX_LATENCY {"workerIndex":3,"roundIndex":5,"roundLabel":"write-tps-20","transactionId":"e5143f08021ef1fcf7aa4dd6c9f47344a2e08f4e32b6de0142384bc2f49d3cee","status":"success","startEpochMs":1787566012623,"endEpochMs":1787566013129,"latencyMs":506}
CALIPER_TX_LATENCY {"workerIndex":0,"roundIndex":5,"roundLabel":"write-tps-20","transactionId":"a5effb47fbd95f7a1f0281515bf55155915a499419f31cb5d066546765fc7e34","status":"success","startEpochMs":1787566012822,"endEpochMs":1787566013129,"latencyMs":307}
CALIPER_TX_LATENCY {"workerIndex":1,"roundIndex":5,"roundLabel":"write-tps-20","transactionId":"91999b1c36ecaecaebbf14c6b32692e9ee09491a8c50994da3eeabc5b71135f3","status":"success","startEpochMs":1787566012622,"endEpochMs":1787566013129,"latencyMs":507}
CALIPER_TX_LATENCY {"workerIndex":3,"roundIndex":5,"roundLabel":"write-tps-20","transactionId":"4934f9a28d79173c02fa36bf91a1bf26f3557603c28007a57e175ef293e13a53","status":"success","startEpochMs":1787566012822,"endEpochMs":1787566013129,"latencyMs":307}
CALIPER_TX_LATENCY {"workerIndex":2,"roundIndex":5,"roundLabel":"write-tps-20","transactionId":"11fd446091e60faa344b3580fb6cef49fbc3f23fcce59722dc31ae7d9935fba8","status":"success","startEpochMs":1787566012822,"endEpochMs":1787566013129,"latencyMs":307}
CALIPER_TX_LATENCY {"workerIndex":1,"roundIndex":5,"roundLabel":"write-tps-20","transactionId":"75c04704a36a471c67e32af4dd1b28ff77fdeafff6875b5f34ff1019db420c50","status":"success","startEpochMs":1787566013021,"endEpochMs":1787566013129,"latencyMs":108}
CALIPER_TX_LATENCY {"workerIndex":0,"roundIndex":5,"roundLabel":"write-tps-20","transactionId":"fcf2a1a2461a5198079a856eb072819c413722ae31c839e0080c1b3e2df23d53","status":"success","startEpochMs":1787566013222,"endEpochMs":1787566013508,"latencyMs":286}
CALIPER_TX_LATENCY {"workerIndex":3,"roundIndex":5,"roundLabel":"write-tps-20","transactionId":"ef2ea1768f58ca6437775c25489d2fecd1501dc43602027948361927cb8efe5e","status":"success","startEpochMs":1787566013423,"endEpochMs":1787566013508,"latencyMs":85}
CALIPER_TX_LATENCY {"workerIndex":2,"roundIndex":5,"roundLabel":"write-tps-20","transactionId":"d13579b77129d4d7307b2694fa4f16b4482f38dc29e6b8e091f6630181075d54","status":"success","startEpochMs":1787566013222,"endEpochMs":1787566013508,"latencyMs":286}
CALIPER_TX_LATENCY {"workerIndex":1,"roundIndex":5,"roundLabel":"write-tps-20","transactionId":"09b830dd8c8a81b61b8291097c07358dd1a0b036363740dedaa4b1dccfe3956b","status":"success","startEpochMs":1787566013422,"endEpochMs":1787566013508,"latencyMs":86}
CALIPER_TX_LATENCY {"workerIndex":0,"roundIndex":5,"roundLabel":"write-tps-20","transactionId":"105e2547eb7ce442a4e45fd1af7fd0871afbe2ee838d28e5d62142ba8b3e03b5","status":"success","startEpochMs":1787566013422,"endEpochMs":1787566013509,"latencyMs":87}
CALIPER_TX_LATENCY {"workerIndex":2,"roundIndex":5,"roundLabel":"write-tps-20","transactionId":"b23dcf8ba3a15f21f244d608d34b9364cea6b07fef1ad098004e2af6ff2745a8","status":"success","startEpochMs":1787566013422,"endEpochMs":1787566013509,"latencyMs":87}
CALIPER_TX_LATENCY {"workerIndex":3,"roundIndex":5,"roundLabel":"write-tps-20","transactionId":"9c4f984bef5a32502f687761a8d5e1733fe92d9a7952fbb174f01d98118f9eef","status":"success","startEpochMs":1787566013222,"endEpochMs":1787566013509,"latencyMs":287}
CALIPER_TX_LATENCY {"workerIndex":1,"roundIndex":5,"roundLabel":"write-tps-20","transactionId":"28787a76190822bd56743845c7fa89823e9ae4f26de599fc771834e47e5805e6","status":"success","startEpochMs":1787566013221,"endEpochMs":1787566013509,"latencyMs":288}
CALIPER_TX_LATENCY {"workerIndex":0,"roundIndex":5,"roundLabel":"write-tps-20","transactionId":"7e5f30f5a4c494436186d577501b8ef1d9ff3c0914ca42e47692fcaba6f46087","status":"success","startEpochMs":1787566013021,"endEpochMs":1787566013509,"latencyMs":488}
CALIPER_TX_LATENCY {"workerIndex":2,"roundIndex":5,"roundLabel":"write-tps-20","transactionId":"c3912591c13ff5870058563288373876a43e3158ad6ac52d10be4b974f8f274f","status":"success","startEpochMs":1787566013022,"endEpochMs":1787566013509,"latencyMs":487}
CALIPER_TX_LATENCY {"workerIndex":0,"roundIndex":5,"roundLabel":"write-tps-20","transactionId":"5672dcba421d7b76e16d8e6d6b790ccb6906ac281f4d38c7085da20d56848687","status":"success","startEpochMs":1787566014022,"endEpochMs":1787566014127,"latencyMs":105}
CALIPER_TX_LATENCY {"workerIndex":2,"roundIndex":5,"roundLabel":"write-tps-20","transactionId":"dfdbd583fd681eaf718cd58926f5bb3fbb50109c2fa5a7705e6b06be9fe7eff7","status":"success","startEpochMs":1787566013621,"endEpochMs":1787566014127,"latencyMs":506}
CALIPER_TX_LATENCY {"workerIndex":1,"roundIndex":5,"roundLabel":"write-tps-20","transactionId":"057b8539125d8e81b230330458aa4bcab8a590f6c5f3ce596b6df7cd9ba4ae54","status":"success","startEpochMs":1787566013621,"endEpochMs":1787566014127,"latencyMs":506}
CALIPER_TX_LATENCY {"workerIndex":3,"roundIndex":5,"roundLabel":"write-tps-20","transactionId":"c8e1f0ec5edb991deeb56e774e0fad3aba1377059fdb103ef35703ca68981267","status":"success","startEpochMs":1787566013621,"endEpochMs":1787566014127,"latencyMs":506}
CALIPER_TX_LATENCY {"workerIndex":0,"roundIndex":5,"roundLabel":"write-tps-20","transactionId":"a4b3b1feb8858ed2ad1fe171113819a792201fc81d14e63cd3d4a1362066f48a","status":"success","startEpochMs":1787566013822,"endEpochMs":1787566014127,"latencyMs":305}
CALIPER_TX_LATENCY {"workerIndex":2,"roundIndex":5,"roundLabel":"write-tps-20","transactionId":"0acbaf4b12bea0fe786a5c9e737a64189d99ca30f6ba6e3a83b2848c0b9c5d21","status":"success","startEpochMs":1787566013821,"endEpochMs":1787566014127,"latencyMs":306}
CALIPER_TX_LATENCY {"workerIndex":1,"roundIndex":5,"roundLabel":"write-tps-20","transactionId":"6422ff6e348a7de8be2077650d310cd2c3144e49eaa4d797ebc655c056f5ce42","status":"success","startEpochMs":1787566013820,"endEpochMs":1787566014127,"latencyMs":307}
CALIPER_TX_LATENCY {"workerIndex":3,"roundIndex":5,"roundLabel":"write-tps-20","transactionId":"9b7c37f4058ac25fed16b93be306759994ed5895a24d73cba241376e76f3fb01","status":"success","startEpochMs":1787566013822,"endEpochMs":1787566014127,"latencyMs":305}
CALIPER_TX_LATENCY {"workerIndex":0,"roundIndex":5,"roundLabel":"write-tps-20","transactionId":"272e88422e2fc6037c5c7c4c01bd20dc114171b948af5cdff8a5a6fd579d4660","status":"success","startEpochMs":1787566013621,"endEpochMs":1787566014127,"latencyMs":506}
CALIPER_TX_LATENCY {"workerIndex":3,"roundIndex":5,"roundLabel":"write-tps-20","transactionId":"97161eb5589918e2fb1975f79c73077e7a57b7a3e34853ff3021328273964add","status":"success","startEpochMs":1787566014022,"endEpochMs":1787566014127,"latencyMs":105}
CALIPER_TX_LATENCY {"workerIndex":2,"roundIndex":5,"roundLabel":"write-tps-20","transactionId":"fab95aa9b60ae34959f4cfb4578bf37f646cb1a854c4dc10776ba6c614a32b85","status":"success","startEpochMs":1787566014422,"endEpochMs":1787566014489,"latencyMs":67}
CALIPER_TX_LATENCY {"workerIndex":1,"roundIndex":5,"roundLabel":"write-tps-20","transactionId":"0cc66161cac6588e917c1f6f6af07700effb21b633faeb5bf874fb9d025030dd","status":"success","startEpochMs":1787566014221,"endEpochMs":1787566014489,"latencyMs":268}
CALIPER_TX_LATENCY {"workerIndex":0,"roundIndex":5,"roundLabel":"write-tps-20","transactionId":"7de05ba2c651fe599d7eba941014dab26892fa0e89bd8cc8b8077f12db19946a","status":"success","startEpochMs":1787566014221,"endEpochMs":1787566014489,"latencyMs":268}
CALIPER_TX_LATENCY {"workerIndex":3,"roundIndex":5,"roundLabel":"write-tps-20","transactionId":"65b16e98697aa95128d8ac96e1e04fa3387fae3b8119cf4cfbd5aae630870f82","status":"success","startEpochMs":1787566014422,"endEpochMs":1787566014489,"latencyMs":67}
CALIPER_TX_LATENCY {"workerIndex":2,"roundIndex":5,"roundLabel":"write-tps-20","transactionId":"107b3a74ac5147325a2e5d16cb32591959083a268b4102ad974d8bd971c0ad36","status":"success","startEpochMs":1787566014021,"endEpochMs":1787566014490,"latencyMs":469}
CALIPER_TX_LATENCY {"workerIndex":1,"roundIndex":5,"roundLabel":"write-tps-20","transactionId":"01bd3e9d0bc468771d5aef4eb417ad6678223982418592c9cb4422c2a8d97feb","status":"success","startEpochMs":1787566014420,"endEpochMs":1787566014489,"latencyMs":69}
CALIPER_TX_LATENCY {"workerIndex":0,"roundIndex":5,"roundLabel":"write-tps-20","transactionId":"a6031a2ba9c22203f52c502183f46c4c40531f487eabfffe001f4be0f05212b9","status":"success","startEpochMs":1787566014422,"endEpochMs":1787566014490,"latencyMs":68}
CALIPER_TX_LATENCY {"workerIndex":2,"roundIndex":5,"roundLabel":"write-tps-20","transactionId":"5097afc02616f7fd4fb6a08a374ac9e6430412681635a50e7fe0f55595a1ae9e","status":"success","startEpochMs":1787566014222,"endEpochMs":1787566014490,"latencyMs":268}
CALIPER_TX_LATENCY {"workerIndex":3,"roundIndex":5,"roundLabel":"write-tps-20","transactionId":"e308291f831b77da91fafec30f0621e571e8e974cc168c12c1107896e7317b3d","status":"success","startEpochMs":1787566014222,"endEpochMs":1787566014490,"latencyMs":268}
CALIPER_TX_LATENCY {"workerIndex":1,"roundIndex":5,"roundLabel":"write-tps-20","transactionId":"9e5d5a02418d4f81d4054aaa6d567edc83c015950f014a28bdd17b94d0dce44c","status":"success","startEpochMs":1787566014021,"endEpochMs":1787566014490,"latencyMs":469}
2026.08.24-15:36:54.616[32m info [39m [caliper] [default-observer] 	[write-tps-20 Round 5 Transaction Info] - Submitted: 83 Succ: 80 Fail:0 Unfinished:3
CALIPER_TX_LATENCY {"workerIndex":1,"roundIndex":5,"roundLabel":"write-tps-20","transactionId":"757384bfde26a391aa904f8534fb0e21df7bee97e29f2cc3c6d28ed12652ee69","status":"success","startEpochMs":1787566014821,"endEpochMs":1787566015107,"latencyMs":286}
CALIPER_TX_LATENCY {"workerIndex":2,"roundIndex":5,"roundLabel":"write-tps-20","transactionId":"adcd528f6b3bcbebf680c1b5e073286921ce9811781e3d427cf4281e991f2bc5","status":"success","startEpochMs":1787566014822,"endEpochMs":1787566015107,"latencyMs":285}
CALIPER_TX_LATENCY {"workerIndex":0,"roundIndex":5,"roundLabel":"write-tps-20","transactionId":"38859c5274a9253418bbbf287b2f54ae8c50024fd42375f6eff8e89756485352","status":"success","startEpochMs":1787566014822,"endEpochMs":1787566015107,"latencyMs":285}
CALIPER_TX_LATENCY {"workerIndex":3,"roundIndex":5,"roundLabel":"write-tps-20","transactionId":"d9ef10ddcfc9bc1bf3a66ad073cba000f2be2d694c3cd39d358df701793ba153","status":"success","startEpochMs":1787566015022,"endEpochMs":1787566015107,"latencyMs":85}
CALIPER_TX_LATENCY {"workerIndex":2,"roundIndex":5,"roundLabel":"write-tps-20","transactionId":"648a3c8ec03a7e545364c68fbe428fafc6f4710f0ecb164a229993314c6bbaad","status":"success","startEpochMs":1787566014626,"endEpochMs":1787566015107,"latencyMs":481}
CALIPER_TX_LATENCY {"workerIndex":1,"roundIndex":5,"roundLabel":"write-tps-20","transactionId":"a10110f4047d66d161f87b57447cbecd40c67990a4155e16b705acc699a23d11","status":"success","startEpochMs":1787566015020,"endEpochMs":1787566015107,"latencyMs":87}
CALIPER_TX_LATENCY {"workerIndex":0,"roundIndex":5,"roundLabel":"write-tps-20","transactionId":"31abe2b12bb73c864bd6153d21ed6eb88b588c65831dbdcc7920e959c51dd690","status":"success","startEpochMs":1787566014622,"endEpochMs":1787566015107,"latencyMs":485}
CALIPER_TX_LATENCY {"workerIndex":3,"roundIndex":5,"roundLabel":"write-tps-20","transactionId":"8539570da9ff2231cda57f2aff593e7a31e0c3874148883c7e5c0e188cd7993b","status":"success","startEpochMs":1787566014822,"endEpochMs":1787566015108,"latencyMs":286}
CALIPER_TX_LATENCY {"workerIndex":1,"roundIndex":5,"roundLabel":"write-tps-20","transactionId":"dae645f53f3c867ee0dcd3c6880107d46b689a759f49bd9aed653848eecffd7d","status":"success","startEpochMs":1787566014623,"endEpochMs":1787566015108,"latencyMs":485}
CALIPER_TX_LATENCY {"workerIndex":3,"roundIndex":5,"roundLabel":"write-tps-20","transactionId":"b0e200f6f1d6e027e8c7aa5b52c77b8fd554a1d9f280c067bb0286a5a2c1a50a","status":"success","startEpochMs":1787566014622,"endEpochMs":1787566015108,"latencyMs":486}
CALIPER_TX_LATENCY {"workerIndex":1,"roundIndex":5,"roundLabel":"write-tps-20","transactionId":"80fb296cf9a2e6b1b92b171e87a9bc6ef033aad1b55f9b7af084dcfffd45f392","status":"success","startEpochMs":1787566015421,"endEpochMs":1787566015505,"latencyMs":84}
CALIPER_TX_LATENCY {"workerIndex":0,"roundIndex":5,"roundLabel":"write-tps-20","transactionId":"262196b6260724dfaf37103e0e3c164663402a286ae3a31f1bd7348ea9353ec5","status":"success","startEpochMs":1787566015422,"endEpochMs":1787566015505,"latencyMs":83}
CALIPER_TX_LATENCY {"workerIndex":3,"roundIndex":5,"roundLabel":"write-tps-20","transactionId":"80b32dc384854965cf5e31dd863fd06c9ae5066d036a38e163c6cf36a0e00440","status":"success","startEpochMs":1787566015229,"endEpochMs":1787566015505,"latencyMs":276}
CALIPER_TX_LATENCY {"workerIndex":2,"roundIndex":5,"roundLabel":"write-tps-20","transactionId":"8c4e22a057a9f3e0d733f0ec5abf2af15e9d097585a5590b255b2cccb7960f5c","status":"success","startEpochMs":1787566015022,"endEpochMs":1787566015505,"latencyMs":483}
CALIPER_TX_LATENCY {"workerIndex":1,"roundIndex":5,"roundLabel":"write-tps-20","transactionId":"02609aba209adececc35a851acd88600ce76f01554d036c98223f029387c295a","status":"success","startEpochMs":1787566015221,"endEpochMs":1787566015505,"latencyMs":284}
CALIPER_TX_LATENCY {"workerIndex":0,"roundIndex":5,"roundLabel":"write-tps-20","transactionId":"3fbd46a07eaac7c4bb8772ca46342c8f80519377ea4662379c2042b39a8f563d","status":"success","startEpochMs":1787566015022,"endEpochMs":1787566015505,"latencyMs":483}
CALIPER_TX_LATENCY {"workerIndex":3,"roundIndex":5,"roundLabel":"write-tps-20","transactionId":"e92d383a7bd3140ef9742c5218bf966f841708ffa7f058c544f32b33e19f288f","status":"success","startEpochMs":1787566015422,"endEpochMs":1787566015505,"latencyMs":83}
CALIPER_TX_LATENCY {"workerIndex":2,"roundIndex":5,"roundLabel":"write-tps-20","transactionId":"ffdf88ddabce59df75f28d1aaa2eb44c2c82496188d6be98d4b7087e369ddd88","status":"success","startEpochMs":1787566015422,"endEpochMs":1787566015506,"latencyMs":84}
CALIPER_TX_LATENCY {"workerIndex":2,"roundIndex":5,"roundLabel":"write-tps-20","transactionId":"a675eb8ab3f6c9416cc07697d2379c6bbfaa5fdf3ecd4b64cafe6527cc5b2d1a","status":"success","startEpochMs":1787566015224,"endEpochMs":1787566015506,"latencyMs":282}
CALIPER_TX_LATENCY {"workerIndex":0,"roundIndex":5,"roundLabel":"write-tps-20","transactionId":"663f625bb509001eca57dcb71f7336799a3d33ec5afb7673f7ea49705884a4db","status":"success","startEpochMs":1787566015222,"endEpochMs":1787566015506,"latencyMs":284}
CALIPER_TX_LATENCY {"workerIndex":3,"roundIndex":5,"roundLabel":"write-tps-20","transactionId":"fb077f1f3675f09b5a92c73b8ddf970be629fe74a357ccf8e4cfd37bd88bcb57","status":"success","startEpochMs":1787566015622,"endEpochMs":1787566016128,"latencyMs":506}
CALIPER_TX_LATENCY {"workerIndex":0,"roundIndex":5,"roundLabel":"write-tps-20","transactionId":"16ac3c1ac6760ad7a36814e11662737a68f0c9ad624e15eb8f26d297417786b2","status":"success","startEpochMs":1787566015623,"endEpochMs":1787566016128,"latencyMs":505}
CALIPER_TX_LATENCY {"workerIndex":1,"roundIndex":5,"roundLabel":"write-tps-20","transactionId":"7ee10e4500ea4134bb7c5c6f4374aa83b8aba68b76e1e3b08635fd8ea7580d1b","status":"success","startEpochMs":1787566016022,"endEpochMs":1787566016128,"latencyMs":106}
CALIPER_TX_LATENCY {"workerIndex":2,"roundIndex":5,"roundLabel":"write-tps-20","transactionId":"a1bf374fb718fa3edb53d999771fa138e709c824537fb7e2913576b28d8c26b3","status":"success","startEpochMs":1787566015629,"endEpochMs":1787566016128,"latencyMs":499}
CALIPER_TX_LATENCY {"workerIndex":3,"roundIndex":5,"roundLabel":"write-tps-20","transactionId":"a6224f9cf95fdde7d410eb0ed1f087a556d1c7f74c294489fa3f6fa3448ae1f8","status":"success","startEpochMs":1787566016023,"endEpochMs":1787566016129,"latencyMs":106}
CALIPER_TX_LATENCY {"workerIndex":1,"roundIndex":5,"roundLabel":"write-tps-20","transactionId":"0055d4239285de0a06df2e925c7345d1b3a2e8147939f721deaec36d966d7f2d","status":"success","startEpochMs":1787566015621,"endEpochMs":1787566016129,"latencyMs":508}
CALIPER_TX_LATENCY {"workerIndex":0,"roundIndex":5,"roundLabel":"write-tps-20","transactionId":"dfbd32c7679c347008b45fdf200a336868841ef26266c0fc1c98c2862959e8db","status":"success","startEpochMs":1787566015822,"endEpochMs":1787566016129,"latencyMs":307}
CALIPER_TX_LATENCY {"workerIndex":2,"roundIndex":5,"roundLabel":"write-tps-20","transactionId":"ed51f2161800a0d471428448224df5c7b2ca8934ef889c8decf621bb847ff6b1","status":"success","startEpochMs":1787566015822,"endEpochMs":1787566016129,"latencyMs":307}
CALIPER_TX_LATENCY {"workerIndex":1,"roundIndex":5,"roundLabel":"write-tps-20","transactionId":"e454ee9fc9333045c3e529da3f0cc8ae7a3b3fb68f97a98ee2ac1a8c68e26a0d","status":"success","startEpochMs":1787566015822,"endEpochMs":1787566016129,"latencyMs":307}
CALIPER_TX_LATENCY {"workerIndex":3,"roundIndex":5,"roundLabel":"write-tps-20","transactionId":"79714ab08047fdb44822364ecd138fa758f9eca82b41526517c6c044d7db37ee","status":"success","startEpochMs":1787566015822,"endEpochMs":1787566016129,"latencyMs":307}
CALIPER_TX_LATENCY {"workerIndex":1,"roundIndex":5,"roundLabel":"write-tps-20","transactionId":"d9fdaad8f51e6522fb123c1dee99437d1e2a8b523564c26ce38a656aad4a0ea6","status":"success","startEpochMs":1787566016421,"endEpochMs":1787566016511,"latencyMs":90}
CALIPER_TX_LATENCY {"workerIndex":3,"roundIndex":5,"roundLabel":"write-tps-20","transactionId":"5664dedf0dd62a291da620811572e53f596c7c6bc5b25c95ea20cbd4adfa1d88","status":"success","startEpochMs":1787566016225,"endEpochMs":1787566016511,"latencyMs":286}
CALIPER_TX_LATENCY {"workerIndex":2,"roundIndex":5,"roundLabel":"write-tps-20","transactionId":"5e474fc44e050b263b582ad51bbe6341da72f29a7970281af608c5a8fa761796","status":"success","startEpochMs":1787566016023,"endEpochMs":1787566016511,"latencyMs":488}
CALIPER_TX_LATENCY {"workerIndex":1,"roundIndex":5,"roundLabel":"write-tps-20","transactionId":"3ca808f143a61ede7bb02f0a5499d38457e2a13d449305e276511ff6b38a4de6","status":"success","startEpochMs":1787566016222,"endEpochMs":1787566016512,"latencyMs":290}
CALIPER_TX_LATENCY {"workerIndex":0,"roundIndex":5,"roundLabel":"write-tps-20","transactionId":"e20cb8fabcd599a368a6d3df0fe694f0c43198cfc2dd21d6108e75e1b9cf1a34","status":"success","startEpochMs":1787566016024,"endEpochMs":1787566016512,"latencyMs":488}
CALIPER_TX_LATENCY {"workerIndex":3,"roundIndex":5,"roundLabel":"write-tps-20","transactionId":"9b79659a20f239dd0b5ac2f83d917c5e6cadc5e98cb39756c8d7c28e9d3d23bc","status":"success","startEpochMs":1787566016423,"endEpochMs":1787566016512,"latencyMs":89}
CALIPER_TX_LATENCY {"workerIndex":2,"roundIndex":5,"roundLabel":"write-tps-20","transactionId":"286856cd28f0bf2c05d7dd98212a2fce8dbdb8a4df429ead7e400a7aed749e2c","status":"success","startEpochMs":1787566016224,"endEpochMs":1787566016512,"latencyMs":288}
CALIPER_TX_LATENCY {"workerIndex":0,"roundIndex":5,"roundLabel":"write-tps-20","transactionId":"f08119743d900b0871cdfed9356b4a224e9fc16a127cc8281b67fab451693897","status":"success","startEpochMs":1787566016222,"endEpochMs":1787566016512,"latencyMs":290}
CALIPER_TX_LATENCY {"workerIndex":2,"roundIndex":5,"roundLabel":"write-tps-20","transactionId":"254f5071c443b9f5ccdf7785255b0d05cfb75afdef2d324cf8e9ad5ae4422806","status":"success","startEpochMs":1787566016422,"endEpochMs":1787566016513,"latencyMs":91}
CALIPER_TX_LATENCY {"workerIndex":0,"roundIndex":5,"roundLabel":"write-tps-20","transactionId":"976fa8c9954aa9c93adc58424838c531864b73756e45582e5b727080b1671030","status":"success","startEpochMs":1787566016423,"endEpochMs":1787566016513,"latencyMs":90}
CALIPER_TX_LATENCY {"workerIndex":3,"roundIndex":5,"roundLabel":"write-tps-20","transactionId":"9cc313395d0ea640f3d6ee56b8147e3ddc2a3480e6706dd384ea4783c7977f0e","status":"success","startEpochMs":1787566016624,"endEpochMs":1787566017130,"latencyMs":506}
CALIPER_TX_LATENCY {"workerIndex":0,"roundIndex":5,"roundLabel":"write-tps-20","transactionId":"3dc624a5df0749146af6b8abb966ac116bc53a0908510e62cafbe8392092ab60","status":"success","startEpochMs":1787566016622,"endEpochMs":1787566017130,"latencyMs":508}
CALIPER_TX_LATENCY {"workerIndex":3,"roundIndex":5,"roundLabel":"write-tps-20","transactionId":"90ad81304112a44e6e0e843eca34ab304eb164e8d5c39ae2c50ef63d45cafdd0","status":"success","startEpochMs":1787566016822,"endEpochMs":1787566017131,"latencyMs":309}
CALIPER_TX_LATENCY {"workerIndex":0,"roundIndex":5,"roundLabel":"write-tps-20","transactionId":"39a4ec5e26f385f1253379b9e46684a1dbe3f92e0452ed20f769ee524bfcd371","status":"success","startEpochMs":1787566016822,"endEpochMs":1787566017131,"latencyMs":309}
CALIPER_TX_LATENCY {"workerIndex":3,"roundIndex":5,"roundLabel":"write-tps-20","transactionId":"2f9e61611bc0dc27e7a65883ecfa64548c572f9f2a46f37a6de331bb6663a0b4","status":"success","startEpochMs":1787566017022,"endEpochMs":1787566017131,"latencyMs":109}
CALIPER_TX_LATENCY {"workerIndex":1,"roundIndex":5,"roundLabel":"write-tps-20","transactionId":"dcb99a463491aff0d2216dc1e5bf0b18593954738779a04b1fbc6d277b6f4828","status":"success","startEpochMs":1787566016625,"endEpochMs":1787566017130,"latencyMs":505}
CALIPER_TX_LATENCY {"workerIndex":2,"roundIndex":5,"roundLabel":"write-tps-20","transactionId":"343e4897e36f82e2d097c8eb601d20df0be5cf746e74ce8298e9cd08c5281b14","status":"success","startEpochMs":1787566017022,"endEpochMs":1787566017130,"latencyMs":108}
CALIPER_TX_LATENCY {"workerIndex":2,"roundIndex":5,"roundLabel":"write-tps-20","transactionId":"46a12e609c7ccd55796831c73f607ac01fa335365d30efd7a4fcf28dc4cdf8dd","status":"success","startEpochMs":1787566016621,"endEpochMs":1787566017133,"latencyMs":512}
CALIPER_TX_LATENCY {"workerIndex":1,"roundIndex":5,"roundLabel":"write-tps-20","transactionId":"e7c025ca0636c9207c8862838a0e5f8156317dc0e63ded91e5b6141f1e9f8cdd","status":"success","startEpochMs":1787566016821,"endEpochMs":1787566017133,"latencyMs":312}
CALIPER_TX_LATENCY {"workerIndex":2,"roundIndex":5,"roundLabel":"write-tps-20","transactionId":"2e29e9d56069ae18bd11e21593b1b557f64e40328908569896402f4bec8347fc","status":"success","startEpochMs":1787566016823,"endEpochMs":1787566017133,"latencyMs":310}
CALIPER_TX_LATENCY {"workerIndex":1,"roundIndex":5,"roundLabel":"write-tps-20","transactionId":"a6fa8d5ae7ad84f4da48ea3f537fa507908bce605787a229e5ab6cae33f196cd","status":"success","startEpochMs":1787566017022,"endEpochMs":1787566017494,"latencyMs":472}
CALIPER_TX_LATENCY {"workerIndex":3,"roundIndex":5,"roundLabel":"write-tps-20","transactionId":"769b1be4cf43003bba2e5fa2e4dbf2460e94554469107ad40d27c891caa38cae","status":"success","startEpochMs":1787566017421,"endEpochMs":1787566017494,"latencyMs":73}
CALIPER_TX_LATENCY {"workerIndex":1,"roundIndex":5,"roundLabel":"write-tps-20","transactionId":"0313ec1a3185411e6b5662d0e469da39069b9d7641b3727f01202bce21a949ac","status":"success","startEpochMs":1787566017420,"endEpochMs":1787566017495,"latencyMs":75}
CALIPER_TX_LATENCY {"workerIndex":3,"roundIndex":5,"roundLabel":"write-tps-20","transactionId":"8690b01172e7e5459174e74dc8cf8cc182dd4b8d797a8c66131d31917fa7cefc","status":"success","startEpochMs":1787566017222,"endEpochMs":1787566017495,"latencyMs":273}
CALIPER_TX_LATENCY {"workerIndex":2,"roundIndex":5,"roundLabel":"write-tps-20","transactionId":"2c35b764ae68f43e2e30f1dac01da3c1662ea49d6123401344b887d7aeab0330","status":"success","startEpochMs":1787566017421,"endEpochMs":1787566017494,"latencyMs":73}
CALIPER_TX_LATENCY {"workerIndex":0,"roundIndex":5,"roundLabel":"write-tps-20","transactionId":"8cb94e77b75cd648fd81a40368ba0b4e041e04b033c238913ad1a6f91bdcece2","status":"success","startEpochMs":1787566017421,"endEpochMs":1787566017495,"latencyMs":74}
CALIPER_TX_LATENCY {"workerIndex":1,"roundIndex":5,"roundLabel":"write-tps-20","transactionId":"26bd4bf2a01e404ea76396c5992874869fc4883e7bf34af2658390b2d2557cc5","status":"success","startEpochMs":1787566017222,"endEpochMs":1787566017495,"latencyMs":273}
CALIPER_TX_LATENCY {"workerIndex":0,"roundIndex":5,"roundLabel":"write-tps-20","transactionId":"4f7a95c7e0687d48e6ec7576aef46d31708bbebfbb626cfa9c9713933afdd231","status":"success","startEpochMs":1787566017022,"endEpochMs":1787566017496,"latencyMs":474}
CALIPER_TX_LATENCY {"workerIndex":2,"roundIndex":5,"roundLabel":"write-tps-20","transactionId":"3bb327a7a31fdce819b2486c5466af87f8f08b475ed71f48ae56f25c4148ed06","status":"success","startEpochMs":1787566017222,"endEpochMs":1787566017496,"latencyMs":274}
CALIPER_TX_LATENCY {"workerIndex":0,"roundIndex":5,"roundLabel":"write-tps-20","transactionId":"1037e066e3a6bcd2356a1a504cf11d8e9981a8deee5d272683f4a4fcc3a2b50e","status":"success","startEpochMs":1787566017222,"endEpochMs":1787566017496,"latencyMs":274}
CALIPER_TX_LATENCY {"workerIndex":0,"roundIndex":5,"roundLabel":"write-tps-20","transactionId":"5111cf7ff4ad183f293a1be368c4337312b205ca5c75d556842fa2bc0ae60c27","status":"success","startEpochMs":1787566017821,"endEpochMs":1787566018128,"latencyMs":307}
CALIPER_TX_LATENCY {"workerIndex":3,"roundIndex":5,"roundLabel":"write-tps-20","transactionId":"7c707208a11738e15697de35fea9d9a73468140152e6c5d53de1961da4f9386a","status":"success","startEpochMs":1787566017821,"endEpochMs":1787566018128,"latencyMs":307}
CALIPER_TX_LATENCY {"workerIndex":1,"roundIndex":5,"roundLabel":"write-tps-20","transactionId":"20e1a44516635fb5438f081dd0ebc2a538df4a4500539dbb16f8b076a5293e70","status":"success","startEpochMs":1787566017821,"endEpochMs":1787566018128,"latencyMs":307}
CALIPER_TX_LATENCY {"workerIndex":2,"roundIndex":5,"roundLabel":"write-tps-20","transactionId":"26bfef4b308b2445469b7299de190c771e6ea9361583ee43dbc3e635686a7c05","status":"success","startEpochMs":1787566018022,"endEpochMs":1787566018128,"latencyMs":106}
CALIPER_TX_LATENCY {"workerIndex":3,"roundIndex":5,"roundLabel":"write-tps-20","transactionId":"4071eae59c2981c682ba46076c40a98465fef49f302e284d7a65c46cce28c8f5","status":"success","startEpochMs":1787566017622,"endEpochMs":1787566018129,"latencyMs":507}
CALIPER_TX_LATENCY {"workerIndex":1,"roundIndex":5,"roundLabel":"write-tps-20","transactionId":"39f10a547956fd0cff93ebf7896633a94830a3a618a4d6e7f1c78494206a9a5d","status":"success","startEpochMs":1787566017620,"endEpochMs":1787566018129,"latencyMs":509}
CALIPER_TX_LATENCY {"workerIndex":0,"roundIndex":5,"roundLabel":"write-tps-20","transactionId":"e7a162171b925a216494d6df35b430342fb6c4c4d23e1dc56e5dc1f8ca0188d1","status":"success","startEpochMs":1787566018021,"endEpochMs":1787566018129,"latencyMs":108}
CALIPER_TX_LATENCY {"workerIndex":2,"roundIndex":5,"roundLabel":"write-tps-20","transactionId":"16503741a73a5fd575baea9d8c3f600265a419a7957aa417223bef2c811cd35a","status":"success","startEpochMs":1787566017621,"endEpochMs":1787566018129,"latencyMs":508}
CALIPER_TX_LATENCY {"workerIndex":2,"roundIndex":5,"roundLabel":"write-tps-20","transactionId":"cb4b62866f6cee16e4f5a6817cf4aef967531d7ecda6e94268c8f5ba7f9ab549","status":"success","startEpochMs":1787566017822,"endEpochMs":1787566018129,"latencyMs":307}
CALIPER_TX_LATENCY {"workerIndex":0,"roundIndex":5,"roundLabel":"write-tps-20","transactionId":"9380612592e3f61a7b52a144ed7ae771f2c7423b88415ca2ad53e2592b7a93ba","status":"success","startEpochMs":1787566017622,"endEpochMs":1787566018129,"latencyMs":507}
CALIPER_TX_LATENCY {"workerIndex":3,"roundIndex":5,"roundLabel":"write-tps-20","transactionId":"20b9116f519bf7fa0fb0e84803d0fb8687bde9f8f3bf5df2b4993d004514344c","status":"success","startEpochMs":1787566018224,"endEpochMs":1787566018509,"latencyMs":285}
CALIPER_TX_LATENCY {"workerIndex":0,"roundIndex":5,"roundLabel":"write-tps-20","transactionId":"ad2c5ce9983bab1f23c6487b2b30159214c1020505544c2ea742afef5043efec","status":"success","startEpochMs":1787566018421,"endEpochMs":1787566018509,"latencyMs":88}
CALIPER_TX_LATENCY {"workerIndex":2,"roundIndex":5,"roundLabel":"write-tps-20","transactionId":"a9de9eb001453a6ae54a2e9a0b6b026a806874faaa1bb53a52d80e86d0ff9598","status":"success","startEpochMs":1787566018223,"endEpochMs":1787566018509,"latencyMs":286}
CALIPER_TX_LATENCY {"workerIndex":1,"roundIndex":5,"roundLabel":"write-tps-20","transactionId":"291b09f1278885ade9f90d7a3e75ba1a389ea2d7748eb83e5f59723734e655fb","status":"success","startEpochMs":1787566018021,"endEpochMs":1787566018509,"latencyMs":488}
CALIPER_TX_LATENCY {"workerIndex":0,"roundIndex":5,"roundLabel":"write-tps-20","transactionId":"108dedcad8d03a1d380496921e93c5a77c34369bd5c4bea310b6aefa06e697eb","status":"success","startEpochMs":1787566018223,"endEpochMs":1787566018509,"latencyMs":286}
CALIPER_TX_LATENCY {"workerIndex":3,"roundIndex":5,"roundLabel":"write-tps-20","transactionId":"c10c9d7e47ee7413ff78e1d518766bb96c22ed61639e12e275ea6ba1d555d05f","status":"success","startEpochMs":1787566018422,"endEpochMs":1787566018509,"latencyMs":87}
CALIPER_TX_LATENCY {"workerIndex":2,"roundIndex":5,"roundLabel":"write-tps-20","transactionId":"7a9d105902028278f2e7cfc4fcae4d208caef84543ed68083226a4722357ea0d","status":"success","startEpochMs":1787566018422,"endEpochMs":1787566018509,"latencyMs":87}
CALIPER_TX_LATENCY {"workerIndex":1,"roundIndex":5,"roundLabel":"write-tps-20","transactionId":"68a2895c317e11ca789a4d7d458d8c006f8be956cfd3b1ddefb3e867c3e94f5a","status":"success","startEpochMs":1787566018222,"endEpochMs":1787566018509,"latencyMs":287}
CALIPER_TX_LATENCY {"workerIndex":3,"roundIndex":5,"roundLabel":"write-tps-20","transactionId":"7d4f9c2a8f8f5e9d3db882b533bc75d6946521a01c8ba4eb4ad1e0850dc36e64","status":"success","startEpochMs":1787566018021,"endEpochMs":1787566018509,"latencyMs":488}
CALIPER_TX_LATENCY {"workerIndex":1,"roundIndex":5,"roundLabel":"write-tps-20","transactionId":"095302ad3f61c4a15ea2d9adc0d70d7daa0bd48831c8c97f7a0aa420f23b5126","status":"success","startEpochMs":1787566018421,"endEpochMs":1787566018510,"latencyMs":89}
CALIPER_TX_LATENCY {"workerIndex":2,"roundIndex":5,"roundLabel":"write-tps-20","transactionId":"22f0fc3f2aacbbd8c0cb5636c3618378a458e9a0a5d87c5b45edd67174cfe568","status":"success","startEpochMs":1787566018621,"endEpochMs":1787566019109,"latencyMs":488}
CALIPER_TX_LATENCY {"workerIndex":0,"roundIndex":5,"roundLabel":"write-tps-20","transactionId":"25001b83a1e8ca51d4607d665c7ba9516e3666adfa07fb5f51222845c268946b","status":"success","startEpochMs":1787566018822,"endEpochMs":1787566019109,"latencyMs":287}
CALIPER_TX_LATENCY {"workerIndex":1,"roundIndex":5,"roundLabel":"write-tps-20","transactionId":"f1103fdb211757d96398750659ec7b17181052c9a3e9cf806e4281a5d7aa95a9","status":"success","startEpochMs":1787566018620,"endEpochMs":1787566019109,"latencyMs":489}
CALIPER_TX_LATENCY {"workerIndex":3,"roundIndex":5,"roundLabel":"write-tps-20","transactionId":"d2192c58f5bc1d027d7f66429d420ff70896541e2001758da61b5f3e7b69173e","status":"success","startEpochMs":1787566018621,"endEpochMs":1787566019109,"latencyMs":488}
CALIPER_TX_LATENCY {"workerIndex":1,"roundIndex":5,"roundLabel":"write-tps-20","transactionId":"1c27c65c3e8703b26fc36550afc78caccc9b876cd8cf746429462b59fe41d925","status":"success","startEpochMs":1787566019021,"endEpochMs":1787566019111,"latencyMs":90}
CALIPER_TX_LATENCY {"workerIndex":2,"roundIndex":5,"roundLabel":"write-tps-20","transactionId":"651ec414372728d58f76ef6232f6210e6c66f297e5f9b3572779daa8d92dd474","status":"success","startEpochMs":1787566018822,"endEpochMs":1787566019111,"latencyMs":289}
CALIPER_TX_LATENCY {"workerIndex":0,"roundIndex":5,"roundLabel":"write-tps-20","transactionId":"c84b6071238ad88b442f17b0c58ebbf15f7c1d48a312787dad8390f94dfe10e6","status":"success","startEpochMs":1787566018621,"endEpochMs":1787566019111,"latencyMs":490}
CALIPER_TX_LATENCY {"workerIndex":3,"roundIndex":5,"roundLabel":"write-tps-20","transactionId":"8568bad1f30414e7d7764bda35841ed9f479cd33382f8187324341f860315c86","status":"success","startEpochMs":1787566018822,"endEpochMs":1787566019112,"latencyMs":290}
CALIPER_TX_LATENCY {"workerIndex":1,"roundIndex":5,"roundLabel":"write-tps-20","transactionId":"ca6167b003d865c195c4a63620c04f8fd45e8f7a46b50549dcbb3e3cd9bacf70","status":"success","startEpochMs":1787566018822,"endEpochMs":1787566019112,"latencyMs":290}
CALIPER_TX_LATENCY {"workerIndex":0,"roundIndex":5,"roundLabel":"write-tps-20","transactionId":"2104d15954c2de456192dd038b16617766a3bf0c4e55658128d3ce8a2f909657","status":"success","startEpochMs":1787566019022,"endEpochMs":1787566019112,"latencyMs":90}
CALIPER_TX_LATENCY {"workerIndex":3,"roundIndex":5,"roundLabel":"write-tps-20","transactionId":"d7cde820aa92b0a010848ca3aecc79c7704667cd1eed49a68999523c9af752e9","status":"success","startEpochMs":1787566019222,"endEpochMs":1787566019510,"latencyMs":288}
CALIPER_TX_LATENCY {"workerIndex":0,"roundIndex":5,"roundLabel":"write-tps-20","transactionId":"ca677169ac0abd80a6ffb3b26ed5c89998e0236a06298fd3851380032e260d6c","status":"success","startEpochMs":1787566019222,"endEpochMs":1787566019510,"latencyMs":288}
CALIPER_TX_LATENCY {"workerIndex":1,"roundIndex":5,"roundLabel":"write-tps-20","transactionId":"c3d16c2c9a77337cf336d5bc76eb45fff1c0c1006dfef1e6f79e2e89a3b4c225","status":"success","startEpochMs":1787566019221,"endEpochMs":1787566019510,"latencyMs":289}
CALIPER_TX_LATENCY {"workerIndex":2,"roundIndex":5,"roundLabel":"write-tps-20","transactionId":"a9696c78d36452785f87b087b53d4f9d675df59479f6d042e90590f06a4e780b","status":"success","startEpochMs":1787566019022,"endEpochMs":1787566019510,"latencyMs":488}
CALIPER_TX_LATENCY {"workerIndex":3,"roundIndex":5,"roundLabel":"write-tps-20","transactionId":"3ba83bd22436861098f25502c30e0febb3cbd24d8c5ed3e5a7e6d355dcd62e8f","status":"success","startEpochMs":1787566019422,"endEpochMs":1787566019510,"latencyMs":88}
CALIPER_TX_LATENCY {"workerIndex":0,"roundIndex":5,"roundLabel":"write-tps-20","transactionId":"ad44ceae9a793a5c5a7f5adf5936b420df1f12c33f80338c8a80c23fe936e91a","status":"success","startEpochMs":1787566019422,"endEpochMs":1787566019510,"latencyMs":88}
CALIPER_TX_LATENCY {"workerIndex":2,"roundIndex":5,"roundLabel":"write-tps-20","transactionId":"5d1905509aa3e73dbacbd84e054d82c458ae6260e1edf4bf7ab933be129e7ba6","status":"success","startEpochMs":1787566019221,"endEpochMs":1787566019510,"latencyMs":289}
CALIPER_TX_LATENCY {"workerIndex":3,"roundIndex":5,"roundLabel":"write-tps-20","transactionId":"1ccf13387141bed8167f8cc75f23dccf32cf718159ee24702af3f8b208b7e833","status":"success","startEpochMs":1787566019022,"endEpochMs":1787566019510,"latencyMs":488}
CALIPER_TX_LATENCY {"workerIndex":1,"roundIndex":5,"roundLabel":"write-tps-20","transactionId":"099a7ed124e7d1a00246e79b5a2077cc227106e0bf3a67078e496e442b6e2651","status":"success","startEpochMs":1787566019421,"endEpochMs":1787566019510,"latencyMs":89}
CALIPER_TX_LATENCY {"workerIndex":2,"roundIndex":5,"roundLabel":"write-tps-20","transactionId":"409fc8be42156c277c9f319e6567f595f14c6fdf4c3d8ebf7f7db140f5049eab","status":"success","startEpochMs":1787566019423,"endEpochMs":1787566019510,"latencyMs":87}
2026.08.24-15:36:59.617[32m info [39m [caliper] [default-observer] 	[write-tps-20 Round 5 Transaction Info] - Submitted: 184 Succ: 180 Fail:0 Unfinished:4
CALIPER_TX_LATENCY {"workerIndex":1,"roundIndex":5,"roundLabel":"write-tps-20","transactionId":"ac3c5d76c6514b09d7ae7a859ca53a04fe5567ff66f48d8c4cb4e27587029cf1","status":"success","startEpochMs":1787566019621,"endEpochMs":1787566020134,"latencyMs":513}
CALIPER_TX_LATENCY {"workerIndex":3,"roundIndex":5,"roundLabel":"write-tps-20","transactionId":"8d515040a02f5d24bd9d9b6a1503d9ff1b4aeff2dd22ccd4a42d0dd04c1d51f0","status":"success","startEpochMs":1787566019821,"endEpochMs":1787566020134,"latencyMs":313}
CALIPER_TX_LATENCY {"workerIndex":0,"roundIndex":5,"roundLabel":"write-tps-20","transactionId":"9c679601daef03daed9b022bd9020d614c6a7a6ed233b9bc215c39948da58650","status":"success","startEpochMs":1787566019623,"endEpochMs":1787566020134,"latencyMs":511}
CALIPER_TX_LATENCY {"workerIndex":2,"roundIndex":5,"roundLabel":"write-tps-20","transactionId":"c585080276a1a1bc15f2d9c01deeaa1dfdffc5e06ff49b98b0d15049c30cb0dd","status":"success","startEpochMs":1787566019821,"endEpochMs":1787566020134,"latencyMs":313}
CALIPER_TX_LATENCY {"workerIndex":3,"roundIndex":5,"roundLabel":"write-tps-20","transactionId":"c1e89ad27e992d15e47344beaec8c79961504ba0ceb7bfa2f68cc20513329fd4","status":"success","startEpochMs":1787566019622,"endEpochMs":1787566020135,"latencyMs":513}
CALIPER_TX_LATENCY {"workerIndex":1,"roundIndex":5,"roundLabel":"write-tps-20","transactionId":"bc1d3afbf61e87319ab9a0e0398ca5e436e73fb50f588e1855a6e8a2a6f38826","status":"success","startEpochMs":1787566019821,"endEpochMs":1787566020135,"latencyMs":314}
CALIPER_TX_LATENCY {"workerIndex":0,"roundIndex":5,"roundLabel":"write-tps-20","transactionId":"827de71eb7f4e7c5a1e9e9a841bc2b55232cf603cebeac3e151d4bb6e95c7bfe","status":"success","startEpochMs":1787566019823,"endEpochMs":1787566020135,"latencyMs":312}
CALIPER_TX_LATENCY {"workerIndex":3,"roundIndex":5,"roundLabel":"write-tps-20","transactionId":"8def31d594f2fbcdf8e4efab936bd26d3a48cd36e09e1b889bba138ed35dfc64","status":"success","startEpochMs":1787566020021,"endEpochMs":1787566020135,"latencyMs":114}
CALIPER_TX_LATENCY {"workerIndex":2,"roundIndex":5,"roundLabel":"write-tps-20","transactionId":"f7ead1fe667d704ba6d6d927ab847541d9c08d36ec4456f0b8fe8b4d3b710f8a","status":"success","startEpochMs":1787566019625,"endEpochMs":1787566020135,"latencyMs":510}
CALIPER_TX_LATENCY {"workerIndex":2,"roundIndex":5,"roundLabel":"write-tps-20","transactionId":"bac0e8ce82c9929e8dfafdde84d09901ed3cb934f5aae55f8ac8221f2773e1e6","status":"success","startEpochMs":1787566020021,"endEpochMs":1787566020135,"latencyMs":114}
CALIPER_TX_LATENCY {"workerIndex":2,"roundIndex":5,"roundLabel":"write-tps-20","transactionId":"6d4cda18be70ea1e0c6db1d866caafa029e0cd37be505609592893fe52b2fbf9","status":"success","startEpochMs":1787566020422,"endEpochMs":1787566020489,"latencyMs":67}
CALIPER_TX_LATENCY {"workerIndex":3,"roundIndex":5,"roundLabel":"write-tps-20","transactionId":"115ff134c0d00f9775466f0687ad96bf660f350ceee9b018a50f2c6b98af8962","status":"success","startEpochMs":1787566020422,"endEpochMs":1787566020489,"latencyMs":67}
CALIPER_TX_LATENCY {"workerIndex":1,"roundIndex":5,"roundLabel":"write-tps-20","transactionId":"4c1954434fd6bf33012fb16dfb2d7fe95b8037c989b67553c0eed3742b9439f8","status":"success","startEpochMs":1787566020021,"endEpochMs":1787566020489,"latencyMs":468}
CALIPER_TX_LATENCY {"workerIndex":0,"roundIndex":5,"roundLabel":"write-tps-20","transactionId":"6983cf6a3d817b21d6a747d66198a46aef2562865f221484fae36c3052668024","status":"success","startEpochMs":1787566020222,"endEpochMs":1787566020489,"latencyMs":267}
CALIPER_TX_LATENCY {"workerIndex":2,"roundIndex":5,"roundLabel":"write-tps-20","transactionId":"d5b70d9d24e1ca6bdceedee9bdee7f958ed943ba9cbddad7d12bde946e4bd1d2","status":"success","startEpochMs":1787566020222,"endEpochMs":1787566020490,"latencyMs":268}
CALIPER_TX_LATENCY {"workerIndex":1,"roundIndex":5,"roundLabel":"write-tps-20","transactionId":"ff4ed4d32a3d86d252d0331755ef2dbe3603805c5c9df951d28569743dbb3a11","status":"success","startEpochMs":1787566020422,"endEpochMs":1787566020490,"latencyMs":68}
CALIPER_TX_LATENCY {"workerIndex":3,"roundIndex":5,"roundLabel":"write-tps-20","transactionId":"16c49381c515c5410ca8c8041c62adef530837581951448199a284dfa7512a0f","status":"success","startEpochMs":1787566020222,"endEpochMs":1787566020490,"latencyMs":268}
CALIPER_TX_LATENCY {"workerIndex":0,"roundIndex":5,"roundLabel":"write-tps-20","transactionId":"826062058053a774634acb30c05bccf8dc151db109dfba9a78f45dc11a4382b3","status":"success","startEpochMs":1787566020021,"endEpochMs":1787566020490,"latencyMs":469}
CALIPER_TX_LATENCY {"workerIndex":0,"roundIndex":5,"roundLabel":"write-tps-20","transactionId":"e1460704c3dd59ad589760a968d7a845000b2ebd841dcd052d429a154a814aa4","status":"success","startEpochMs":1787566020422,"endEpochMs":1787566020490,"latencyMs":68}
CALIPER_TX_LATENCY {"workerIndex":1,"roundIndex":5,"roundLabel":"write-tps-20","transactionId":"4e25d95d78d71acff10b99384bfb0f5bdcb350af3682705f8cf484f7f5f0ef3f","status":"success","startEpochMs":1787566020223,"endEpochMs":1787566020490,"latencyMs":267}
CALIPER_TX_LATENCY {"workerIndex":1,"roundIndex":5,"roundLabel":"write-tps-20","transactionId":"b8266c4f2b545ddd9ce51d2ba56afff4f164da656b25b41b46471143e416431f","status":"success","startEpochMs":1787566020622,"endEpochMs":1787566021127,"latencyMs":505}
CALIPER_TX_LATENCY {"workerIndex":1,"roundIndex":5,"roundLabel":"write-tps-20","transactionId":"8f9e6050223f6716e474a9f4c47c8765dd9570418e5fb559b2d20c7ad31bf2bf","status":"success","startEpochMs":1787566021021,"endEpochMs":1787566021128,"latencyMs":107}
CALIPER_TX_LATENCY {"workerIndex":2,"roundIndex":5,"roundLabel":"write-tps-20","transactionId":"624f33bb87c0b5cf3f41887b392ea98fff4a49ae68d8a05fad62aa218e13477b","status":"success","startEpochMs":1787566020624,"endEpochMs":1787566021128,"latencyMs":504}
CALIPER_TX_LATENCY {"workerIndex":3,"roundIndex":5,"roundLabel":"write-tps-20","transactionId":"96a19d6b93499146b0bb9c89a3531ec8d23b22d8d6a67a19e9ac68dadbef74ba","status":"success","startEpochMs":1787566020622,"endEpochMs":1787566021127,"latencyMs":505}
CALIPER_TX_LATENCY {"workerIndex":0,"roundIndex":5,"roundLabel":"write-tps-20","transactionId":"e91be787be365c1bd1cb8e43dbf239be781c223b0c669b62a0e25faabbf7d87a","status":"success","startEpochMs":1787566021021,"endEpochMs":1787566021128,"latencyMs":107}
CALIPER_TX_LATENCY {"workerIndex":1,"roundIndex":5,"roundLabel":"write-tps-20","transactionId":"60ce04608457ba226268ba91af96fb30a613c0c2bdce0f5a8184cb3487738a82","status":"success","startEpochMs":1787566020821,"endEpochMs":1787566021128,"latencyMs":307}
CALIPER_TX_LATENCY {"workerIndex":2,"roundIndex":5,"roundLabel":"write-tps-20","transactionId":"0b8f88878f3b46c44c15b45dce155d0cf77827cc63e1bbda76d2ffd74a889b50","status":"success","startEpochMs":1787566020822,"endEpochMs":1787566021128,"latencyMs":306}
CALIPER_TX_LATENCY {"workerIndex":3,"roundIndex":5,"roundLabel":"write-tps-20","transactionId":"71709bfec4f55019a8f7e74ac5c49c8776d39cc996ea56f7f06a89b2b7412e7c","status":"success","startEpochMs":1787566020822,"endEpochMs":1787566021129,"latencyMs":307}
CALIPER_TX_LATENCY {"workerIndex":0,"roundIndex":5,"roundLabel":"write-tps-20","transactionId":"e3bafc38122a2eaf9d9f8430b8c6a63aac03ccf76f547aa9148265ef8fd57c5b","status":"success","startEpochMs":1787566020625,"endEpochMs":1787566021129,"latencyMs":504}
CALIPER_TX_LATENCY {"workerIndex":0,"roundIndex":5,"roundLabel":"write-tps-20","transactionId":"b387e489ce4646a04b7ab32c8020a5c360a7235d566da364089dc2eac652462e","status":"success","startEpochMs":1787566020822,"endEpochMs":1787566021129,"latencyMs":307}
CALIPER_TX_LATENCY {"workerIndex":2,"roundIndex":5,"roundLabel":"write-tps-20","transactionId":"36aa28dbe2197b50a0b55ae2734541c190fc1364e8a206215cd873a1f3131f16","status":"success","startEpochMs":1787566021022,"endEpochMs":1787566021514,"latencyMs":492}
CALIPER_TX_LATENCY {"workerIndex":1,"roundIndex":5,"roundLabel":"write-tps-20","transactionId":"2bb42dcb8558856e19cbe7ea9612f88892723090cb1c29e763d3b40053c199bd","status":"success","startEpochMs":1787566021222,"endEpochMs":1787566021514,"latencyMs":292}
CALIPER_TX_LATENCY {"workerIndex":3,"roundIndex":5,"roundLabel":"write-tps-20","transactionId":"a2a87ea0581967700bda2f01e5b1bcbb0b303348fd1a0512b459f389e527eb03","status":"success","startEpochMs":1787566021422,"endEpochMs":1787566021514,"latencyMs":92}
CALIPER_TX_LATENCY {"workerIndex":0,"roundIndex":5,"roundLabel":"write-tps-20","transactionId":"1a7251153430d74fbedbcf42e5c52aba708cbeea832307d5252e89612c1ed334","status":"success","startEpochMs":1787566021225,"endEpochMs":1787566021514,"latencyMs":289}
CALIPER_TX_LATENCY {"workerIndex":2,"roundIndex":5,"roundLabel":"write-tps-20","transactionId":"15d6a9f6c0f908c8335cf1e28ae73f6289665c1cb66d65cdaebe8bf304752a6b","status":"success","startEpochMs":1787566021222,"endEpochMs":1787566021515,"latencyMs":293}
CALIPER_TX_LATENCY {"workerIndex":1,"roundIndex":5,"roundLabel":"write-tps-20","transactionId":"11e28b92a8f9408a92ee926c9b304dc190ae617d3e5419ec82434b4e5eb359c8","status":"success","startEpochMs":1787566021420,"endEpochMs":1787566021515,"latencyMs":95}
CALIPER_TX_LATENCY {"workerIndex":3,"roundIndex":5,"roundLabel":"write-tps-20","transactionId":"45523d87adabeeacd4cb1dd647d28362551ae18b717751b5214d0834315c9c99","status":"success","startEpochMs":1787566021022,"endEpochMs":1787566021515,"latencyMs":493}
CALIPER_TX_LATENCY {"workerIndex":0,"roundIndex":5,"roundLabel":"write-tps-20","transactionId":"8a032be572d016b84d693a40823d004cb63f9a178c0a4416bfbe4a5b0ce5b7f8","status":"success","startEpochMs":1787566021422,"endEpochMs":1787566021515,"latencyMs":93}
CALIPER_TX_LATENCY {"workerIndex":2,"roundIndex":5,"roundLabel":"write-tps-20","transactionId":"3dd529eaf5485e488cb39b9edc25d554baa89b2d2f839a4ce9b2282db420bfab","status":"success","startEpochMs":1787566021422,"endEpochMs":1787566021516,"latencyMs":94}
CALIPER_TX_LATENCY {"workerIndex":3,"roundIndex":5,"roundLabel":"write-tps-20","transactionId":"e15bf29cc748979f7b9eeabd6e84f056daf1da1069f768935b6bc94fcad5adb9","status":"success","startEpochMs":1787566021222,"endEpochMs":1787566021516,"latencyMs":294}
CALIPER_TX_LATENCY {"workerIndex":0,"roundIndex":5,"roundLabel":"write-tps-20","transactionId":"cdfb203fbe56c75d94a52e427878fc622377c1a2ddb5360af4ff26ecdd408f78","status":"success","startEpochMs":1787566021821,"endEpochMs":1787566022128,"latencyMs":307}
CALIPER_TX_LATENCY {"workerIndex":3,"roundIndex":5,"roundLabel":"write-tps-20","transactionId":"82dd69f2cac4f4445275225b620fb31fed514b83fbdf347d689a881133ee767c","status":"success","startEpochMs":1787566022021,"endEpochMs":1787566022128,"latencyMs":107}
CALIPER_TX_LATENCY {"workerIndex":2,"roundIndex":5,"roundLabel":"write-tps-20","transactionId":"6f709b888a9a8cab5b80ea78bd7ef6477af0e563585843dfba3dfde7e4f833a8","status":"success","startEpochMs":1787566021621,"endEpochMs":1787566022128,"latencyMs":507}
CALIPER_TX_LATENCY {"workerIndex":1,"roundIndex":5,"roundLabel":"write-tps-20","transactionId":"efc82ab6490cfdf9771e03c41a04e17fc61b61c005973c618475acc0f6483825","status":"success","startEpochMs":1787566021820,"endEpochMs":1787566022128,"latencyMs":308}
CALIPER_TX_LATENCY {"workerIndex":0,"roundIndex":5,"roundLabel":"write-tps-20","transactionId":"9e2b1e54594a11cac962df3e83e2ee0285190d9c4bb1b7386b515e1804891eed","status":"success","startEpochMs":1787566021621,"endEpochMs":1787566022128,"latencyMs":507}
CALIPER_TX_LATENCY {"workerIndex":2,"roundIndex":5,"roundLabel":"write-tps-20","transactionId":"ca231f99597df410287a4bdf04bc125ef7622f7c3bd85ec50f15326270315862","status":"success","startEpochMs":1787566022022,"endEpochMs":1787566022128,"latencyMs":106}
CALIPER_TX_LATENCY {"workerIndex":3,"roundIndex":5,"roundLabel":"write-tps-20","transactionId":"0d38032ec304aae33944ca6436dbc84f14970f914694841d0bacc67a2fa165c3","status":"success","startEpochMs":1787566021621,"endEpochMs":1787566022128,"latencyMs":507}
CALIPER_TX_LATENCY {"workerIndex":1,"roundIndex":5,"roundLabel":"write-tps-20","transactionId":"95dd5cfeb9f13422faa6ccad26ef849e3c0d7f31285e3626d6e3bd2c9d817e39","status":"success","startEpochMs":1787566021621,"endEpochMs":1787566022128,"latencyMs":507}
CALIPER_TX_LATENCY {"workerIndex":3,"roundIndex":5,"roundLabel":"write-tps-20","transactionId":"be3159c9e47df1ce9f65a988d623dba94a51d86cdc67a06da9b6ca9102868224","status":"success","startEpochMs":1787566021821,"endEpochMs":1787566022128,"latencyMs":307}
CALIPER_TX_LATENCY {"workerIndex":2,"roundIndex":5,"roundLabel":"write-tps-20","transactionId":"ae8e637f009fc2ee5c298d3ad62b31f1bb0e8284a4b6f861f408b7e73d4cd3ff","status":"success","startEpochMs":1787566021820,"endEpochMs":1787566022128,"latencyMs":308}
CALIPER_TX_LATENCY {"workerIndex":3,"roundIndex":5,"roundLabel":"write-tps-20","transactionId":"7223ebab46414f7cad7ea8f22997015badd72752ba6cdfe58f982fc580318f32","status":"success","startEpochMs":1787566022223,"endEpochMs":1787566022519,"latencyMs":296}
CALIPER_TX_LATENCY {"workerIndex":1,"roundIndex":5,"roundLabel":"write-tps-20","transactionId":"df91cbcd0183bc47de94d2c51359cf57319698c8d6acfea839aa40bf6fce3727","status":"success","startEpochMs":1787566022021,"endEpochMs":1787566022519,"latencyMs":498}
CALIPER_TX_LATENCY {"workerIndex":3,"roundIndex":5,"roundLabel":"write-tps-20","transactionId":"1492a26f17db86b6b354e7e1c7e9e3f29f1438f47b86eebda2dc2b090425822f","status":"success","startEpochMs":1787566022422,"endEpochMs":1787566022520,"latencyMs":98}
CALIPER_TX_LATENCY {"workerIndex":1,"roundIndex":5,"roundLabel":"write-tps-20","transactionId":"3fb2c9f3544c4950aed4079cea623da66fd548cba7beec8f7a8bb87043b7ebac","status":"success","startEpochMs":1787566022222,"endEpochMs":1787566022520,"latencyMs":298}
CALIPER_TX_LATENCY {"workerIndex":2,"roundIndex":5,"roundLabel":"write-tps-20","transactionId":"6e4265c54ceeed0815fd2b765192baa92708e3a022db4622e492c3a72900bd67","status":"success","startEpochMs":1787566022422,"endEpochMs":1787566022520,"latencyMs":98}
CALIPER_TX_LATENCY {"workerIndex":1,"roundIndex":5,"roundLabel":"write-tps-20","transactionId":"d2d0e8ad81eb5daf65a593b7a9376a2df37e7d283a12f3914fdd4fc3d85f717f","status":"success","startEpochMs":1787566022425,"endEpochMs":1787566022521,"latencyMs":96}
CALIPER_TX_LATENCY {"workerIndex":0,"roundIndex":5,"roundLabel":"write-tps-20","transactionId":"18af3b1a314cf68734c6398d1dcc0bbfcc6b3547f6a3005824a1b7b8f425bc42","status":"success","startEpochMs":1787566022423,"endEpochMs":1787566022521,"latencyMs":98}
CALIPER_TX_LATENCY {"workerIndex":0,"roundIndex":5,"roundLabel":"write-tps-20","transactionId":"3089e3a9624f26c606eb276e325a9f3ebe05e1594ac0c61895abc0bb7aadd98a","status":"success","startEpochMs":1787566022223,"endEpochMs":1787566022521,"latencyMs":298}
CALIPER_TX_LATENCY {"workerIndex":0,"roundIndex":5,"roundLabel":"write-tps-20","transactionId":"9d26541371bc9c044542832b40ee9fdaafdaca646acf38b49016acc796bd240f","status":"success","startEpochMs":1787566022022,"endEpochMs":1787566022521,"latencyMs":499}
CALIPER_TX_LATENCY {"workerIndex":2,"roundIndex":5,"roundLabel":"write-tps-20","transactionId":"b0019b660ef83607ad635102a63193ee51405b5e0069aad0e75bf9a28cf5b633","status":"success","startEpochMs":1787566022224,"endEpochMs":1787566022521,"latencyMs":297}
CALIPER_TX_LATENCY {"workerIndex":1,"roundIndex":5,"roundLabel":"write-tps-20","transactionId":"d4a9601cda15014fa1e56a5b4e10a2786a32b1e6a9cd75a2d3bb5092609ea034","status":"success","startEpochMs":1787566022821,"endEpochMs":1787566023119,"latencyMs":298}
CALIPER_TX_LATENCY {"workerIndex":3,"roundIndex":5,"roundLabel":"write-tps-20","transactionId":"be865d1ad859198fcbaaa60a0be3b0854a8abb236fa85d16d8df9039b796fcfd","status":"success","startEpochMs":1787566023022,"endEpochMs":1787566023119,"latencyMs":97}
CALIPER_TX_LATENCY {"workerIndex":2,"roundIndex":5,"roundLabel":"write-tps-20","transactionId":"89da0acf18ea728dc6d071546d03baec55444bec132887be4dfc1e9c72a52d2c","status":"success","startEpochMs":1787566022821,"endEpochMs":1787566023120,"latencyMs":299}
CALIPER_TX_LATENCY {"workerIndex":3,"roundIndex":5,"roundLabel":"write-tps-20","transactionId":"00945c150055831f1b4433e2bbd6653b3cc51a4c4f312881e460e491a9acea82","status":"success","startEpochMs":1787566022822,"endEpochMs":1787566023120,"latencyMs":298}
CALIPER_TX_LATENCY {"workerIndex":1,"roundIndex":5,"roundLabel":"write-tps-20","transactionId":"66f6afff19f1af8dec07df09ff859f47dba390f57a217dd95c4d831a80bb660e","status":"success","startEpochMs":1787566022621,"endEpochMs":1787566023120,"latencyMs":499}
CALIPER_TX_LATENCY {"workerIndex":0,"roundIndex":5,"roundLabel":"write-tps-20","transactionId":"b4ed9fb233718c601a8357be74c8ac51a7764c042f72b99011b6e589a7012a71","status":"success","startEpochMs":1787566022821,"endEpochMs":1787566023120,"latencyMs":299}
CALIPER_TX_LATENCY {"workerIndex":2,"roundIndex":5,"roundLabel":"write-tps-20","transactionId":"63abd593c93cce6b91dc319171279930e2ff559ce9d81ee8663a978d18c1977d","status":"success","startEpochMs":1787566023021,"endEpochMs":1787566023120,"latencyMs":99}
CALIPER_TX_LATENCY {"workerIndex":3,"roundIndex":5,"roundLabel":"write-tps-20","transactionId":"29af44dd941b7bb0eb8b655af10e7e34e869750245c092b9fdcba06575e81800","status":"success","startEpochMs":1787566022624,"endEpochMs":1787566023120,"latencyMs":496}
CALIPER_TX_LATENCY {"workerIndex":2,"roundIndex":5,"roundLabel":"write-tps-20","transactionId":"3ed300e648efedf2e6770d885e00b386d7b2afc149b55f7603e1707044d07022","status":"success","startEpochMs":1787566022625,"endEpochMs":1787566023121,"latencyMs":496}
CALIPER_TX_LATENCY {"workerIndex":0,"roundIndex":5,"roundLabel":"write-tps-20","transactionId":"5e11cf90f6a91a38e99d269530022c8b913152892aa429e464387cc2709da980","status":"success","startEpochMs":1787566022622,"endEpochMs":1787566023121,"latencyMs":499}
CALIPER_TX_LATENCY {"workerIndex":2,"roundIndex":5,"roundLabel":"write-tps-20","transactionId":"e4f2b9012b405ce750c7a118fe50f228a779d1ed2b69f0db3b1892f2fd0db4af","status":"success","startEpochMs":1787566023422,"endEpochMs":1787566023480,"latencyMs":58}
CALIPER_TX_LATENCY {"workerIndex":0,"roundIndex":5,"roundLabel":"write-tps-20","transactionId":"7be0a368a6687ddbb4348192a3ddc1a441b9a8d0a889d2869ce661e17d3cd77a","status":"success","startEpochMs":1787566023022,"endEpochMs":1787566023480,"latencyMs":458}
CALIPER_TX_LATENCY {"workerIndex":1,"roundIndex":5,"roundLabel":"write-tps-20","transactionId":"11be0b9801e0a0af323a20cf8d7e0d74251c15ae9533486bd2c010a1de35f1aa","status":"success","startEpochMs":1787566023221,"endEpochMs":1787566023481,"latencyMs":260}
CALIPER_TX_LATENCY {"workerIndex":3,"roundIndex":5,"roundLabel":"write-tps-20","transactionId":"b7a6982aae7bd155885759656e502937e115680daa7e9a28d16b7d6ff7187f42","status":"success","startEpochMs":1787566023421,"endEpochMs":1787566023480,"latencyMs":59}
CALIPER_TX_LATENCY {"workerIndex":0,"roundIndex":5,"roundLabel":"write-tps-20","transactionId":"1dddad3c7bcb6a481f6f7b993cf85dfd50557de1d891638a8d747840d245d239","status":"success","startEpochMs":1787566023221,"endEpochMs":1787566023481,"latencyMs":260}
CALIPER_TX_LATENCY {"workerIndex":0,"roundIndex":5,"roundLabel":"write-tps-20","transactionId":"54b9c1a9bd6ab297a9a4f7e4e87f53fe3dcf5f7d4c5514a1eb48d46351ac340a","status":"success","startEpochMs":1787566023422,"endEpochMs":1787566023481,"latencyMs":59}
CALIPER_TX_LATENCY {"workerIndex":3,"roundIndex":5,"roundLabel":"write-tps-20","transactionId":"538cb1acef0211ce16cae13f00062d86c19ef8b7145596ada0e75a10beadc0ee","status":"success","startEpochMs":1787566023222,"endEpochMs":1787566023481,"latencyMs":259}
CALIPER_TX_LATENCY {"workerIndex":2,"roundIndex":5,"roundLabel":"write-tps-20","transactionId":"cbee4fb41427f4452288d564a366e71f16f11c43fdc414c06c77077899845fa1","status":"success","startEpochMs":1787566023222,"endEpochMs":1787566023481,"latencyMs":259}
CALIPER_TX_LATENCY {"workerIndex":1,"roundIndex":5,"roundLabel":"write-tps-20","transactionId":"d46cd1c75e382c3d8afc1a6c3b97898e3299b4dc1f05f5f56d8d878d62769c20","status":"success","startEpochMs":1787566023021,"endEpochMs":1787566023481,"latencyMs":460}
CALIPER_TX_LATENCY {"workerIndex":1,"roundIndex":5,"roundLabel":"write-tps-20","transactionId":"de9214932773918ee162b168037c093e57d9329d05ad366162c12a5f7daf91c0","status":"success","startEpochMs":1787566023421,"endEpochMs":1787566023482,"latencyMs":61}
CALIPER_TX_LATENCY {"workerIndex":2,"roundIndex":5,"roundLabel":"write-tps-20","transactionId":"5a5e4c1c87a800fc8a417c1cd5c7e92e21d8ab96967f3f524753b6ab039746d3","status":"success","startEpochMs":1787566023822,"endEpochMs":1787566024132,"latencyMs":310}
CALIPER_TX_LATENCY {"workerIndex":0,"roundIndex":5,"roundLabel":"write-tps-20","transactionId":"7b1a594ba36b2296b1d5b4c509f31022e56a85e7a52abc4bc00ab4c68e6539b6","status":"success","startEpochMs":1787566024022,"endEpochMs":1787566024132,"latencyMs":110}
CALIPER_TX_LATENCY {"workerIndex":1,"roundIndex":5,"roundLabel":"write-tps-20","transactionId":"0575ca69e8fd55890c55ff328f0cd5aa8d34cde4223dfdf5ab1766dd122a78dd","status":"success","startEpochMs":1787566023821,"endEpochMs":1787566024132,"latencyMs":311}
CALIPER_TX_LATENCY {"workerIndex":3,"roundIndex":5,"roundLabel":"write-tps-20","transactionId":"51161b77656d11bcd93d4136b9eaf6b0582de9814d93d8feefc89650bb7b86dd","status":"success","startEpochMs":1787566023821,"endEpochMs":1787566024132,"latencyMs":311}
CALIPER_TX_LATENCY {"workerIndex":0,"roundIndex":5,"roundLabel":"write-tps-20","transactionId":"d6539b9aa303a111e47ad83e4ffabf974617dc8b90a21c900a15297ebe62edc5","status":"success","startEpochMs":1787566023821,"endEpochMs":1787566024132,"latencyMs":311}
CALIPER_TX_LATENCY {"workerIndex":2,"roundIndex":5,"roundLabel":"write-tps-20","transactionId":"9ab75f28b468b7cf2c01b03b092b5b2f7266088ee40278e810f592a44d7f5c5d","status":"success","startEpochMs":1787566023624,"endEpochMs":1787566024132,"latencyMs":508}
CALIPER_TX_LATENCY {"workerIndex":1,"roundIndex":5,"roundLabel":"write-tps-20","transactionId":"4af7c629b338cdb757d149ed542b34fc6ea9ab1c193cae767b731f52291d7417","status":"success","startEpochMs":1787566023622,"endEpochMs":1787566024132,"latencyMs":510}
CALIPER_TX_LATENCY {"workerIndex":3,"roundIndex":5,"roundLabel":"write-tps-20","transactionId":"6d99293f63d82da9c8eb55d4463bc9a460cdc67b132792a0f2dffe8e025cc80d","status":"success","startEpochMs":1787566023622,"endEpochMs":1787566024133,"latencyMs":511}
CALIPER_TX_LATENCY {"workerIndex":0,"roundIndex":5,"roundLabel":"write-tps-20","transactionId":"e979d32fb393c3f3888028e6e578b3666b578459abe882421e6cc100e875ec5d","status":"success","startEpochMs":1787566023621,"endEpochMs":1787566024133,"latencyMs":512}
CALIPER_TX_LATENCY {"workerIndex":3,"roundIndex":5,"roundLabel":"write-tps-20","transactionId":"ae0e6686603e7eab461e0ae4f947704b85862704a06cbc4912819c21f67c11c9","status":"success","startEpochMs":1787566024022,"endEpochMs":1787566024133,"latencyMs":111}
CALIPER_TX_LATENCY {"workerIndex":1,"roundIndex":5,"roundLabel":"write-tps-20","transactionId":"ae133ea80346afaa532362731173069d6be6ec5c47ad750871797e60b07b4734","status":"success","startEpochMs":1787566024221,"endEpochMs":1787566024503,"latencyMs":282}
CALIPER_TX_LATENCY {"workerIndex":3,"roundIndex":5,"roundLabel":"write-tps-20","transactionId":"67d51637c2e8e96b079add404778efe8ec24665167e384a11543b2c32f0149f0","status":"success","startEpochMs":1787566024422,"endEpochMs":1787566024503,"latencyMs":81}
CALIPER_TX_LATENCY {"workerIndex":1,"roundIndex":5,"roundLabel":"write-tps-20","transactionId":"3d443314fc45d3ca601cc718e0b237888e304aa21d8a361d570104d059333c08","status":"success","startEpochMs":1787566024020,"endEpochMs":1787566024504,"latencyMs":484}
CALIPER_TX_LATENCY {"workerIndex":0,"roundIndex":5,"roundLabel":"write-tps-20","transactionId":"0899d530be44e7564d8848c441ef164dd6b6b3c18b1c68d4c769f218a1faad0c","status":"success","startEpochMs":1787566024422,"endEpochMs":1787566024504,"latencyMs":82}
CALIPER_TX_LATENCY {"workerIndex":2,"roundIndex":5,"roundLabel":"write-tps-20","transactionId":"1845f1c08d4312ffd89de9a3f11e02ac172ab2eb6291d1b040c04c36f5278ceb","status":"success","startEpochMs":1787566024222,"endEpochMs":1787566024504,"latencyMs":282}
CALIPER_TX_LATENCY {"workerIndex":3,"roundIndex":5,"roundLabel":"write-tps-20","transactionId":"50920ca56ea3340da349f5d4c957f0d3ffb57abc493574aaff83fa0d23ca8e97","status":"success","startEpochMs":1787566024223,"endEpochMs":1787566024504,"latencyMs":281}
CALIPER_TX_LATENCY {"workerIndex":0,"roundIndex":5,"roundLabel":"write-tps-20","transactionId":"996d35cb63ef42a08bbb509870dc918756f4acb2b012b51f7356de23002de8b7","status":"success","startEpochMs":1787566024222,"endEpochMs":1787566024504,"latencyMs":282}
CALIPER_TX_LATENCY {"workerIndex":1,"roundIndex":5,"roundLabel":"write-tps-20","transactionId":"0cbbd381579cdc1c21b00e47366b28ff6b21acd2818255a7f4dc534bbae1359a","status":"success","startEpochMs":1787566024420,"endEpochMs":1787566024504,"latencyMs":84}
CALIPER_TX_LATENCY {"workerIndex":2,"roundIndex":5,"roundLabel":"write-tps-20","transactionId":"cee5c24abaef1818537365f447fc0512a3b09134c77d282ebbb054b93c3d53fe","status":"success","startEpochMs":1787566024422,"endEpochMs":1787566024504,"latencyMs":82}
CALIPER_TX_LATENCY {"workerIndex":2,"roundIndex":5,"roundLabel":"write-tps-20","transactionId":"62f06603784d2f0305faf11b918f51d1638880f4cb6f613080e56aea38445612","status":"success","startEpochMs":1787566024022,"endEpochMs":1787566024505,"latencyMs":483}
2026.08.24-15:37:04.618[32m info [39m [caliper] [default-observer] 	[write-tps-20 Round 5 Transaction Info] - Submitted: 284 Succ: 280 Fail:0 Unfinished:4
CALIPER_TX_LATENCY {"workerIndex":3,"roundIndex":5,"roundLabel":"write-tps-20","transactionId":"926a03d09653150be5538926bc8334b3282d7a0019c00b6b126b23f902c8dbf6","status":"success","startEpochMs":1787566024629,"endEpochMs":1787566025137,"latencyMs":508}
CALIPER_TX_LATENCY {"workerIndex":0,"roundIndex":5,"roundLabel":"write-tps-20","transactionId":"d4dc083e7daee7ad734e417c28c53d73c58be5c1636b5e6f1eedb26fa4c917b1","status":"success","startEpochMs":1787566024821,"endEpochMs":1787566025137,"latencyMs":316}
CALIPER_TX_LATENCY {"workerIndex":1,"roundIndex":5,"roundLabel":"write-tps-20","transactionId":"eafba77f1962a56ac60550ff46de66b5be45e3e7f96f9aa274f2da93417cc1f3","status":"success","startEpochMs":1787566025020,"endEpochMs":1787566025137,"latencyMs":117}
CALIPER_TX_LATENCY {"workerIndex":2,"roundIndex":5,"roundLabel":"write-tps-20","transactionId":"94c016cf8bd79e6d394fe00722544b3308875ef601d6cab2b4f7a1d3e78407c5","status":"success","startEpochMs":1787566024622,"endEpochMs":1787566025137,"latencyMs":515}
CALIPER_TX_LATENCY {"workerIndex":0,"roundIndex":5,"roundLabel":"write-tps-20","transactionId":"687b2c77810b2b5f74a8d5ad8f3dd5881ebcc255402472fb048fea2c584f2b01","status":"success","startEpochMs":1787566024629,"endEpochMs":1787566025138,"latencyMs":509}
CALIPER_TX_LATENCY {"workerIndex":1,"roundIndex":5,"roundLabel":"write-tps-20","transactionId":"4c35ca7e670bfaffc846d64fced5da98f71fa2e22ba1561bbc415c44c1ecc48d","status":"success","startEpochMs":1787566024821,"endEpochMs":1787566025138,"latencyMs":317}
CALIPER_TX_LATENCY {"workerIndex":2,"roundIndex":5,"roundLabel":"write-tps-20","transactionId":"7317192c629f06707e0f69606ecf7cac5227b0f65d1b8986439f305028a4fdb4","status":"success","startEpochMs":1787566024822,"endEpochMs":1787566025138,"latencyMs":316}
CALIPER_TX_LATENCY {"workerIndex":3,"roundIndex":5,"roundLabel":"write-tps-20","transactionId":"192f02e5015d7f72e615f50c25e2fdffca0535d9d57cf97bd77c2f04038b9926","status":"success","startEpochMs":1787566024821,"endEpochMs":1787566025138,"latencyMs":317}
CALIPER_TX_LATENCY {"workerIndex":1,"roundIndex":5,"roundLabel":"write-tps-20","transactionId":"b743ae8d85bd87c37861b19deaf2c0c132969f2d2260801a1a70a48d9231e816","status":"success","startEpochMs":1787566024621,"endEpochMs":1787566025138,"latencyMs":517}
CALIPER_TX_LATENCY {"workerIndex":0,"roundIndex":5,"roundLabel":"write-tps-20","transactionId":"fc9315762829d84be11e62ad0631dccb34c4a83bc2d787f9589982209fbf2ac0","status":"success","startEpochMs":1787566025021,"endEpochMs":1787566025138,"latencyMs":117}
CALIPER_TX_LATENCY {"workerIndex":2,"roundIndex":5,"roundLabel":"write-tps-20","transactionId":"43ab13a2f0e1f3d51cb7b9cc293b6d8f7c6b1887924f82d0ba6accc9fe218a39","status":"success","startEpochMs":1787566025021,"endEpochMs":1787566025509,"latencyMs":488}
CALIPER_TX_LATENCY {"workerIndex":0,"roundIndex":5,"roundLabel":"write-tps-20","transactionId":"26b761d08830472d3e3d595b6760cd8fc58fe8e961978534ebb392d712a87ffa","status":"success","startEpochMs":1787566025223,"endEpochMs":1787566025509,"latencyMs":286}
CALIPER_TX_LATENCY {"workerIndex":3,"roundIndex":5,"roundLabel":"write-tps-20","transactionId":"682256ca3de1f3f10351c8cb6ff330d487dc9d521c9cfaebc4895fa4c1ba82c3","status":"success","startEpochMs":1787566025021,"endEpochMs":1787566025509,"latencyMs":488}
CALIPER_TX_LATENCY {"workerIndex":1,"roundIndex":5,"roundLabel":"write-tps-20","transactionId":"9318c24899d818da297d4ac96048ec14c43f32a1e41355d1ff334057373768ad","status":"success","startEpochMs":1787566025221,"endEpochMs":1787566025509,"latencyMs":288}
CALIPER_TX_LATENCY {"workerIndex":2,"roundIndex":5,"roundLabel":"write-tps-20","transactionId":"5387e59e7615914ee20303f2ae964b89d2656d1a922417552f083ce0e7bf0e61","status":"success","startEpochMs":1787566025421,"endEpochMs":1787566025509,"latencyMs":88}
CALIPER_TX_LATENCY {"workerIndex":0,"roundIndex":5,"roundLabel":"write-tps-20","transactionId":"a33769ef7cdf3dd608add95a6b7d4942b6bb205cb4b361ead3703e96367bd427","status":"success","startEpochMs":1787566025421,"endEpochMs":1787566025509,"latencyMs":88}
CALIPER_TX_LATENCY {"workerIndex":2,"roundIndex":5,"roundLabel":"write-tps-20","transactionId":"1a4bc8503eb2d6a9bc75d37b841d457fe0b9538ba3c8aa5533f5122af383aa69","status":"success","startEpochMs":1787566025221,"endEpochMs":1787566025509,"latencyMs":288}
CALIPER_TX_LATENCY {"workerIndex":3,"roundIndex":5,"roundLabel":"write-tps-20","transactionId":"466e66966143a9d60275ae40df14d2886732a1944f94a415a27d425bf260f1c1","status":"success","startEpochMs":1787566025422,"endEpochMs":1787566025509,"latencyMs":87}
CALIPER_TX_LATENCY {"workerIndex":1,"roundIndex":5,"roundLabel":"write-tps-20","transactionId":"91d2a800ebaed987b84c5dd15a51870041a3f016b91ea9b8fcba43b0e6a76dfe","status":"success","startEpochMs":1787566025421,"endEpochMs":1787566025509,"latencyMs":88}
CALIPER_TX_LATENCY {"workerIndex":3,"roundIndex":5,"roundLabel":"write-tps-20","transactionId":"21aeb76c4d0e49b0c13a70a7115052b99db23a98dc9651b10fa69908d5dd3fb8","status":"success","startEpochMs":1787566025221,"endEpochMs":1787566025509,"latencyMs":288}
CALIPER_TX_LATENCY {"workerIndex":0,"roundIndex":5,"roundLabel":"write-tps-20","transactionId":"b4a43b2d07a76a4ece03b4d19da2d4a600bcd911c5f8ff37727703c27cf8654b","status":"success","startEpochMs":1787566025621,"endEpochMs":1787566026126,"latencyMs":505}
CALIPER_TX_LATENCY {"workerIndex":3,"roundIndex":5,"roundLabel":"write-tps-20","transactionId":"642c32c20cc5e2441ae8a7bafe3063af103ee4256f67f66e1d9ee0ed9cbb029f","status":"success","startEpochMs":1787566025821,"endEpochMs":1787566026126,"latencyMs":305}
CALIPER_TX_LATENCY {"workerIndex":2,"roundIndex":5,"roundLabel":"write-tps-20","transactionId":"9ed05c6a3c6196026d47733ff52603aa22783301750dd26f9eee6461a3343d22","status":"success","startEpochMs":1787566025622,"endEpochMs":1787566026126,"latencyMs":504}
CALIPER_TX_LATENCY {"workerIndex":1,"roundIndex":5,"roundLabel":"write-tps-20","transactionId":"0f410788c030dd122a5eeee4891abc751bd7e1a158d352bd3eb54c152429fa76","status":"success","startEpochMs":1787566025621,"endEpochMs":1787566026126,"latencyMs":505}
CALIPER_TX_LATENCY {"workerIndex":0,"roundIndex":5,"roundLabel":"write-tps-20","transactionId":"98f9ef6d06c4751333420ab294520d497b1e15580adccbb2a84d88c1a9efa50a","status":"success","startEpochMs":1787566025821,"endEpochMs":1787566026128,"latencyMs":307}
CALIPER_TX_LATENCY {"workerIndex":2,"roundIndex":5,"roundLabel":"write-tps-20","transactionId":"e69d37e93aecfb71028d30c5508465ae77c9d4a27feb3ad433180e22abe0ce89","status":"success","startEpochMs":1787566025821,"endEpochMs":1787566026129,"latencyMs":308}
CALIPER_TX_LATENCY {"workerIndex":3,"roundIndex":5,"roundLabel":"write-tps-20","transactionId":"fd4adbb6830b9c3d0c2d4dd544a056ff076369ee0197a256172c4ede22c3538d","status":"success","startEpochMs":1787566025621,"endEpochMs":1787566026129,"latencyMs":508}
CALIPER_TX_LATENCY {"workerIndex":1,"roundIndex":5,"roundLabel":"write-tps-20","transactionId":"07ace512d1d9838eefbc71b41dca03bc95ef3909df6966f119a57826c56b3352","status":"success","startEpochMs":1787566025820,"endEpochMs":1787566026129,"latencyMs":309}
CALIPER_TX_LATENCY {"workerIndex":2,"roundIndex":5,"roundLabel":"write-tps-20","transactionId":"aebe42fc53a0ae4644e305b4899a680dfe96accf2bd10f81bcba07712e7b43dc","status":"success","startEpochMs":1787566026022,"endEpochMs":1787566026129,"latencyMs":107}
CALIPER_TX_LATENCY {"workerIndex":1,"roundIndex":5,"roundLabel":"write-tps-20","transactionId":"3bc5c01d573aa246237db6f9a27f631da776a6dba62ff87b45002838a76c3520","status":"success","startEpochMs":1787566026020,"endEpochMs":1787566026129,"latencyMs":109}
CALIPER_TX_LATENCY {"workerIndex":3,"roundIndex":5,"roundLabel":"write-tps-20","transactionId":"c91ea305330d212e1ac5ab4a84531ca535c821d278eb23103c711e9516e479eb","status":"success","startEpochMs":1787566026022,"endEpochMs":1787566026497,"latencyMs":475}
CALIPER_TX_LATENCY {"workerIndex":1,"roundIndex":5,"roundLabel":"write-tps-20","transactionId":"14196fa2a3d5401e95a5743c522a492b0c61bd40c0310959f7c4af4756a6b25e","status":"success","startEpochMs":1787566026420,"endEpochMs":1787566026497,"latencyMs":77}
CALIPER_TX_LATENCY {"workerIndex":2,"roundIndex":5,"roundLabel":"write-tps-20","transactionId":"293c4f4fd6a688fe7e99c4a2e772fdcc14bb3b541445713416930dfcbbac7a20","status":"success","startEpochMs":1787566026223,"endEpochMs":1787566026497,"latencyMs":274}
CALIPER_TX_LATENCY {"workerIndex":1,"roundIndex":5,"roundLabel":"write-tps-20","transactionId":"0e39d777cb8a2615c68c3c38a53e91091e61b0005f9c555861eda298d96e9dcf","status":"success","startEpochMs":1787566026221,"endEpochMs":1787566026497,"latencyMs":276}
CALIPER_TX_LATENCY {"workerIndex":3,"roundIndex":5,"roundLabel":"write-tps-20","transactionId":"49bb71d515e5458bacc54f002477328b9bd860640e8c76b7ebd4a8534b436139","status":"success","startEpochMs":1787566026422,"endEpochMs":1787566026497,"latencyMs":75}
CALIPER_TX_LATENCY {"workerIndex":0,"roundIndex":5,"roundLabel":"write-tps-20","transactionId":"47287ef5e5238ae73ec1b657634cbf0ed73f9c160a7e26cdd2b324066092eb6e","status":"success","startEpochMs":1787566026422,"endEpochMs":1787566026497,"latencyMs":75}
CALIPER_TX_LATENCY {"workerIndex":2,"roundIndex":5,"roundLabel":"write-tps-20","transactionId":"e9043afef0ec3140a7e59ca54834de7d7f256a979e9dfa153b1d75acdd3f965d","status":"success","startEpochMs":1787566026421,"endEpochMs":1787566026498,"latencyMs":77}
CALIPER_TX_LATENCY {"workerIndex":3,"roundIndex":5,"roundLabel":"write-tps-20","transactionId":"411ffe59612944e7053da3b10cdd79a09b4cc325854171fa9815f123d053cece","status":"success","startEpochMs":1787566026221,"endEpochMs":1787566026498,"latencyMs":277}
CALIPER_TX_LATENCY {"workerIndex":0,"roundIndex":5,"roundLabel":"write-tps-20","transactionId":"55f0d5fefc4b61c340eaf08367d202bc3dde6841e0acf3e43a3bda71e2d794fe","status":"success","startEpochMs":1787566026221,"endEpochMs":1787566026498,"latencyMs":277}
CALIPER_TX_LATENCY {"workerIndex":0,"roundIndex":5,"roundLabel":"write-tps-20","transactionId":"1443b69140f37104adf7d2072dc73ed1f2b734d81fe33d64971f4992196a4580","status":"success","startEpochMs":1787566026022,"endEpochMs":1787566026499,"latencyMs":477}
CALIPER_TX_LATENCY {"workerIndex":2,"roundIndex":5,"roundLabel":"write-tps-20","transactionId":"5f41423f19bbb2d3809cae8106c12d05983c6e297f645b1cdf3a13f758dc20d9","status":"success","startEpochMs":1787566026625,"endEpochMs":1787566027102,"latencyMs":477}
CALIPER_TX_LATENCY {"workerIndex":0,"roundIndex":5,"roundLabel":"write-tps-20","transactionId":"f4128d63776a978a4773cfd1a5be0c5195202080c43f2d65ef4044bd1b618139","status":"success","startEpochMs":1787566027022,"endEpochMs":1787566027102,"latencyMs":80}
CALIPER_TX_LATENCY {"workerIndex":1,"roundIndex":5,"roundLabel":"write-tps-20","transactionId":"f650a98e26b57747642515b9f117479f3b3f8b3d56791e28172fccb7ec8916d4","status":"success","startEpochMs":1787566026622,"endEpochMs":1787566027101,"latencyMs":479}
CALIPER_TX_LATENCY {"workerIndex":2,"roundIndex":5,"roundLabel":"write-tps-20","transactionId":"aeeb993986bcb8f1e1b0c03e0002e5eeb6371c8b1971f6cba1727e2affad078f","status":"success","startEpochMs":1787566026822,"endEpochMs":1787566027103,"latencyMs":281}
CALIPER_TX_LATENCY {"workerIndex":3,"roundIndex":5,"roundLabel":"write-tps-20","transactionId":"f1ba42793376cb646d60b90da6de3a7c9c14dff010bfeaf3332a35ecb1928d62","status":"success","startEpochMs":1787566026623,"endEpochMs":1787566027101,"latencyMs":478}
CALIPER_TX_LATENCY {"workerIndex":0,"roundIndex":5,"roundLabel":"write-tps-20","transactionId":"feadcd69a12ebe99ee158d4bf97d2f6d59ef27e118192b6b40922bf30446d6b4","status":"success","startEpochMs":1787566026821,"endEpochMs":1787566027103,"latencyMs":282}
CALIPER_TX_LATENCY {"workerIndex":1,"roundIndex":5,"roundLabel":"write-tps-20","transactionId":"8c03af6f90802074df373518a16e2c5924591d08798647ae78e68db18277119d","status":"success","startEpochMs":1787566027021,"endEpochMs":1787566027103,"latencyMs":82}
CALIPER_TX_LATENCY {"workerIndex":3,"roundIndex":5,"roundLabel":"write-tps-20","transactionId":"0624a6b0bae9fd308555514bbb57ddaa45781b669d4c38362ea9ba657bf277f1","status":"success","startEpochMs":1787566026822,"endEpochMs":1787566027104,"latencyMs":282}
CALIPER_TX_LATENCY {"workerIndex":1,"roundIndex":5,"roundLabel":"write-tps-20","transactionId":"c0b26ee3d750777433946b7ad670dc20eab6bcbd04d0a6be99eb801025c83905","status":"success","startEpochMs":1787566026821,"endEpochMs":1787566027104,"latencyMs":283}
CALIPER_TX_LATENCY {"workerIndex":0,"roundIndex":5,"roundLabel":"write-tps-20","transactionId":"9aa7f52d9c601f3f8bf752ebc27229543de2994f56400ab5f4a2628e4f43ed36","status":"success","startEpochMs":1787566026622,"endEpochMs":1787566027104,"latencyMs":482}
CALIPER_TX_LATENCY {"workerIndex":2,"roundIndex":5,"roundLabel":"write-tps-20","transactionId":"2371527b3e3326617abf3f014f1a36647292a94c6ff67d9c28bc786d7f4b872a","status":"success","startEpochMs":1787566027222,"endEpochMs":1787566027501,"latencyMs":279}
CALIPER_TX_LATENCY {"workerIndex":0,"roundIndex":5,"roundLabel":"write-tps-20","transactionId":"528024d817b852303228a2cd0935f11501c303658a0fc6caf8d995c2141c2ff4","status":"success","startEpochMs":1787566027422,"endEpochMs":1787566027501,"latencyMs":79}
CALIPER_TX_LATENCY {"workerIndex":1,"roundIndex":5,"roundLabel":"write-tps-20","transactionId":"1a74d9d186229243b501090b1de17c5d4a9022eb33e20d1b741052449e73a2bc","status":"success","startEpochMs":1787566027420,"endEpochMs":1787566027501,"latencyMs":81}
CALIPER_TX_LATENCY {"workerIndex":3,"roundIndex":5,"roundLabel":"write-tps-20","transactionId":"267e1045592a3f3740ba26464b58f50a784c34c8b710bc0dad3892c49870bc2d","status":"success","startEpochMs":1787566027422,"endEpochMs":1787566027501,"latencyMs":79}
CALIPER_TX_LATENCY {"workerIndex":0,"roundIndex":5,"roundLabel":"write-tps-20","transactionId":"308e81c3259f7a77d01dafae2ea19e4ddaef30cf23bc15339dcdcf55b9461673","status":"success","startEpochMs":1787566027223,"endEpochMs":1787566027501,"latencyMs":278}
CALIPER_TX_LATENCY {"workerIndex":3,"roundIndex":5,"roundLabel":"write-tps-20","transactionId":"85201d14bcf49f31210c4f0b1dc124695e04f034ec3843ef446b6ec09c781a28","status":"success","startEpochMs":1787566027022,"endEpochMs":1787566027503,"latencyMs":481}
CALIPER_TX_LATENCY {"workerIndex":2,"roundIndex":5,"roundLabel":"write-tps-20","transactionId":"d0176ad1be6e0789a13b63c5f499f7639dbef679c1415ce8cc5c20c8b79782d3","status":"success","startEpochMs":1787566027022,"endEpochMs":1787566027502,"latencyMs":480}
CALIPER_TX_LATENCY {"workerIndex":1,"roundIndex":5,"roundLabel":"write-tps-20","transactionId":"746dec25d36a562c751c7c177c31d64012b4b8dc65282d77ee5982c479d3d7f7","status":"success","startEpochMs":1787566027223,"endEpochMs":1787566027503,"latencyMs":280}
CALIPER_TX_LATENCY {"workerIndex":2,"roundIndex":5,"roundLabel":"write-tps-20","transactionId":"5f22da44a354f0adb347e014fb63f9d7c8373cdf6fc2fb9536cd1da5893fdd15","status":"success","startEpochMs":1787566027422,"endEpochMs":1787566027504,"latencyMs":82}
CALIPER_TX_LATENCY {"workerIndex":3,"roundIndex":5,"roundLabel":"write-tps-20","transactionId":"461a6092e3cb3151b6d87a0237d31efc782300c703b469ab18fbcf1ec1cea222","status":"success","startEpochMs":1787566027224,"endEpochMs":1787566027504,"latencyMs":280}
CALIPER_TX_LATENCY {"workerIndex":3,"roundIndex":5,"roundLabel":"write-tps-20","transactionId":"3c4cbd799d29883314159f2a85d7f7dc952b2ee56ac4c2ce2aebd42a43f863e1","status":"success","startEpochMs":1787566027821,"endEpochMs":1787566028133,"latencyMs":312}
CALIPER_TX_LATENCY {"workerIndex":2,"roundIndex":5,"roundLabel":"write-tps-20","transactionId":"f40e9eb05ecbf0f0df3aec50fbfeaf3ace68f3d42741543a258c1aa710ec981c","status":"success","startEpochMs":1787566028022,"endEpochMs":1787566028133,"latencyMs":111}
CALIPER_TX_LATENCY {"workerIndex":1,"roundIndex":5,"roundLabel":"write-tps-20","transactionId":"ca28a36084ade06f5556be531809c3c496c328a2eda99edf634779a2e9f62ca3","status":"success","startEpochMs":1787566027621,"endEpochMs":1787566028133,"latencyMs":512}
CALIPER_TX_LATENCY {"workerIndex":0,"roundIndex":5,"roundLabel":"write-tps-20","transactionId":"5c8c4d40c99d1833ce258cf101d94a2dfc570a14fe13fb4d514c216398425623","status":"success","startEpochMs":1787566028022,"endEpochMs":1787566028133,"latencyMs":111}
CALIPER_TX_LATENCY {"workerIndex":1,"roundIndex":5,"roundLabel":"write-tps-20","transactionId":"76f9c9db2bf2e139cfcdc7f4058f40bdb24efb58cede11a9004b6bfbdb1e09c0","status":"success","startEpochMs":1787566027821,"endEpochMs":1787566028134,"latencyMs":313}
CALIPER_TX_LATENCY {"workerIndex":2,"roundIndex":5,"roundLabel":"write-tps-20","transactionId":"066875ac9f5e22f06fad1e0061325b1c9c53d1f08753cebf2b36c7b81ce8d917","status":"success","startEpochMs":1787566027821,"endEpochMs":1787566028134,"latencyMs":313}
CALIPER_TX_LATENCY {"workerIndex":3,"roundIndex":5,"roundLabel":"write-tps-20","transactionId":"e06e1961c0ca9ebf6cfba5399a61acdae8d2c57a4aa337abfa194c4066b9d305","status":"success","startEpochMs":1787566027622,"endEpochMs":1787566028134,"latencyMs":512}
CALIPER_TX_LATENCY {"workerIndex":0,"roundIndex":5,"roundLabel":"write-tps-20","transactionId":"d09ac49bfa2158a0714072b84c38097e1122e2bf19d6edeabe4df09e46bc72b2","status":"success","startEpochMs":1787566027821,"endEpochMs":1787566028134,"latencyMs":313}
CALIPER_TX_LATENCY {"workerIndex":0,"roundIndex":5,"roundLabel":"write-tps-20","transactionId":"a140633527d21ac7555c88c787a7b2af5a9ff38fdcb0aef6cc3b76d16ac3b912","status":"success","startEpochMs":1787566027628,"endEpochMs":1787566028135,"latencyMs":507}
CALIPER_TX_LATENCY {"workerIndex":2,"roundIndex":5,"roundLabel":"write-tps-20","transactionId":"8870f1cce9b03f5b888ae8322a2a190eec53660d175337f50ebeba119ea00963","status":"success","startEpochMs":1787566027621,"endEpochMs":1787566028134,"latencyMs":513}
CALIPER_TX_LATENCY {"workerIndex":3,"roundIndex":5,"roundLabel":"write-tps-20","transactionId":"14f9c46dca5083be088c99f3ca5d5b56adfca1c8d893dc54a8924f756c85e0b8","status":"success","startEpochMs":1787566028422,"endEpochMs":1787566028522,"latencyMs":100}
CALIPER_TX_LATENCY {"workerIndex":1,"roundIndex":5,"roundLabel":"write-tps-20","transactionId":"ea9d55f3dcffcaf3d689b1631ba44d2b70e146d274b817c6dee41eac0c039561","status":"success","startEpochMs":1787566028422,"endEpochMs":1787566028522,"latencyMs":100}
CALIPER_TX_LATENCY {"workerIndex":2,"roundIndex":5,"roundLabel":"write-tps-20","transactionId":"44a408175a834ceb5ce6cc6ada596b6dc4664e198e99b8e8abd8a374639df6c2","status":"success","startEpochMs":1787566028222,"endEpochMs":1787566028522,"latencyMs":300}
CALIPER_TX_LATENCY {"workerIndex":1,"roundIndex":5,"roundLabel":"write-tps-20","transactionId":"8c7e51d0868a1b6426bee278928d693f8362385da333013894e6aaeb89bad66f","status":"success","startEpochMs":1787566028022,"endEpochMs":1787566028523,"latencyMs":501}
CALIPER_TX_LATENCY {"workerIndex":2,"roundIndex":5,"roundLabel":"write-tps-20","transactionId":"9aedd2eab72f090c0a876e3edf119dd5b9aeca94b63c698a4bfdc729b16ee242","status":"success","startEpochMs":1787566028422,"endEpochMs":1787566028523,"latencyMs":101}
CALIPER_TX_LATENCY {"workerIndex":3,"roundIndex":5,"roundLabel":"write-tps-20","transactionId":"0984f715f53226a87ca6cb564f1012bf49c3f8da69b260abf046296489f13e25","status":"success","startEpochMs":1787566028022,"endEpochMs":1787566028523,"latencyMs":501}
CALIPER_TX_LATENCY {"workerIndex":1,"roundIndex":5,"roundLabel":"write-tps-20","transactionId":"2530f0fcb6639b1eef6d97300609f09de3653e1afe26ffefbc76b5ec1f67d6a8","status":"success","startEpochMs":1787566028221,"endEpochMs":1787566028523,"latencyMs":302}
CALIPER_TX_LATENCY {"workerIndex":0,"roundIndex":5,"roundLabel":"write-tps-20","transactionId":"a07e8a2efe6e98ea1552a398f0dfbad1d8504c6fb524d3bea72de561e8ee40a1","status":"success","startEpochMs":1787566028422,"endEpochMs":1787566028523,"latencyMs":101}
CALIPER_TX_LATENCY {"workerIndex":3,"roundIndex":5,"roundLabel":"write-tps-20","transactionId":"03316630b85a8028704b4a93ccc1dc4d46b73127dfe25f2459b671e09170b03c","status":"success","startEpochMs":1787566028223,"endEpochMs":1787566028523,"latencyMs":300}
CALIPER_TX_LATENCY {"workerIndex":0,"roundIndex":5,"roundLabel":"write-tps-20","transactionId":"835b976030c2223f459d66fc0d4934385c42324ad8e2ab7e93b7491200f09703","status":"success","startEpochMs":1787566028222,"endEpochMs":1787566028524,"latencyMs":302}
CALIPER_TX_LATENCY {"workerIndex":3,"roundIndex":5,"roundLabel":"write-tps-20","transactionId":"60863cbfd802004fd14576fbb12a5f449d94e198480fe79e0c55b84042d88ad5","status":"success","startEpochMs":1787566028820,"endEpochMs":1787566029131,"latencyMs":311}
CALIPER_TX_LATENCY {"workerIndex":0,"roundIndex":5,"roundLabel":"write-tps-20","transactionId":"76db28c3763700ed073ad0d239f43f5afbe902e318dd39a59ae1af85960dc7b5","status":"success","startEpochMs":1787566028821,"endEpochMs":1787566029131,"latencyMs":310}
CALIPER_TX_LATENCY {"workerIndex":1,"roundIndex":5,"roundLabel":"write-tps-20","transactionId":"30a384f533f762f8a366fc7378360a7a35ea06ff20422ac4383c67766c761859","status":"success","startEpochMs":1787566029022,"endEpochMs":1787566029131,"latencyMs":109}
CALIPER_TX_LATENCY {"workerIndex":2,"roundIndex":5,"roundLabel":"write-tps-20","transactionId":"bcdd742e5c7a2af91f9f771614671cecf65d2ce730648b0b7ed5c1c53abd9af2","status":"success","startEpochMs":1787566029023,"endEpochMs":1787566029131,"latencyMs":108}
CALIPER_TX_LATENCY {"workerIndex":1,"roundIndex":5,"roundLabel":"write-tps-20","transactionId":"29f84b683fb0cece3825b01f547508323ee27014d0bd4887672719b79be6fa93","status":"success","startEpochMs":1787566028820,"endEpochMs":1787566029132,"latencyMs":312}
CALIPER_TX_LATENCY {"workerIndex":3,"roundIndex":5,"roundLabel":"write-tps-20","transactionId":"f206258ab98f7ce3ebe21fd187bc30106067888c8eaed8b5e6f37833115a8dcc","status":"success","startEpochMs":1787566028623,"endEpochMs":1787566029132,"latencyMs":509}
CALIPER_TX_LATENCY {"workerIndex":0,"roundIndex":5,"roundLabel":"write-tps-20","transactionId":"1ba131371a1897d71708902c9f1bf35a5fe2edf0ede0dd743d5f14e708dde4f9","status":"success","startEpochMs":1787566028621,"endEpochMs":1787566029132,"latencyMs":511}
CALIPER_TX_LATENCY {"workerIndex":2,"roundIndex":5,"roundLabel":"write-tps-20","transactionId":"4bce5bc7a6197ad1888c23258586cca136d278b5250971619758483c554f9e0e","status":"success","startEpochMs":1787566028624,"endEpochMs":1787566029132,"latencyMs":508}
CALIPER_TX_LATENCY {"workerIndex":1,"roundIndex":5,"roundLabel":"write-tps-20","transactionId":"59d54faaf5b1850ab3371a0ff114c3e52083bbcab72f831be6059d0fe3bd9808","status":"success","startEpochMs":1787566028621,"endEpochMs":1787566029132,"latencyMs":511}
CALIPER_TX_LATENCY {"workerIndex":2,"roundIndex":5,"roundLabel":"write-tps-20","transactionId":"cca5f7f90b061db59b11e1da92bfac221d0b929ac51047b61cee0e81e2fa2883","status":"success","startEpochMs":1787566028821,"endEpochMs":1787566029133,"latencyMs":312}
CALIPER_TX_LATENCY {"workerIndex":3,"roundIndex":5,"roundLabel":"write-tps-20","transactionId":"4ceab42960655003181b41a30ee5149d7c4454da9440fd219c55ba58d0650875","status":"success","startEpochMs":1787566029023,"endEpochMs":1787566029508,"latencyMs":485}
CALIPER_TX_LATENCY {"workerIndex":2,"roundIndex":5,"roundLabel":"write-tps-20","transactionId":"c70fda0be5debc0b7e4f41de59a094ddf732573308926681644fc1b2c3dc20d4","status":"success","startEpochMs":1787566029223,"endEpochMs":1787566029508,"latencyMs":285}
CALIPER_TX_LATENCY {"workerIndex":1,"roundIndex":5,"roundLabel":"write-tps-20","transactionId":"09c0a4940fd3f851a4ee793d767888bcf4164949cd674175139e5dd91be60d90","status":"success","startEpochMs":1787566029222,"endEpochMs":1787566029508,"latencyMs":286}
CALIPER_TX_LATENCY {"workerIndex":0,"roundIndex":5,"roundLabel":"write-tps-20","transactionId":"dd3dd0764479fc0d5e9d84b21fa5fb0b0908e61c4b68466204047e4aaf5b128b","status":"success","startEpochMs":1787566029023,"endEpochMs":1787566029508,"latencyMs":485}
CALIPER_TX_LATENCY {"workerIndex":3,"roundIndex":5,"roundLabel":"write-tps-20","transactionId":"4f88039cd4adc1aceded3757aff37d575934cb4772269017ada56fb3f4bd6ac9","status":"success","startEpochMs":1787566029223,"endEpochMs":1787566029508,"latencyMs":285}
CALIPER_TX_LATENCY {"workerIndex":1,"roundIndex":5,"roundLabel":"write-tps-20","transactionId":"20d7303b78a0b4128954379d07e9a924f9c795ec10062b0abeb58ffcf71a764d","status":"success","startEpochMs":1787566029420,"endEpochMs":1787566029508,"latencyMs":88}
CALIPER_TX_LATENCY {"workerIndex":2,"roundIndex":5,"roundLabel":"write-tps-20","transactionId":"2fd3718d5b2eaaa1b57b5a3c5e32365eba8b317d0a11f9aa91327cf2c109a9ad","status":"success","startEpochMs":1787566029421,"endEpochMs":1787566029508,"latencyMs":87}
CALIPER_TX_LATENCY {"workerIndex":3,"roundIndex":5,"roundLabel":"write-tps-20","transactionId":"406238482a662be5111b35814c042e197affaaf2dab54b8a893ad1f40f5279ee","status":"success","startEpochMs":1787566029422,"endEpochMs":1787566029508,"latencyMs":86}
CALIPER_TX_LATENCY {"workerIndex":0,"roundIndex":5,"roundLabel":"write-tps-20","transactionId":"92964fccd90518dcbdba08a5756448de151c3600d0207b6323ca37a27d589698","status":"success","startEpochMs":1787566029223,"endEpochMs":1787566029508,"latencyMs":285}
CALIPER_TX_LATENCY {"workerIndex":0,"roundIndex":5,"roundLabel":"write-tps-20","transactionId":"d2f6ba7decc05b864cd5edc0a2c353c99d916d9e184de7e78a0386bce0cb7c46","status":"success","startEpochMs":1787566029422,"endEpochMs":1787566029509,"latencyMs":87}
2026.08.24-15:37:09.618[32m info [39m [caliper] [default-observer] 	[write-tps-20 Round 5 Transaction Info] - Submitted: 384 Succ: 380 Fail:0 Unfinished:4
CALIPER_TX_LATENCY {"workerIndex":1,"roundIndex":5,"roundLabel":"write-tps-20","transactionId":"b908bc8f3948699670d4752098ebb2f4542315870cc94af5f58d702aef8d8db8","status":"success","startEpochMs":1787566029621,"endEpochMs":1787566030133,"latencyMs":512}
CALIPER_TX_LATENCY {"workerIndex":3,"roundIndex":5,"roundLabel":"write-tps-20","transactionId":"0c00a014fa025c9b752d2d2f7dde2c7d5cb41501b6ed34d73e66ade2f20041ca","status":"success","startEpochMs":1787566030022,"endEpochMs":1787566030133,"latencyMs":111}
CALIPER_TX_LATENCY {"workerIndex":0,"roundIndex":5,"roundLabel":"write-tps-20","transactionId":"4a2dbc142789c2307937cd64bed49995904afd519324505e36eae89dafd25b77","status":"success","startEpochMs":1787566030022,"endEpochMs":1787566030133,"latencyMs":111}
CALIPER_TX_LATENCY {"workerIndex":2,"roundIndex":5,"roundLabel":"write-tps-20","transactionId":"44e1467968f644afb4afd7636455d5a77eb1fa6ff1f08e250a0ac92d61572a91","status":"success","startEpochMs":1787566029621,"endEpochMs":1787566030133,"latencyMs":512}
CALIPER_TX_LATENCY {"workerIndex":1,"roundIndex":5,"roundLabel":"write-tps-20","transactionId":"3345477cd7a284ab5dcc66d254fadc76f8bdcfdae58d9b5b92a9771a021090dc","status":"success","startEpochMs":1787566029820,"endEpochMs":1787566030133,"latencyMs":313}
CALIPER_TX_LATENCY {"workerIndex":3,"roundIndex":5,"roundLabel":"write-tps-20","transactionId":"eb6098c5d9bf2e29c4c7d4482ad719eee88fc82b3f7383ec7fb67d7481c9cde2","status":"success","startEpochMs":1787566029621,"endEpochMs":1787566030134,"latencyMs":513}
CALIPER_TX_LATENCY {"workerIndex":0,"roundIndex":5,"roundLabel":"write-tps-20","transactionId":"d19dbc6567616cc6d94d985a2d6022685aeaeebfff873ce4bb267f992ffa4829","status":"success","startEpochMs":1787566029621,"endEpochMs":1787566030134,"latencyMs":513}
CALIPER_TX_LATENCY {"workerIndex":2,"roundIndex":5,"roundLabel":"write-tps-20","transactionId":"09696ac4f6879f007a375942fb68e5acdcd5304e03d9124ac6537ce7d45d605b","status":"success","startEpochMs":1787566029822,"endEpochMs":1787566030134,"latencyMs":312}
CALIPER_TX_LATENCY {"workerIndex":0,"roundIndex":5,"roundLabel":"write-tps-20","transactionId":"e351c2eb556da11eb767274ce152eea835e4aefec0c7bc00dba89262418b66d0","status":"success","startEpochMs":1787566029822,"endEpochMs":1787566030134,"latencyMs":312}
CALIPER_TX_LATENCY {"workerIndex":3,"roundIndex":5,"roundLabel":"write-tps-20","transactionId":"bbce65fc36a70ed8ae67313f8c97344f78f6d848e50ae4a5fbc72e45950a706e","status":"success","startEpochMs":1787566029822,"endEpochMs":1787566030134,"latencyMs":312}
CALIPER_TX_LATENCY {"workerIndex":1,"roundIndex":5,"roundLabel":"write-tps-20","transactionId":"060e6e885e59b25ca47a791fc25347f2fd2ba66b0b32c9e9d38849e6ce31af50","status":"success","startEpochMs":1787566030221,"endEpochMs":1787566030513,"latencyMs":292}
CALIPER_TX_LATENCY {"workerIndex":2,"roundIndex":5,"roundLabel":"write-tps-20","transactionId":"b0256de45580fb30314b3c60e6d8daef3661a11a1a2f4dff97acb47b7a303f17","status":"success","startEpochMs":1787566030021,"endEpochMs":1787566030513,"latencyMs":492}
CALIPER_TX_LATENCY {"workerIndex":3,"roundIndex":5,"roundLabel":"write-tps-20","transactionId":"bbff33c2d877ada236496846cf0d54e85739250e07d8e4df250bec518c7021f0","status":"success","startEpochMs":1787566030221,"endEpochMs":1787566030513,"latencyMs":292}
CALIPER_TX_LATENCY {"workerIndex":0,"roundIndex":5,"roundLabel":"write-tps-20","transactionId":"4bef42efd2d57c6191d4af0e2c7d65fd8f15f110ea4b82a43c1ff21b9be0a4cb","status":"success","startEpochMs":1787566030422,"endEpochMs":1787566030513,"latencyMs":91}
CALIPER_TX_LATENCY {"workerIndex":3,"roundIndex":5,"roundLabel":"write-tps-20","transactionId":"bc6d110cbd5239887071b8696c65d8642e5f0d7014caf29ac84f75c02914763e","status":"success","startEpochMs":1787566030422,"endEpochMs":1787566030514,"latencyMs":92}
CALIPER_TX_LATENCY {"workerIndex":2,"roundIndex":5,"roundLabel":"write-tps-20","transactionId":"c04bb9764574be696c59653b8e8205905a26891ed99d0d1f9e91457f32ccaf49","status":"success","startEpochMs":1787566030422,"endEpochMs":1787566030514,"latencyMs":92}
CALIPER_TX_LATENCY {"workerIndex":1,"roundIndex":5,"roundLabel":"write-tps-20","transactionId":"64352f36941911073aedbe2007f7a17b862aa42b663d5590135b5e89a0b8262c","status":"success","startEpochMs":1787566030020,"endEpochMs":1787566030514,"latencyMs":494}
CALIPER_TX_LATENCY {"workerIndex":0,"roundIndex":5,"roundLabel":"write-tps-20","transactionId":"286890b52849667635156c7ebe3bf8602e0055f6ed84cdb745b8400768969c6b","status":"success","startEpochMs":1787566030221,"endEpochMs":1787566030514,"latencyMs":293}
CALIPER_TX_LATENCY {"workerIndex":2,"roundIndex":5,"roundLabel":"write-tps-20","transactionId":"9b22f05c91f420c2dbc1b3cd54389093a51370e3aef78e7162b68ae3ec96b201","status":"success","startEpochMs":1787566030221,"endEpochMs":1787566030514,"latencyMs":293}
CALIPER_TX_LATENCY {"workerIndex":1,"roundIndex":5,"roundLabel":"write-tps-20","transactionId":"0091e32e3b2e617e78e6319f4cdfb8f3313ad8f6ab10bae9d617d73a362bf3f9","status":"success","startEpochMs":1787566030422,"endEpochMs":1787566030514,"latencyMs":92}
CALIPER_TX_LATENCY {"workerIndex":2,"roundIndex":5,"roundLabel":"write-tps-20","transactionId":"3c3f514f2b09e901f2b49ad26a62a85cdd2b74e62fe11f7e34c07c28eb724978","status":"success","startEpochMs":1787566030822,"endEpochMs":1787566031117,"latencyMs":295}
CALIPER_TX_LATENCY {"workerIndex":1,"roundIndex":5,"roundLabel":"write-tps-20","transactionId":"969edadfc00f45df55cfc7658cb8d58a49038d548d9031dea1b2dcec18977e70","status":"success","startEpochMs":1787566031021,"endEpochMs":1787566031117,"latencyMs":96}
CALIPER_TX_LATENCY {"workerIndex":3,"roundIndex":5,"roundLabel":"write-tps-20","transactionId":"451a31a0ec82a3753a4a856db08117dc459d5f211c8ff452e9f2285a19ba2cc0","status":"success","startEpochMs":1787566030823,"endEpochMs":1787566031117,"latencyMs":294}
CALIPER_TX_LATENCY {"workerIndex":1,"roundIndex":5,"roundLabel":"write-tps-20","transactionId":"9fea556331572fb1e724c189072dcaeb5fe42081753503f2e667eba7c638b3d1","status":"success","startEpochMs":1787566030822,"endEpochMs":1787566031117,"latencyMs":295}
CALIPER_TX_LATENCY {"workerIndex":0,"roundIndex":5,"roundLabel":"write-tps-20","transactionId":"86ac0625e8377da8645165bc31e59a556eadce277a75c0a93651938ab3cf3ac8","status":"success","startEpochMs":1787566030823,"endEpochMs":1787566031117,"latencyMs":294}
CALIPER_TX_LATENCY {"workerIndex":3,"roundIndex":5,"roundLabel":"write-tps-20","transactionId":"9a16072b8462aede9b885685d18072b07b686fcf5b99478e13fe27248edbaf2b","status":"success","startEpochMs":1787566030629,"endEpochMs":1787566031118,"latencyMs":489}
CALIPER_TX_LATENCY {"workerIndex":2,"roundIndex":5,"roundLabel":"write-tps-20","transactionId":"5f37f4f65abd59014c9092ed07fec2124f3b42239364769bc70a8b4bf73a41e8","status":"success","startEpochMs":1787566030629,"endEpochMs":1787566031118,"latencyMs":489}
CALIPER_TX_LATENCY {"workerIndex":0,"roundIndex":5,"roundLabel":"write-tps-20","transactionId":"7ddd13f8247a0c9716b8601b5c14a89c9bf113aaa9f1e01fedeb649a48e03727","status":"success","startEpochMs":1787566031022,"endEpochMs":1787566031119,"latencyMs":97}
CALIPER_TX_LATENCY {"workerIndex":1,"roundIndex":5,"roundLabel":"write-tps-20","transactionId":"43651caf8f13bea6346ad884a65565a6dec42a67ddbbb99de1f540f830fcb8ef","status":"success","startEpochMs":1787566030625,"endEpochMs":1787566031119,"latencyMs":494}
CALIPER_TX_LATENCY {"workerIndex":0,"roundIndex":5,"roundLabel":"write-tps-20","transactionId":"22faa420b255a83f760410815faac291afa91e11bb4e92c24b7d98862348c406","status":"success","startEpochMs":1787566030623,"endEpochMs":1787566031120,"latencyMs":497}
CALIPER_TX_LATENCY {"workerIndex":3,"roundIndex":5,"roundLabel":"write-tps-20","transactionId":"cf6af65f57d492ff896d9170ab15ac89671d310ad2686bccd83a6d0ccfc12793","status":"success","startEpochMs":1787566031022,"endEpochMs":1787566031504,"latencyMs":482}
CALIPER_TX_LATENCY {"workerIndex":1,"roundIndex":5,"roundLabel":"write-tps-20","transactionId":"c6597ae6e1b96cae19bb55b737c0c01b9f667d20d017afe92d6aa83babd2dc4b","status":"success","startEpochMs":1787566031222,"endEpochMs":1787566031504,"latencyMs":282}
CALIPER_TX_LATENCY {"workerIndex":0,"roundIndex":5,"roundLabel":"write-tps-20","transactionId":"2087951ab9d01e2be4528116d191ee9002cc5ebbffd3c9e9786c4854cd760a55","status":"success","startEpochMs":1787566031422,"endEpochMs":1787566031504,"latencyMs":82}
CALIPER_TX_LATENCY {"workerIndex":2,"roundIndex":5,"roundLabel":"write-tps-20","transactionId":"f280c3e2a921a634370e7944b5645de5d3e0e258fc55c0491770abacc8f8a904","status":"success","startEpochMs":1787566031022,"endEpochMs":1787566031504,"latencyMs":482}
CALIPER_TX_LATENCY {"workerIndex":3,"roundIndex":5,"roundLabel":"write-tps-20","transactionId":"e627b9c93ef77d48b2efea823c56563e89039e2065b97778670a3a28ce196d81","status":"success","startEpochMs":1787566031222,"endEpochMs":1787566031504,"latencyMs":282}
CALIPER_TX_LATENCY {"workerIndex":1,"roundIndex":5,"roundLabel":"write-tps-20","transactionId":"d9ba86a40d1af530577c930abf920237e15fa610021e0b4d44055eb7f1c5765f","status":"success","startEpochMs":1787566031422,"endEpochMs":1787566031504,"latencyMs":82}
CALIPER_TX_LATENCY {"workerIndex":0,"roundIndex":5,"roundLabel":"write-tps-20","transactionId":"66dd387c773b6cbd617d19283c8bc07d3101dec0d23d0cfbf929d81382df22c7","status":"success","startEpochMs":1787566031222,"endEpochMs":1787566031504,"latencyMs":282}
CALIPER_TX_LATENCY {"workerIndex":2,"roundIndex":5,"roundLabel":"write-tps-20","transactionId":"0e735220174eb453f949ff90a1428580a172a9143469e3f1581ebc2b370d8ca3","status":"success","startEpochMs":1787566031222,"endEpochMs":1787566031504,"latencyMs":282}
CALIPER_TX_LATENCY {"workerIndex":3,"roundIndex":5,"roundLabel":"write-tps-20","transactionId":"367246004c9236c284dc313016da5f4443956d7b67da548e00b5c231d983c161","status":"success","startEpochMs":1787566031422,"endEpochMs":1787566031505,"latencyMs":83}
CALIPER_TX_LATENCY {"workerIndex":2,"roundIndex":5,"roundLabel":"write-tps-20","transactionId":"99fb94ddd7b24467d02fedfdaee611739d33221662cd8c64397b204bb5cae43d","status":"success","startEpochMs":1787566031422,"endEpochMs":1787566031505,"latencyMs":83}
CALIPER_TX_LATENCY {"workerIndex":1,"roundIndex":5,"roundLabel":"write-tps-20","transactionId":"e6a0a8ba7b7afabedfe9add1a0e8b1debc13e22fef745079d8a3046b58e50645","status":"success","startEpochMs":1787566031820,"endEpochMs":1787566032130,"latencyMs":310}
CALIPER_TX_LATENCY {"workerIndex":2,"roundIndex":5,"roundLabel":"write-tps-20","transactionId":"30060774b520d7053c613190595b6faede09aa0174bee2780f136ae051e15e4a","status":"success","startEpochMs":1787566032021,"endEpochMs":1787566032130,"latencyMs":109}
CALIPER_TX_LATENCY {"workerIndex":3,"roundIndex":5,"roundLabel":"write-tps-20","transactionId":"f6280a321c05e395a0edec0e631ac9d2fb6b6913264f1bc519df3f9e7e71ee7a","status":"success","startEpochMs":1787566031822,"endEpochMs":1787566032130,"latencyMs":308}
CALIPER_TX_LATENCY {"workerIndex":0,"roundIndex":5,"roundLabel":"write-tps-20","transactionId":"a480bfe07645b8c7df0f93437477934167312bfc999202ef2d454fdffeeed836","status":"success","startEpochMs":1787566032020,"endEpochMs":1787566032130,"latencyMs":110}
CALIPER_TX_LATENCY {"workerIndex":3,"roundIndex":5,"roundLabel":"write-tps-20","transactionId":"2444556c3f49f2e538b41f72a3b0aa9924776c277ef7d164fe1fccda8eac1d21","status":"success","startEpochMs":1787566031623,"endEpochMs":1787566032131,"latencyMs":508}
CALIPER_TX_LATENCY {"workerIndex":1,"roundIndex":5,"roundLabel":"write-tps-20","transactionId":"4ebc3391d68c3e5ea0f37a9d520704c8872a6be56816eec7200f7e856885009b","status":"success","startEpochMs":1787566031623,"endEpochMs":1787566032131,"latencyMs":508}
CALIPER_TX_LATENCY {"workerIndex":2,"roundIndex":5,"roundLabel":"write-tps-20","transactionId":"90c31f0d3760611c322efbb5fe946ab92fd3ba79a190ed961e082c3cc3538ac8","status":"success","startEpochMs":1787566031822,"endEpochMs":1787566032131,"latencyMs":309}
CALIPER_TX_LATENCY {"workerIndex":0,"roundIndex":5,"roundLabel":"write-tps-20","transactionId":"78016a295109449f42a5b62390948b8122499d6fd32b1d3f2f50d55d3ce702c1","status":"success","startEpochMs":1787566031626,"endEpochMs":1787566032131,"latencyMs":505}
CALIPER_TX_LATENCY {"workerIndex":0,"roundIndex":5,"roundLabel":"write-tps-20","transactionId":"443ff145a67b4a199b497261f80ad9ac334f88ba8c37c9600fe0179f34f42dda","status":"success","startEpochMs":1787566031822,"endEpochMs":1787566032131,"latencyMs":309}
CALIPER_TX_LATENCY {"workerIndex":2,"roundIndex":5,"roundLabel":"write-tps-20","transactionId":"7acf8483c16fca99f25db2ea30887830e57e4e9e6a54508b8aa786ef5b06aced","status":"success","startEpochMs":1787566031623,"endEpochMs":1787566032131,"latencyMs":508}
CALIPER_TX_LATENCY {"workerIndex":2,"roundIndex":5,"roundLabel":"write-tps-20","transactionId":"e7a6dc22df0837f5616d551d4fed534115d66fe9c4b3e22ac2a709bfb897e32d","status":"success","startEpochMs":1787566032221,"endEpochMs":1787566032508,"latencyMs":287}
CALIPER_TX_LATENCY {"workerIndex":0,"roundIndex":5,"roundLabel":"write-tps-20","transactionId":"d3ff5e12cefc4232eeef1cc1476e37a2a5e3b6a3eb690040ce3e62249fe971d8","status":"success","startEpochMs":1787566032422,"endEpochMs":1787566032508,"latencyMs":86}
CALIPER_TX_LATENCY {"workerIndex":3,"roundIndex":5,"roundLabel":"write-tps-20","transactionId":"363eae2b446837ccc0842651e57c8e6a9d6e11eb97a096d4c819431019c605f1","status":"success","startEpochMs":1787566032422,"endEpochMs":1787566032508,"latencyMs":86}
CALIPER_TX_LATENCY {"workerIndex":1,"roundIndex":5,"roundLabel":"write-tps-20","transactionId":"bea95c22b18ab57da15b1e59e3b88f3d65ad7390183f57fa501582d583d6d4bb","status":"success","startEpochMs":1787566032221,"endEpochMs":1787566032508,"latencyMs":287}
CALIPER_TX_LATENCY {"workerIndex":3,"roundIndex":5,"roundLabel":"write-tps-20","transactionId":"985812fc144f622ae63287253c77772c729f3ed7e4dd4cfa97542a83f6eb29c5","status":"success","startEpochMs":1787566032020,"endEpochMs":1787566032509,"latencyMs":489}
CALIPER_TX_LATENCY {"workerIndex":2,"roundIndex":5,"roundLabel":"write-tps-20","transactionId":"0304e37f4dc598e30e48187cbec991a489f4ab9846df1cd3b39f764595e69999","status":"success","startEpochMs":1787566032422,"endEpochMs":1787566032508,"latencyMs":86}
CALIPER_TX_LATENCY {"workerIndex":0,"roundIndex":5,"roundLabel":"write-tps-20","transactionId":"ee85c877164b67d693f2c960847d93bf578cf82e2e46c2de4304d7d16d705a02","status":"success","startEpochMs":1787566032221,"endEpochMs":1787566032508,"latencyMs":287}
CALIPER_TX_LATENCY {"workerIndex":1,"roundIndex":5,"roundLabel":"write-tps-20","transactionId":"b3fab307e920f51c1c7651c6f928e21fd133c63029094c55ecfc336f74ce5562","status":"success","startEpochMs":1787566032421,"endEpochMs":1787566032509,"latencyMs":88}
CALIPER_TX_LATENCY {"workerIndex":3,"roundIndex":5,"roundLabel":"write-tps-20","transactionId":"a12ead709cab099c06c64e5439d4bc1a0a3b52d0d32a28b0eb4f6ffbf25af32f","status":"success","startEpochMs":1787566032221,"endEpochMs":1787566032509,"latencyMs":288}
CALIPER_TX_LATENCY {"workerIndex":1,"roundIndex":5,"roundLabel":"write-tps-20","transactionId":"76fe2e9eb79c5d4f18f3daca94faf0faad630847bdc8e6bd20d5df2dbc0bdd36","status":"success","startEpochMs":1787566032020,"endEpochMs":1787566032510,"latencyMs":490}
CALIPER_TX_LATENCY {"workerIndex":3,"roundIndex":5,"roundLabel":"write-tps-20","transactionId":"70620bf7d239b25fbbf1f04b9bc31a5359a16c785b17849b349f430b961a85d0","status":"success","startEpochMs":1787566032822,"endEpochMs":1787566033123,"latencyMs":301}
CALIPER_TX_LATENCY {"workerIndex":2,"roundIndex":5,"roundLabel":"write-tps-20","transactionId":"724d86abdb23c57ce5cf678ef29f288fe39febaad61b816b20cf99c06c033c64","status":"success","startEpochMs":1787566032822,"endEpochMs":1787566033123,"latencyMs":301}
CALIPER_TX_LATENCY {"workerIndex":1,"roundIndex":5,"roundLabel":"write-tps-20","transactionId":"cf0649eada92c919c7060414593f7a5c64889ed6c9cb680448b35e60bb85f7fe","status":"success","startEpochMs":1787566032821,"endEpochMs":1787566033123,"latencyMs":302}
CALIPER_TX_LATENCY {"workerIndex":3,"roundIndex":5,"roundLabel":"write-tps-20","transactionId":"f78ff4116b3c335c4d2fa99c97b75af066a32f611d6d3ab5ea277a81f006c34a","status":"success","startEpochMs":1787566032623,"endEpochMs":1787566033124,"latencyMs":501}
CALIPER_TX_LATENCY {"workerIndex":0,"roundIndex":5,"roundLabel":"write-tps-20","transactionId":"7f24467e4b85d1547bd057311431853e8cc6f5fbca319cb9c6df46fc258f5ef6","status":"success","startEpochMs":1787566033022,"endEpochMs":1787566033124,"latencyMs":102}
CALIPER_TX_LATENCY {"workerIndex":1,"roundIndex":5,"roundLabel":"write-tps-20","transactionId":"fefeb04d5d40cf2bce9e047f2e72136222302138e01b6b0688712b8dbe750537","status":"success","startEpochMs":1787566033021,"endEpochMs":1787566033124,"latencyMs":103}
CALIPER_TX_LATENCY {"workerIndex":0,"roundIndex":5,"roundLabel":"write-tps-20","transactionId":"e583f22e898c5d719de64adeccfa79bfa33565b6e10db9c01547c71705322d4c","status":"success","startEpochMs":1787566032627,"endEpochMs":1787566033124,"latencyMs":497}
CALIPER_TX_LATENCY {"workerIndex":2,"roundIndex":5,"roundLabel":"write-tps-20","transactionId":"cf31af8091ae1204a7b3a601a1db97f846e4a9e2ea1fe7670a1bfe7da55b583c","status":"success","startEpochMs":1787566032627,"endEpochMs":1787566033124,"latencyMs":497}
CALIPER_TX_LATENCY {"workerIndex":1,"roundIndex":5,"roundLabel":"write-tps-20","transactionId":"1575c10ff3a2625b05826612ab1517f5af4535da5adf5165f8afa91a92c674c4","status":"success","startEpochMs":1787566032622,"endEpochMs":1787566033124,"latencyMs":502}
CALIPER_TX_LATENCY {"workerIndex":0,"roundIndex":5,"roundLabel":"write-tps-20","transactionId":"81af3bbe13ca45cdc9dd0e1ee9bfd113ebc9b45600b9c3ac88b65ff6809a2014","status":"success","startEpochMs":1787566032822,"endEpochMs":1787566033125,"latencyMs":303}
CALIPER_TX_LATENCY {"workerIndex":2,"roundIndex":5,"roundLabel":"write-tps-20","transactionId":"c81e56835efcce00b00e3792aed0c1b7d54a96b801698588a5dbac45bb1d27fe","status":"success","startEpochMs":1787566033022,"endEpochMs":1787566033517,"latencyMs":495}
CALIPER_TX_LATENCY {"workerIndex":3,"roundIndex":5,"roundLabel":"write-tps-20","transactionId":"bbb6dba4e7bbb6242f4a80205fe867679b44975e5f57d9da66ef5950831a81c0","status":"success","startEpochMs":1787566033421,"endEpochMs":1787566033517,"latencyMs":96}
CALIPER_TX_LATENCY {"workerIndex":0,"roundIndex":5,"roundLabel":"write-tps-20","transactionId":"00cd7b5f0d17c99a1ace5eafe8714328e486bdb0aa48696ec8e177ef92467965","status":"success","startEpochMs":1787566033222,"endEpochMs":1787566033517,"latencyMs":295}
CALIPER_TX_LATENCY {"workerIndex":1,"roundIndex":5,"roundLabel":"write-tps-20","transactionId":"a2334c35b142d3c2e7308a611ce81b1fad8e21045603b138164eb0a24411e803","status":"success","startEpochMs":1787566033221,"endEpochMs":1787566033517,"latencyMs":296}
CALIPER_TX_LATENCY {"workerIndex":0,"roundIndex":5,"roundLabel":"write-tps-20","transactionId":"03e6c35c90ec3d13f14c98da6a59635440d9a9c729d6c24fe5b8f0287c8cd9f7","status":"success","startEpochMs":1787566033422,"endEpochMs":1787566033517,"latencyMs":95}
CALIPER_TX_LATENCY {"workerIndex":2,"roundIndex":5,"roundLabel":"write-tps-20","transactionId":"b782d397a673062a5708c692debf8d502c6e3b7b368142c2ccdb164de294eb8b","status":"success","startEpochMs":1787566033422,"endEpochMs":1787566033517,"latencyMs":95}
CALIPER_TX_LATENCY {"workerIndex":1,"roundIndex":5,"roundLabel":"write-tps-20","transactionId":"551c1e8c4ad76b92a76211e73017697d226d2927a9b67b48797fe775d1a5b061","status":"success","startEpochMs":1787566033420,"endEpochMs":1787566033517,"latencyMs":97}
CALIPER_TX_LATENCY {"workerIndex":2,"roundIndex":5,"roundLabel":"write-tps-20","transactionId":"061d1c8028aac7969fb8f35d26a7bc036dd6619262f8fbfc45d98315bbb1a3da","status":"success","startEpochMs":1787566033221,"endEpochMs":1787566033517,"latencyMs":296}
CALIPER_TX_LATENCY {"workerIndex":3,"roundIndex":5,"roundLabel":"write-tps-20","transactionId":"fec35a915c39dd01ee9790b6f87151aa864fe5e9c452ebd710f008cfb9cb4bea","status":"success","startEpochMs":1787566033022,"endEpochMs":1787566033517,"latencyMs":495}
CALIPER_TX_LATENCY {"workerIndex":3,"roundIndex":5,"roundLabel":"write-tps-20","transactionId":"636d902426365a5fccb94a1317cf40bae4e561319838c603c070cac8f4cd3ed3","status":"success","startEpochMs":1787566033221,"endEpochMs":1787566033517,"latencyMs":296}
CALIPER_TX_LATENCY {"workerIndex":0,"roundIndex":5,"roundLabel":"write-tps-20","transactionId":"e05d2257b743af0c8c3b8c26766b7d755ed68ffe12d16a94d374dfdb644ef560","status":"success","startEpochMs":1787566033822,"endEpochMs":1787566034126,"latencyMs":304}
CALIPER_TX_LATENCY {"workerIndex":3,"roundIndex":5,"roundLabel":"write-tps-20","transactionId":"b673c1b7e73697d417809fc121420e26a33cc609c039a8a2a2a326372579f792","status":"success","startEpochMs":1787566033822,"endEpochMs":1787566034126,"latencyMs":304}
CALIPER_TX_LATENCY {"workerIndex":2,"roundIndex":5,"roundLabel":"write-tps-20","transactionId":"1d59f8b580492093f854456f5e670bfdaa8e4bb4107703c790598d07ba591ae6","status":"success","startEpochMs":1787566034020,"endEpochMs":1787566034126,"latencyMs":106}
CALIPER_TX_LATENCY {"workerIndex":1,"roundIndex":5,"roundLabel":"write-tps-20","transactionId":"70958a382abaf42107c25654e1780e4401fc54556baccf8fae73f07bd2abf48f","status":"success","startEpochMs":1787566033621,"endEpochMs":1787566034126,"latencyMs":505}
CALIPER_TX_LATENCY {"workerIndex":0,"roundIndex":5,"roundLabel":"write-tps-20","transactionId":"efb48d6fcef31932f36f9815a891505dd270eb1b52f769103e1d5edf236273a0","status":"success","startEpochMs":1787566033622,"endEpochMs":1787566034126,"latencyMs":504}
CALIPER_TX_LATENCY {"workerIndex":1,"roundIndex":5,"roundLabel":"write-tps-20","transactionId":"4aa86ebbae8adc50e8e850ed30c4c498593092bed054510303be6bc081e25fa7","status":"success","startEpochMs":1787566033821,"endEpochMs":1787566034126,"latencyMs":305}
CALIPER_TX_LATENCY {"workerIndex":3,"roundIndex":5,"roundLabel":"write-tps-20","transactionId":"48abce287336f7a0fa72ef6948c95a0caf3fbbd1e512ea6014f9da7f8b4c4fda","status":"success","startEpochMs":1787566034022,"endEpochMs":1787566034127,"latencyMs":105}
CALIPER_TX_LATENCY {"workerIndex":2,"roundIndex":5,"roundLabel":"write-tps-20","transactionId":"da2b88e2609f504af3bdfdc2db6d54642279c57ae65479b161803ae1a8bf70fa","status":"success","startEpochMs":1787566033821,"endEpochMs":1787566034127,"latencyMs":306}
CALIPER_TX_LATENCY {"workerIndex":3,"roundIndex":5,"roundLabel":"write-tps-20","transactionId":"91fa02d77d2d3d9e5c8a21a331b6ca8b04d09bce645a022c33d5ed2dd57f2d4a","status":"success","startEpochMs":1787566033622,"endEpochMs":1787566034127,"latencyMs":505}
CALIPER_TX_LATENCY {"workerIndex":2,"roundIndex":5,"roundLabel":"write-tps-20","transactionId":"772604b58b265038d9e744adb76ea89397920d854bfa3bf6ea19565952321bed","status":"success","startEpochMs":1787566033622,"endEpochMs":1787566034127,"latencyMs":505}
CALIPER_TX_LATENCY {"workerIndex":1,"roundIndex":5,"roundLabel":"write-tps-20","transactionId":"aa6f30469ba74c8cc41046ecba6b737070205a7c5b7b18602a39d65fab96a617","status":"success","startEpochMs":1787566034422,"endEpochMs":1787566034509,"latencyMs":87}
CALIPER_TX_LATENCY {"workerIndex":2,"roundIndex":5,"roundLabel":"write-tps-20","transactionId":"2a65361bd95e076a5e43086d914f921ed0f48fa0fda3bd260c7d3914ece7a472","status":"success","startEpochMs":1787566034222,"endEpochMs":1787566034509,"latencyMs":287}
CALIPER_TX_LATENCY {"workerIndex":0,"roundIndex":5,"roundLabel":"write-tps-20","transactionId":"3675437284a1af645002de27f7820e96de2a34f151972e54bd1a93a435474f9a","status":"success","startEpochMs":1787566034222,"endEpochMs":1787566034509,"latencyMs":287}
CALIPER_TX_LATENCY {"workerIndex":3,"roundIndex":5,"roundLabel":"write-tps-20","transactionId":"be113187b5a4b21e68c8dcee402ecc5e1ca33f015f8b64ba83be1e69d8a9c588","status":"success","startEpochMs":1787566034222,"endEpochMs":1787566034509,"latencyMs":287}
CALIPER_TX_LATENCY {"workerIndex":0,"roundIndex":5,"roundLabel":"write-tps-20","transactionId":"691a889c7231f2325a39b1a52a75d31969afaceb2d11b7e7fd38ad86fd4cd5b9","status":"success","startEpochMs":1787566034422,"endEpochMs":1787566034511,"latencyMs":89}
CALIPER_TX_LATENCY {"workerIndex":2,"roundIndex":5,"roundLabel":"write-tps-20","transactionId":"b26cfaed949d0b5c585c95992a10aec3b0a0dd128506092f70b5b50b85d287dc","status":"success","startEpochMs":1787566034422,"endEpochMs":1787566034511,"latencyMs":89}
CALIPER_TX_LATENCY {"workerIndex":3,"roundIndex":5,"roundLabel":"write-tps-20","transactionId":"c2ba8f026499005204aaf549f48c8d46101dc35ba09fe978fbda3b3eddd80c16","status":"success","startEpochMs":1787566034422,"endEpochMs":1787566034512,"latencyMs":90}
CALIPER_TX_LATENCY {"workerIndex":1,"roundIndex":5,"roundLabel":"write-tps-20","transactionId":"6dced629ecbe6db9668c081742ff99fc97f24fe0ea3f23913c3c5c2a20c32ac6","status":"success","startEpochMs":1787566034020,"endEpochMs":1787566034510,"latencyMs":490}
CALIPER_TX_LATENCY {"workerIndex":0,"roundIndex":5,"roundLabel":"write-tps-20","transactionId":"6a735f4b762ad9dbf8b3bbdbf4b3e33d4e3f8244dc18f80b40dc3156cdeeebab","status":"success","startEpochMs":1787566034021,"endEpochMs":1787566034512,"latencyMs":491}
CALIPER_TX_LATENCY {"workerIndex":1,"roundIndex":5,"roundLabel":"write-tps-20","transactionId":"d09a02ffc655d1ee5012017d4174e1e66f815dfeb7fdb0692c188d23344cb1cc","status":"success","startEpochMs":1787566034221,"endEpochMs":1787566034512,"latencyMs":291}
2026.08.24-15:37:14.620[32m info [39m [caliper] [default-observer] 	[write-tps-20 Round 5 Transaction Info] - Submitted: 484 Succ: 480 Fail:0 Unfinished:4
CALIPER_TX_LATENCY {"workerIndex":2,"roundIndex":5,"roundLabel":"write-tps-20","transactionId":"7b9dc8c91cb7dd4fe5ec6b009c061b08f7422be3867f749bac22068de61049be","status":"success","startEpochMs":1787566034622,"endEpochMs":1787566035105,"latencyMs":483}
CALIPER_TX_LATENCY {"workerIndex":0,"roundIndex":5,"roundLabel":"write-tps-20","transactionId":"12ab966e97e58306e6d9c4e7c60192438782665cb595d22310a0fa453c52e29c","status":"success","startEpochMs":1787566035023,"endEpochMs":1787566035105,"latencyMs":82}
CALIPER_TX_LATENCY {"workerIndex":1,"roundIndex":5,"roundLabel":"write-tps-20","transactionId":"1b23ddb93111209cd4fe500e77608f34f3b98cbc27e66622aeae6392052aea38","status":"success","startEpochMs":1787566034621,"endEpochMs":1787566035105,"latencyMs":484}
CALIPER_TX_LATENCY {"workerIndex":3,"roundIndex":5,"roundLabel":"write-tps-20","transactionId":"568b9c7fa72e2880ba0c57ac541eb9f222974a9bc65529d275f332d2f093119a","status":"success","startEpochMs":1787566034622,"endEpochMs":1787566035105,"latencyMs":483}
CALIPER_TX_LATENCY {"workerIndex":1,"roundIndex":5,"roundLabel":"write-tps-20","transactionId":"6480eab1ccc4c98320e39a3ad6162c9571ef6bd8eba7a1937831f08b2b7a6815","status":"success","startEpochMs":1787566034821,"endEpochMs":1787566035106,"latencyMs":285}
CALIPER_TX_LATENCY {"workerIndex":2,"roundIndex":5,"roundLabel":"write-tps-20","transactionId":"306ce6a87b969ae59c4677a8c9e7a298e609ad3a7a88cd3980f5c269afe73a14","status":"success","startEpochMs":1787566034821,"endEpochMs":1787566035106,"latencyMs":285}
CALIPER_TX_LATENCY {"workerIndex":3,"roundIndex":5,"roundLabel":"write-tps-20","transactionId":"641226695e096be9e63ab0d45b4580cefe502d5833e17abc6cb8228245457552","status":"success","startEpochMs":1787566034821,"endEpochMs":1787566035106,"latencyMs":285}
CALIPER_TX_LATENCY {"workerIndex":0,"roundIndex":5,"roundLabel":"write-tps-20","transactionId":"501303cb4fd07b61d9119c9a96c5e223e2ebe0e0d996c5aea6fd56c9cb62ab26","status":"success","startEpochMs":1787566034625,"endEpochMs":1787566035106,"latencyMs":481}
CALIPER_TX_LATENCY {"workerIndex":0,"roundIndex":5,"roundLabel":"write-tps-20","transactionId":"27c495449ed7d36e02c015839f5c59de7fb028fcf8c8ad9ad507598d91da8cb4","status":"success","startEpochMs":1787566034822,"endEpochMs":1787566035106,"latencyMs":284}
CALIPER_TX_LATENCY {"workerIndex":2,"roundIndex":5,"roundLabel":"write-tps-20","transactionId":"20a5c7274a552e8cf2b2a429a72a567d7c7ec944b443a0bc370145227550c8aa","status":"success","startEpochMs":1787566035020,"endEpochMs":1787566035106,"latencyMs":86}
CALIPER_TX_LATENCY {"workerIndex":1,"roundIndex":5,"roundLabel":"write-tps-20","transactionId":"36eb7c2918347146adec436c124059845d445d2fde83089f9db3f685cd181469","status":"success","startEpochMs":1787566035422,"endEpochMs":1787566035508,"latencyMs":86}
CALIPER_TX_LATENCY {"workerIndex":2,"roundIndex":5,"roundLabel":"write-tps-20","transactionId":"02fffee2d6382bec834de1d31ff026b7b8636a90b338a6ea4bdedaca0dad589d","status":"success","startEpochMs":1787566035223,"endEpochMs":1787566035508,"latencyMs":285}
CALIPER_TX_LATENCY {"workerIndex":1,"roundIndex":5,"roundLabel":"write-tps-20","transactionId":"2a819279a2d8fa56e5958fc171a47a9b62f7a52d48701a759919a6e30351b104","status":"success","startEpochMs":1787566035020,"endEpochMs":1787566035509,"latencyMs":489}
CALIPER_TX_LATENCY {"workerIndex":2,"roundIndex":5,"roundLabel":"write-tps-20","transactionId":"d148f333a8fdb9c4834dc4519050f351cdb0be9805a8a5d6fa6e034d7c188985","status":"success","startEpochMs":1787566035422,"endEpochMs":1787566035511,"latencyMs":89}
CALIPER_TX_LATENCY {"workerIndex":3,"roundIndex":5,"roundLabel":"write-tps-20","transactionId":"4a9715000ddaaf60f533fc17dd05ae225cc966eabcc8212f34873d519cae0e05","status":"success","startEpochMs":1787566035021,"endEpochMs":1787566035508,"latencyMs":487}
CALIPER_TX_LATENCY {"workerIndex":0,"roundIndex":5,"roundLabel":"write-tps-20","transactionId":"7f68b81972e3aacc134b81c38c205df403431155d7f4cb8819f175a257fabf84","status":"success","startEpochMs":1787566035422,"endEpochMs":1787566035511,"latencyMs":89}
CALIPER_TX_LATENCY {"workerIndex":3,"roundIndex":5,"roundLabel":"write-tps-20","transactionId":"e7e7d36e1d569af807126acd1134e010c0b7e06047b522802f6e226a957baa79","status":"success","startEpochMs":1787566035422,"endEpochMs":1787566035511,"latencyMs":89}
CALIPER_TX_LATENCY {"workerIndex":1,"roundIndex":5,"roundLabel":"write-tps-20","transactionId":"d36ca47b16d7f8fca20f7df775af26c363e3f671281a70189f05bf5055c7bef1","status":"success","startEpochMs":1787566035221,"endEpochMs":1787566035512,"latencyMs":291}
CALIPER_TX_LATENCY {"workerIndex":3,"roundIndex":5,"roundLabel":"write-tps-20","transactionId":"6ac42d0066434059741d12bf74507767ebc3159a73c2d5810bd77d3a4c5587ac","status":"success","startEpochMs":1787566035222,"endEpochMs":1787566035512,"latencyMs":290}
CALIPER_TX_LATENCY {"workerIndex":0,"roundIndex":5,"roundLabel":"write-tps-20","transactionId":"0e3c38ab03dd0814c4407222dd236a3a09533c713659c4138eafa9611b104075","status":"success","startEpochMs":1787566035224,"endEpochMs":1787566035512,"latencyMs":288}
CALIPER_TX_LATENCY {"workerIndex":1,"roundIndex":5,"roundLabel":"write-tps-20","transactionId":"c9f93d026b34745405d66e26ed7d130dcf1f2458d626a2649bab87e14eae8baa","status":"success","startEpochMs":1787566035821,"endEpochMs":1787566036127,"latencyMs":306}
CALIPER_TX_LATENCY {"workerIndex":3,"roundIndex":5,"roundLabel":"write-tps-20","transactionId":"69fd5dbc96eadc3ac80b92c645dc245574c5717cc15eff1becb93b98ceb6df8b","status":"success","startEpochMs":1787566035621,"endEpochMs":1787566036128,"latencyMs":507}
CALIPER_TX_LATENCY {"workerIndex":2,"roundIndex":5,"roundLabel":"write-tps-20","transactionId":"44064239676ed5383c106b72dedbb7238580d737070934f757ee1a5e51fb2917","status":"success","startEpochMs":1787566035821,"endEpochMs":1787566036128,"latencyMs":307}
CALIPER_TX_LATENCY {"workerIndex":1,"roundIndex":5,"roundLabel":"write-tps-20","transactionId":"fff7a612d0d76b14484e203724d0c91d9977216ceb23c60fd5ce2fcf596079af","status":"success","startEpochMs":1787566036021,"endEpochMs":1787566036128,"latencyMs":107}
CALIPER_TX_LATENCY {"workerIndex":0,"roundIndex":5,"roundLabel":"write-tps-20","transactionId":"4b04392e36db1b2d2a5bedd07454b9534da448c2512ee1fe0e2956da63d54257","status":"success","startEpochMs":1787566035821,"endEpochMs":1787566036128,"latencyMs":307}
CALIPER_TX_LATENCY {"workerIndex":3,"roundIndex":5,"roundLabel":"write-tps-20","transactionId":"54d0e9b4c9c2f3307fe6a3fc9c81774d1bf090b614ae8035114aeac0cf28c294","status":"success","startEpochMs":1787566035821,"endEpochMs":1787566036128,"latencyMs":307}
CALIPER_TX_LATENCY {"workerIndex":2,"roundIndex":5,"roundLabel":"write-tps-20","transactionId":"6967b3fda2833248e1a96e44c28e6ed19af09be12ba873b4f62f1e4ce250a3ee","status":"success","startEpochMs":1787566036023,"endEpochMs":1787566036128,"latencyMs":105}
CALIPER_TX_LATENCY {"workerIndex":1,"roundIndex":5,"roundLabel":"write-tps-20","transactionId":"62dc7771a104593cae1e43ce69d183662505097f26835173a2a6661f78048233","status":"success","startEpochMs":1787566035621,"endEpochMs":1787566036128,"latencyMs":507}
CALIPER_TX_LATENCY {"workerIndex":0,"roundIndex":5,"roundLabel":"write-tps-20","transactionId":"82fa18cd9e584effd941df18683891f01d2f82807f69e466058f5d799d35277f","status":"success","startEpochMs":1787566035622,"endEpochMs":1787566036129,"latencyMs":507}
CALIPER_TX_LATENCY {"workerIndex":2,"roundIndex":5,"roundLabel":"write-tps-20","transactionId":"b5f10eb84aecc3efccb8384d197d9707dae171b21e7348f82f85110758a59f6b","status":"success","startEpochMs":1787566035621,"endEpochMs":1787566036129,"latencyMs":508}
CALIPER_TX_LATENCY {"workerIndex":3,"roundIndex":5,"roundLabel":"write-tps-20","transactionId":"3d3ac7fa22efba9b5eed33f77d97074d6094807a2365d734f0150b19e36beed4","status":"success","startEpochMs":1787566036023,"endEpochMs":1787566036515,"latencyMs":492}
CALIPER_TX_LATENCY {"workerIndex":2,"roundIndex":5,"roundLabel":"write-tps-20","transactionId":"c2e293eff8125688d4364c83a7650df95c3e6a4369eb358b4924164ecbfd82bd","status":"success","startEpochMs":1787566036423,"endEpochMs":1787566036515,"latencyMs":92}
CALIPER_TX_LATENCY {"workerIndex":1,"roundIndex":5,"roundLabel":"write-tps-20","transactionId":"fac29031c86c27c6c297e4779a1c9da227396b5bb37cdf687972d6ef736d91c4","status":"success","startEpochMs":1787566036222,"endEpochMs":1787566036515,"latencyMs":293}
CALIPER_TX_LATENCY {"workerIndex":0,"roundIndex":5,"roundLabel":"write-tps-20","transactionId":"1d0a0e08a4b698a10e9b02fa29ab17dce89bc174d81c261534e22a3873a0fd6f","status":"success","startEpochMs":1787566036424,"endEpochMs":1787566036515,"latencyMs":91}
CALIPER_TX_LATENCY {"workerIndex":3,"roundIndex":5,"roundLabel":"write-tps-20","transactionId":"156ba7e6a7fe7781491acf5d71784af877665a57cd7254c9890211eaa77a07f0","status":"success","startEpochMs":1787566036223,"endEpochMs":1787566036515,"latencyMs":292}
CALIPER_TX_LATENCY {"workerIndex":2,"roundIndex":5,"roundLabel":"write-tps-20","transactionId":"9f91402e9de596e081a57dc6f38514c7552c9880259be993b488f338f1274dfe","status":"success","startEpochMs":1787566036223,"endEpochMs":1787566036515,"latencyMs":292}
CALIPER_TX_LATENCY {"workerIndex":1,"roundIndex":5,"roundLabel":"write-tps-20","transactionId":"53dba1dcb8c2a3ea27ba76ba7e66bb1fa85381012f3b0551cc263b25581542f0","status":"success","startEpochMs":1787566036423,"endEpochMs":1787566036516,"latencyMs":93}
CALIPER_TX_LATENCY {"workerIndex":0,"roundIndex":5,"roundLabel":"write-tps-20","transactionId":"3eca4d58971042a369cb8a0977e18b04730e9f58b1d5a9456193c8270721b29a","status":"success","startEpochMs":1787566036222,"endEpochMs":1787566036516,"latencyMs":294}
CALIPER_TX_LATENCY {"workerIndex":3,"roundIndex":5,"roundLabel":"write-tps-20","transactionId":"e24d203e355d62b553b4c0a7b0fe8cb352700b3bcf62766f208343d39b12d14f","status":"success","startEpochMs":1787566036423,"endEpochMs":1787566036516,"latencyMs":93}
CALIPER_TX_LATENCY {"workerIndex":0,"roundIndex":5,"roundLabel":"write-tps-20","transactionId":"5d7dc6a60f500bc8456c659cb8cd09dc263d5f52703be0258b4e7a891fe690dc","status":"success","startEpochMs":1787566036024,"endEpochMs":1787566036516,"latencyMs":492}
CALIPER_TX_LATENCY {"workerIndex":1,"roundIndex":5,"roundLabel":"write-tps-20","transactionId":"9ea6ce01d911b7c2ff7ff96e2447bb67189d12976e5e0d720aacd0092f6376aa","status":"success","startEpochMs":1787566036821,"endEpochMs":1787566037120,"latencyMs":299}
CALIPER_TX_LATENCY {"workerIndex":3,"roundIndex":5,"roundLabel":"write-tps-20","transactionId":"971186c2f901348e6d6593bc0afdb5caf8c6ab212edbee91f0f77ec6baacf1f5","status":"success","startEpochMs":1787566036822,"endEpochMs":1787566037120,"latencyMs":298}
CALIPER_TX_LATENCY {"workerIndex":2,"roundIndex":5,"roundLabel":"write-tps-20","transactionId":"7c199c4e5aa9d5b85a1c6046fa812512eaee6ae6f65ccd330a071231ee71f7da","status":"success","startEpochMs":1787566037022,"endEpochMs":1787566037120,"latencyMs":98}
CALIPER_TX_LATENCY {"workerIndex":3,"roundIndex":5,"roundLabel":"write-tps-20","transactionId":"3cd00bb4e40dadc8671ea205bc28bcb97a84de98c6a4b781353a509bb2b82d83","status":"success","startEpochMs":1787566036623,"endEpochMs":1787566037120,"latencyMs":497}
CALIPER_TX_LATENCY {"workerIndex":0,"roundIndex":5,"roundLabel":"write-tps-20","transactionId":"af4014e3538ebb2b238e8001850dee75286a59ebb9a70e36a8067f652a59f0c1","status":"success","startEpochMs":1787566036625,"endEpochMs":1787566037120,"latencyMs":495}
CALIPER_TX_LATENCY {"workerIndex":1,"roundIndex":5,"roundLabel":"write-tps-20","transactionId":"53f3adfc9313515ae53e77c0cc3b87201ac3ca1c2eecb93608833d9bf134e0f8","status":"success","startEpochMs":1787566036622,"endEpochMs":1787566037120,"latencyMs":498}
CALIPER_TX_LATENCY {"workerIndex":1,"roundIndex":5,"roundLabel":"write-tps-20","transactionId":"2a1a454b8daeaf6736bd150840801011cee6a30a1610da02eba7db092ff4ed54","status":"success","startEpochMs":1787566037022,"endEpochMs":1787566037121,"latencyMs":99}
CALIPER_TX_LATENCY {"workerIndex":0,"roundIndex":5,"roundLabel":"write-tps-20","transactionId":"b4dff0d2eaf95dc408b61a3f28e8e40b2edc7197f6e9bbc21fcd5b4b31c82264","status":"success","startEpochMs":1787566036822,"endEpochMs":1787566037121,"latencyMs":299}
CALIPER_TX_LATENCY {"workerIndex":2,"roundIndex":5,"roundLabel":"write-tps-20","transactionId":"76533cc0f671a71f220fe788d6cf3114e2764adb7133d293a4145511fda1591c","status":"success","startEpochMs":1787566036621,"endEpochMs":1787566037121,"latencyMs":500}
CALIPER_TX_LATENCY {"workerIndex":2,"roundIndex":5,"roundLabel":"write-tps-20","transactionId":"e30d14e945e46ae05e44f54278acc8d661b46dce686e6d45904ec5639de50de8","status":"success","startEpochMs":1787566036822,"endEpochMs":1787566037121,"latencyMs":299}
CALIPER_TX_LATENCY {"workerIndex":3,"roundIndex":5,"roundLabel":"write-tps-20","transactionId":"4ba9ee1394b254a031c71fbc4be2d647da1ecb0dcfd233f7dbe18e6c2530f720","status":"success","startEpochMs":1787566037222,"endEpochMs":1787566037508,"latencyMs":286}
CALIPER_TX_LATENCY {"workerIndex":1,"roundIndex":5,"roundLabel":"write-tps-20","transactionId":"3be2f08577393374f3bdefd258621a0349f92c099ff6873f2b97bb1fa51b0104","status":"success","startEpochMs":1787566037221,"endEpochMs":1787566037508,"latencyMs":287}
CALIPER_TX_LATENCY {"workerIndex":0,"roundIndex":5,"roundLabel":"write-tps-20","transactionId":"d7497d4d44329ead179f3a2dd2454620de6db66aaf2e7985e47b7140cc816bbb","status":"success","startEpochMs":1787566037224,"endEpochMs":1787566037508,"latencyMs":284}
CALIPER_TX_LATENCY {"workerIndex":2,"roundIndex":5,"roundLabel":"write-tps-20","transactionId":"2f9702851be871bf435317892900c9a09939d93ab9010b083b3313f21c6012df","status":"success","startEpochMs":1787566037222,"endEpochMs":1787566037508,"latencyMs":286}
CALIPER_TX_LATENCY {"workerIndex":3,"roundIndex":5,"roundLabel":"write-tps-20","transactionId":"e93f397b2fdb7f24cd642cb43a103e51b3dc3a242e86240517741a4deb965fcc","status":"success","startEpochMs":1787566037423,"endEpochMs":1787566037509,"latencyMs":86}
CALIPER_TX_LATENCY {"workerIndex":0,"roundIndex":5,"roundLabel":"write-tps-20","transactionId":"4d4251c68d793eb5e3e997996668831fe724121e3c93c9d66509b1b8fd3049f5","status":"success","startEpochMs":1787566037023,"endEpochMs":1787566037509,"latencyMs":486}
CALIPER_TX_LATENCY {"workerIndex":1,"roundIndex":5,"roundLabel":"write-tps-20","transactionId":"581ea7b5026df781eff8b95413303e7c630b58fd0cd42223cf136a0f2cc86421","status":"success","startEpochMs":1787566037422,"endEpochMs":1787566037509,"latencyMs":87}
CALIPER_TX_LATENCY {"workerIndex":2,"roundIndex":5,"roundLabel":"write-tps-20","transactionId":"96db97be7b3b4cebd2ca84e19c815a9ecbf17cb114b23374a667423edd726333","status":"success","startEpochMs":1787566037423,"endEpochMs":1787566037509,"latencyMs":86}
CALIPER_TX_LATENCY {"workerIndex":3,"roundIndex":5,"roundLabel":"write-tps-20","transactionId":"2104a268c56ecda3ca71c77a16f2b4a57be0a80364f9993ab3629c3ad82c81e1","status":"success","startEpochMs":1787566037025,"endEpochMs":1787566037509,"latencyMs":484}
CALIPER_TX_LATENCY {"workerIndex":0,"roundIndex":5,"roundLabel":"write-tps-20","transactionId":"9e6e0b7111414e20532b6080ac39f363056e23ba21691266b78e934526ed55de","status":"success","startEpochMs":1787566037423,"endEpochMs":1787566037509,"latencyMs":86}
CALIPER_TX_LATENCY {"workerIndex":2,"roundIndex":5,"roundLabel":"write-tps-20","transactionId":"e86df97cefb44143eaf6caf43b77c9cf412540b9669409b4eb99c44eafb4c462","status":"success","startEpochMs":1787566037822,"endEpochMs":1787566038123,"latencyMs":301}
CALIPER_TX_LATENCY {"workerIndex":0,"roundIndex":5,"roundLabel":"write-tps-20","transactionId":"56bed32d898634b68e0aa6ed4f67c815ae62884cf4266e5c56cdd421a7234720","status":"success","startEpochMs":1787566037822,"endEpochMs":1787566038123,"latencyMs":301}
CALIPER_TX_LATENCY {"workerIndex":1,"roundIndex":5,"roundLabel":"write-tps-20","transactionId":"aa6bdd5abce2caeef58372b31fe263dd07d5f571d7634c03ed4cdc812f5da320","status":"success","startEpochMs":1787566037821,"endEpochMs":1787566038123,"latencyMs":302}
CALIPER_TX_LATENCY {"workerIndex":3,"roundIndex":5,"roundLabel":"write-tps-20","transactionId":"4992d4b1164f3de937204bd8c66257bcc9460e04b5b3ab5756583e5a021f02bb","status":"success","startEpochMs":1787566038021,"endEpochMs":1787566038123,"latencyMs":102}
CALIPER_TX_LATENCY {"workerIndex":2,"roundIndex":5,"roundLabel":"write-tps-20","transactionId":"739103b75095429b80f88b3f9d39e027dca1e9cecf908db164b9a241b0791e72","status":"success","startEpochMs":1787566037620,"endEpochMs":1787566038124,"latencyMs":504}
CALIPER_TX_LATENCY {"workerIndex":3,"roundIndex":5,"roundLabel":"write-tps-20","transactionId":"f71cac57226061ef6f860fce30896a005fd54f73e26ae5455341a9dcda49b3cc","status":"success","startEpochMs":1787566037821,"endEpochMs":1787566038124,"latencyMs":303}
CALIPER_TX_LATENCY {"workerIndex":0,"roundIndex":5,"roundLabel":"write-tps-20","transactionId":"1ca36264843c606391e1b39a39150591946650f91afbc9c8e4c11af615167951","status":"success","startEpochMs":1787566037621,"endEpochMs":1787566038124,"latencyMs":503}
CALIPER_TX_LATENCY {"workerIndex":1,"roundIndex":5,"roundLabel":"write-tps-20","transactionId":"e4f48021be08bd91e757c90f612d4f26a0afd1960a128434d6cd1db6f1f0abde","status":"success","startEpochMs":1787566037620,"endEpochMs":1787566038124,"latencyMs":504}
CALIPER_TX_LATENCY {"workerIndex":2,"roundIndex":5,"roundLabel":"write-tps-20","transactionId":"ca4e12f80f8ea06803c18f5ae9d6c590e694623de1a5186262ec1ae76a09768b","status":"success","startEpochMs":1787566038022,"endEpochMs":1787566038124,"latencyMs":102}
CALIPER_TX_LATENCY {"workerIndex":3,"roundIndex":5,"roundLabel":"write-tps-20","transactionId":"94496318b2e284050ac9ee0429302190b69dcc105cf6cc0206d85cb3d91d9bd9","status":"success","startEpochMs":1787566037623,"endEpochMs":1787566038124,"latencyMs":501}
CALIPER_TX_LATENCY {"workerIndex":1,"roundIndex":5,"roundLabel":"write-tps-20","transactionId":"5218be55a13099dff9b62bacff356ff45dd544ec0d4d3a206439a960b4b03ebf","status":"success","startEpochMs":1787566038021,"endEpochMs":1787566038512,"latencyMs":491}
CALIPER_TX_LATENCY {"workerIndex":2,"roundIndex":5,"roundLabel":"write-tps-20","transactionId":"19eb682fd93805206fca4b546f98cdd83f13961399f8b0e02d2e7ffaee3faa43","status":"success","startEpochMs":1787566038221,"endEpochMs":1787566038512,"latencyMs":291}
CALIPER_TX_LATENCY {"workerIndex":3,"roundIndex":5,"roundLabel":"write-tps-20","transactionId":"756af1ce3710cb8ab8f7c103fc060a2211b4bf186ed1faf01eff9740f35a3de9","status":"success","startEpochMs":1787566038422,"endEpochMs":1787566038512,"latencyMs":90}
CALIPER_TX_LATENCY {"workerIndex":0,"roundIndex":5,"roundLabel":"write-tps-20","transactionId":"9bbbeb5da64545201e0c58567a26578d24b4036cacbbb79a0f1a5f8b0b3fbd13","status":"success","startEpochMs":1787566038022,"endEpochMs":1787566038512,"latencyMs":490}
CALIPER_TX_LATENCY {"workerIndex":1,"roundIndex":5,"roundLabel":"write-tps-20","transactionId":"3fd07d37c2cbabba3045fad603028b4e5b57fb0311d57534d9cbe86090dbf7fe","status":"success","startEpochMs":1787566038221,"endEpochMs":1787566038512,"latencyMs":291}
CALIPER_TX_LATENCY {"workerIndex":2,"roundIndex":5,"roundLabel":"write-tps-20","transactionId":"a2c4755f46652a62f990f4c3331f2d9f0c0bdb7fe2ba0313012625b43dedc6d8","status":"success","startEpochMs":1787566038422,"endEpochMs":1787566038512,"latencyMs":90}
CALIPER_TX_LATENCY {"workerIndex":3,"roundIndex":5,"roundLabel":"write-tps-20","transactionId":"61406520cf0c50347323fb4fd2be4a593cd03664690c26dc7ada208cbf6df475","status":"success","startEpochMs":1787566038222,"endEpochMs":1787566038512,"latencyMs":290}
CALIPER_TX_LATENCY {"workerIndex":0,"roundIndex":5,"roundLabel":"write-tps-20","transactionId":"b6a4737654efa4ae62e36ee48282dc5734b40c29eec6a32e97949469108d26f0","status":"success","startEpochMs":1787566038423,"endEpochMs":1787566038513,"latencyMs":90}
CALIPER_TX_LATENCY {"workerIndex":1,"roundIndex":5,"roundLabel":"write-tps-20","transactionId":"c370b0baec10ee71dac2e49b4418ec143eb5ce7e355a21c39ec105128cf9ded0","status":"success","startEpochMs":1787566038422,"endEpochMs":1787566038513,"latencyMs":91}
CALIPER_TX_LATENCY {"workerIndex":0,"roundIndex":5,"roundLabel":"write-tps-20","transactionId":"05388e82ee731e4a7fca41483037d3ccfc258d6e6f11a64c35417ab84fa2a82a","status":"success","startEpochMs":1787566038222,"endEpochMs":1787566038513,"latencyMs":291}
CALIPER_TX_LATENCY {"workerIndex":2,"roundIndex":5,"roundLabel":"write-tps-20","transactionId":"79baf82898112a19babbe0e570285ea068c8354c8cd4c6d8c688bdba34ccbcf7","status":"success","startEpochMs":1787566039021,"endEpochMs":1787566039096,"latencyMs":75}
CALIPER_TX_LATENCY {"workerIndex":1,"roundIndex":5,"roundLabel":"write-tps-20","transactionId":"1a8a7dc09d432c5aa335545592210e116c7bf5bc078602faeb3717824675cea8","status":"success","startEpochMs":1787566038621,"endEpochMs":1787566039096,"latencyMs":475}
CALIPER_TX_LATENCY {"workerIndex":2,"roundIndex":5,"roundLabel":"write-tps-20","transactionId":"02bdbed71b8c336f2169516399c890f6fa931e979078af3942b0862eb58fdef7","status":"success","startEpochMs":1787566038621,"endEpochMs":1787566039096,"latencyMs":475}
CALIPER_TX_LATENCY {"workerIndex":2,"roundIndex":5,"roundLabel":"write-tps-20","transactionId":"c89077c952ed9de5a8d3355fef771c5cc8da7cf9dd79d93c7727325b5f9e8a09","status":"success","startEpochMs":1787566038821,"endEpochMs":1787566039097,"latencyMs":276}
CALIPER_TX_LATENCY {"workerIndex":3,"roundIndex":5,"roundLabel":"write-tps-20","transactionId":"39409fd7730820bb054c731ad342c70811416ca055c87e144e0830a72d59de1e","status":"success","startEpochMs":1787566038622,"endEpochMs":1787566039096,"latencyMs":474}
CALIPER_TX_LATENCY {"workerIndex":0,"roundIndex":5,"roundLabel":"write-tps-20","transactionId":"97d5eb23e1e0dffc4bbab70764609e8007335bcbb9ef42e1273da9d64d8cc2f0","status":"success","startEpochMs":1787566038623,"endEpochMs":1787566039096,"latencyMs":473}
CALIPER_TX_LATENCY {"workerIndex":1,"roundIndex":5,"roundLabel":"write-tps-20","transactionId":"e9c290b9550a94d5c1f98b27c11fe0c505678bf99d345989718456b68615ed36","status":"success","startEpochMs":1787566038821,"endEpochMs":1787566039102,"latencyMs":281}
CALIPER_TX_LATENCY {"workerIndex":3,"roundIndex":5,"roundLabel":"write-tps-20","transactionId":"62e4f6005c2f65da960274f3b66f858931bf17ab735cc701e8ce3bb913329569","status":"success","startEpochMs":1787566038822,"endEpochMs":1787566039103,"latencyMs":281}
CALIPER_TX_LATENCY {"workerIndex":0,"roundIndex":5,"roundLabel":"write-tps-20","transactionId":"83f7ee29ba2f412416a7ad6d5dd6f8b352af1698c0110d1e9e6d5db6ad821b68","status":"success","startEpochMs":1787566038822,"endEpochMs":1787566039103,"latencyMs":281}
CALIPER_TX_LATENCY {"workerIndex":0,"roundIndex":5,"roundLabel":"write-tps-20","transactionId":"827cc00f697cccadc13b1cb3ef3abeae57916515b3071912ac63a9e2fcef701a","status":"success","startEpochMs":1787566039022,"endEpochMs":1787566039103,"latencyMs":81}
CALIPER_TX_LATENCY {"workerIndex":3,"roundIndex":5,"roundLabel":"write-tps-20","transactionId":"8dd73663d8122743c0e520a03abf2cc169ab676c59a309382718b83c00a266ef","status":"success","startEpochMs":1787566039021,"endEpochMs":1787566039508,"latencyMs":487}
CALIPER_TX_LATENCY {"workerIndex":0,"roundIndex":5,"roundLabel":"write-tps-20","transactionId":"fe4304d22231cbc00611fcbb9cb9ca3a890d9fdc44a7d1543a2deda1b4cdcb2e","status":"success","startEpochMs":1787566039423,"endEpochMs":1787566039508,"latencyMs":85}
CALIPER_TX_LATENCY {"workerIndex":2,"roundIndex":5,"roundLabel":"write-tps-20","transactionId":"719daf38614c66839e1f2427b4a5e6cbaac85cc0e02f99e40a9fb26058011fdf","status":"success","startEpochMs":1787566039228,"endEpochMs":1787566039508,"latencyMs":280}
CALIPER_TX_LATENCY {"workerIndex":1,"roundIndex":5,"roundLabel":"write-tps-20","transactionId":"e60c7dad43edac1467d7ecf732a13b7e6087b066a39db54fdf199ea8be91b63d","status":"success","startEpochMs":1787566039021,"endEpochMs":1787566039508,"latencyMs":487}
CALIPER_TX_LATENCY {"workerIndex":2,"roundIndex":5,"roundLabel":"write-tps-20","transactionId":"881247ad7605e3bed5f80694352344ab4938d02b707af3290403d43716fce2d8","status":"success","startEpochMs":1787566039423,"endEpochMs":1787566039509,"latencyMs":86}
CALIPER_TX_LATENCY {"workerIndex":3,"roundIndex":5,"roundLabel":"write-tps-20","transactionId":"da26c3409e1370dd45134c6340ed2e5212690e9e85313afb17c5d42397ae06a1","status":"success","startEpochMs":1787566039424,"endEpochMs":1787566039509,"latencyMs":85}
CALIPER_TX_LATENCY {"workerIndex":1,"roundIndex":5,"roundLabel":"write-tps-20","transactionId":"f2bf184eb5f9824ed170d4fbe92645c4c4c47a1903c05a7f289c19acfe773d4a","status":"success","startEpochMs":1787566039423,"endEpochMs":1787566039509,"latencyMs":86}
CALIPER_TX_LATENCY {"workerIndex":0,"roundIndex":5,"roundLabel":"write-tps-20","transactionId":"fe0084d4cc6ae665f895aff85feaac61eab560761b6e98ad6b23603a39ed39ab","status":"success","startEpochMs":1787566039223,"endEpochMs":1787566039509,"latencyMs":286}
CALIPER_TX_LATENCY {"workerIndex":3,"roundIndex":5,"roundLabel":"write-tps-20","transactionId":"5b443ab2f28a9dbc55b54936c6452ae7782a4445e6f3593b2979910429135396","status":"success","startEpochMs":1787566039223,"endEpochMs":1787566039509,"latencyMs":286}
CALIPER_TX_LATENCY {"workerIndex":1,"roundIndex":5,"roundLabel":"write-tps-20","transactionId":"a489286d9176ea144f8d07c79e0d335409a42b9eb7a1c32c3602efee5565fffe","status":"success","startEpochMs":1787566039222,"endEpochMs":1787566039511,"latencyMs":289}
2026.08.24-15:37:19.621[32m info [39m [caliper] [default-observer] 	[write-tps-20 Round 5 Transaction Info] - Submitted: 584 Succ: 580 Fail:0 Unfinished:4
CALIPER_TX_LATENCY {"workerIndex":2,"roundIndex":5,"roundLabel":"write-tps-20","transactionId":"9e39828b6dd192f762cad9fad2595ba4c420bb146dbba1f1c0524fa3b08434b4","status":"success","startEpochMs":1787566039821,"endEpochMs":1787566040129,"latencyMs":308}
CALIPER_TX_LATENCY {"workerIndex":1,"roundIndex":5,"roundLabel":"write-tps-20","transactionId":"d6b2dd26c14262d5f0baccd6c9aca725b30c3a6583bfa14033369ddef2bd2b7f","status":"success","startEpochMs":1787566039821,"endEpochMs":1787566040129,"latencyMs":308}
CALIPER_TX_LATENCY {"workerIndex":3,"roundIndex":5,"roundLabel":"write-tps-20","transactionId":"ec64a8cbbdb1cbbf3fe2259f5fd6a3eb6bdade1b2dec609bb19f90c78495c35d","status":"success","startEpochMs":1787566039621,"endEpochMs":1787566040129,"latencyMs":508}
CALIPER_TX_LATENCY {"workerIndex":0,"roundIndex":5,"roundLabel":"write-tps-20","transactionId":"d53aa7ace4b1ce75f90112be423f1cd471fae86836262d00ebe47e1897c96b34","status":"success","startEpochMs":1787566039822,"endEpochMs":1787566040129,"latencyMs":307}
CALIPER_TX_LATENCY {"workerIndex":2,"roundIndex":5,"roundLabel":"write-tps-20","transactionId":"b48f3f48724fd6f327f6c01dc50ceb45f722701fb01c541260ec75f9f50eedf4","status":"success","startEpochMs":1787566039621,"endEpochMs":1787566040129,"latencyMs":508}
CALIPER_TX_LATENCY {"workerIndex":3,"roundIndex":5,"roundLabel":"write-tps-20","transactionId":"ea35f6694cccd223b6cca7d1ec5d63e353fe7600f56e5026782d5694fccf479f","status":"success","startEpochMs":1787566039822,"endEpochMs":1787566040130,"latencyMs":308}
CALIPER_TX_LATENCY {"workerIndex":1,"roundIndex":5,"roundLabel":"write-tps-20","transactionId":"6601a5bda98fce5ff9496a9d203bc30c1c042bd9434d94b1ebaee7251d84f020","status":"success","startEpochMs":1787566039621,"endEpochMs":1787566040130,"latencyMs":509}
CALIPER_TX_LATENCY {"workerIndex":0,"roundIndex":5,"roundLabel":"write-tps-20","transactionId":"807f7152c17bb792d70ae0a7ae964bb4507a4a27f6e5ee01335fb80fe1702c50","status":"success","startEpochMs":1787566039621,"endEpochMs":1787566040130,"latencyMs":509}
CALIPER_TX_LATENCY {"workerIndex":3,"roundIndex":5,"roundLabel":"write-tps-20","transactionId":"6f378fcfb54f2c6bee4ef555736af5e0d650d671ac5e3da37c667b753ee2934c","status":"success","startEpochMs":1787566040021,"endEpochMs":1787566040130,"latencyMs":109}
CALIPER_TX_LATENCY {"workerIndex":0,"roundIndex":5,"roundLabel":"write-tps-20","transactionId":"43890caeda1b91860a24b01259d37da1370a27f901b20e34eabcc0b561e570be","status":"success","startEpochMs":1787566040022,"endEpochMs":1787566040130,"latencyMs":108}
CALIPER_TX_LATENCY {"workerIndex":0,"roundIndex":5,"roundLabel":"write-tps-20","transactionId":"6d3338f0790ef69442ee1407659d5388323f4f77e6fc2ec929ea702262be0d43","status":"success","startEpochMs":1787566040423,"endEpochMs":1787566040509,"latencyMs":86}
CALIPER_TX_LATENCY {"workerIndex":2,"roundIndex":5,"roundLabel":"write-tps-20","transactionId":"f6754fb8dde7cbba86a749a36462612ce7f31a4cf8be1a6b088c1ee6c5010945","status":"success","startEpochMs":1787566040424,"endEpochMs":1787566040509,"latencyMs":85}
CALIPER_TX_LATENCY {"workerIndex":3,"roundIndex":5,"roundLabel":"write-tps-20","transactionId":"46cb24eb4d4b848f1c04105eb5b07f0009e33ee07f3fc302e9f4b724c492c7c2","status":"success","startEpochMs":1787566040224,"endEpochMs":1787566040509,"latencyMs":285}
CALIPER_TX_LATENCY {"workerIndex":1,"roundIndex":5,"roundLabel":"write-tps-20","transactionId":"33329f8d0d296450802aeaef450e47f4c67a7564a0a42733a329af8789775c5e","status":"success","startEpochMs":1787566040422,"endEpochMs":1787566040509,"latencyMs":87}
CALIPER_TX_LATENCY {"workerIndex":3,"roundIndex":5,"roundLabel":"write-tps-20","transactionId":"cea73d5ce667d7fc97691af3f3451a33aee70f42fc364cb0bf5f47be367d75a6","status":"success","startEpochMs":1787566040422,"endEpochMs":1787566040510,"latencyMs":88}
CALIPER_TX_LATENCY {"workerIndex":0,"roundIndex":5,"roundLabel":"write-tps-20","transactionId":"c62b467c9b7ecfc5b72bb289372354cd2d7ad20b957de1dca52e706028c7b70d","status":"success","startEpochMs":1787566040222,"endEpochMs":1787566040509,"latencyMs":287}
CALIPER_TX_LATENCY {"workerIndex":2,"roundIndex":5,"roundLabel":"write-tps-20","transactionId":"54759f84f47fd90a750457b170434df7e3e81c0a99a10e1a3b84411df23af880","status":"success","startEpochMs":1787566040022,"endEpochMs":1787566040509,"latencyMs":487}
CALIPER_TX_LATENCY {"workerIndex":1,"roundIndex":5,"roundLabel":"write-tps-20","transactionId":"b9247acf6eab06369cb6c3028392bb6057faf1fc6d93e58b9394f8dc5fbcae20","status":"success","startEpochMs":1787566040222,"endEpochMs":1787566040511,"latencyMs":289}
CALIPER_TX_LATENCY {"workerIndex":2,"roundIndex":5,"roundLabel":"write-tps-20","transactionId":"316b9eef568d53e3a84c7c3deeef68f142dfdafc4ac2479049b2d16d8fdb71c1","status":"success","startEpochMs":1787566040222,"endEpochMs":1787566040512,"latencyMs":290}
CALIPER_TX_LATENCY {"workerIndex":1,"roundIndex":5,"roundLabel":"write-tps-20","transactionId":"39db9efe660f57167ce8d70ede5ac413bea3a5e221b092208f5cb96db3fa49ac","status":"success","startEpochMs":1787566040021,"endEpochMs":1787566040512,"latencyMs":491}
CALIPER_TX_LATENCY {"workerIndex":1,"roundIndex":5,"roundLabel":"write-tps-20","transactionId":"51b2b825a4b98e9a2c7b464751d8d7150c1bf1cbf03d680a37f5ebd8b3d80d31","status":"success","startEpochMs":1787566040621,"endEpochMs":1787566041128,"latencyMs":507}
CALIPER_TX_LATENCY {"workerIndex":2,"roundIndex":5,"roundLabel":"write-tps-20","transactionId":"00763c81a1f647044520500af34b09b1b7b1aa6ee16fb6982649cbb327e03983","status":"success","startEpochMs":1787566040622,"endEpochMs":1787566041128,"latencyMs":506}
CALIPER_TX_LATENCY {"workerIndex":3,"roundIndex":5,"roundLabel":"write-tps-20","transactionId":"7f64ef54c3008791366916f530680b7e45c4ac6d68286240bde064893a51c947","status":"success","startEpochMs":1787566041022,"endEpochMs":1787566041128,"latencyMs":106}
CALIPER_TX_LATENCY {"workerIndex":0,"roundIndex":5,"roundLabel":"write-tps-20","transactionId":"67f794352a0f50bc7e17f83a2293fb28fba6952547d767b2304b822d05c2d170","status":"success","startEpochMs":1787566041021,"endEpochMs":1787566041128,"latencyMs":107}
CALIPER_TX_LATENCY {"workerIndex":2,"roundIndex":5,"roundLabel":"write-tps-20","transactionId":"9062c5c081f99bbeba393b1a937806de452e2bb4ef163d0708ed12a92a1f831a","status":"success","startEpochMs":1787566040822,"endEpochMs":1787566041129,"latencyMs":307}
CALIPER_TX_LATENCY {"workerIndex":1,"roundIndex":5,"roundLabel":"write-tps-20","transactionId":"cfbb24425dc9a2789491da693942ddcde582ecc5cc0e40403784b44db62bbda3","status":"success","startEpochMs":1787566040821,"endEpochMs":1787566041129,"latencyMs":308}
CALIPER_TX_LATENCY {"workerIndex":0,"roundIndex":5,"roundLabel":"write-tps-20","transactionId":"65268bcf71d742bc81a8c445bae7cbc264f7dc548300c64dcf46f21a9c29e963","status":"success","startEpochMs":1787566040821,"endEpochMs":1787566041129,"latencyMs":308}
CALIPER_TX_LATENCY {"workerIndex":3,"roundIndex":5,"roundLabel":"write-tps-20","transactionId":"e061b2bf1246e99ec370e7387a6513375b1a5de59656a4946596cace75ddaaab","status":"success","startEpochMs":1787566040630,"endEpochMs":1787566041129,"latencyMs":499}
CALIPER_TX_LATENCY {"workerIndex":0,"roundIndex":5,"roundLabel":"write-tps-20","transactionId":"8e39f5bd330742738bbb694850c0b8ccb802a4e1ebe642e9b4ecb934c7b4d615","status":"success","startEpochMs":1787566040630,"endEpochMs":1787566041129,"latencyMs":499}
CALIPER_TX_LATENCY {"workerIndex":3,"roundIndex":5,"roundLabel":"write-tps-20","transactionId":"14cdbabb17eadf4f141661e7dc98ee99f9819cb5482923e54bf6bd803a4d8435","status":"success","startEpochMs":1787566040822,"endEpochMs":1787566041129,"latencyMs":307}
CALIPER_TX_LATENCY {"workerIndex":2,"roundIndex":5,"roundLabel":"write-tps-20","transactionId":"eb93920c38a8a17531e81e3b07c24b4429945de7658d560f5081ef684913ef62","status":"success","startEpochMs":1787566041022,"endEpochMs":1787566041509,"latencyMs":487}
CALIPER_TX_LATENCY {"workerIndex":3,"roundIndex":5,"roundLabel":"write-tps-20","transactionId":"c549761650668d29429f65acfed70e0a2cf8d2873b1f65ab419d26bf7d5c77b3","status":"success","startEpochMs":1787566041222,"endEpochMs":1787566041509,"latencyMs":287}
CALIPER_TX_LATENCY {"workerIndex":2,"roundIndex":5,"roundLabel":"write-tps-20","transactionId":"1532ef2e13dad53344d8d8e596d79b0eaf71c1edeb3e3c2ef60525691507d608","status":"success","startEpochMs":1787566041221,"endEpochMs":1787566041510,"latencyMs":289}
CALIPER_TX_LATENCY {"workerIndex":0,"roundIndex":5,"roundLabel":"write-tps-20","transactionId":"f4edf6ee4b624593588633f8d923d92da5397c869ef62112102ead7a260bacbb","status":"success","startEpochMs":1787566041223,"endEpochMs":1787566041509,"latencyMs":286}
CALIPER_TX_LATENCY {"workerIndex":2,"roundIndex":5,"roundLabel":"write-tps-20","transactionId":"ec8879883940dcc155645e8af9adb811a80ba7c19cdf4f535a227be79c476d3d","status":"success","startEpochMs":1787566041421,"endEpochMs":1787566041511,"latencyMs":90}
CALIPER_TX_LATENCY {"workerIndex":1,"roundIndex":5,"roundLabel":"write-tps-20","transactionId":"49fa58bd6e8a6d272e91f550452de0979b28d9255062d682500d942dd526dd67","status":"success","startEpochMs":1787566041421,"endEpochMs":1787566041509,"latencyMs":88}
CALIPER_TX_LATENCY {"workerIndex":0,"roundIndex":5,"roundLabel":"write-tps-20","transactionId":"c920ac1c726e09f8a0be09355b7ed0da176747ecde98fa4374461918ac18d93e","status":"success","startEpochMs":1787566041421,"endEpochMs":1787566041512,"latencyMs":91}
CALIPER_TX_LATENCY {"workerIndex":3,"roundIndex":5,"roundLabel":"write-tps-20","transactionId":"c1a23ebb186c72272e6248747b226ad9fc9ab2543f4ed837c3f5a1310590a5e7","status":"success","startEpochMs":1787566041421,"endEpochMs":1787566041512,"latencyMs":91}
CALIPER_TX_LATENCY {"workerIndex":1,"roundIndex":5,"roundLabel":"write-tps-20","transactionId":"5272aea9bb1271dc83447915152511f9aa8cbc583d88e5bd54dc14e87fd23dcd","status":"success","startEpochMs":1787566041021,"endEpochMs":1787566041512,"latencyMs":491}
CALIPER_TX_LATENCY {"workerIndex":1,"roundIndex":5,"roundLabel":"write-tps-20","transactionId":"40acce4508d9a95d916a73f00fd567f7faf6b36f673a1851ba9217c98498f540","status":"success","startEpochMs":1787566041221,"endEpochMs":1787566041512,"latencyMs":291}
CALIPER_TX_LATENCY {"workerIndex":3,"roundIndex":5,"roundLabel":"write-tps-20","transactionId":"88dfe848608a1c5d66e3504bef1a29102a763b53b5ea9482789071996bca4b23","status":"success","startEpochMs":1787566041622,"endEpochMs":1787566042122,"latencyMs":500}
CALIPER_TX_LATENCY {"workerIndex":1,"roundIndex":5,"roundLabel":"write-tps-20","transactionId":"b309223d12eff282d2050ab91a1f8c28bfb665e10765975515fdcd26bf6c79b8","status":"success","startEpochMs":1787566042020,"endEpochMs":1787566042122,"latencyMs":102}
CALIPER_TX_LATENCY {"workerIndex":2,"roundIndex":5,"roundLabel":"write-tps-20","transactionId":"ba0d3d1a3a493db3966026b6ad8b114457f882822add06d83084d35081a233fc","status":"success","startEpochMs":1787566041622,"endEpochMs":1787566042122,"latencyMs":500}
CALIPER_TX_LATENCY {"workerIndex":3,"roundIndex":5,"roundLabel":"write-tps-20","transactionId":"8794160662d8856eddc6d3110bbf35f658b4059efe0029b93794e0622e5741fe","status":"success","startEpochMs":1787566041821,"endEpochMs":1787566042122,"latencyMs":301}
CALIPER_TX_LATENCY {"workerIndex":1,"roundIndex":5,"roundLabel":"write-tps-20","transactionId":"a4e9fbaaf35f76e9d4916b9deb43e8551200a3047aa7144a31ceb292f1c991c4","status":"success","startEpochMs":1787566041620,"endEpochMs":1787566042122,"latencyMs":502}
CALIPER_TX_LATENCY {"workerIndex":2,"roundIndex":5,"roundLabel":"write-tps-20","transactionId":"ba1852d3111ab7b411073e413af5f3cd27864f040ab4646d017fe4269af7281e","status":"success","startEpochMs":1787566041821,"endEpochMs":1787566042122,"latencyMs":301}
CALIPER_TX_LATENCY {"workerIndex":0,"roundIndex":5,"roundLabel":"write-tps-20","transactionId":"53abda52c268b5d4c9395f1185c817275346cd73c14aa7a8ea21221c500e9bef","status":"success","startEpochMs":1787566041622,"endEpochMs":1787566042122,"latencyMs":500}
CALIPER_TX_LATENCY {"workerIndex":1,"roundIndex":5,"roundLabel":"write-tps-20","transactionId":"228990c76508ed5126db89fcaa2db1b593396348b23cca9ec8e2d861d27d2a8b","status":"success","startEpochMs":1787566041820,"endEpochMs":1787566042123,"latencyMs":303}
CALIPER_TX_LATENCY {"workerIndex":3,"roundIndex":5,"roundLabel":"write-tps-20","transactionId":"f01f766a7a54c6f062c978faeaca1f60d695694cb824edf140f4931f99e882ae","status":"success","startEpochMs":1787566042022,"endEpochMs":1787566042123,"latencyMs":101}
CALIPER_TX_LATENCY {"workerIndex":0,"roundIndex":5,"roundLabel":"write-tps-20","transactionId":"5f23abd2acf2a80b949720516700bd84c9fd79c6e1843bcbabcb0328b59bcfd9","status":"success","startEpochMs":1787566041821,"endEpochMs":1787566042123,"latencyMs":302}
CALIPER_TX_LATENCY {"workerIndex":2,"roundIndex":5,"roundLabel":"write-tps-20","transactionId":"f5b1935aad0a266a04e4728b7da3c552fe779a5028a53143d57b5b8d8c2ad586","status":"success","startEpochMs":1787566042022,"endEpochMs":1787566042523,"latencyMs":501}
CALIPER_TX_LATENCY {"workerIndex":0,"roundIndex":5,"roundLabel":"write-tps-20","transactionId":"12423c30ec647804128392af0504a7f44495215c13116fff75e1b859d64dd4c3","status":"success","startEpochMs":1787566042222,"endEpochMs":1787566042523,"latencyMs":301}
CALIPER_TX_LATENCY {"workerIndex":3,"roundIndex":5,"roundLabel":"write-tps-20","transactionId":"a806786014ad32f0603e681931a8ea72d6e8614f73dfbf90154cdbbb53337b79","status":"success","startEpochMs":1787566042222,"endEpochMs":1787566042523,"latencyMs":301}
CALIPER_TX_LATENCY {"workerIndex":1,"roundIndex":5,"roundLabel":"write-tps-20","transactionId":"9bbb547c2395efe52f17dc1c4bcdd6e866a50c1ed9c5f4001cd3e58dc9614f14","status":"success","startEpochMs":1787566042422,"endEpochMs":1787566042523,"latencyMs":101}
CALIPER_TX_LATENCY {"workerIndex":3,"roundIndex":5,"roundLabel":"write-tps-20","transactionId":"5023e525ce9d98476a4776aac20432ad4130de580aa6dd296e0b49a37797c9d1","status":"success","startEpochMs":1787566042422,"endEpochMs":1787566042524,"latencyMs":102}
CALIPER_TX_LATENCY {"workerIndex":2,"roundIndex":5,"roundLabel":"write-tps-20","transactionId":"7ca7680fad13e04982c7a6f7cf73d3165672f205c4863612dd53a7942befeb70","status":"success","startEpochMs":1787566042422,"endEpochMs":1787566042524,"latencyMs":102}
CALIPER_TX_LATENCY {"workerIndex":1,"roundIndex":5,"roundLabel":"write-tps-20","transactionId":"f1681fbb8fb63c6da84ef10d20fda54bc7526e192e0437dacf05cb9ada3acbe8","status":"success","startEpochMs":1787566042221,"endEpochMs":1787566042524,"latencyMs":303}
CALIPER_TX_LATENCY {"workerIndex":0,"roundIndex":5,"roundLabel":"write-tps-20","transactionId":"3eac280cc46d80be7d96e153a6c750101007e7caa6a7e33a7a1242ab81fe4ad9","status":"success","startEpochMs":1787566042422,"endEpochMs":1787566042524,"latencyMs":102}
CALIPER_TX_LATENCY {"workerIndex":0,"roundIndex":5,"roundLabel":"write-tps-20","transactionId":"5659ca2584d5efb95c5b9ef31f734ac90bd0fef304d765ee76f6128352b5ae3f","status":"success","startEpochMs":1787566042022,"endEpochMs":1787566042524,"latencyMs":502}
CALIPER_TX_LATENCY {"workerIndex":2,"roundIndex":5,"roundLabel":"write-tps-20","transactionId":"c5bf008cde49a52922fbc39927a14f64d2174568cd32976a448d34a76c2a752c","status":"success","startEpochMs":1787566042222,"endEpochMs":1787566042524,"latencyMs":302}
CALIPER_TX_LATENCY {"workerIndex":2,"roundIndex":5,"roundLabel":"write-tps-20","transactionId":"6ebec752f1a39733bc7ebd936f4b52ff2a2be49606c2c4f95786a751fbe3e21e","status":"success","startEpochMs":1787566042822,"endEpochMs":1787566043101,"latencyMs":279}
CALIPER_TX_LATENCY {"workerIndex":0,"roundIndex":5,"roundLabel":"write-tps-20","transactionId":"0f306fae963d400c1e0fe51b46f230878e1b426071c485ee857af8b8fe45e935","status":"success","startEpochMs":1787566043021,"endEpochMs":1787566043101,"latencyMs":80}
CALIPER_TX_LATENCY {"workerIndex":0,"roundIndex":5,"roundLabel":"write-tps-20","transactionId":"a146ba3568d054958888e2038df4ddd77b6d793ca044be54150eb2ac2ced2065","status":"success","startEpochMs":1787566042625,"endEpochMs":1787566043101,"latencyMs":476}
CALIPER_TX_LATENCY {"workerIndex":2,"roundIndex":5,"roundLabel":"write-tps-20","transactionId":"d8219c2c549f0298aed58212758c7ec2def9187e8037a3070b6369dcb910249e","status":"success","startEpochMs":1787566042626,"endEpochMs":1787566043102,"latencyMs":476}
CALIPER_TX_LATENCY {"workerIndex":1,"roundIndex":5,"roundLabel":"write-tps-20","transactionId":"c45804b50d678c9873c559ca43f8e6e8ddb3488be832b554be59b354a6c6e121","status":"success","startEpochMs":1787566042820,"endEpochMs":1787566043101,"latencyMs":281}
CALIPER_TX_LATENCY {"workerIndex":0,"roundIndex":5,"roundLabel":"write-tps-20","transactionId":"c3feba7cf35c703fd8d05144be66f7376d1eeb2373454529e01a8df4d920edd1","status":"success","startEpochMs":1787566042821,"endEpochMs":1787566043102,"latencyMs":281}
CALIPER_TX_LATENCY {"workerIndex":3,"roundIndex":5,"roundLabel":"write-tps-20","transactionId":"d34a82548faf78d07c25caac884879a3c453fbe613d4661c128c84ada6901e06","status":"success","startEpochMs":1787566042821,"endEpochMs":1787566043103,"latencyMs":282}
CALIPER_TX_LATENCY {"workerIndex":1,"roundIndex":5,"roundLabel":"write-tps-20","transactionId":"a849013037f9826f29b491490a76f12d04fba74d774de09fe66a719520909cfa","status":"success","startEpochMs":1787566042622,"endEpochMs":1787566043103,"latencyMs":481}
CALIPER_TX_LATENCY {"workerIndex":3,"roundIndex":5,"roundLabel":"write-tps-20","transactionId":"b87aa742c497edf65cafa9cf782cfbbfceff8dffac837172c11f95c570f559a9","status":"success","startEpochMs":1787566042622,"endEpochMs":1787566043104,"latencyMs":482}
CALIPER_TX_LATENCY {"workerIndex":3,"roundIndex":5,"roundLabel":"write-tps-20","transactionId":"263dc8ddc921d256e2864226fc3411b27466828c92cc88c59a710e62723a7363","status":"success","startEpochMs":1787566043022,"endEpochMs":1787566043104,"latencyMs":82}
CALIPER_TX_LATENCY {"workerIndex":2,"roundIndex":5,"roundLabel":"write-tps-20","transactionId":"bf4abefca6e90e397ecaf52cc0494467834a9d6c2e7d9d0eacc22f8d6a6b7f83","status":"success","startEpochMs":1787566043022,"endEpochMs":1787566043504,"latencyMs":482}
CALIPER_TX_LATENCY {"workerIndex":1,"roundIndex":5,"roundLabel":"write-tps-20","transactionId":"04e083c7d27b51df126e9cdacebef04cc8bb8688217f6fdb27faacb7835dbc28","status":"success","startEpochMs":1787566043421,"endEpochMs":1787566043504,"latencyMs":83}
CALIPER_TX_LATENCY {"workerIndex":3,"roundIndex":5,"roundLabel":"write-tps-20","transactionId":"0be1bc80a57329f7498a7f3ed2efb426e10a1c35340b6791b384cfe06791182c","status":"success","startEpochMs":1787566043224,"endEpochMs":1787566043504,"latencyMs":280}
CALIPER_TX_LATENCY {"workerIndex":0,"roundIndex":5,"roundLabel":"write-tps-20","transactionId":"88e742201ea9f46d052880425554939ce324d72a8e6de5422b3a837cd5ebf12a","status":"success","startEpochMs":1787566043421,"endEpochMs":1787566043504,"latencyMs":83}
CALIPER_TX_LATENCY {"workerIndex":2,"roundIndex":5,"roundLabel":"write-tps-20","transactionId":"95860e0f531673f97676a8ac7d5288ea5610ee90cce6291382be9bd893a2f67e","status":"success","startEpochMs":1787566043421,"endEpochMs":1787566043504,"latencyMs":83}
CALIPER_TX_LATENCY {"workerIndex":1,"roundIndex":5,"roundLabel":"write-tps-20","transactionId":"2604305e1db671ddab7efb7645f7d13ece4f9079700b9fede0659353b71e86e6","status":"success","startEpochMs":1787566043021,"endEpochMs":1787566043504,"latencyMs":483}
CALIPER_TX_LATENCY {"workerIndex":3,"roundIndex":5,"roundLabel":"write-tps-20","transactionId":"c5a5210aa5e16fc466f0f9bede43bae7286cd997b6aa7227f24fd1ec4327bcb3","status":"success","startEpochMs":1787566043421,"endEpochMs":1787566043504,"latencyMs":83}
CALIPER_TX_LATENCY {"workerIndex":0,"roundIndex":5,"roundLabel":"write-tps-20","transactionId":"8e936e4d2be35f070460090767e49d37252b5e6881737d65628b6d17e05125d0","status":"success","startEpochMs":1787566043221,"endEpochMs":1787566043504,"latencyMs":283}
CALIPER_TX_LATENCY {"workerIndex":2,"roundIndex":5,"roundLabel":"write-tps-20","transactionId":"b91b803838234c324c8b6d81d642fd74155080ca0414693ba7f1808a7c51d706","status":"success","startEpochMs":1787566043221,"endEpochMs":1787566043505,"latencyMs":284}
CALIPER_TX_LATENCY {"workerIndex":1,"roundIndex":5,"roundLabel":"write-tps-20","transactionId":"199f58a8490222e8a30c676327371e12cf52af5f15b945b2bb97abf2c1cf7134","status":"success","startEpochMs":1787566043221,"endEpochMs":1787566043505,"latencyMs":284}
CALIPER_TX_LATENCY {"workerIndex":3,"roundIndex":5,"roundLabel":"write-tps-20","transactionId":"ae09a6065ea2446a596a6b2c5117911e11e44b0b45c58872b31728fefd6380a7","status":"success","startEpochMs":1787566043824,"endEpochMs":1787566044132,"latencyMs":308}
CALIPER_TX_LATENCY {"workerIndex":1,"roundIndex":5,"roundLabel":"write-tps-20","transactionId":"a031d4a5b7f50c18acfe9a3af5d027af42c4be9536de17af7b7bb9455cacdd66","status":"success","startEpochMs":1787566043821,"endEpochMs":1787566044132,"latencyMs":311}
CALIPER_TX_LATENCY {"workerIndex":2,"roundIndex":5,"roundLabel":"write-tps-20","transactionId":"e9c0c31b2a710f77545da768ad94646abc6ba66a88df26484890c3818e24fef1","status":"success","startEpochMs":1787566043626,"endEpochMs":1787566044132,"latencyMs":506}
CALIPER_TX_LATENCY {"workerIndex":3,"roundIndex":5,"roundLabel":"write-tps-20","transactionId":"0df5b8cf6c20a41b38b0cd52836dae2d3a0bde406abf8041c19e2c09eb64d716","status":"success","startEpochMs":1787566043622,"endEpochMs":1787566044132,"latencyMs":510}
CALIPER_TX_LATENCY {"workerIndex":1,"roundIndex":5,"roundLabel":"write-tps-20","transactionId":"2ec8bdcaeaea83e7e736411d6040e2c0042f00b2eadce139ea444a470f2c1b6c","status":"success","startEpochMs":1787566043622,"endEpochMs":1787566044132,"latencyMs":510}
CALIPER_TX_LATENCY {"workerIndex":0,"roundIndex":5,"roundLabel":"write-tps-20","transactionId":"78c0f4acf77f3be79a6a9f2cb1d9f1e944050c4de3dcb78ff401258dccd38f9c","status":"success","startEpochMs":1787566043622,"endEpochMs":1787566044132,"latencyMs":510}
CALIPER_TX_LATENCY {"workerIndex":2,"roundIndex":5,"roundLabel":"write-tps-20","transactionId":"be84a442f7f24ab420edde9176c842c2555caf272ccb9e0d04b98197176b92ea","status":"success","startEpochMs":1787566044025,"endEpochMs":1787566044132,"latencyMs":107}
CALIPER_TX_LATENCY {"workerIndex":0,"roundIndex":5,"roundLabel":"write-tps-20","transactionId":"52cc42ec1fef3512014c6a96dbcac50bb2392449d50ba5e956ef71c3835f3743","status":"success","startEpochMs":1787566044026,"endEpochMs":1787566044133,"latencyMs":107}
CALIPER_TX_LATENCY {"workerIndex":2,"roundIndex":5,"roundLabel":"write-tps-20","transactionId":"24713563356d8a39152cc85093e4525507034406f90d0db11de59f0a61ba25c5","status":"success","startEpochMs":1787566043821,"endEpochMs":1787566044133,"latencyMs":312}
CALIPER_TX_LATENCY {"workerIndex":0,"roundIndex":5,"roundLabel":"write-tps-20","transactionId":"0b13f5969e8865c95c348d15fb6647ddfa02a82cc2f11198d775ac6664b09bb1","status":"success","startEpochMs":1787566043823,"endEpochMs":1787566044133,"latencyMs":310}
CALIPER_TX_LATENCY {"workerIndex":1,"roundIndex":5,"roundLabel":"write-tps-20","transactionId":"72f614935b792f2a62f721fe85771ae1afa1b797fa4a5b68b418905ea4739a51","status":"success","startEpochMs":1787566044221,"endEpochMs":1787566044479,"latencyMs":258}
CALIPER_TX_LATENCY {"workerIndex":2,"roundIndex":5,"roundLabel":"write-tps-20","transactionId":"082dcb57fe48bb6d5419b07af346677f5f37ff6cad1af3c3a535575bfd09afbc","status":"success","startEpochMs":1787566044421,"endEpochMs":1787566044479,"latencyMs":58}
CALIPER_TX_LATENCY {"workerIndex":3,"roundIndex":5,"roundLabel":"write-tps-20","transactionId":"f767c661d391994b90ee7c44ed6378a3ae739309d96a806d2e3d2869d2445272","status":"success","startEpochMs":1787566044025,"endEpochMs":1787566044479,"latencyMs":454}
CALIPER_TX_LATENCY {"workerIndex":0,"roundIndex":5,"roundLabel":"write-tps-20","transactionId":"c0f7a73f59bd140a12d905df3b27128a733ff586a114b87d82c320f8fd30fef0","status":"success","startEpochMs":1787566044421,"endEpochMs":1787566044479,"latencyMs":58}
CALIPER_TX_LATENCY {"workerIndex":1,"roundIndex":5,"roundLabel":"write-tps-20","transactionId":"570f02fa25fc9c14c356872e3e3d6f9108cc1b9a9cce10e8337666142a46555f","status":"success","startEpochMs":1787566044023,"endEpochMs":1787566044480,"latencyMs":457}
CALIPER_TX_LATENCY {"workerIndex":0,"roundIndex":5,"roundLabel":"write-tps-20","transactionId":"1cc8f5a10b4c58a4bbf71a42a1961ef762e94327bf4bf39d8bade83b83399fa3","status":"success","startEpochMs":1787566044222,"endEpochMs":1787566044480,"latencyMs":258}
CALIPER_TX_LATENCY {"workerIndex":2,"roundIndex":5,"roundLabel":"write-tps-20","transactionId":"c5fef147dd0d25e6062df80942e674bb20fd7f593339d98aab1ba8996d05730e","status":"success","startEpochMs":1787566044222,"endEpochMs":1787566044480,"latencyMs":258}
CALIPER_TX_LATENCY {"workerIndex":3,"roundIndex":5,"roundLabel":"write-tps-20","transactionId":"aa22ceb96fb832645914942298593c3fe0b97364fa9cae1ae08b8b85dd2a9710","status":"success","startEpochMs":1787566044222,"endEpochMs":1787566044480,"latencyMs":258}
CALIPER_TX_LATENCY {"workerIndex":1,"roundIndex":5,"roundLabel":"write-tps-20","transactionId":"1dcd5745c32300a9d95a294fc5673fbc78ac9a0d3b9048252845dcc68b5c574e","status":"success","startEpochMs":1787566044420,"endEpochMs":1787566044480,"latencyMs":60}
CALIPER_TX_LATENCY {"workerIndex":3,"roundIndex":5,"roundLabel":"write-tps-20","transactionId":"9d79a5827bd3e33fd5b4e913c1dfd34fb2d5c8e4254609535a396843f50ef68e","status":"success","startEpochMs":1787566044422,"endEpochMs":1787566044480,"latencyMs":58}
2026.08.24-15:37:24.621[32m info [39m [caliper] [default-observer] 	[write-tps-20 Round 5 Transaction Info] - Submitted: 684 Succ: 680 Fail:0 Unfinished:4
CALIPER_TX_LATENCY {"workerIndex":2,"roundIndex":5,"roundLabel":"write-tps-20","transactionId":"168c9178bcd0fd694edec4cb8dd2439f97dd0166ae353a1eab69a5b32bc0ca2d","status":"success","startEpochMs":1787566044821,"endEpochMs":1787566045128,"latencyMs":307}
CALIPER_TX_LATENCY {"workerIndex":0,"roundIndex":5,"roundLabel":"write-tps-20","transactionId":"8fede95e863959a27b71081cc57427a1cd8bc77d8977e13c76a569be8e231411","status":"success","startEpochMs":1787566044821,"endEpochMs":1787566045128,"latencyMs":307}
CALIPER_TX_LATENCY {"workerIndex":3,"roundIndex":5,"roundLabel":"write-tps-20","transactionId":"43fefc45162bd550465d9ee0b93374aa69a6715a9be034a11caf4eb756041b59","status":"success","startEpochMs":1787566044621,"endEpochMs":1787566045128,"latencyMs":507}
CALIPER_TX_LATENCY {"workerIndex":1,"roundIndex":5,"roundLabel":"write-tps-20","transactionId":"56ae1366ace82cea170959355c10a7c8072f56f1de963224068bc268acf90af9","status":"success","startEpochMs":1787566044821,"endEpochMs":1787566045128,"latencyMs":307}
CALIPER_TX_LATENCY {"workerIndex":1,"roundIndex":5,"roundLabel":"write-tps-20","transactionId":"860e2dc239eac264779b797fd5ff514e558ad48ffea29a0e78ce2558d901dbe1","status":"success","startEpochMs":1787566044620,"endEpochMs":1787566045128,"latencyMs":508}
CALIPER_TX_LATENCY {"workerIndex":2,"roundIndex":5,"roundLabel":"write-tps-20","transactionId":"03c10f461c50a832f380c452fc0a515096f148c5229cda8f502d15658b021919","status":"success","startEpochMs":1787566044621,"endEpochMs":1787566045128,"latencyMs":507}
CALIPER_TX_LATENCY {"workerIndex":3,"roundIndex":5,"roundLabel":"write-tps-20","transactionId":"4a750a179c01710ec4009c7f535c32ff48c494744157777d313c46bc3b17cddd","status":"success","startEpochMs":1787566045021,"endEpochMs":1787566045128,"latencyMs":107}
CALIPER_TX_LATENCY {"workerIndex":0,"roundIndex":5,"roundLabel":"write-tps-20","transactionId":"33a9f4b90eeafb789215fbb70a4caf66034863370e6fc053e99a0e9d0deb1943","status":"success","startEpochMs":1787566044621,"endEpochMs":1787566045128,"latencyMs":507}
CALIPER_TX_LATENCY {"workerIndex":2,"roundIndex":5,"roundLabel":"write-tps-20","transactionId":"100f9e2db5fb32fe9ed28ccd548148186f0481d91db06ae33f26b71644666574","status":"success","startEpochMs":1787566045022,"endEpochMs":1787566045129,"latencyMs":107}
CALIPER_TX_LATENCY {"workerIndex":3,"roundIndex":5,"roundLabel":"write-tps-20","transactionId":"cc42436b04a2fca1f7dac6e9b7acc523b025101b82bc5c10ec4f06ec08e90091","status":"success","startEpochMs":1787566044822,"endEpochMs":1787566045129,"latencyMs":307}
CALIPER_TX_LATENCY {"workerIndex":3,"roundIndex":5,"roundLabel":"write-tps-20","transactionId":"7ef2fbb49314d46b93244147172014bce8abc246150d6093c873b1694afd97ea","status":"success","startEpochMs":1787566045422,"endEpochMs":1787566045503,"latencyMs":81}
CALIPER_TX_LATENCY {"workerIndex":2,"roundIndex":5,"roundLabel":"write-tps-20","transactionId":"39097d505ad79ccc6d8cf85865d2a7fa56adb090d21e0122cfce066e7db4437c","status":"success","startEpochMs":1787566045422,"endEpochMs":1787566045503,"latencyMs":81}
CALIPER_TX_LATENCY {"workerIndex":1,"roundIndex":5,"roundLabel":"write-tps-20","transactionId":"5e22063c0aac681effae8243dd8ea326f8c116ca889eed500288e0cf022ed1f8","status":"success","startEpochMs":1787566045221,"endEpochMs":1787566045503,"latencyMs":282}
CALIPER_TX_LATENCY {"workerIndex":3,"roundIndex":5,"roundLabel":"write-tps-20","transactionId":"554724b5be242b3e9ca55623a603c873a00d1a9d57cb58236f702fc20fd070cf","status":"success","startEpochMs":1787566045224,"endEpochMs":1787566045504,"latencyMs":280}
CALIPER_TX_LATENCY {"workerIndex":1,"roundIndex":5,"roundLabel":"write-tps-20","transactionId":"dbbc220f780227fba77d3b4b52e8d659ceb38fe8fd052443f4d15d5409ca3548","status":"success","startEpochMs":1787566045421,"endEpochMs":1787566045504,"latencyMs":83}
CALIPER_TX_LATENCY {"workerIndex":2,"roundIndex":5,"roundLabel":"write-tps-20","transactionId":"5477f72d6c95f784b120b202ba49465dcf10154c118b6483d78803aba3f7a173","status":"success","startEpochMs":1787566045223,"endEpochMs":1787566045504,"latencyMs":281}
CALIPER_TX_LATENCY {"workerIndex":1,"roundIndex":5,"roundLabel":"write-tps-20","transactionId":"5ab155254adc89b9c4854ab3e409d85557bb81f2ad988e23892e67fc0a14e290","status":"success","startEpochMs":1787566045021,"endEpochMs":1787566045504,"latencyMs":483}
CALIPER_TX_LATENCY {"workerIndex":0,"roundIndex":5,"roundLabel":"write-tps-20","transactionId":"8953d43f9cda72d3c71e6d03f2cef4fcacbcb5635f6b05187408da287b0bc0e5","status":"success","startEpochMs":1787566045022,"endEpochMs":1787566045504,"latencyMs":482}
CALIPER_TX_LATENCY {"workerIndex":0,"roundIndex":5,"roundLabel":"write-tps-20","transactionId":"1b30b50e097f8153c520d56babccaaf55393c0a5f977a2b38ef3697d1bb10af4","status":"success","startEpochMs":1787566045422,"endEpochMs":1787566045504,"latencyMs":82}
CALIPER_TX_LATENCY {"workerIndex":0,"roundIndex":5,"roundLabel":"write-tps-20","transactionId":"4ceacd50515be42355751a93db8cc5da7acb2b5d7895b53c9ca9cc18395187b7","status":"success","startEpochMs":1787566045223,"endEpochMs":1787566045505,"latencyMs":282}
CALIPER_TX_LATENCY {"workerIndex":0,"roundIndex":5,"roundLabel":"write-tps-20","transactionId":"e456dd409b3050a071c7cc16c72a1925654469a300281fb97ff428289b6318a9","status":"success","startEpochMs":1787566045621,"endEpochMs":1787566046131,"latencyMs":510}
CALIPER_TX_LATENCY {"workerIndex":2,"roundIndex":5,"roundLabel":"write-tps-20","transactionId":"8908cbcdff2c18a5dacc5569258374bcf3048945463d722e126a482c1e24efb8","status":"success","startEpochMs":1787566046022,"endEpochMs":1787566046131,"latencyMs":109}
CALIPER_TX_LATENCY {"workerIndex":3,"roundIndex":5,"roundLabel":"write-tps-20","transactionId":"d17805258e7f02495c7bc5d14534a871a5416f2aad489aec0e0ccf7ac82b3dcd","status":"success","startEpochMs":1787566045622,"endEpochMs":1787566046131,"latencyMs":509}
CALIPER_TX_LATENCY {"workerIndex":1,"roundIndex":5,"roundLabel":"write-tps-20","transactionId":"166c281a0a94e83eada596e9f1932cd3e995b94409277752b5e6af379db71b37","status":"success","startEpochMs":1787566045821,"endEpochMs":1787566046131,"latencyMs":310}
CALIPER_TX_LATENCY {"workerIndex":0,"roundIndex":5,"roundLabel":"write-tps-20","transactionId":"dbd5cb004d7c81d65fc15dbbcc3a6b7f019b10d42b7934e3467a06b49cbc6fac","status":"success","startEpochMs":1787566045821,"endEpochMs":1787566046131,"latencyMs":310}
CALIPER_TX_LATENCY {"workerIndex":3,"roundIndex":5,"roundLabel":"write-tps-20","transactionId":"cff41c8ff1b83b2b1dcf2bad6058e2c33846e1b4e94ea20ac3315453665bf5e8","status":"success","startEpochMs":1787566045821,"endEpochMs":1787566046131,"latencyMs":310}
CALIPER_TX_LATENCY {"workerIndex":2,"roundIndex":5,"roundLabel":"write-tps-20","transactionId":"3ba03b73a9014d16a3f0dfa3b22f1f6de13bb00e22dd266c8e67054652946837","status":"success","startEpochMs":1787566045821,"endEpochMs":1787566046131,"latencyMs":310}
CALIPER_TX_LATENCY {"workerIndex":1,"roundIndex":5,"roundLabel":"write-tps-20","transactionId":"ef7e51c5af59494ba97ce4bf1a17a909528e5701fcd74a794415ad5e0228b00e","status":"success","startEpochMs":1787566045620,"endEpochMs":1787566046131,"latencyMs":511}
CALIPER_TX_LATENCY {"workerIndex":2,"roundIndex":5,"roundLabel":"write-tps-20","transactionId":"04088f3773b2c0dc84eda907438cb1116188620d0f79ddf6539985385accc387","status":"success","startEpochMs":1787566045621,"endEpochMs":1787566046131,"latencyMs":510}
CALIPER_TX_LATENCY {"workerIndex":1,"roundIndex":5,"roundLabel":"write-tps-20","transactionId":"fc5085379bda49ef8ba4a981d21fa446c2a708452f4e949cea77a7f5c82d0fea","status":"success","startEpochMs":1787566046022,"endEpochMs":1787566046131,"latencyMs":109}
CALIPER_TX_LATENCY {"workerIndex":2,"roundIndex":5,"roundLabel":"write-tps-20","transactionId":"0c62c7b8b81dcee390d9f470fc613e0b4d66ce264dd5241621fc9d08be43828c","status":"success","startEpochMs":1787566046422,"endEpochMs":1787566046506,"latencyMs":84}
CALIPER_TX_LATENCY {"workerIndex":0,"roundIndex":5,"roundLabel":"write-tps-20","transactionId":"7251cc5c1651036ad71f10bea22c81ebb95dc122d4f28ac523e85f4756b1e718","status":"success","startEpochMs":1787566046022,"endEpochMs":1787566046506,"latencyMs":484}
CALIPER_TX_LATENCY {"workerIndex":1,"roundIndex":5,"roundLabel":"write-tps-20","transactionId":"e6da591792c9255c45433e50b0f31866da8653df262afba32051c1ad35398180","status":"success","startEpochMs":1787566046422,"endEpochMs":1787566046506,"latencyMs":84}
CALIPER_TX_LATENCY {"workerIndex":3,"roundIndex":5,"roundLabel":"write-tps-20","transactionId":"45c7565d58049a99b951d530e11c6fd7064334877f78f5bc09e89c17ae492590","status":"success","startEpochMs":1787566046022,"endEpochMs":1787566046506,"latencyMs":484}
CALIPER_TX_LATENCY {"workerIndex":2,"roundIndex":5,"roundLabel":"write-tps-20","transactionId":"36930260e4f35eb89f530d757de1ec8531411862a406172a1bc75d772582887c","status":"success","startEpochMs":1787566046222,"endEpochMs":1787566046507,"latencyMs":285}
CALIPER_TX_LATENCY {"workerIndex":1,"roundIndex":5,"roundLabel":"write-tps-20","transactionId":"36bd34c6416b2d69038202b91b689f882a6ebdc3eca56506e92cfdad0b99083c","status":"success","startEpochMs":1787566046221,"endEpochMs":1787566046507,"latencyMs":286}
CALIPER_TX_LATENCY {"workerIndex":0,"roundIndex":5,"roundLabel":"write-tps-20","transactionId":"4ad30d39a4bf14b49cf62baee87ffff0a95a0b6de815899a81ec190d46e065f9","status":"success","startEpochMs":1787566046221,"endEpochMs":1787566046507,"latencyMs":286}
CALIPER_TX_LATENCY {"workerIndex":3,"roundIndex":5,"roundLabel":"write-tps-20","transactionId":"61c02c9c6afef451d4e93575db67b6b80560a827d23b7068ed107c927165b56a","status":"success","startEpochMs":1787566046423,"endEpochMs":1787566046507,"latencyMs":84}
CALIPER_TX_LATENCY {"workerIndex":0,"roundIndex":5,"roundLabel":"write-tps-20","transactionId":"f846ab7e925e8eaae66955ee9ee993e831e0672b1980941b8a5f66007df8f61b","status":"success","startEpochMs":1787566046422,"endEpochMs":1787566046507,"latencyMs":85}
CALIPER_TX_LATENCY {"workerIndex":3,"roundIndex":5,"roundLabel":"write-tps-20","transactionId":"2b49d8efaca814a7daa14ddfe4df8f9093ae8e03a0fbc88b623096f6ae3be80f","status":"success","startEpochMs":1787566046221,"endEpochMs":1787566046507,"latencyMs":286}
CALIPER_TX_LATENCY {"workerIndex":3,"roundIndex":5,"roundLabel":"write-tps-20","transactionId":"afbf1ec69070334d004d2a3c4f643dd2c1cb59a95d769fd875536be3976aff5d","status":"success","startEpochMs":1787566047023,"endEpochMs":1787566047118,"latencyMs":95}
CALIPER_TX_LATENCY {"workerIndex":1,"roundIndex":5,"roundLabel":"write-tps-20","transactionId":"fe01494fe034fbfe7eea1316c857dd4e4425e92c5997dd4d8cc4a2c7bc143ae9","status":"success","startEpochMs":1787566046820,"endEpochMs":1787566047119,"latencyMs":299}
CALIPER_TX_LATENCY {"workerIndex":2,"roundIndex":5,"roundLabel":"write-tps-20","transactionId":"2aed61aeb66bbf0e806aa150efccc3ec2f330bcd6add463227c0b9ebe49d5985","status":"success","startEpochMs":1787566046822,"endEpochMs":1787566047118,"latencyMs":296}
CALIPER_TX_LATENCY {"workerIndex":0,"roundIndex":5,"roundLabel":"write-tps-20","transactionId":"66c789e0539434156551701070407b1da708858f85f6e241dce6ce4b0342b2ba","status":"success","startEpochMs":1787566046620,"endEpochMs":1787566047118,"latencyMs":498}
CALIPER_TX_LATENCY {"workerIndex":3,"roundIndex":5,"roundLabel":"write-tps-20","transactionId":"26c0d0c7132dda5d8c0d1598cfe6d7571cc1e6667f8d38ccd02be1a412ada7d2","status":"success","startEpochMs":1787566046822,"endEpochMs":1787566047119,"latencyMs":297}
CALIPER_TX_LATENCY {"workerIndex":1,"roundIndex":5,"roundLabel":"write-tps-20","transactionId":"2c4c2d28809f6445a75454d2162ef4480ea814c185308b0a850f0a4a0a9a3963","status":"success","startEpochMs":1787566046620,"endEpochMs":1787566047119,"latencyMs":499}
CALIPER_TX_LATENCY {"workerIndex":2,"roundIndex":5,"roundLabel":"write-tps-20","transactionId":"fde56d7d208db4e277fb4a1f73d11f34027ac03baeb0ce8e1b3e6aabc2e58d2b","status":"success","startEpochMs":1787566047023,"endEpochMs":1787566047119,"latencyMs":96}
CALIPER_TX_LATENCY {"workerIndex":3,"roundIndex":5,"roundLabel":"write-tps-20","transactionId":"31a8c158a7e034c415e388c31ad4296753095a3d7c9202bae6ff8cc24c666c96","status":"success","startEpochMs":1787566046622,"endEpochMs":1787566047119,"latencyMs":497}
CALIPER_TX_LATENCY {"workerIndex":0,"roundIndex":5,"roundLabel":"write-tps-20","transactionId":"1bbeab1287588af5cc720398b4220612214d19afe5f44dbb6c72f943bdbe379b","status":"success","startEpochMs":1787566046820,"endEpochMs":1787566047119,"latencyMs":299}
CALIPER_TX_LATENCY {"workerIndex":2,"roundIndex":5,"roundLabel":"write-tps-20","transactionId":"7ba5bc762e5f0f4969fa113c15f80d0173648a051ae41a83772f2f14f46dcd14","status":"success","startEpochMs":1787566046621,"endEpochMs":1787566047119,"latencyMs":498}
CALIPER_TX_LATENCY {"workerIndex":0,"roundIndex":5,"roundLabel":"write-tps-20","transactionId":"ee1fde7bc47f4c0af5b5b725dcdf26a6493d5a9fd196e6afb895fa94e21c1067","status":"success","startEpochMs":1787566047221,"endEpochMs":1787566047502,"latencyMs":281}
CALIPER_TX_LATENCY {"workerIndex":2,"roundIndex":5,"roundLabel":"write-tps-20","transactionId":"3fbaf49c64427a1e4b577cf50d42dd07230b4fde0e04634b0cdd2c82b0624b8e","status":"success","startEpochMs":1787566047422,"endEpochMs":1787566047502,"latencyMs":80}
CALIPER_TX_LATENCY {"workerIndex":3,"roundIndex":5,"roundLabel":"write-tps-20","transactionId":"1b335ec54fdd6325632722e8f014beb46247aff1cf9c6e011f843b712356e7a9","status":"success","startEpochMs":1787566047221,"endEpochMs":1787566047502,"latencyMs":281}
CALIPER_TX_LATENCY {"workerIndex":1,"roundIndex":5,"roundLabel":"write-tps-20","transactionId":"c6cdcfbe469b293f5663f12e567367995217a9db9fe42762822ba852f8e59f80","status":"success","startEpochMs":1787566047021,"endEpochMs":1787566047502,"latencyMs":481}
CALIPER_TX_LATENCY {"workerIndex":0,"roundIndex":5,"roundLabel":"write-tps-20","transactionId":"e421dc760c970b619fdc23f11363cfcaed7650b2eee28dea4c9626eba0ccbed2","status":"success","startEpochMs":1787566047422,"endEpochMs":1787566047503,"latencyMs":81}
CALIPER_TX_LATENCY {"workerIndex":2,"roundIndex":5,"roundLabel":"write-tps-20","transactionId":"20eb319c9dca4cbd097b85eb3bac50918cd28431e195ef78ca96c767fe98dec9","status":"success","startEpochMs":1787566047221,"endEpochMs":1787566047503,"latencyMs":282}
CALIPER_TX_LATENCY {"workerIndex":3,"roundIndex":5,"roundLabel":"write-tps-20","transactionId":"bfba4624f0d5edbb072d8bcf9b33822c3949a13bacd6ec317ed472340400c786","status":"success","startEpochMs":1787566047422,"endEpochMs":1787566047503,"latencyMs":81}
CALIPER_TX_LATENCY {"workerIndex":1,"roundIndex":5,"roundLabel":"write-tps-20","transactionId":"7f1160bb81c674547c67264ef8e4bee6b77002d8979616bfaac51de7e0d82bb4","status":"success","startEpochMs":1787566047422,"endEpochMs":1787566047503,"latencyMs":81}
CALIPER_TX_LATENCY {"workerIndex":0,"roundIndex":5,"roundLabel":"write-tps-20","transactionId":"088f066cb9f61b4f83ea6acc4955c66ac7a0e8dcc5d146dfb156769be63a734a","status":"success","startEpochMs":1787566047023,"endEpochMs":1787566047503,"latencyMs":480}
CALIPER_TX_LATENCY {"workerIndex":1,"roundIndex":5,"roundLabel":"write-tps-20","transactionId":"682b99a157386670c7d5485d9e56ddbe308c810e12bdd4acc59b864060c0e9fb","status":"success","startEpochMs":1787566047220,"endEpochMs":1787566047503,"latencyMs":283}
CALIPER_TX_LATENCY {"workerIndex":0,"roundIndex":5,"roundLabel":"write-tps-20","transactionId":"279a9cfa1a245de5c63ba7abcda1801f2695a9842688dc76ff1115340657ea19","status":"success","startEpochMs":1787566047621,"endEpochMs":1787566048125,"latencyMs":504}
CALIPER_TX_LATENCY {"workerIndex":3,"roundIndex":5,"roundLabel":"write-tps-20","transactionId":"ef84baada9022105234ccc32ee330cc9885600f1c87b787bfc3e58872e37e4aa","status":"success","startEpochMs":1787566047621,"endEpochMs":1787566048125,"latencyMs":504}
CALIPER_TX_LATENCY {"workerIndex":1,"roundIndex":5,"roundLabel":"write-tps-20","transactionId":"7cf65ffb9956f8ac697f907c7ede238b78e10e85c070c32040f49e2223abb26c","status":"success","startEpochMs":1787566048021,"endEpochMs":1787566048125,"latencyMs":104}
CALIPER_TX_LATENCY {"workerIndex":2,"roundIndex":5,"roundLabel":"write-tps-20","transactionId":"749f28a94121a009ca82eb3c19f12feaa667cfb3c9b34eafd865a1ddd3c82723","status":"success","startEpochMs":1787566047621,"endEpochMs":1787566048125,"latencyMs":504}
CALIPER_TX_LATENCY {"workerIndex":1,"roundIndex":5,"roundLabel":"write-tps-20","transactionId":"801f45cc6a741129ca0e855a6f4d39c5f9110c13d83717b618fb53a19c924902","status":"success","startEpochMs":1787566047619,"endEpochMs":1787566048125,"latencyMs":506}
CALIPER_TX_LATENCY {"workerIndex":3,"roundIndex":5,"roundLabel":"write-tps-20","transactionId":"321b913e17c2778992d3e14bbbc010187f4a52afdf735cfc381154a5f07e0b17","status":"success","startEpochMs":1787566047822,"endEpochMs":1787566048125,"latencyMs":303}
CALIPER_TX_LATENCY {"workerIndex":0,"roundIndex":5,"roundLabel":"write-tps-20","transactionId":"104b58301f79baad08508a460c0c99a093a0156aad1041739392c301d1aefed2","status":"success","startEpochMs":1787566047822,"endEpochMs":1787566048125,"latencyMs":303}
CALIPER_TX_LATENCY {"workerIndex":2,"roundIndex":5,"roundLabel":"write-tps-20","transactionId":"d81bcd8938b821d1231cba37276c9d49683ddc90f75972941d2a2e1b92ca7175","status":"success","startEpochMs":1787566047822,"endEpochMs":1787566048125,"latencyMs":303}
CALIPER_TX_LATENCY {"workerIndex":3,"roundIndex":5,"roundLabel":"write-tps-20","transactionId":"595794c89814ff0a7960179b8b58d7ec1ca35549225cbbedbbdf5e4082ef93a5","status":"success","startEpochMs":1787566048021,"endEpochMs":1787566048125,"latencyMs":104}
CALIPER_TX_LATENCY {"workerIndex":1,"roundIndex":5,"roundLabel":"write-tps-20","transactionId":"26e0cae22e767e9d7901b54eb8424ffe2e10e2f10058ebb7c3decf4c2417c8a9","status":"success","startEpochMs":1787566047820,"endEpochMs":1787566048126,"latencyMs":306}
CALIPER_TX_LATENCY {"workerIndex":2,"roundIndex":5,"roundLabel":"write-tps-20","transactionId":"b9afd77e6f8d23f4da91fa2b050d511e88490b399edce54aa419c96dc9d28f95","status":"success","startEpochMs":1787566048422,"endEpochMs":1787566048525,"latencyMs":103}
CALIPER_TX_LATENCY {"workerIndex":1,"roundIndex":5,"roundLabel":"write-tps-20","transactionId":"5af0e242c8a302b6ce53edff16f92cbc08a76c8382fe2180c4188c9100cb9e8d","status":"success","startEpochMs":1787566048421,"endEpochMs":1787566048525,"latencyMs":104}
CALIPER_TX_LATENCY {"workerIndex":3,"roundIndex":5,"roundLabel":"write-tps-20","transactionId":"1a31bb87dea21dd4adf3d13044f97d6ca54aee9057c0b9c4b688d595fce32038","status":"success","startEpochMs":1787566048222,"endEpochMs":1787566048525,"latencyMs":303}
CALIPER_TX_LATENCY {"workerIndex":0,"roundIndex":5,"roundLabel":"write-tps-20","transactionId":"84a2d183696e9ebe583b5f9c21a144c8659b18dee7d943715505a2d4332b3134","status":"success","startEpochMs":1787566048022,"endEpochMs":1787566048525,"latencyMs":503}
CALIPER_TX_LATENCY {"workerIndex":3,"roundIndex":5,"roundLabel":"write-tps-20","transactionId":"b47eee4b950bbd18db376a867d6e2ae68fab7dc5ee187f212ad005fa6f5ce4f9","status":"success","startEpochMs":1787566048422,"endEpochMs":1787566048525,"latencyMs":103}
CALIPER_TX_LATENCY {"workerIndex":1,"roundIndex":5,"roundLabel":"write-tps-20","transactionId":"c9b01a98aff255a59051e62d20da42cdcdba283bc5915483c1ef747e0b7ef563","status":"success","startEpochMs":1787566048221,"endEpochMs":1787566048525,"latencyMs":304}
CALIPER_TX_LATENCY {"workerIndex":2,"roundIndex":5,"roundLabel":"write-tps-20","transactionId":"bd655f87d5f2ed01815a9d5f6862e2c54ad0c122a2aed7246181d2230de9082a","status":"success","startEpochMs":1787566048221,"endEpochMs":1787566048525,"latencyMs":304}
CALIPER_TX_LATENCY {"workerIndex":2,"roundIndex":5,"roundLabel":"write-tps-20","transactionId":"489ae5ab32f6596efff3c4a39530bf16a7bd38c13f082629eede2562c5b204b2","status":"success","startEpochMs":1787566048022,"endEpochMs":1787566048526,"latencyMs":504}
CALIPER_TX_LATENCY {"workerIndex":0,"roundIndex":5,"roundLabel":"write-tps-20","transactionId":"be0298e099cb81c6963f534018c7a971f5f013fac8fbfbaabf65dc789560c3a6","status":"success","startEpochMs":1787566048422,"endEpochMs":1787566048526,"latencyMs":104}
CALIPER_TX_LATENCY {"workerIndex":0,"roundIndex":5,"roundLabel":"write-tps-20","transactionId":"dd427cbf3ff8b44e3a344883d3925ef61b81d95d5cbe0c4019e1b02e55896f7f","status":"success","startEpochMs":1787566048221,"endEpochMs":1787566048528,"latencyMs":307}
CALIPER_TX_LATENCY {"workerIndex":2,"roundIndex":5,"roundLabel":"write-tps-20","transactionId":"6af907ef7ded1e71aa3b269c79476d89b0399a3e6b3dbf4ec80ce05bdbd28066","status":"success","startEpochMs":1787566048822,"endEpochMs":1787566049099,"latencyMs":277}
CALIPER_TX_LATENCY {"workerIndex":3,"roundIndex":5,"roundLabel":"write-tps-20","transactionId":"8795ce8225d21cfc25f539d15ffb4bd2d7d7d24884659f6ef1f45453f8d7921b","status":"success","startEpochMs":1787566048821,"endEpochMs":1787566049099,"latencyMs":278}
CALIPER_TX_LATENCY {"workerIndex":0,"roundIndex":5,"roundLabel":"write-tps-20","transactionId":"f83adb1a40f8e2e9770472cfb813c565f6aa7c6ed09347612609f9cae0a77da3","status":"success","startEpochMs":1787566049021,"endEpochMs":1787566049099,"latencyMs":78}
CALIPER_TX_LATENCY {"workerIndex":0,"roundIndex":5,"roundLabel":"write-tps-20","transactionId":"96358d839be854254174dfd4341aeb7b8042fa3aca5bb338efe89405cde67e36","status":"success","startEpochMs":1787566048622,"endEpochMs":1787566049099,"latencyMs":477}
CALIPER_TX_LATENCY {"workerIndex":1,"roundIndex":5,"roundLabel":"write-tps-20","transactionId":"ceb2b4acaf63396a42a6748dfa722fafddbaba79ef11b97d5a718fd7aca0f435","status":"success","startEpochMs":1787566048820,"endEpochMs":1787566049099,"latencyMs":279}
CALIPER_TX_LATENCY {"workerIndex":2,"roundIndex":5,"roundLabel":"write-tps-20","transactionId":"9aec29f779f4ebe4d122224ccd22a5774dce82fda1971f4e3051808acfdbce6e","status":"success","startEpochMs":1787566048622,"endEpochMs":1787566049099,"latencyMs":477}
CALIPER_TX_LATENCY {"workerIndex":3,"roundIndex":5,"roundLabel":"write-tps-20","transactionId":"2bcfea1a43d317cd6de18e6cb2cb81e57af34a4cff0f21c38693d38e7535769f","status":"success","startEpochMs":1787566048624,"endEpochMs":1787566049099,"latencyMs":475}
CALIPER_TX_LATENCY {"workerIndex":0,"roundIndex":5,"roundLabel":"write-tps-20","transactionId":"60569f37f1528d3a8801d28cc398894c51045cd9808f225bb399797e8e02ee54","status":"success","startEpochMs":1787566048821,"endEpochMs":1787566049099,"latencyMs":278}
CALIPER_TX_LATENCY {"workerIndex":1,"roundIndex":5,"roundLabel":"write-tps-20","transactionId":"457c019370f9d6f61b7403230bc4d742ba6970b73215667cdea332c63849b84a","status":"success","startEpochMs":1787566049019,"endEpochMs":1787566049099,"latencyMs":80}
CALIPER_TX_LATENCY {"workerIndex":1,"roundIndex":5,"roundLabel":"write-tps-20","transactionId":"6b2af20006f82e50c97e6ca436b6f0c8c98f075686ea2b9ce97b7a4507121fc4","status":"success","startEpochMs":1787566048622,"endEpochMs":1787566049099,"latencyMs":477}
CALIPER_TX_LATENCY {"workerIndex":3,"roundIndex":5,"roundLabel":"write-tps-20","transactionId":"112e473fb62edb0c17f6dbf55f4f880deeb3b626468a886cda6200cfa564865d","status":"success","startEpochMs":1787566049021,"endEpochMs":1787566049507,"latencyMs":486}
CALIPER_TX_LATENCY {"workerIndex":2,"roundIndex":5,"roundLabel":"write-tps-20","transactionId":"494ca7bfeb681ce3e3fa1429d1e370368dbd1833ceeecd46ae9c909769e63c39","status":"success","startEpochMs":1787566049220,"endEpochMs":1787566049507,"latencyMs":287}
CALIPER_TX_LATENCY {"workerIndex":1,"roundIndex":5,"roundLabel":"write-tps-20","transactionId":"55ce928406d646e6b5cf79bbf741bdeabc791dd2747d9a81bfdf294d313d781e","status":"success","startEpochMs":1787566049220,"endEpochMs":1787566049507,"latencyMs":287}
CALIPER_TX_LATENCY {"workerIndex":0,"roundIndex":5,"roundLabel":"write-tps-20","transactionId":"bcfe85af1ae95a75572ab916714451169966c158907d98d5fe730707aff61fa5","status":"success","startEpochMs":1787566049420,"endEpochMs":1787566049507,"latencyMs":87}
CALIPER_TX_LATENCY {"workerIndex":3,"roundIndex":5,"roundLabel":"write-tps-20","transactionId":"6b5ef1dc3f179c24798f579f7017307f19d20448b1d73a9161f5cf488d08ee7f","status":"success","startEpochMs":1787566049220,"endEpochMs":1787566049507,"latencyMs":287}
CALIPER_TX_LATENCY {"workerIndex":2,"roundIndex":5,"roundLabel":"write-tps-20","transactionId":"c589cffca978192906d39e33a6ec32a28877a72f503101f026e05c26704fb858","status":"success","startEpochMs":1787566049021,"endEpochMs":1787566049507,"latencyMs":486}
CALIPER_TX_LATENCY {"workerIndex":0,"roundIndex":5,"roundLabel":"write-tps-20","transactionId":"91a5ec33ba20a4d5be9f15f2e72f9bf931405be517d868a92095d2a6d1ecec9b","status":"success","startEpochMs":1787566049220,"endEpochMs":1787566049507,"latencyMs":287}
CALIPER_TX_LATENCY {"workerIndex":1,"roundIndex":5,"roundLabel":"write-tps-20","transactionId":"a316cdbf0c0c242d9bb9d1ab5caf80e31ed525b25175ee6593a907755a9cf989","status":"success","startEpochMs":1787566049418,"endEpochMs":1787566049507,"latencyMs":89}
CALIPER_TX_LATENCY {"workerIndex":3,"roundIndex":5,"roundLabel":"write-tps-20","transactionId":"4979af97a561fef41420e2d61de6f6bb035dc9e2edf4d733e4cc28d288ce02df","status":"success","startEpochMs":1787566049419,"endEpochMs":1787566049507,"latencyMs":88}
CALIPER_TX_LATENCY {"workerIndex":2,"roundIndex":5,"roundLabel":"write-tps-20","transactionId":"da2ca513893a6fbc5c00631ad5685604df3f7b08c8d9468279d92c6e67ede7d1","status":"success","startEpochMs":1787566049420,"endEpochMs":1787566049507,"latencyMs":87}
2026.08.24-15:37:29.621[32m info [39m [caliper] [default-observer] 	[write-tps-20 Round 5 Transaction Info] - Submitted: 784 Succ: 780 Fail:0 Unfinished:4
CALIPER_TX_LATENCY {"workerIndex":2,"roundIndex":5,"roundLabel":"write-tps-20","transactionId":"ac33f4ca6d01942a7bf09c1f92991c6606534be43a64770106b3066e9eaa0b87","status":"success","startEpochMs":1787566050021,"endEpochMs":1787566050100,"latencyMs":79}
CALIPER_TX_LATENCY {"workerIndex":0,"roundIndex":5,"roundLabel":"write-tps-20","transactionId":"1e529affb8a3053b597a9c6de65b79c57a3bb6ab07db7ce4e4fce5860bd5fc9b","status":"success","startEpochMs":1787566049821,"endEpochMs":1787566050100,"latencyMs":279}
CALIPER_TX_LATENCY {"workerIndex":1,"roundIndex":5,"roundLabel":"write-tps-20","transactionId":"56a418697805b20ffc7397d509c3eca5a8e885499181fe9b8e85540fad8dcc54","status":"success","startEpochMs":1787566049620,"endEpochMs":1787566050100,"latencyMs":480}
CALIPER_TX_LATENCY {"workerIndex":3,"roundIndex":5,"roundLabel":"write-tps-20","transactionId":"187009df9ee6ca5c293f7e1ccf3fdcf0600867e4ccdda30f5b44855e1e69b33b","status":"success","startEpochMs":1787566049621,"endEpochMs":1787566050100,"latencyMs":479}
CALIPER_TX_LATENCY {"workerIndex":0,"roundIndex":5,"roundLabel":"write-tps-20","transactionId":"2a4f016b6018372ddd02fcb33bcc6880659e09ded77e6044c7f474a0f238f7de","status":"success","startEpochMs":1787566049621,"endEpochMs":1787566050101,"latencyMs":480}
CALIPER_TX_LATENCY {"workerIndex":2,"roundIndex":5,"roundLabel":"write-tps-20","transactionId":"ba4101802fb80f7d729e0069e7ccb883442457b18f43356d740c7454a4124e52","status":"success","startEpochMs":1787566049621,"endEpochMs":1787566050101,"latencyMs":480}
CALIPER_TX_LATENCY {"workerIndex":1,"roundIndex":5,"roundLabel":"write-tps-20","transactionId":"9d63000d1424276b559c72f466f601fda827c7e9a9c935093e5184c1a6eab7e7","status":"success","startEpochMs":1787566049821,"endEpochMs":1787566050101,"latencyMs":280}
CALIPER_TX_LATENCY {"workerIndex":0,"roundIndex":5,"roundLabel":"write-tps-20","transactionId":"2beb5d5bd13777702d1092acf038c8fa5d4aae94fb3d2749e5b3c0a1f4e553a3","status":"success","startEpochMs":1787566050022,"endEpochMs":1787566050101,"latencyMs":79}
CALIPER_TX_LATENCY {"workerIndex":2,"roundIndex":5,"roundLabel":"write-tps-20","transactionId":"4456287ef010399c4e1e729bf1696654c30c17c374d0bb0ff6df029d2fc508ca","status":"success","startEpochMs":1787566049821,"endEpochMs":1787566050101,"latencyMs":280}
CALIPER_TX_LATENCY {"workerIndex":3,"roundIndex":5,"roundLabel":"write-tps-20","transactionId":"5918aa8492a3452f73f0471bec9fbd87c0390f98b97a4b4db69cf5dfed8bc82e","status":"success","startEpochMs":1787566049821,"endEpochMs":1787566050101,"latencyMs":280}
CALIPER_TX_LATENCY {"workerIndex":0,"roundIndex":5,"roundLabel":"write-tps-20","transactionId":"40329045d9fd6a0aa1db75f4d7f75daad074275fb6680c0cf5a0267774a397b8","status":"success","startEpochMs":1787566050421,"endEpochMs":1787566050503,"latencyMs":82}
CALIPER_TX_LATENCY {"workerIndex":2,"roundIndex":5,"roundLabel":"write-tps-20","transactionId":"abd3ab06fa1c72abc019d7706922a37071068b5e293d704ccb7807bc76f98d8e","status":"success","startEpochMs":1787566050421,"endEpochMs":1787566050503,"latencyMs":82}
CALIPER_TX_LATENCY {"workerIndex":3,"roundIndex":5,"roundLabel":"write-tps-20","transactionId":"ff3f3a514d77d340b9ecfa30e6e6915da733ca91022f872a3334eb06f9e1441a","status":"success","startEpochMs":1787566050220,"endEpochMs":1787566050503,"latencyMs":283}
CALIPER_TX_LATENCY {"workerIndex":1,"roundIndex":5,"roundLabel":"write-tps-20","transactionId":"885904283f309a24b19080343565081b7e246987c0ff619afb7e2ca7500a7db2","status":"success","startEpochMs":1787566050420,"endEpochMs":1787566050503,"latencyMs":83}
CALIPER_TX_LATENCY {"workerIndex":0,"roundIndex":5,"roundLabel":"write-tps-20","transactionId":"dd31d61f1fbfe901bba6e20b1cb2202891c44197874d25b50599e348450a2c22","status":"success","startEpochMs":1787566050220,"endEpochMs":1787566050503,"latencyMs":283}
CALIPER_TX_LATENCY {"workerIndex":2,"roundIndex":5,"roundLabel":"write-tps-20","transactionId":"cbac1302cf61652687ad76fed5371dc734ad5fab29c474a1f2b0060d53246562","status":"success","startEpochMs":1787566050220,"endEpochMs":1787566050503,"latencyMs":283}
CALIPER_TX_LATENCY {"workerIndex":1,"roundIndex":5,"roundLabel":"write-tps-20","transactionId":"584181d3448426e08c82eb88c4e903d335b9e62d362232861512c1fcca6b0072","status":"success","startEpochMs":1787566050220,"endEpochMs":1787566050503,"latencyMs":283}
CALIPER_TX_LATENCY {"workerIndex":3,"roundIndex":5,"roundLabel":"write-tps-20","transactionId":"168805bd54a80148f6cbedc2e0bb73f0f3bc354a7d91b55a3a25c189ce596c67","status":"success","startEpochMs":1787566050421,"endEpochMs":1787566050503,"latencyMs":82}
CALIPER_TX_LATENCY {"workerIndex":1,"roundIndex":5,"roundLabel":"write-tps-20","transactionId":"14c5b45c1ca616abece5ce6b1b27ba5f866b6b2bfc4fde23a4b58404e901332f","status":"success","startEpochMs":1787566050020,"endEpochMs":1787566050503,"latencyMs":483}
CALIPER_TX_LATENCY {"workerIndex":3,"roundIndex":5,"roundLabel":"write-tps-20","transactionId":"a86c4cbb204763b455b246e10b978b2feeea9f61c31ed9886b6926e7e6128b0f","status":"success","startEpochMs":1787566050021,"endEpochMs":1787566050504,"latencyMs":483}
CALIPER_TX_LATENCY {"workerIndex":3,"roundIndex":5,"roundLabel":"write-tps-20","transactionId":"26e7c55b33b3c53ad69e9e744e0b60a8615c24790e72d263c71192c24ed518ec","status":"success","startEpochMs":1787566050621,"endEpochMs":1787566051103,"latencyMs":482}
CALIPER_TX_LATENCY {"workerIndex":0,"roundIndex":5,"roundLabel":"write-tps-20","transactionId":"526bf1398fd114737109ea4dac1e8744489f6bef330985cf2b2de169029ee35f","status":"success","startEpochMs":1787566050821,"endEpochMs":1787566051103,"latencyMs":282}
CALIPER_TX_LATENCY {"workerIndex":2,"roundIndex":5,"roundLabel":"write-tps-20","transactionId":"afc1e5fb0b1181ee5f63f6a0e891924cda1272de5fbcf59952f3632d5b3e08cd","status":"success","startEpochMs":1787566050621,"endEpochMs":1787566051103,"latencyMs":482}
CALIPER_TX_LATENCY {"workerIndex":1,"roundIndex":5,"roundLabel":"write-tps-20","transactionId":"8bb66f1cd25ba34a1c900e2b4381bdd97a4a04bcc815990fc4c80702f3ca8921","status":"success","startEpochMs":1787566050820,"endEpochMs":1787566051103,"latencyMs":283}
CALIPER_TX_LATENCY {"workerIndex":3,"roundIndex":5,"roundLabel":"write-tps-20","transactionId":"77fa2b4409193033e60ead3266b87df9e5b88c59201fd68ba84d5f1dbd9a77bb","status":"success","startEpochMs":1787566051022,"endEpochMs":1787566051103,"latencyMs":81}
CALIPER_TX_LATENCY {"workerIndex":0,"roundIndex":5,"roundLabel":"write-tps-20","transactionId":"712f6f025b7259a763c8850ff654cb13bd193b7b9c59c31434bdce2f39012d2f","status":"success","startEpochMs":1787566050621,"endEpochMs":1787566051103,"latencyMs":482}
CALIPER_TX_LATENCY {"workerIndex":3,"roundIndex":5,"roundLabel":"write-tps-20","transactionId":"edab4b70dd8b3fbb0f568a89c016b13c768e3f396662c888244c372c0a02c5c2","status":"success","startEpochMs":1787566050821,"endEpochMs":1787566051104,"latencyMs":283}
CALIPER_TX_LATENCY {"workerIndex":1,"roundIndex":5,"roundLabel":"write-tps-20","transactionId":"d05eeb4cfba7ead96e6a72ea1130876d9a8fa9fdeb0a63c1de701cdd8d35886c","status":"success","startEpochMs":1787566050621,"endEpochMs":1787566051104,"latencyMs":483}
CALIPER_TX_LATENCY {"workerIndex":2,"roundIndex":5,"roundLabel":"write-tps-20","transactionId":"43d4d32c9f75a8f0b6bef13d025ec773acecbbc33597c242bf00616970ca2e02","status":"success","startEpochMs":1787566050822,"endEpochMs":1787566051104,"latencyMs":282}
CALIPER_TX_LATENCY {"workerIndex":2,"roundIndex":5,"roundLabel":"write-tps-20","transactionId":"6600277285488d3241ce7312c51003b5d1aeaddae07d1077534432fc18002eb5","status":"success","startEpochMs":1787566051022,"endEpochMs":1787566051104,"latencyMs":82}
CALIPER_TX_LATENCY {"workerIndex":3,"roundIndex":5,"roundLabel":"write-tps-20","transactionId":"e8bf2c0490cd4592a03a451e06d21c3eb60201cc887ae9bdce62c1d27ed0085d","status":"success","startEpochMs":1787566051421,"endEpochMs":1787566051509,"latencyMs":88}
CALIPER_TX_LATENCY {"workerIndex":0,"roundIndex":5,"roundLabel":"write-tps-20","transactionId":"98116771b68759a2fda9e4860ca7eca603ec3011ddd11cf2a45c7c440ac79718","status":"success","startEpochMs":1787566051421,"endEpochMs":1787566051509,"latencyMs":88}
CALIPER_TX_LATENCY {"workerIndex":1,"roundIndex":5,"roundLabel":"write-tps-20","transactionId":"6c24e303f0d1294802a0745670e7618c3653e1dc21eb4ad9cbcfd2bc3a5af288","status":"success","startEpochMs":1787566051221,"endEpochMs":1787566051509,"latencyMs":288}
CALIPER_TX_LATENCY {"workerIndex":2,"roundIndex":5,"roundLabel":"write-tps-20","transactionId":"ca2fc15f13875fb8fff2fa95c578cad0fc7944dcc31f920367608ac35200b4ae","status":"success","startEpochMs":1787566051221,"endEpochMs":1787566051509,"latencyMs":288}
CALIPER_TX_LATENCY {"workerIndex":3,"roundIndex":5,"roundLabel":"write-tps-20","transactionId":"27cb0d1e3ef082291e5cff9f49bf3f57705a14d0739205fe7af29eaab3eee616","status":"success","startEpochMs":1787566051222,"endEpochMs":1787566051509,"latencyMs":287}
CALIPER_TX_LATENCY {"workerIndex":0,"roundIndex":5,"roundLabel":"write-tps-20","transactionId":"323de3d6b11b0f11b64020270dfc7950225ea5bfdeba98b7191f56606ef4c4c1","status":"success","startEpochMs":1787566051221,"endEpochMs":1787566051509,"latencyMs":288}
CALIPER_TX_LATENCY {"workerIndex":1,"roundIndex":5,"roundLabel":"write-tps-20","transactionId":"5115cc4237a674e92ce3a22885ec068553a181fcc0945293a586d10740e8c3ec","status":"success","startEpochMs":1787566051021,"endEpochMs":1787566051509,"latencyMs":488}
CALIPER_TX_LATENCY {"workerIndex":0,"roundIndex":5,"roundLabel":"write-tps-20","transactionId":"bdb3cf24f45a26a57c28622304855de0665379d4fbb67700411563104cdeff2f","status":"success","startEpochMs":1787566051020,"endEpochMs":1787566051509,"latencyMs":489}
CALIPER_TX_LATENCY {"workerIndex":1,"roundIndex":5,"roundLabel":"write-tps-20","transactionId":"5265e0279f935043fcdf7572db2528a430802425ab9c41390be42c7dfca1ef71","status":"success","startEpochMs":1787566051420,"endEpochMs":1787566051509,"latencyMs":89}
CALIPER_TX_LATENCY {"workerIndex":2,"roundIndex":5,"roundLabel":"write-tps-20","transactionId":"8efdfc3758f90e14501240d11c2785da7af255e3aa5bb58c8202e38be157f973","status":"success","startEpochMs":1787566051421,"endEpochMs":1787566051509,"latencyMs":88}
CALIPER_TX_LATENCY {"workerIndex":0,"roundIndex":5,"roundLabel":"write-tps-20","transactionId":"b6ac08d0daa16e701309d1a8ae8f2cd4f5546a6e58492818b33eaa6742657002","status":"success","startEpochMs":1787566052020,"endEpochMs":1787566052105,"latencyMs":85}
CALIPER_TX_LATENCY {"workerIndex":1,"roundIndex":5,"roundLabel":"write-tps-20","transactionId":"564bc3ad9c0c31ed4676d82f265c830d29ce547670d8870318e715a856a5d7ea","status":"success","startEpochMs":1787566051621,"endEpochMs":1787566052105,"latencyMs":484}
CALIPER_TX_LATENCY {"workerIndex":3,"roundIndex":5,"roundLabel":"write-tps-20","transactionId":"701033bee9df76c8be484a149eb2610c40e6607975cb76ca4e39e3d9c9e78463","status":"success","startEpochMs":1787566051621,"endEpochMs":1787566052105,"latencyMs":484}
CALIPER_TX_LATENCY {"workerIndex":2,"roundIndex":5,"roundLabel":"write-tps-20","transactionId":"5a4a197c7453fceb3ee0b90457c2521edea6bc0a37757818885ec7cb11633c63","status":"success","startEpochMs":1787566051821,"endEpochMs":1787566052105,"latencyMs":284}
CALIPER_TX_LATENCY {"workerIndex":0,"roundIndex":5,"roundLabel":"write-tps-20","transactionId":"4b339614fa94c1c9a1e4c9171e07f6dcbe96293ded54b5f5ef6946397a5a5181","status":"success","startEpochMs":1787566051821,"endEpochMs":1787566052105,"latencyMs":284}
CALIPER_TX_LATENCY {"workerIndex":2,"roundIndex":5,"roundLabel":"write-tps-20","transactionId":"195e01521ffdb7eaac07f5b36de1f63b6df5ec3ce3820c7a12747f1964d0a2ac","status":"success","startEpochMs":1787566051621,"endEpochMs":1787566052105,"latencyMs":484}
CALIPER_TX_LATENCY {"workerIndex":1,"roundIndex":5,"roundLabel":"write-tps-20","transactionId":"1138356aa0a7369dedc42a6410d1d9a72bc7d8bf1fbe99fab3f265ff8d01f494","status":"success","startEpochMs":1787566052020,"endEpochMs":1787566052105,"latencyMs":85}
CALIPER_TX_LATENCY {"workerIndex":3,"roundIndex":5,"roundLabel":"write-tps-20","transactionId":"22a36467e3088d68286028a5c7d7dbd35d60a4cf574d0b3188c765a1ae6a489f","status":"success","startEpochMs":1787566051821,"endEpochMs":1787566052105,"latencyMs":284}
CALIPER_TX_LATENCY {"workerIndex":0,"roundIndex":5,"roundLabel":"write-tps-20","transactionId":"d15dc66504fe90cf65561a239be4d9ec862d6f8d5b08cc6b2a88db3628268e7c","status":"success","startEpochMs":1787566051621,"endEpochMs":1787566052105,"latencyMs":484}
CALIPER_TX_LATENCY {"workerIndex":1,"roundIndex":5,"roundLabel":"write-tps-20","transactionId":"33098b2ab7054d7c15c01f002f7f09f0ecc9c3ce2efbb808e21164c83d1ed66a","status":"success","startEpochMs":1787566051820,"endEpochMs":1787566052105,"latencyMs":285}
CALIPER_TX_LATENCY {"workerIndex":0,"roundIndex":5,"roundLabel":"write-tps-20","transactionId":"7ac4f4f9fcb4f5ab78345881ae870adac632846012898981370b0b7b49e5d411","status":"success","startEpochMs":1787566052220,"endEpochMs":1787566052496,"latencyMs":276}
CALIPER_TX_LATENCY {"workerIndex":1,"roundIndex":5,"roundLabel":"write-tps-20","transactionId":"0b223fd05717f39697c3d0d21f6ff3c9c21c58722c706d2ae926b24ee192010c","status":"success","startEpochMs":1787566052220,"endEpochMs":1787566052496,"latencyMs":276}
CALIPER_TX_LATENCY {"workerIndex":2,"roundIndex":5,"roundLabel":"write-tps-20","transactionId":"00ef3d033c67775b2efeb5b2ffa167f56e5c690dcae098588b5ed89dc2fea5f3","status":"success","startEpochMs":1787566052220,"endEpochMs":1787566052496,"latencyMs":276}
CALIPER_TX_LATENCY {"workerIndex":3,"roundIndex":5,"roundLabel":"write-tps-20","transactionId":"7eabd45aa98a8f2e4fb06930d340222eeae635c5840adf60e2cac00caeaa0c7e","status":"success","startEpochMs":1787566052221,"endEpochMs":1787566052496,"latencyMs":275}
CALIPER_TX_LATENCY {"workerIndex":0,"roundIndex":5,"roundLabel":"write-tps-20","transactionId":"299fb0e5104bd7e239f4299cf1122eef6ee87425abe2e78afecbe01a239bccc6","status":"success","startEpochMs":1787566052421,"endEpochMs":1787566052496,"latencyMs":75}
CALIPER_TX_LATENCY {"workerIndex":3,"roundIndex":5,"roundLabel":"write-tps-20","transactionId":"3bdcba7267ee21132176331f18e7b4d3887889df1eb8057975deceee892d7682","status":"success","startEpochMs":1787566052420,"endEpochMs":1787566052496,"latencyMs":76}
CALIPER_TX_LATENCY {"workerIndex":2,"roundIndex":5,"roundLabel":"write-tps-20","transactionId":"118a03b7f90421a3c218ad761427a024c71e55d27a2ed57ea061b40af24c8fad","status":"success","startEpochMs":1787566052421,"endEpochMs":1787566052496,"latencyMs":75}
CALIPER_TX_LATENCY {"workerIndex":1,"roundIndex":5,"roundLabel":"write-tps-20","transactionId":"073f55d18a4a03763d4430c256a9e97fb7e48f093240b4fbf52c45ac73fef239","status":"success","startEpochMs":1787566052420,"endEpochMs":1787566052496,"latencyMs":76}
CALIPER_TX_LATENCY {"workerIndex":3,"roundIndex":5,"roundLabel":"write-tps-20","transactionId":"eafb24a0f0c7c2026fb2337ecbc4fc1779049b77837c3e32206d8f5803ac8955","status":"success","startEpochMs":1787566052021,"endEpochMs":1787566052496,"latencyMs":475}
CALIPER_TX_LATENCY {"workerIndex":2,"roundIndex":5,"roundLabel":"write-tps-20","transactionId":"d2768ef9324ca74db586d4ecfd48bcd6a1473c8387294fb1868b6e2a52103059","status":"success","startEpochMs":1787566052020,"endEpochMs":1787566052497,"latencyMs":477}
CALIPER_TX_LATENCY {"workerIndex":0,"roundIndex":5,"roundLabel":"write-tps-20","transactionId":"e5cd8febfdf24db06bd6cb6943cfb1ec8d6eeecc4e5eb5d394c39352aff59f6a","status":"success","startEpochMs":1787566052621,"endEpochMs":1787566053106,"latencyMs":485}
CALIPER_TX_LATENCY {"workerIndex":1,"roundIndex":5,"roundLabel":"write-tps-20","transactionId":"cc911f14e2195757fe8b577a4c218dbf535018a57eb60c5660e970a7a8f63436","status":"success","startEpochMs":1787566052621,"endEpochMs":1787566053106,"latencyMs":485}
CALIPER_TX_LATENCY {"workerIndex":3,"roundIndex":5,"roundLabel":"write-tps-20","transactionId":"dba47c5bb872f62a28a13fcca2a9657e49870f3c940c47c6fab619cc41b9064f","status":"success","startEpochMs":1787566052622,"endEpochMs":1787566053106,"latencyMs":484}
CALIPER_TX_LATENCY {"workerIndex":2,"roundIndex":5,"roundLabel":"write-tps-20","transactionId":"9880d8eee8b04865844a6ae18e4ff6ac2eebc6bc13f4735690e9a3778c345583","status":"success","startEpochMs":1787566053021,"endEpochMs":1787566053106,"latencyMs":85}
CALIPER_TX_LATENCY {"workerIndex":1,"roundIndex":5,"roundLabel":"write-tps-20","transactionId":"546ee2b9887a1adf024dbe3b5d3a18a45ac040cab41a974dea64522d85aa54a5","status":"success","startEpochMs":1787566052821,"endEpochMs":1787566053106,"latencyMs":285}
CALIPER_TX_LATENCY {"workerIndex":0,"roundIndex":5,"roundLabel":"write-tps-20","transactionId":"7df5b1c843404e934f98c0842dd7cd5da8089dfaab2079c0fe40e8c2bdd490df","status":"success","startEpochMs":1787566052821,"endEpochMs":1787566053106,"latencyMs":285}
CALIPER_TX_LATENCY {"workerIndex":3,"roundIndex":5,"roundLabel":"write-tps-20","transactionId":"83f9d912ed68f57296c77bae8b2cd98982e208456dbda8fdbfa71917c0a92e1d","status":"success","startEpochMs":1787566052822,"endEpochMs":1787566053106,"latencyMs":284}
CALIPER_TX_LATENCY {"workerIndex":1,"roundIndex":5,"roundLabel":"write-tps-20","transactionId":"96432fbe86a3cf8c47c2331b21f55ee909b64e3f0ad7299eaa3f3517ccaf9d98","status":"success","startEpochMs":1787566053021,"endEpochMs":1787566053106,"latencyMs":85}
CALIPER_TX_LATENCY {"workerIndex":2,"roundIndex":5,"roundLabel":"write-tps-20","transactionId":"0814c06c102ba68c123f7f25857a337897322aa5cb348cd9759f64a15b4d9365","status":"success","startEpochMs":1787566052622,"endEpochMs":1787566053106,"latencyMs":484}
CALIPER_TX_LATENCY {"workerIndex":2,"roundIndex":5,"roundLabel":"write-tps-20","transactionId":"89ac639614b75f67ae0726faa704fc2de2e8234567792ff6ace4b20c3acf79c4","status":"success","startEpochMs":1787566052821,"endEpochMs":1787566053106,"latencyMs":285}
CALIPER_TX_LATENCY {"workerIndex":2,"roundIndex":5,"roundLabel":"write-tps-20","transactionId":"aaac98f374939a39b5e1cd6480d4a989b100b8ce1d6845fe9cfab7cc04f47ee9","status":"success","startEpochMs":1787566053221,"endEpochMs":1787566053506,"latencyMs":285}
CALIPER_TX_LATENCY {"workerIndex":1,"roundIndex":5,"roundLabel":"write-tps-20","transactionId":"2c970f901df48180ad777eb3872408c5ac42c10cc9f718455efe633370484280","status":"success","startEpochMs":1787566053421,"endEpochMs":1787566053506,"latencyMs":85}
CALIPER_TX_LATENCY {"workerIndex":3,"roundIndex":5,"roundLabel":"write-tps-20","transactionId":"f4da021e478957aeef9204709e0f89fd493386cbb1709c6f9e72b8e31ef67808","status":"success","startEpochMs":1787566053021,"endEpochMs":1787566053506,"latencyMs":485}
CALIPER_TX_LATENCY {"workerIndex":0,"roundIndex":5,"roundLabel":"write-tps-20","transactionId":"5d32164bae4e7b76a95c2d9fdf3a0160e3cf73faa152cd7f2a0e013cc8b179ea","status":"success","startEpochMs":1787566053421,"endEpochMs":1787566053506,"latencyMs":85}
CALIPER_TX_LATENCY {"workerIndex":2,"roundIndex":5,"roundLabel":"write-tps-20","transactionId":"a4bf6244d2dace6a8461feb1333f2a07ccc2375e21dc26d0072c0e1c3a7f84d4","status":"success","startEpochMs":1787566053421,"endEpochMs":1787566053507,"latencyMs":86}
CALIPER_TX_LATENCY {"workerIndex":3,"roundIndex":5,"roundLabel":"write-tps-20","transactionId":"8ad8f25aa60ea973f8742c7a5cec824bc24a168035566a51fa55c454bf445425","status":"success","startEpochMs":1787566053421,"endEpochMs":1787566053507,"latencyMs":86}
CALIPER_TX_LATENCY {"workerIndex":1,"roundIndex":5,"roundLabel":"write-tps-20","transactionId":"d017185a841a716b432e16a3e91ce3ca940a44e905e63f5241795b4eb9d5d9ee","status":"success","startEpochMs":1787566053220,"endEpochMs":1787566053507,"latencyMs":287}
CALIPER_TX_LATENCY {"workerIndex":0,"roundIndex":5,"roundLabel":"write-tps-20","transactionId":"291add0bae8dab3995ec1f58bf4e0ced80d1f92c35abf9f54081668ecf1a6dde","status":"success","startEpochMs":1787566053022,"endEpochMs":1787566053507,"latencyMs":485}
CALIPER_TX_LATENCY {"workerIndex":3,"roundIndex":5,"roundLabel":"write-tps-20","transactionId":"7e2f2c3bcf2e28f198cb34061ef186c6644a618127ea0e9769305fdf22b3c7af","status":"success","startEpochMs":1787566053221,"endEpochMs":1787566053507,"latencyMs":286}
CALIPER_TX_LATENCY {"workerIndex":0,"roundIndex":5,"roundLabel":"write-tps-20","transactionId":"82904641b832bdf01d0e6f9c4dc900d9996e1a616e8452b30b0ea55c45f606a3","status":"success","startEpochMs":1787566053221,"endEpochMs":1787566053507,"latencyMs":286}
CALIPER_TX_LATENCY {"workerIndex":0,"roundIndex":5,"roundLabel":"write-tps-20","transactionId":"5036af9a4abafb81a006eb6b901826b492163b9344c3f05c230a8e3417c94a34","status":"success","startEpochMs":1787566053822,"endEpochMs":1787566054099,"latencyMs":277}
CALIPER_TX_LATENCY {"workerIndex":2,"roundIndex":5,"roundLabel":"write-tps-20","transactionId":"19b4afbb326232651bfd63236629d0dec70eeccad15ead275cc8a723c4327b44","status":"success","startEpochMs":1787566053822,"endEpochMs":1787566054099,"latencyMs":277}
CALIPER_TX_LATENCY {"workerIndex":0,"roundIndex":5,"roundLabel":"write-tps-20","transactionId":"d86129ce2278c6794ea835d0d27e4a9517024e2d2b746abf0214c57054278dab","status":"success","startEpochMs":1787566053621,"endEpochMs":1787566054100,"latencyMs":479}
CALIPER_TX_LATENCY {"workerIndex":1,"roundIndex":5,"roundLabel":"write-tps-20","transactionId":"ce7b7bd4e5384956b83e4c8c5234985f3945775f9afbfa26bac247d500909d93","status":"success","startEpochMs":1787566054020,"endEpochMs":1787566054099,"latencyMs":79}
CALIPER_TX_LATENCY {"workerIndex":3,"roundIndex":5,"roundLabel":"write-tps-20","transactionId":"5a08b8792f9a94bb9b4e9a8cced722e7ee77362a9de322be6f493a58a86c05ae","status":"success","startEpochMs":1787566053821,"endEpochMs":1787566054099,"latencyMs":278}
CALIPER_TX_LATENCY {"workerIndex":2,"roundIndex":5,"roundLabel":"write-tps-20","transactionId":"82e10acce8e3613df47cba3778f631aa8479deecb89a7dcc3c8f5afb64b38528","status":"success","startEpochMs":1787566053622,"endEpochMs":1787566054100,"latencyMs":478}
CALIPER_TX_LATENCY {"workerIndex":3,"roundIndex":5,"roundLabel":"write-tps-20","transactionId":"570a3953d68729d496e7b08d614e1874118bb4ea5a3a86fe5d091a63222bfa9d","status":"success","startEpochMs":1787566053621,"endEpochMs":1787566054100,"latencyMs":479}
CALIPER_TX_LATENCY {"workerIndex":1,"roundIndex":5,"roundLabel":"write-tps-20","transactionId":"398bb3f0cffe6c7191904cb351999f904ab5174e4a9ad9b0a02bb2e5613c065f","status":"success","startEpochMs":1787566053621,"endEpochMs":1787566054100,"latencyMs":479}
CALIPER_TX_LATENCY {"workerIndex":3,"roundIndex":5,"roundLabel":"write-tps-20","transactionId":"9a7236bbe3890622fefc3093bf1ebefed2656321c41418eeb38e3080ad6a8d83","status":"success","startEpochMs":1787566054020,"endEpochMs":1787566054100,"latencyMs":80}
CALIPER_TX_LATENCY {"workerIndex":1,"roundIndex":5,"roundLabel":"write-tps-20","transactionId":"cf79631811fe49b4cc049cf1df6ef103f910be4c1da1bd56f4f0e95351d8caea","status":"success","startEpochMs":1787566053821,"endEpochMs":1787566054100,"latencyMs":279}
CALIPER_TX_LATENCY {"workerIndex":0,"roundIndex":5,"roundLabel":"write-tps-20","transactionId":"c7d6073174c03a28b635f12f5af75224c414b150b5da5271844d81e5dcc8dbe5","status":"success","startEpochMs":1787566054020,"endEpochMs":1787566054497,"latencyMs":477}
CALIPER_TX_LATENCY {"workerIndex":1,"roundIndex":5,"roundLabel":"write-tps-20","transactionId":"32d2876053ad04b7eb3aa8826cca0c0c7c5df08063ae88231b49921e0d444008","status":"success","startEpochMs":1787566054221,"endEpochMs":1787566054497,"latencyMs":276}
CALIPER_TX_LATENCY {"workerIndex":2,"roundIndex":5,"roundLabel":"write-tps-20","transactionId":"3eae42149dd89f640a8317b4deb58c989002cfe703c55a9e4a98bc590e6aa0cd","status":"success","startEpochMs":1787566054420,"endEpochMs":1787566054497,"latencyMs":77}
CALIPER_TX_LATENCY {"workerIndex":3,"roundIndex":5,"roundLabel":"write-tps-20","transactionId":"e964b9a4ac236e32a26a51c4560a5866d5df105a085ba19fb84947ba653b4b30","status":"success","startEpochMs":1787566054221,"endEpochMs":1787566054497,"latencyMs":276}
CALIPER_TX_LATENCY {"workerIndex":0,"roundIndex":5,"roundLabel":"write-tps-20","transactionId":"b61021753400f6d800bcb39d220c3099e842f519c9f6f9a90cc93b224d5360e5","status":"success","startEpochMs":1787566054221,"endEpochMs":1787566054497,"latencyMs":276}
CALIPER_TX_LATENCY {"workerIndex":1,"roundIndex":5,"roundLabel":"write-tps-20","transactionId":"f5b135100d0ad724a948ac197d60b73373a064a9d4b37695bed009dea981a60b","status":"success","startEpochMs":1787566054420,"endEpochMs":1787566054497,"latencyMs":77}
CALIPER_TX_LATENCY {"workerIndex":2,"roundIndex":5,"roundLabel":"write-tps-20","transactionId":"f3df7702bbacaadb77e772bb9e45f67d05c6c07cfefb5592de4ee1192b60f2b4","status":"success","startEpochMs":1787566054021,"endEpochMs":1787566054497,"latencyMs":476}
CALIPER_TX_LATENCY {"workerIndex":0,"roundIndex":5,"roundLabel":"write-tps-20","transactionId":"1dd194e05ce4eab4a7955fe2a29f87e178396dba2812250786a65370e74a4f36","status":"success","startEpochMs":1787566054420,"endEpochMs":1787566054498,"latencyMs":78}
CALIPER_TX_LATENCY {"workerIndex":2,"roundIndex":5,"roundLabel":"write-tps-20","transactionId":"240a0f5f13cf1aafe4227929e53b23dd71a754b336f78db57454a367191bfad0","status":"success","startEpochMs":1787566054221,"endEpochMs":1787566054498,"latencyMs":277}
CALIPER_TX_LATENCY {"workerIndex":3,"roundIndex":5,"roundLabel":"write-tps-20","transactionId":"f149ea746749ef83b9554d2e367224e72afbf2ea1c801f5786527233ab9035d8","status":"success","startEpochMs":1787566054421,"endEpochMs":1787566054498,"latencyMs":77}
2026.08.24-15:37:34.621[32m info [39m [caliper] [default-observer] 	[write-tps-20 Round 5 Transaction Info] - Submitted: 884 Succ: 880 Fail:0 Unfinished:4
CALIPER_TX_LATENCY {"workerIndex":0,"roundIndex":5,"roundLabel":"write-tps-20","transactionId":"249e9b05eab6961fa9d850ba7d5bd306abd763dca19c6a6174a2c171cf9d64a6","status":"success","startEpochMs":1787566054621,"endEpochMs":1787566056680,"latencyMs":2059}
CALIPER_TX_LATENCY {"workerIndex":3,"roundIndex":5,"roundLabel":"write-tps-20","transactionId":"da21ea88e9418f710e8269cd2e7e359e48c52829830dd7b94b59b281af8f055e","status":"success","startEpochMs":1787566054621,"endEpochMs":1787566056680,"latencyMs":2059}
CALIPER_TX_LATENCY {"workerIndex":1,"roundIndex":5,"roundLabel":"write-tps-20","transactionId":"fb1cfdb5ba125fcc806eaf7360ac0601a1af3f1dc735be4e74a64d0136b91c4c","status":"success","startEpochMs":1787566054620,"endEpochMs":1787566056680,"latencyMs":2060}
CALIPER_TX_LATENCY {"workerIndex":2,"roundIndex":5,"roundLabel":"write-tps-20","transactionId":"109b39516d1d6c73a7ec57a34561bd6ba48208bd9a2b7cdb2092a3dffa62bd04","status":"success","startEpochMs":1787566054620,"endEpochMs":1787566056680,"latencyMs":2060}
2026.08.24-15:37:37.741[32m info [39m [caliper] [connectors/peer-gateway/PeerGateway] 	disconnecting gateway for user io.krishnan
2026.08.24-15:37:37.741[32m info [39m [caliper] [connectors/peer-gateway/PeerGateway] 	disconnecting gateway for user insp.rathore
2026.08.24-15:37:37.741[32m info [39m [caliper] [connectors/peer-gateway/PeerGateway] 	disconnecting gateway for user insp.singh
2026.08.24-15:37:37.741[32m info [39m [caliper] [connectors/peer-gateway/PeerGateway] 	disconnecting gateway for user const.verma
2026.08.24-15:37:37.741[32m info [39m [caliper] [connectors/peer-gateway/PeerGateway] 	disconnecting gateway for user insp.sharma
2026.08.24-15:37:37.741[32m info [39m [caliper] [connectors/peer-gateway/PeerGateway] 	disconnecting gateway for user _AuditMSP_aud.qureshi
2026.08.24-15:37:37.741[32m info [39m [caliper] [connectors/peer-gateway/PeerGateway] 	disconnecting gRpc client at peer PoliceMSP_localhost:7051
2026.08.24-15:37:37.741[32m info [39m [caliper] [connectors/peer-gateway/PeerGateway] 	disconnecting gRpc client at peer AuditMSP_localhost:11051
2026.08.24-15:37:37.741[32m info [39m [caliper] [worker-message-handler] 	Worker#3 finished Round#5
2026.08.24-15:37:37.741[32m info [39m [caliper] [connectors/peer-gateway/PeerGateway] 	disconnecting gateway for user io.krishnan
2026.08.24-15:37:37.741[32m info [39m [caliper] [connectors/peer-gateway/PeerGateway] 	disconnecting gateway for user io.krishnan
2026.08.24-15:37:37.741[32m info [39m [caliper] [connectors/peer-gateway/PeerGateway] 	disconnecting gateway for user insp.rathore
2026.08.24-15:37:37.741[32m info [39m [caliper] [connectors/peer-gateway/PeerGateway] 	disconnecting gateway for user insp.rathore
2026.08.24-15:37:37.741[32m info [39m [caliper] [connectors/peer-gateway/PeerGateway] 	disconnecting gateway for user insp.singh
2026.08.24-15:37:37.741[32m info [39m [caliper] [connectors/peer-gateway/PeerGateway] 	disconnecting gateway for user insp.singh
2026.08.24-15:37:37.741[32m info [39m [caliper] [connectors/peer-gateway/PeerGateway] 	disconnecting gateway for user const.verma
2026.08.24-15:37:37.741[32m info [39m [caliper] [connectors/peer-gateway/PeerGateway] 	disconnecting gateway for user const.verma
2026.08.24-15:37:37.741[32m info [39m [caliper] [connectors/peer-gateway/PeerGateway] 	disconnecting gateway for user insp.sharma
2026.08.24-15:37:37.741[32m info [39m [caliper] [connectors/peer-gateway/PeerGateway] 	disconnecting gateway for user insp.sharma
2026.08.24-15:37:37.741[32m info [39m [caliper] [connectors/peer-gateway/PeerGateway] 	disconnecting gateway for user _AuditMSP_aud.qureshi
2026.08.24-15:37:37.741[32m info [39m [caliper] [connectors/peer-gateway/PeerGateway] 	disconnecting gateway for user _AuditMSP_aud.qureshi
2026.08.24-15:37:37.741[32m info [39m [caliper] [connectors/peer-gateway/PeerGateway] 	disconnecting gRpc client at peer PoliceMSP_localhost:7051
2026.08.24-15:37:37.741[32m info [39m [caliper] [connectors/peer-gateway/PeerGateway] 	disconnecting gRpc client at peer PoliceMSP_localhost:7051
2026.08.24-15:37:37.741[32m info [39m [caliper] [connectors/peer-gateway/PeerGateway] 	disconnecting gateway for user io.krishnan
2026.08.24-15:37:37.741[32m info [39m [caliper] [connectors/peer-gateway/PeerGateway] 	disconnecting gRpc client at peer AuditMSP_localhost:11051
2026.08.24-15:37:37.741[32m info [39m [caliper] [connectors/peer-gateway/PeerGateway] 	disconnecting gRpc client at peer AuditMSP_localhost:11051
2026.08.24-15:37:37.741[32m info [39m [caliper] [connectors/peer-gateway/PeerGateway] 	disconnecting gateway for user insp.rathore
2026.08.24-15:37:37.741[32m info [39m [caliper] [worker-message-handler] 	Worker#0 finished Round#5
2026.08.24-15:37:37.741[32m info [39m [caliper] [worker-message-handler] 	Worker#1 finished Round#5
2026.08.24-15:37:37.741[32m info [39m [caliper] [connectors/peer-gateway/PeerGateway] 	disconnecting gateway for user insp.singh
2026.08.24-15:37:37.741[32m info [39m [caliper] [connectors/peer-gateway/PeerGateway] 	disconnecting gateway for user const.verma
2026.08.24-15:37:37.741[32m info [39m [caliper] [connectors/peer-gateway/PeerGateway] 	disconnecting gateway for user insp.sharma
2026.08.24-15:37:37.741[32m info [39m [caliper] [connectors/peer-gateway/PeerGateway] 	disconnecting gateway for user _AuditMSP_aud.qureshi
2026.08.24-15:37:37.741[32m info [39m [caliper] [connectors/peer-gateway/PeerGateway] 	disconnecting gRpc client at peer PoliceMSP_localhost:7051
2026.08.24-15:37:37.741[32m info [39m [caliper] [connectors/peer-gateway/PeerGateway] 	disconnecting gRpc client at peer AuditMSP_localhost:11051
2026.08.24-15:37:37.741[32m info [39m [caliper] [worker-message-handler] 	Worker#2 finished Round#5
2026.08.24-15:37:42.743[32m info [39m [caliper] [default-observer] 	Resetting txCount indicator count
2026.08.24-15:37:42.743[32m info [39m [caliper] [report-builder] 	### Test result ###
2026.08.24-15:37:42.743[32m info [39m [caliper] [report-builder] 	
+--------------+------+------+-----------------+-----------------+-----------------+-----------------+------------------+
| Name         | Succ | Fail | Send Rate (TPS) | Max Latency (s) | Min Latency (s) | Avg Latency (s) | Throughput (TPS) |
|--------------|------|------|-----------------|-----------------|-----------------|-----------------|------------------|
| write-tps-20 | 904  | 0    | 20.1            | 2.06            | 0.06            | 0.30            | 19.2             |
+--------------+------+------+-----------------+-----------------+-----------------+-----------------+------------------+

2026.08.24-15:37:42.752[32m info [39m [caliper] [report-builder] 	### prometheus resource stats ###'
2026.08.24-15:37:42.753[32m info [39m [caliper] [report-builder] 	
+--------------------------------------------------+-------------------------------------------------------------------------------------------------------------------------------------------------------------------------------------------------------------------------------------------------------------------------------------------------+------------------------------------+---------+
| Metric                                           | Prometheus Query                                                                                                                                                                                                                                                                                | Name                               | Value   |
|--------------------------------------------------|-------------------------------------------------------------------------------------------------------------------------------------------------------------------------------------------------------------------------------------------------------------------------------------------------|------------------------------------|---------|
| Process resident memory (MiB, max)               | process_resident_memory_bytes{job=~"fabric-.*"}                                                                                                                                                                                                                                                 | orderer.example.com:9443           | 89.0    |
|--------------------------------------------------|-------------------------------------------------------------------------------------------------------------------------------------------------------------------------------------------------------------------------------------------------------------------------------------------------|------------------------------------|---------|
|                                                  |                                                                                                                                                                                                                                                                                                 | peer0.audit.example.com:9448       | 138     |
|--------------------------------------------------|-------------------------------------------------------------------------------------------------------------------------------------------------------------------------------------------------------------------------------------------------------------------------------------------------|------------------------------------|---------|
|                                                  |                                                                                                                                                                                                                                                                                                 | peer0.court.example.com:9447       | 141     |
|--------------------------------------------------|-------------------------------------------------------------------------------------------------------------------------------------------------------------------------------------------------------------------------------------------------------------------------------------------------|------------------------------------|---------|
|                                                  |                                                                                                                                                                                                                                                                                                 | peer0.forensics.example.com:9445   | 139     |
|--------------------------------------------------|-------------------------------------------------------------------------------------------------------------------------------------------------------------------------------------------------------------------------------------------------------------------------------------------------|------------------------------------|---------|
|                                                  |                                                                                                                                                                                                                                                                                                 | peer0.police.example.com:9444      | 142     |
|--------------------------------------------------|-------------------------------------------------------------------------------------------------------------------------------------------------------------------------------------------------------------------------------------------------------------------------------------------------|------------------------------------|---------|
|                                                  |                                                                                                                                                                                                                                                                                                 | peer0.prosecution.example.com:9446 | 133     |
|--------------------------------------------------|-------------------------------------------------------------------------------------------------------------------------------------------------------------------------------------------------------------------------------------------------------------------------------------------------|------------------------------------|---------|
| Process CPU rate (percent, max)                  | rate(process_cpu_seconds_total{job=~"fabric-.*"}[1m])                                                                                                                                                                                                                                           | orderer.example.com:9443           | 2.67    |
|--------------------------------------------------|-------------------------------------------------------------------------------------------------------------------------------------------------------------------------------------------------------------------------------------------------------------------------------------------------|------------------------------------|---------|
|                                                  |                                                                                                                                                                                                                                                                                                 | peer0.audit.example.com:9448       | 7.53    |
|--------------------------------------------------|-------------------------------------------------------------------------------------------------------------------------------------------------------------------------------------------------------------------------------------------------------------------------------------------------|------------------------------------|---------|
|                                                  |                                                                                                                                                                                                                                                                                                 | peer0.court.example.com:9447       | 7.60    |
|--------------------------------------------------|-------------------------------------------------------------------------------------------------------------------------------------------------------------------------------------------------------------------------------------------------------------------------------------------------|------------------------------------|---------|
|                                                  |                                                                                                                                                                                                                                                                                                 | peer0.forensics.example.com:9445   | 8.15    |
|--------------------------------------------------|-------------------------------------------------------------------------------------------------------------------------------------------------------------------------------------------------------------------------------------------------------------------------------------------------|------------------------------------|---------|
|                                                  |                                                                                                                                                                                                                                                                                                 | peer0.police.example.com:9444      | 15.1    |
|--------------------------------------------------|-------------------------------------------------------------------------------------------------------------------------------------------------------------------------------------------------------------------------------------------------------------------------------------------------|------------------------------------|---------|
|                                                  |                                                                                                                                                                                                                                                                                                 | peer0.prosecution.example.com:9446 | 7.65    |
|--------------------------------------------------|-------------------------------------------------------------------------------------------------------------------------------------------------------------------------------------------------------------------------------------------------------------------------------------------------|------------------------------------|---------|
| Crimerecords endorsement duration (seconds, avg) | sum by (instance) (rate(endorser_proposal_duration_sum{job=~"fabric-.*",channel="crimechannel",chaincode="crimerecords",success="true"}[1m])) / sum by (instance) (rate(endorser_proposal_duration_count{job=~"fabric-.*",channel="crimechannel",chaincode="crimerecords",success="true"}[1m])) | peer0.audit.example.com:9448       | 0.00799 |
|--------------------------------------------------|-------------------------------------------------------------------------------------------------------------------------------------------------------------------------------------------------------------------------------------------------------------------------------------------------|------------------------------------|---------|
|                                                  |                                                                                                                                                                                                                                                                                                 | peer0.court.example.com:9447       | 0.00828 |
|--------------------------------------------------|-------------------------------------------------------------------------------------------------------------------------------------------------------------------------------------------------------------------------------------------------------------------------------------------------|------------------------------------|---------|
|                                                  |                                                                                                                                                                                                                                                                                                 | peer0.forensics.example.com:9445   | 0.00811 |
|--------------------------------------------------|-------------------------------------------------------------------------------------------------------------------------------------------------------------------------------------------------------------------------------------------------------------------------------------------------|------------------------------------|---------|
|                                                  |                                                                                                                                                                                                                                                                                                 | peer0.police.example.com:9444      | 0.0145  |
|--------------------------------------------------|-------------------------------------------------------------------------------------------------------------------------------------------------------------------------------------------------------------------------------------------------------------------------------------------------|------------------------------------|---------|
|                                                  |                                                                                                                                                                                                                                                                                                 | peer0.prosecution.example.com:9446 | 0.00822 |
|--------------------------------------------------|-------------------------------------------------------------------------------------------------------------------------------------------------------------------------------------------------------------------------------------------------------------------------------------------------|------------------------------------|---------|
| Ledger height (blocks, max)                      | ledger_blockchain_height{job=~"fabric-.*",channel="crimechannel"}                                                                                                                                                                                                                               | orderer.example.com:9443           | 583     |
|--------------------------------------------------|-------------------------------------------------------------------------------------------------------------------------------------------------------------------------------------------------------------------------------------------------------------------------------------------------|------------------------------------|---------|
|                                                  |                                                                                                                                                                                                                                                                                                 | peer0.audit.example.com:9448       | 583     |
|--------------------------------------------------|-------------------------------------------------------------------------------------------------------------------------------------------------------------------------------------------------------------------------------------------------------------------------------------------------|------------------------------------|---------|
|                                                  |                                                                                                                                                                                                                                                                                                 | peer0.court.example.com:9447       | 583     |
|--------------------------------------------------|-------------------------------------------------------------------------------------------------------------------------------------------------------------------------------------------------------------------------------------------------------------------------------------------------|------------------------------------|---------|
|                                                  |                                                                                                                                                                                                                                                                                                 | peer0.forensics.example.com:9445   | 583     |
|--------------------------------------------------|-------------------------------------------------------------------------------------------------------------------------------------------------------------------------------------------------------------------------------------------------------------------------------------------------|------------------------------------|---------|
|                                                  |                                                                                                                                                                                                                                                                                                 | peer0.police.example.com:9444      | 583     |
|--------------------------------------------------|-------------------------------------------------------------------------------------------------------------------------------------------------------------------------------------------------------------------------------------------------------------------------------------------------|------------------------------------|---------|
|                                                  |                                                                                                                                                                                                                                                                                                 | peer0.prosecution.example.com:9446 | 583     |
+--------------------------------------------------+-------------------------------------------------------------------------------------------------------------------------------------------------------------------------------------------------------------------------------------------------------------------------------------------------+------------------------------------+---------+

2026.08.24-15:37:42.753[32m info [39m [caliper] [round-orchestrator] 	Finished round 6 (write-tps-20) in 47.122 seconds
2026.08.24-15:37:42.753[32m info [39m [caliper] [monitor.js] 	Stopping all monitors
2026.08.24-15:37:42.753[32m info [39m [caliper] [report-builder] 	### All test results ###
2026.08.24-15:37:42.753[32m info [39m [caliper] [report-builder] 	
+------------------+------+------+-----------------+-----------------+-----------------+-----------------+------------------+
| Name             | Succ | Fail | Send Rate (TPS) | Max Latency (s) | Min Latency (s) | Avg Latency (s) | Throughput (TPS) |
|------------------|------|------|-----------------|-----------------|-----------------|-----------------|------------------|
| write-tps-warmup | 16   | 0    | 1.3             | 2.16            | 2.08            | 2.11            | 1.1              |
|------------------|------|------|-----------------|-----------------|-----------------|-----------------|------------------|
| write-tps-1      | 52   | 0    | 1.1             | 2.12            | 2.07            | 2.10            | 1.0              |
|------------------|------|------|-----------------|-----------------|-----------------|-----------------|------------------|
| write-tps-2      | 96   | 0    | 2.1             | 2.11            | 0.10            | 1.35            | 2.1              |
|------------------|------|------|-----------------|-----------------|-----------------|-----------------|------------------|
| write-tps-5      | 232  | 0    | 5.1             | 2.10            | 0.09            | 0.92            | 4.9              |
|------------------|------|------|-----------------|-----------------|-----------------|-----------------|------------------|
| write-tps-10     | 456  | 0    | 10.1            | 2.12            | 0.07            | 0.52            | 9.7              |
|------------------|------|------|-----------------|-----------------|-----------------|-----------------|------------------|
| write-tps-20     | 904  | 0    | 20.1            | 2.06            | 0.06            | 0.30            | 19.2             |
+------------------+------+------+-----------------+-----------------+-----------------+-----------------+------------------+

2026.08.24-15:37:42.756[32m info [39m [caliper] [report-builder] 	Generated report with path /Users/venkatrayudu/Workspace/XAI workspace/crime-records-network/experiments/runs/2026-08-24T10-02-28-804Z_caliper_latency-write-tps/caliper-report.html
2026.08.24-15:37:42.756[32m info [39m [caliper] [monitor.js] 	Stopping all monitors
2026.08.24-15:37:42.757[32m info [39m [caliper] [worker-orchestrator] 	Sending exit message to connected workers
2026.08.24-15:37:42.757[32m info [39m [caliper] [round-orchestrator] 	Benchmark finished in 313.544 seconds. Total rounds: 6. Successful rounds: 6. Failed rounds: 0.
2026.08.24-15:37:42.757[32m info [39m [caliper] [caliper-engine] 	Skipping end command due to benchmark flow conditioning
2026.08.24-15:37:42.757[32m info [39m [caliper] [cli-launch-manager] 	Benchmark successfully finished!
2026.08.24-15:37:42.757[32m info [39m [caliper] [worker-message-handler] 	Worker#0 is exiting
2026.08.24-15:37:42.757[32m info [39m [caliper] [worker-message-handler] 	Worker#1 is exiting
2026.08.24-15:37:42.757[32m info [39m [caliper] [worker-message-handler] 	Worker#2 is exiting
2026.08.24-15:37:42.757[32m info [39m [caliper] [worker-message-handler] 	Worker#3 is exiting
