2026.08.24-21:04:51.522[32m info [39m [caliper] [cli-launch-manager] 	Set workspace path: /Users/venkatrayudu/Workspace/XAI workspace/crime-records-network/benchmarks/caliper
2026.08.24-21:04:51.523[32m info [39m [caliper] [cli-launch-manager] 	Set benchmark configuration path: /Users/venkatrayudu/Workspace/XAI workspace/crime-records-network/experiments/runs/2026-08-24T15-34-51-409Z_caliper_latency-query-count/caliper-executed-benchmark.yaml
2026.08.24-21:04:51.523[32m info [39m [caliper] [cli-launch-manager] 	Set network configuration path: /Users/venkatrayudu/Workspace/XAI workspace/crime-records-network/benchmarks/caliper/generated/network-config.json
2026.08.24-21:04:51.524[32m info [39m [caliper] [cli-launch-manager] 	Set SUT type: fabric
2026.08.24-21:04:51.531[32m info [39m [caliper] [benchmark-validator] 	No observer specified, will default to `none`
2026.08.24-21:04:51.531[32m info [39m [caliper] [caliper-engine] 	Starting benchmark flow
2026.08.24-21:04:51.531[32m info [39m [caliper] [caliper-engine] 	Skipping start commands due to benchmark flow conditioning
2026.08.24-21:04:51.531[32m info [39m [caliper] [caliper-engine] 	Skipping initialization phase due to benchmark flow conditioning
2026.08.24-21:04:51.532[32m info [39m [caliper] [caliper-engine] 	Skipping install smart contract phase due to benchmark flow conditioning
2026.08.24-21:04:51.575[32m info [39m [caliper] [FabricConnectorFactory] 	Initializing peer gateway connector compatible with installed fabric-gateway SDK: 1.7.1
2026.08.24-21:04:51.581[32m info [39m [caliper] [IdentityManager] 	Adding io.krishnan (admin=false) as io.krishnan for organization PoliceMSP
2026.08.24-21:04:51.582[32m info [39m [caliper] [IdentityManager] 	Adding insp.rathore (admin=false) as insp.rathore for organization PoliceMSP
2026.08.24-21:04:51.582[32m info [39m [caliper] [IdentityManager] 	Adding insp.singh (admin=false) as insp.singh for organization PoliceMSP
2026.08.24-21:04:51.582[32m info [39m [caliper] [IdentityManager] 	Adding const.verma (admin=false) as const.verma for organization PoliceMSP
2026.08.24-21:04:51.583[32m info [39m [caliper] [IdentityManager] 	Adding insp.sharma (admin=false) as insp.sharma for organization PoliceMSP
2026.08.24-21:04:51.584[32m info [39m [caliper] [IdentityManager] 	Adding aud.qureshi (admin=false) as _AuditMSP_aud.qureshi for organization AuditMSP
2026.08.24-21:04:51.585[32m info [39m [caliper] [monitor.js] 	Attempting to create resource monitor of type prometheus
2026.08.24-21:04:51.585[32m info [39m [caliper] [default-observer] 	Observer interval set to 5000 milliseconds
2026.08.24-21:04:51.586[32m info [39m [caliper] [round-orchestrator] 	Preparing worker connections
2026.08.24-21:04:51.587[32m info [39m [caliper] [worker-orchestrator] 	Launching worker 1 of 2
2026.08.24-21:04:51.588[32m info [39m [caliper] [worker-orchestrator] 	Launching worker 2 of 2
2026.08.24-21:04:51.588[32m info [39m [caliper] [worker-orchestrator] 	Messenger not configured, entering configure phase...
2026.08.24-21:04:51.588[32m info [39m [caliper] [worker-orchestrator] 	No existing workers detected, entering worker launch phase...
2026.08.24-21:04:51.588[32m info [39m [caliper] [worker-orchestrator] 	Waiting for 2 workers to be connected...
2026.08.24-21:04:51.694[32m info [39m [caliper] [cli-launch-worker] 	Set workspace path: /Users/venkatrayudu/Workspace/XAI workspace/crime-records-network/benchmarks/caliper
2026.08.24-21:04:51.694[32m info [39m [caliper] [cli-launch-worker] 	Set benchmark configuration path: /Users/venkatrayudu/Workspace/XAI workspace/crime-records-network/experiments/runs/2026-08-24T15-34-51-409Z_caliper_latency-query-count/caliper-executed-benchmark.yaml
2026.08.24-21:04:51.694[32m info [39m [caliper] [cli-launch-worker] 	Set workspace path: /Users/venkatrayudu/Workspace/XAI workspace/crime-records-network/benchmarks/caliper
2026.08.24-21:04:51.695[32m info [39m [caliper] [cli-launch-worker] 	Set network configuration path: /Users/venkatrayudu/Workspace/XAI workspace/crime-records-network/benchmarks/caliper/generated/network-config.json
2026.08.24-21:04:51.695[32m info [39m [caliper] [cli-launch-worker] 	Set SUT type: fabric
2026.08.24-21:04:51.695[32m info [39m [caliper] [cli-launch-worker] 	Set benchmark configuration path: /Users/venkatrayudu/Workspace/XAI workspace/crime-records-network/experiments/runs/2026-08-24T15-34-51-409Z_caliper_latency-query-count/caliper-executed-benchmark.yaml
2026.08.24-21:04:51.695[32m info [39m [caliper] [cli-launch-worker] 	Set network configuration path: /Users/venkatrayudu/Workspace/XAI workspace/crime-records-network/benchmarks/caliper/generated/network-config.json
2026.08.24-21:04:51.695[32m info [39m [caliper] [cli-launch-worker] 	Set SUT type: fabric
2026.08.24-21:04:51.710[32m info [39m [caliper] [worker-orchestrator] 	2 workers connected, progressing to worker assignment phase.
2026.08.24-21:04:51.710[32m info [39m [caliper] [worker-orchestrator] 	Workers currently unassigned, awaiting index assignment...
2026.08.24-21:04:51.710[32m info [39m [caliper] [worker-orchestrator] 	Waiting for 2 workers to be assigned...
2026.08.24-21:04:51.713[32m info [39m [caliper] [worker-orchestrator] 	2 workers assigned, progressing to worker initialization phase.
2026.08.24-21:04:51.713[32m info [39m [caliper] [worker-orchestrator] 	Waiting for 2 workers to be ready...
2026.08.24-21:04:51.713[32m info [39m [caliper] [worker-message-handler] 	Initializing Worker#1...
2026.08.24-21:04:51.713[32m info [39m [caliper] [worker-message-handler] 	Initializing Worker#0...
2026.08.24-21:04:51.758[32m info [39m [caliper] [FabricConnectorFactory] 	Initializing peer gateway connector compatible with installed fabric-gateway SDK: 1.7.1
2026.08.24-21:04:51.759[32m info [39m [caliper] [FabricConnectorFactory] 	Initializing peer gateway connector compatible with installed fabric-gateway SDK: 1.7.1
2026.08.24-21:04:51.760[32m info [39m [caliper] [IdentityManager] 	Adding io.krishnan (admin=false) as io.krishnan for organization PoliceMSP
2026.08.24-21:04:51.760[32m info [39m [caliper] [IdentityManager] 	Adding insp.rathore (admin=false) as insp.rathore for organization PoliceMSP
2026.08.24-21:04:51.761[32m info [39m [caliper] [IdentityManager] 	Adding insp.singh (admin=false) as insp.singh for organization PoliceMSP
2026.08.24-21:04:51.761[32m info [39m [caliper] [IdentityManager] 	Adding io.krishnan (admin=false) as io.krishnan for organization PoliceMSP
2026.08.24-21:04:51.761[32m info [39m [caliper] [IdentityManager] 	Adding const.verma (admin=false) as const.verma for organization PoliceMSP
2026.08.24-21:04:51.761[32m info [39m [caliper] [IdentityManager] 	Adding insp.rathore (admin=false) as insp.rathore for organization PoliceMSP
2026.08.24-21:04:51.762[32m info [39m [caliper] [IdentityManager] 	Adding insp.sharma (admin=false) as insp.sharma for organization PoliceMSP
2026.08.24-21:04:51.762[32m info [39m [caliper] [IdentityManager] 	Adding insp.singh (admin=false) as insp.singh for organization PoliceMSP
2026.08.24-21:04:51.762[32m info [39m [caliper] [IdentityManager] 	Adding aud.qureshi (admin=false) as _AuditMSP_aud.qureshi for organization AuditMSP
2026.08.24-21:04:51.762[32m info [39m [caliper] [IdentityManager] 	Adding const.verma (admin=false) as const.verma for organization PoliceMSP
2026.08.24-21:04:51.763[32m info [39m [caliper] [IdentityManager] 	Adding insp.sharma (admin=false) as insp.sharma for organization PoliceMSP
2026.08.24-21:04:51.763[32m info [39m [caliper] [IdentityManager] 	Adding aud.qureshi (admin=false) as _AuditMSP_aud.qureshi for organization AuditMSP
2026.08.24-21:04:51.765[32m info [39m [caliper] [worker-message-handler] 	Worker#0 initialized
2026.08.24-21:04:51.765[32m info [39m [caliper] [worker-message-handler] 	Worker#1 initialized
2026.08.24-21:04:51.766[32m info [39m [caliper] [worker-orchestrator] 	2 workers ready, progressing to test preparation phase.
2026.08.24-21:04:51.766[32m info [39m [caliper] [round-orchestrator] 	Started round 1 (query-count-warmup)
2026.08.24-21:04:51.766[32m info [39m [caliper] [worker-message-handler] 	Preparing Worker#0 for Round#0
2026.08.24-21:04:51.766[32m info [39m [caliper] [worker-message-handler] 	Preparing Worker#1 for Round#0
2026.08.24-21:04:51.776[32m info [39m [caliper] [connectors/peer-gateway/PeerGateway] 	Generating contract map for user io.krishnan
2026.08.24-21:04:51.776[32m info [39m [caliper] [connectors/peer-gateway/PeerGateway] 	Generating contract map for user io.krishnan
2026.08.24-21:04:51.776[32m info [39m [caliper] [connectors/peer-gateway/PeerGateway] 	Generating contract map for user insp.rathore
2026.08.24-21:04:51.776[32m info [39m [caliper] [connectors/peer-gateway/PeerGateway] 	Generating contract map for user insp.rathore
2026.08.24-21:04:51.776[32m info [39m [caliper] [connectors/peer-gateway/PeerGateway] 	Generating contract map for user insp.singh
2026.08.24-21:04:51.776[32m info [39m [caliper] [connectors/peer-gateway/PeerGateway] 	Generating contract map for user insp.singh
2026.08.24-21:04:51.776[32m info [39m [caliper] [connectors/peer-gateway/PeerGateway] 	Generating contract map for user const.verma
2026.08.24-21:04:51.776[32m info [39m [caliper] [connectors/peer-gateway/PeerGateway] 	Generating contract map for user const.verma
2026.08.24-21:04:51.776[32m info [39m [caliper] [connectors/peer-gateway/PeerGateway] 	Generating contract map for user insp.sharma
2026.08.24-21:04:51.776[32m info [39m [caliper] [connectors/peer-gateway/PeerGateway] 	Generating contract map for user insp.sharma
2026.08.24-21:04:51.778[32m info [39m [caliper] [connectors/peer-gateway/PeerGateway] 	Generating contract map for user _AuditMSP_aud.qureshi
2026.08.24-21:04:51.779[32m info [39m [caliper] [connectors/peer-gateway/PeerGateway] 	Generating contract map for user _AuditMSP_aud.qureshi
2026.08.24-21:04:51.779[32m info [39m [caliper] [caliper-worker] 	Info: worker 0 prepare test phase for round 0 is starting...
2026.08.24-21:04:51.779[32m info [39m [caliper] [caliper-worker] 	Info: worker 1 prepare test phase for round 0 is starting...
2026.08.24-21:04:51.779[32m info [39m [caliper] [connectors/peer-gateway/PeerGateway] 	disconnecting gateway for user io.krishnan
2026.08.24-21:04:51.779[32m info [39m [caliper] [connectors/peer-gateway/PeerGateway] 	disconnecting gateway for user insp.rathore
2026.08.24-21:04:51.779[32m info [39m [caliper] [connectors/peer-gateway/PeerGateway] 	disconnecting gateway for user insp.singh
2026.08.24-21:04:51.779[32m info [39m [caliper] [connectors/peer-gateway/PeerGateway] 	disconnecting gateway for user const.verma
2026.08.24-21:04:51.779[32m info [39m [caliper] [connectors/peer-gateway/PeerGateway] 	disconnecting gateway for user insp.sharma
2026.08.24-21:04:51.779[32m info [39m [caliper] [connectors/peer-gateway/PeerGateway] 	disconnecting gateway for user _AuditMSP_aud.qureshi
2026.08.24-21:04:51.779[32m info [39m [caliper] [connectors/peer-gateway/PeerGateway] 	disconnecting gRpc client at peer PoliceMSP_localhost:7051
2026.08.24-21:04:51.779[32m info [39m [caliper] [connectors/peer-gateway/PeerGateway] 	disconnecting gRpc client at peer AuditMSP_localhost:11051
2026.08.24-21:04:51.779[32m info [39m [caliper] [caliper-worker] 	Info: worker 1 prepare test phase for round 0 is completed
2026.08.24-21:04:51.779[32m info [39m [caliper] [worker-message-handler] 	Worker#1 prepared for Round#0
2026.08.24-21:04:51.780[32m info [39m [caliper] [connectors/peer-gateway/PeerGateway] 	disconnecting gateway for user io.krishnan
2026.08.24-21:04:51.780[32m info [39m [caliper] [connectors/peer-gateway/PeerGateway] 	disconnecting gateway for user insp.rathore
2026.08.24-21:04:51.780[32m info [39m [caliper] [connectors/peer-gateway/PeerGateway] 	disconnecting gateway for user insp.singh
2026.08.24-21:04:51.780[32m info [39m [caliper] [connectors/peer-gateway/PeerGateway] 	disconnecting gateway for user const.verma
2026.08.24-21:04:51.780[32m info [39m [caliper] [connectors/peer-gateway/PeerGateway] 	disconnecting gateway for user insp.sharma
2026.08.24-21:04:51.780[32m info [39m [caliper] [connectors/peer-gateway/PeerGateway] 	disconnecting gateway for user _AuditMSP_aud.qureshi
2026.08.24-21:04:51.780[32m info [39m [caliper] [connectors/peer-gateway/PeerGateway] 	disconnecting gRpc client at peer PoliceMSP_localhost:7051
2026.08.24-21:04:51.780[32m info [39m [caliper] [connectors/peer-gateway/PeerGateway] 	disconnecting gRpc client at peer AuditMSP_localhost:11051
2026.08.24-21:04:51.780[32m info [39m [caliper] [caliper-worker] 	Info: worker 0 prepare test phase for round 0 is completed
2026.08.24-21:04:51.780[32m info [39m [caliper] [worker-message-handler] 	Worker#0 prepared for Round#0
2026.08.24-21:04:51.780[32m info [39m [caliper] [worker-orchestrator] 	2 workers prepared, progressing to test phase.
2026.08.24-21:04:51.781[32m info [39m [caliper] [round-orchestrator] 	Monitors successfully started
2026.08.24-21:04:51.781[32m info [39m [caliper] [worker-message-handler] 	Worker#0 is starting Round#0
2026.08.24-21:04:51.781[32m info [39m [caliper] [worker-message-handler] 	Worker#1 is starting Round#0
2026.08.24-21:04:51.782[32m info [39m [caliper] [connectors/peer-gateway/PeerGateway] 	Generating contract map for user io.krishnan
2026.08.24-21:04:51.782[32m info [39m [caliper] [connectors/peer-gateway/PeerGateway] 	Generating contract map for user io.krishnan
2026.08.24-21:04:51.782[32m info [39m [caliper] [connectors/peer-gateway/PeerGateway] 	Generating contract map for user insp.rathore
2026.08.24-21:04:51.782[32m info [39m [caliper] [connectors/peer-gateway/PeerGateway] 	Generating contract map for user insp.rathore
2026.08.24-21:04:51.782[32m info [39m [caliper] [connectors/peer-gateway/PeerGateway] 	Generating contract map for user insp.singh
2026.08.24-21:04:51.782[32m info [39m [caliper] [connectors/peer-gateway/PeerGateway] 	Generating contract map for user insp.singh
2026.08.24-21:04:51.783[32m info [39m [caliper] [connectors/peer-gateway/PeerGateway] 	Generating contract map for user const.verma
2026.08.24-21:04:51.783[32m info [39m [caliper] [connectors/peer-gateway/PeerGateway] 	Generating contract map for user const.verma
2026.08.24-21:04:51.783[32m info [39m [caliper] [connectors/peer-gateway/PeerGateway] 	Generating contract map for user insp.sharma
2026.08.24-21:04:51.783[32m info [39m [caliper] [connectors/peer-gateway/PeerGateway] 	Generating contract map for user insp.sharma
2026.08.24-21:04:51.784[32m info [39m [caliper] [connectors/peer-gateway/PeerGateway] 	Generating contract map for user _AuditMSP_aud.qureshi
2026.08.24-21:04:51.784[32m info [39m [caliper] [connectors/peer-gateway/PeerGateway] 	Generating contract map for user _AuditMSP_aud.qureshi
2026.08.24-21:04:51.784[32m info [39m [caliper] [caliper-worker] 	Worker #0 starting workload loop
2026.08.24-21:04:51.784[32m info [39m [caliper] [caliper-worker] 	Worker #1 starting workload loop
CALIPER_TX_LATENCY {"workerIndex":1,"roundIndex":0,"roundLabel":"query-count-warmup","transactionId":"028b071c416643c4863f8c93d9fe44a47e02a1334f68d51fdf838398ac8a3867","status":"success","startEpochMs":1787585691787,"endEpochMs":1787585692659,"latencyMs":872}
CALIPER_TX_LATENCY {"workerIndex":0,"roundIndex":0,"roundLabel":"query-count-warmup","transactionId":"82edfba4f6a117cf87c0370c49e20d24ad7590a91b718b67bbbccaacdf0d4b38","status":"success","startEpochMs":1787585691787,"endEpochMs":1787585692659,"latencyMs":872}
CALIPER_TX_LATENCY {"workerIndex":1,"roundIndex":0,"roundLabel":"query-count-warmup","transactionId":"2e78a08c602bd03823d2aa73f52d58798fada84324e9ca5de6c4c3c819e06d6c","status":"success","startEpochMs":1787585692788,"endEpochMs":1787585693506,"latencyMs":718}
CALIPER_TX_LATENCY {"workerIndex":0,"roundIndex":0,"roundLabel":"query-count-warmup","transactionId":"5f1c08fc1407254281076b230dddfcbfeceb007a0570b87f306b090b8126d560","status":"success","startEpochMs":1787585692788,"endEpochMs":1787585693506,"latencyMs":718}
CALIPER_TX_LATENCY {"workerIndex":0,"roundIndex":0,"roundLabel":"query-count-warmup","transactionId":"86a43ab8eddb61f4a137297a5c876dc321a13265e3314da2953a5947a01893c2","status":"success","startEpochMs":1787585693786,"endEpochMs":1787585694478,"latencyMs":692}
CALIPER_TX_LATENCY {"workerIndex":1,"roundIndex":0,"roundLabel":"query-count-warmup","transactionId":"c21272811be62c492103bfebb45bb57cc63204c623dd22d272b9176f373d5226","status":"success","startEpochMs":1787585693785,"endEpochMs":1787585694478,"latencyMs":693}
CALIPER_TX_LATENCY {"workerIndex":1,"roundIndex":0,"roundLabel":"query-count-warmup","transactionId":"b110c611b767ca444d5eee4f47d7deff199461a978d23c06e3348f66a53cab31","status":"success","startEpochMs":1787585694786,"endEpochMs":1787585696490,"latencyMs":1704}
CALIPER_TX_LATENCY {"workerIndex":0,"roundIndex":0,"roundLabel":"query-count-warmup","transactionId":"dfd2a2eaf05cbdd6d5a81083239c6ac2a2157137b9172a18b165472b3023afac","status":"success","startEpochMs":1787585694786,"endEpochMs":1787585696494,"latencyMs":1708}
2026.08.24-21:04:56.788[32m info [39m [caliper] [default-observer] 	[query-count-warmup Round 0 Transaction Info] - Submitted: 9 Succ: 6 Fail:0 Unfinished:3
CALIPER_TX_LATENCY {"workerIndex":1,"roundIndex":0,"roundLabel":"query-count-warmup","transactionId":"ca6b20a59e7f6dc0ea2cee49ff0f5f4d3579b003e027aad079839b1c74be7b98","status":"success","startEpochMs":1787585695786,"endEpochMs":1787585697423,"latencyMs":1637}
CALIPER_TX_LATENCY {"workerIndex":0,"roundIndex":0,"roundLabel":"query-count-warmup","transactionId":"c734e2adabc7dd007d182c85ec989b6071e5cb0241ff15233ef94c6a87b99735","status":"success","startEpochMs":1787585695787,"endEpochMs":1787585697425,"latencyMs":1638}
CALIPER_TX_LATENCY {"workerIndex":1,"roundIndex":0,"roundLabel":"query-count-warmup","transactionId":"0c267ae03fa35fbc682a66a40faa251390ab401d0d70e5c7559247826face926","status":"success","startEpochMs":1787585696784,"endEpochMs":1787585697914,"latencyMs":1130}
CALIPER_TX_LATENCY {"workerIndex":0,"roundIndex":0,"roundLabel":"query-count-warmup","transactionId":"acffa92ac20411e583548bd02149501766f634ea0dc091d8c5b8366e3acd73d9","status":"success","startEpochMs":1787585696785,"endEpochMs":1787585697914,"latencyMs":1129}
CALIPER_TX_LATENCY {"workerIndex":0,"roundIndex":0,"roundLabel":"query-count-warmup","transactionId":"de4498833e78e3790907ac2972e5f1bf666480f80493e5cbf075d5e29843f421","status":"success","startEpochMs":1787585697785,"endEpochMs":1787585698536,"latencyMs":751}
CALIPER_TX_LATENCY {"workerIndex":1,"roundIndex":0,"roundLabel":"query-count-warmup","transactionId":"aa04ba6223c493407a1f42068c3afdd8b2a7480adf6640f1911bab46138de02b","status":"success","startEpochMs":1787585697786,"endEpochMs":1787585698537,"latencyMs":751}
CALIPER_TX_LATENCY {"workerIndex":1,"roundIndex":0,"roundLabel":"query-count-warmup","transactionId":"909a6d367e3c73bdb39f8ccdd743d78d22abb132f1398ab703a2e6a2ca7fbfcd","status":"success","startEpochMs":1787585698785,"endEpochMs":1787585699485,"latencyMs":700}
CALIPER_TX_LATENCY {"workerIndex":0,"roundIndex":0,"roundLabel":"query-count-warmup","transactionId":"f7ccd8f7c7498d0ef9fbc508833e9f1aa269dc2310bf5a5864dbbd57724f1dab","status":"success","startEpochMs":1787585698787,"endEpochMs":1787585699485,"latencyMs":698}
CALIPER_TX_LATENCY {"workerIndex":0,"roundIndex":0,"roundLabel":"query-count-warmup","transactionId":"096e36ac7940f0ca7b3a88af06080c06303bf7b72305b234b1aff0b5632eea10","status":"success","startEpochMs":1787585699789,"endEpochMs":1787585700505,"latencyMs":716}
CALIPER_TX_LATENCY {"workerIndex":1,"roundIndex":0,"roundLabel":"query-count-warmup","transactionId":"b5f057fcbfb87973f7aca45dde989e39a759e40e96c4e3f22ad1b99299554fdd","status":"success","startEpochMs":1787585699789,"endEpochMs":1787585700505,"latencyMs":716}
CALIPER_TX_LATENCY {"workerIndex":1,"roundIndex":0,"roundLabel":"query-count-warmup","transactionId":"fb0d88dce390b08f3bbea558a9a97596d943bb4de1dc77b24de23d5ca3377d96","status":"success","startEpochMs":1787585700786,"endEpochMs":1787585701524,"latencyMs":738}
CALIPER_TX_LATENCY {"workerIndex":0,"roundIndex":0,"roundLabel":"query-count-warmup","transactionId":"56d24669ecfe74a5f88464b0dd2bf957c884688620b8cddbad269c78c60407c1","status":"success","startEpochMs":1787585700787,"endEpochMs":1787585701525,"latencyMs":738}
2026.08.24-21:05:01.782[32m info [39m [caliper] [default-observer] 	[query-count-warmup Round 0 Transaction Info] - Submitted: 20 Succ: 18 Fail:0 Unfinished:2
CALIPER_TX_LATENCY {"workerIndex":0,"roundIndex":0,"roundLabel":"query-count-warmup","transactionId":"3ed5d4a0e184263ea197fe752a3f00d177c599e57c833580b85fef057c26557e","status":"success","startEpochMs":1787585701785,"endEpochMs":1787585702493,"latencyMs":708}
CALIPER_TX_LATENCY {"workerIndex":1,"roundIndex":0,"roundLabel":"query-count-warmup","transactionId":"2ea3b0f0da865e2fd0df9808319c7e7dc28797f9d7947c0ebc6727529ae9bfb5","status":"success","startEpochMs":1787585701786,"endEpochMs":1787585702493,"latencyMs":707}
2026.08.24-21:05:03.496[32m info [39m [caliper] [connectors/peer-gateway/PeerGateway] 	disconnecting gateway for user io.krishnan
2026.08.24-21:05:03.496[32m info [39m [caliper] [connectors/peer-gateway/PeerGateway] 	disconnecting gateway for user insp.rathore
2026.08.24-21:05:03.496[32m info [39m [caliper] [connectors/peer-gateway/PeerGateway] 	disconnecting gateway for user insp.singh
2026.08.24-21:05:03.497[32m info [39m [caliper] [connectors/peer-gateway/PeerGateway] 	disconnecting gateway for user const.verma
2026.08.24-21:05:03.497[32m info [39m [caliper] [connectors/peer-gateway/PeerGateway] 	disconnecting gateway for user insp.sharma
2026.08.24-21:05:03.497[32m info [39m [caliper] [connectors/peer-gateway/PeerGateway] 	disconnecting gateway for user _AuditMSP_aud.qureshi
2026.08.24-21:05:03.497[32m info [39m [caliper] [connectors/peer-gateway/PeerGateway] 	disconnecting gRpc client at peer PoliceMSP_localhost:7051
2026.08.24-21:05:03.497[32m info [39m [caliper] [connectors/peer-gateway/PeerGateway] 	disconnecting gRpc client at peer AuditMSP_localhost:11051
2026.08.24-21:05:03.497[32m info [39m [caliper] [worker-message-handler] 	Worker#0 finished Round#0
2026.08.24-21:05:03.597[32m info [39m [caliper] [connectors/peer-gateway/PeerGateway] 	disconnecting gateway for user io.krishnan
2026.08.24-21:05:03.597[32m info [39m [caliper] [connectors/peer-gateway/PeerGateway] 	disconnecting gateway for user insp.rathore
2026.08.24-21:05:03.597[32m info [39m [caliper] [connectors/peer-gateway/PeerGateway] 	disconnecting gateway for user insp.singh
2026.08.24-21:05:03.597[32m info [39m [caliper] [connectors/peer-gateway/PeerGateway] 	disconnecting gateway for user const.verma
2026.08.24-21:05:03.597[32m info [39m [caliper] [connectors/peer-gateway/PeerGateway] 	disconnecting gateway for user insp.sharma
2026.08.24-21:05:03.597[32m info [39m [caliper] [connectors/peer-gateway/PeerGateway] 	disconnecting gateway for user _AuditMSP_aud.qureshi
2026.08.24-21:05:03.597[32m info [39m [caliper] [connectors/peer-gateway/PeerGateway] 	disconnecting gRpc client at peer PoliceMSP_localhost:7051
2026.08.24-21:05:03.597[32m info [39m [caliper] [connectors/peer-gateway/PeerGateway] 	disconnecting gRpc client at peer AuditMSP_localhost:11051
2026.08.24-21:05:03.597[32m info [39m [caliper] [worker-message-handler] 	Worker#1 finished Round#0
2026.08.24-21:05:08.599[32m info [39m [caliper] [default-observer] 	Resetting txCount indicator count
2026.08.24-21:05:08.600[32m info [39m [caliper] [report-builder] 	### Test result ###
2026.08.24-21:05:08.601[32m info [39m [caliper] [report-builder] 	
+--------------------+------+------+-----------------+-----------------+-----------------+-----------------+------------------+
| Name               | Succ | Fail | Send Rate (TPS) | Max Latency (s) | Min Latency (s) | Avg Latency (s) | Throughput (TPS) |
|--------------------|------|------|-----------------|-----------------|-----------------|-----------------|------------------|
| query-count-warmup | 22   | 0    | 2.2             | 1.71            | 0.69            | 0.94            | 2.1              |
+--------------------+------+------+-----------------+-----------------+-----------------+-----------------+------------------+

2026.08.24-21:05:08.614[32m info [39m [caliper] [report-builder] 	### prometheus resource stats ###'
2026.08.24-21:05:08.616[32m info [39m [caliper] [report-builder] 	
+--------------------------------------------------+-------------------------------------------------------------------------------------------------------------------------------------------------------------------------------------------------------------------------------------------------------------------------------------------------+------------------------------------+-------+
| Metric                                           | Prometheus Query                                                                                                                                                                                                                                                                                | Name                               | Value |
|--------------------------------------------------|-------------------------------------------------------------------------------------------------------------------------------------------------------------------------------------------------------------------------------------------------------------------------------------------------|------------------------------------|-------|
| Process resident memory (MiB, max)               | process_resident_memory_bytes{job=~"fabric-.*"}                                                                                                                                                                                                                                                 | orderer.example.com:9443           | 63.0  |
|--------------------------------------------------|-------------------------------------------------------------------------------------------------------------------------------------------------------------------------------------------------------------------------------------------------------------------------------------------------|------------------------------------|-------|
|                                                  |                                                                                                                                                                                                                                                                                                 | peer0.audit.example.com:9448       | 130   |
|--------------------------------------------------|-------------------------------------------------------------------------------------------------------------------------------------------------------------------------------------------------------------------------------------------------------------------------------------------------|------------------------------------|-------|
|                                                  |                                                                                                                                                                                                                                                                                                 | peer0.court.example.com:9447       | 129   |
|--------------------------------------------------|-------------------------------------------------------------------------------------------------------------------------------------------------------------------------------------------------------------------------------------------------------------------------------------------------|------------------------------------|-------|
|                                                  |                                                                                                                                                                                                                                                                                                 | peer0.forensics.example.com:9445   | 133   |
|--------------------------------------------------|-------------------------------------------------------------------------------------------------------------------------------------------------------------------------------------------------------------------------------------------------------------------------------------------------|------------------------------------|-------|
|                                                  |                                                                                                                                                                                                                                                                                                 | peer0.police.example.com:9444      | 138   |
|--------------------------------------------------|-------------------------------------------------------------------------------------------------------------------------------------------------------------------------------------------------------------------------------------------------------------------------------------------------|------------------------------------|-------|
|                                                  |                                                                                                                                                                                                                                                                                                 | peer0.prosecution.example.com:9446 | 126   |
|--------------------------------------------------|-------------------------------------------------------------------------------------------------------------------------------------------------------------------------------------------------------------------------------------------------------------------------------------------------|------------------------------------|-------|
| Process CPU rate (percent, max)                  | rate(process_cpu_seconds_total{job=~"fabric-.*"}[1m])                                                                                                                                                                                                                                           | orderer.example.com:9443           | 0.200 |
|--------------------------------------------------|-------------------------------------------------------------------------------------------------------------------------------------------------------------------------------------------------------------------------------------------------------------------------------------------------|------------------------------------|-------|
|                                                  |                                                                                                                                                                                                                                                                                                 | peer0.audit.example.com:9448       | 2.71  |
|--------------------------------------------------|-------------------------------------------------------------------------------------------------------------------------------------------------------------------------------------------------------------------------------------------------------------------------------------------------|------------------------------------|-------|
|                                                  |                                                                                                                                                                                                                                                                                                 | peer0.court.example.com:9447       | 2.73  |
|--------------------------------------------------|-------------------------------------------------------------------------------------------------------------------------------------------------------------------------------------------------------------------------------------------------------------------------------------------------|------------------------------------|-------|
|                                                  |                                                                                                                                                                                                                                                                                                 | peer0.forensics.example.com:9445   | 2.71  |
|--------------------------------------------------|-------------------------------------------------------------------------------------------------------------------------------------------------------------------------------------------------------------------------------------------------------------------------------------------------|------------------------------------|-------|
|                                                  |                                                                                                                                                                                                                                                                                                 | peer0.police.example.com:9444      | 2.82  |
|--------------------------------------------------|-------------------------------------------------------------------------------------------------------------------------------------------------------------------------------------------------------------------------------------------------------------------------------------------------|------------------------------------|-------|
|                                                  |                                                                                                                                                                                                                                                                                                 | peer0.prosecution.example.com:9446 | 2.69  |
|--------------------------------------------------|-------------------------------------------------------------------------------------------------------------------------------------------------------------------------------------------------------------------------------------------------------------------------------------------------|------------------------------------|-------|
| Crimerecords endorsement duration (seconds, avg) | sum by (instance) (rate(endorser_proposal_duration_sum{job=~"fabric-.*",channel="crimechannel",chaincode="crimerecords",success="true"}[1m])) / sum by (instance) (rate(endorser_proposal_duration_count{job=~"fabric-.*",channel="crimechannel",chaincode="crimerecords",success="true"}[1m])) | peer0.audit.example.com:9448       | NaN   |
|--------------------------------------------------|-------------------------------------------------------------------------------------------------------------------------------------------------------------------------------------------------------------------------------------------------------------------------------------------------|------------------------------------|-------|
|                                                  |                                                                                                                                                                                                                                                                                                 | peer0.court.example.com:9447       | NaN   |
|--------------------------------------------------|-------------------------------------------------------------------------------------------------------------------------------------------------------------------------------------------------------------------------------------------------------------------------------------------------|------------------------------------|-------|
|                                                  |                                                                                                                                                                                                                                                                                                 | peer0.forensics.example.com:9445   | NaN   |
|--------------------------------------------------|-------------------------------------------------------------------------------------------------------------------------------------------------------------------------------------------------------------------------------------------------------------------------------------------------|------------------------------------|-------|
|                                                  |                                                                                                                                                                                                                                                                                                 | peer0.police.example.com:9444      | NaN   |
|--------------------------------------------------|-------------------------------------------------------------------------------------------------------------------------------------------------------------------------------------------------------------------------------------------------------------------------------------------------|------------------------------------|-------|
|                                                  |                                                                                                                                                                                                                                                                                                 | peer0.prosecution.example.com:9446 | NaN   |
|--------------------------------------------------|-------------------------------------------------------------------------------------------------------------------------------------------------------------------------------------------------------------------------------------------------------------------------------------------------|------------------------------------|-------|
| Ledger height (blocks, max)                      | ledger_blockchain_height{job=~"fabric-.*",channel="crimechannel"}                                                                                                                                                                                                                               | orderer.example.com:9443           | 583   |
|--------------------------------------------------|-------------------------------------------------------------------------------------------------------------------------------------------------------------------------------------------------------------------------------------------------------------------------------------------------|------------------------------------|-------|
|                                                  |                                                                                                                                                                                                                                                                                                 | peer0.audit.example.com:9448       | 583   |
|--------------------------------------------------|-------------------------------------------------------------------------------------------------------------------------------------------------------------------------------------------------------------------------------------------------------------------------------------------------|------------------------------------|-------|
|                                                  |                                                                                                                                                                                                                                                                                                 | peer0.court.example.com:9447       | 583   |
|--------------------------------------------------|-------------------------------------------------------------------------------------------------------------------------------------------------------------------------------------------------------------------------------------------------------------------------------------------------|------------------------------------|-------|
|                                                  |                                                                                                                                                                                                                                                                                                 | peer0.forensics.example.com:9445   | 583   |
|--------------------------------------------------|-------------------------------------------------------------------------------------------------------------------------------------------------------------------------------------------------------------------------------------------------------------------------------------------------|------------------------------------|-------|
|                                                  |                                                                                                                                                                                                                                                                                                 | peer0.police.example.com:9444      | 583   |
|--------------------------------------------------|-------------------------------------------------------------------------------------------------------------------------------------------------------------------------------------------------------------------------------------------------------------------------------------------------|------------------------------------|-------|
|                                                  |                                                                                                                                                                                                                                                                                                 | peer0.prosecution.example.com:9446 | 583   |
+--------------------------------------------------+-------------------------------------------------------------------------------------------------------------------------------------------------------------------------------------------------------------------------------------------------------------------------------------------------+------------------------------------+-------+

2026.08.24-21:05:08.616[32m info [39m [caliper] [round-orchestrator] 	Finished round 1 (query-count-warmup) in 10.81 seconds
2026.08.24-21:05:08.616[32m info [39m [caliper] [monitor.js] 	Stopping all monitors
2026.08.24-21:05:08.616[32m info [39m [caliper] [round-orchestrator] 	Waiting 5 seconds for the next round...
2026.08.24-21:05:13.616[32m info [39m [caliper] [round-orchestrator] 	Started round 2 (query-count-1)
2026.08.24-21:05:13.617[32m info [39m [caliper] [worker-message-handler] 	Preparing Worker#0 for Round#1
2026.08.24-21:05:13.617[32m info [39m [caliper] [worker-message-handler] 	Preparing Worker#1 for Round#1
2026.08.24-21:05:13.622[32m info [39m [caliper] [connectors/peer-gateway/PeerGateway] 	Generating contract map for user io.krishnan
2026.08.24-21:05:13.622[32m info [39m [caliper] [connectors/peer-gateway/PeerGateway] 	Generating contract map for user io.krishnan
2026.08.24-21:05:13.622[32m info [39m [caliper] [connectors/peer-gateway/PeerGateway] 	Generating contract map for user insp.rathore
2026.08.24-21:05:13.622[32m info [39m [caliper] [connectors/peer-gateway/PeerGateway] 	Generating contract map for user insp.rathore
2026.08.24-21:05:13.623[32m info [39m [caliper] [connectors/peer-gateway/PeerGateway] 	Generating contract map for user insp.singh
2026.08.24-21:05:13.623[32m info [39m [caliper] [connectors/peer-gateway/PeerGateway] 	Generating contract map for user insp.singh
2026.08.24-21:05:13.623[32m info [39m [caliper] [connectors/peer-gateway/PeerGateway] 	Generating contract map for user const.verma
2026.08.24-21:05:13.623[32m info [39m [caliper] [connectors/peer-gateway/PeerGateway] 	Generating contract map for user const.verma
2026.08.24-21:05:13.623[32m info [39m [caliper] [connectors/peer-gateway/PeerGateway] 	Generating contract map for user insp.sharma
2026.08.24-21:05:13.624[32m info [39m [caliper] [connectors/peer-gateway/PeerGateway] 	Generating contract map for user insp.sharma
2026.08.24-21:05:13.626[32m info [39m [caliper] [connectors/peer-gateway/PeerGateway] 	Generating contract map for user _AuditMSP_aud.qureshi
2026.08.24-21:05:13.626[32m info [39m [caliper] [connectors/peer-gateway/PeerGateway] 	Generating contract map for user _AuditMSP_aud.qureshi
2026.08.24-21:05:13.626[32m info [39m [caliper] [caliper-worker] 	Info: worker 0 prepare test phase for round 1 is starting...
2026.08.24-21:05:13.626[32m info [39m [caliper] [caliper-worker] 	Info: worker 1 prepare test phase for round 1 is starting...
2026.08.24-21:05:13.626[32m info [39m [caliper] [connectors/peer-gateway/PeerGateway] 	disconnecting gateway for user io.krishnan
2026.08.24-21:05:13.626[32m info [39m [caliper] [connectors/peer-gateway/PeerGateway] 	disconnecting gateway for user insp.rathore
2026.08.24-21:05:13.626[32m info [39m [caliper] [connectors/peer-gateway/PeerGateway] 	disconnecting gateway for user insp.singh
2026.08.24-21:05:13.626[32m info [39m [caliper] [connectors/peer-gateway/PeerGateway] 	disconnecting gateway for user const.verma
2026.08.24-21:05:13.626[32m info [39m [caliper] [connectors/peer-gateway/PeerGateway] 	disconnecting gateway for user insp.sharma
2026.08.24-21:05:13.626[32m info [39m [caliper] [connectors/peer-gateway/PeerGateway] 	disconnecting gateway for user _AuditMSP_aud.qureshi
2026.08.24-21:05:13.626[32m info [39m [caliper] [connectors/peer-gateway/PeerGateway] 	disconnecting gRpc client at peer PoliceMSP_localhost:7051
2026.08.24-21:05:13.626[32m info [39m [caliper] [connectors/peer-gateway/PeerGateway] 	disconnecting gRpc client at peer AuditMSP_localhost:11051
2026.08.24-21:05:13.626[32m info [39m [caliper] [caliper-worker] 	Info: worker 0 prepare test phase for round 1 is completed
2026.08.24-21:05:13.626[32m info [39m [caliper] [worker-message-handler] 	Worker#0 prepared for Round#1
2026.08.24-21:05:13.627[32m info [39m [caliper] [connectors/peer-gateway/PeerGateway] 	disconnecting gateway for user io.krishnan
2026.08.24-21:05:13.627[32m info [39m [caliper] [connectors/peer-gateway/PeerGateway] 	disconnecting gateway for user insp.rathore
2026.08.24-21:05:13.627[32m info [39m [caliper] [connectors/peer-gateway/PeerGateway] 	disconnecting gateway for user insp.singh
2026.08.24-21:05:13.627[32m info [39m [caliper] [connectors/peer-gateway/PeerGateway] 	disconnecting gateway for user const.verma
2026.08.24-21:05:13.627[32m info [39m [caliper] [connectors/peer-gateway/PeerGateway] 	disconnecting gateway for user insp.sharma
2026.08.24-21:05:13.627[32m info [39m [caliper] [connectors/peer-gateway/PeerGateway] 	disconnecting gateway for user _AuditMSP_aud.qureshi
2026.08.24-21:05:13.627[32m info [39m [caliper] [connectors/peer-gateway/PeerGateway] 	disconnecting gRpc client at peer PoliceMSP_localhost:7051
2026.08.24-21:05:13.627[32m info [39m [caliper] [connectors/peer-gateway/PeerGateway] 	disconnecting gRpc client at peer AuditMSP_localhost:11051
2026.08.24-21:05:13.628[32m info [39m [caliper] [caliper-worker] 	Info: worker 1 prepare test phase for round 1 is completed
2026.08.24-21:05:13.628[32m info [39m [caliper] [worker-message-handler] 	Worker#1 prepared for Round#1
2026.08.24-21:05:13.628[32m info [39m [caliper] [worker-orchestrator] 	2 workers prepared, progressing to test phase.
2026.08.24-21:05:13.628[32m info [39m [caliper] [round-orchestrator] 	Monitors successfully started
2026.08.24-21:05:13.629[32m info [39m [caliper] [worker-message-handler] 	Worker#0 is starting Round#1
2026.08.24-21:05:13.629[32m info [39m [caliper] [worker-message-handler] 	Worker#1 is starting Round#1
2026.08.24-21:05:13.631[32m info [39m [caliper] [connectors/peer-gateway/PeerGateway] 	Generating contract map for user io.krishnan
2026.08.24-21:05:13.631[32m info [39m [caliper] [connectors/peer-gateway/PeerGateway] 	Generating contract map for user io.krishnan
2026.08.24-21:05:13.631[32m info [39m [caliper] [connectors/peer-gateway/PeerGateway] 	Generating contract map for user insp.rathore
2026.08.24-21:05:13.631[32m info [39m [caliper] [connectors/peer-gateway/PeerGateway] 	Generating contract map for user insp.rathore
2026.08.24-21:05:13.631[32m info [39m [caliper] [connectors/peer-gateway/PeerGateway] 	Generating contract map for user insp.singh
2026.08.24-21:05:13.631[32m info [39m [caliper] [connectors/peer-gateway/PeerGateway] 	Generating contract map for user insp.singh
2026.08.24-21:05:13.631[32m info [39m [caliper] [connectors/peer-gateway/PeerGateway] 	Generating contract map for user const.verma
2026.08.24-21:05:13.631[32m info [39m [caliper] [connectors/peer-gateway/PeerGateway] 	Generating contract map for user const.verma
2026.08.24-21:05:13.631[32m info [39m [caliper] [connectors/peer-gateway/PeerGateway] 	Generating contract map for user insp.sharma
2026.08.24-21:05:13.631[32m info [39m [caliper] [connectors/peer-gateway/PeerGateway] 	Generating contract map for user insp.sharma
2026.08.24-21:05:13.633[32m info [39m [caliper] [connectors/peer-gateway/PeerGateway] 	Generating contract map for user _AuditMSP_aud.qureshi
2026.08.24-21:05:13.633[32m info [39m [caliper] [caliper-worker] 	Worker #0 starting workload loop
2026.08.24-21:05:13.633[32m info [39m [caliper] [connectors/peer-gateway/PeerGateway] 	Generating contract map for user _AuditMSP_aud.qureshi
2026.08.24-21:05:13.634[32m info [39m [caliper] [caliper-worker] 	Worker #1 starting workload loop
CALIPER_TX_LATENCY {"workerIndex":0,"roundIndex":1,"roundLabel":"query-count-1","transactionId":"1277d5755189a84f3303133ceb419dd198e2cba1bff275afdebcc61f51fbcc7c","status":"success","startEpochMs":1787585713635,"endEpochMs":1787585714325,"latencyMs":690}
CALIPER_TX_LATENCY {"workerIndex":1,"roundIndex":1,"roundLabel":"query-count-1","transactionId":"f853072a2a0b16358b2f4aadcf0bc8804bc56cac6330687b4c8dfa1df98408a2","status":"success","startEpochMs":1787585713634,"endEpochMs":1787585714325,"latencyMs":691}
CALIPER_TX_LATENCY {"workerIndex":1,"roundIndex":1,"roundLabel":"query-count-1","transactionId":"7980fa9b73e5bbdd24d811e9c542eb453d68bca920292974d5a668d5b2576290","status":"success","startEpochMs":1787585715635,"endEpochMs":1787585716375,"latencyMs":740}
CALIPER_TX_LATENCY {"workerIndex":0,"roundIndex":1,"roundLabel":"query-count-1","transactionId":"c071dfb256c063cebd49458ce86b3afffdac9212c4099cb87a60ea2f29b65c23","status":"success","startEpochMs":1787585715636,"endEpochMs":1787585716376,"latencyMs":740}
CALIPER_TX_LATENCY {"workerIndex":1,"roundIndex":1,"roundLabel":"query-count-1","transactionId":"9a43166ed6417fb2edf4b00e39b5dbf9e34ca3993eb56c9298e8f824c516ade9","status":"success","startEpochMs":1787585717638,"endEpochMs":1787585718346,"latencyMs":708}
CALIPER_TX_LATENCY {"workerIndex":0,"roundIndex":1,"roundLabel":"query-count-1","transactionId":"9c6c0db01e1d4810aa818695d71d03c0e054994e4ba76e8677019a46fda7d658","status":"success","startEpochMs":1787585717635,"endEpochMs":1787585718346,"latencyMs":711}
2026.08.24-21:05:18.630[32m info [39m [caliper] [default-observer] 	[query-count-1 Round 1 Transaction Info] - Submitted: 6 Succ: 4 Fail:0 Unfinished:2
CALIPER_TX_LATENCY {"workerIndex":1,"roundIndex":1,"roundLabel":"query-count-1","transactionId":"c20613c181d97e2da9f7458dd20202b302c871928a7191863e8d04685ffe5e4c","status":"success","startEpochMs":1787585719636,"endEpochMs":1787585720368,"latencyMs":732}
CALIPER_TX_LATENCY {"workerIndex":0,"roundIndex":1,"roundLabel":"query-count-1","transactionId":"05b02d5617737001ac8176c57dc6dfa290da7ca0aee4ad57cd302d16a5e27576","status":"success","startEpochMs":1787585719635,"endEpochMs":1787585720368,"latencyMs":733}
CALIPER_TX_LATENCY {"workerIndex":1,"roundIndex":1,"roundLabel":"query-count-1","transactionId":"cbf343de699243096bdb99ea63bea3bdd8c1bc81afd452a9159f58b2c1fe119b","status":"success","startEpochMs":1787585721638,"endEpochMs":1787585722355,"latencyMs":717}
CALIPER_TX_LATENCY {"workerIndex":0,"roundIndex":1,"roundLabel":"query-count-1","transactionId":"5af06d90b274ab99744e4afebd83abab4e9b9e65e25629c70c2800bcb2228d2b","status":"success","startEpochMs":1787585721636,"endEpochMs":1787585722355,"latencyMs":719}
2026.08.24-21:05:23.631[32m info [39m [caliper] [default-observer] 	[query-count-1 Round 1 Transaction Info] - Submitted: 10 Succ: 10 Fail:0 Unfinished:0
CALIPER_TX_LATENCY {"workerIndex":0,"roundIndex":1,"roundLabel":"query-count-1","transactionId":"4023b19a42836b06e9fb296f82b57ce818ea0020cf23a77b20e7186b80a06090","status":"success","startEpochMs":1787585723635,"endEpochMs":1787585724346,"latencyMs":711}
CALIPER_TX_LATENCY {"workerIndex":1,"roundIndex":1,"roundLabel":"query-count-1","transactionId":"a8c2ac664d65447101e8a21b0041d86a43ccb2964294bcf3a241013e315be443","status":"success","startEpochMs":1787585723636,"endEpochMs":1787585724346,"latencyMs":710}
CALIPER_TX_LATENCY {"workerIndex":1,"roundIndex":1,"roundLabel":"query-count-1","transactionId":"38564b4360338ef1ad1bebb184c8f40c6d01d4635fd1983f8db0e8c85aedd72d","status":"success","startEpochMs":1787585725635,"endEpochMs":1787585726370,"latencyMs":735}
CALIPER_TX_LATENCY {"workerIndex":0,"roundIndex":1,"roundLabel":"query-count-1","transactionId":"baaada99ae7997371b7c30d7214350869eed4fef6bcf1f678524134a4451d0b5","status":"success","startEpochMs":1787585725635,"endEpochMs":1787585726370,"latencyMs":735}
CALIPER_TX_LATENCY {"workerIndex":0,"roundIndex":1,"roundLabel":"query-count-1","transactionId":"dce3dac2de2c0d4a150e7857c60dfd1752abfba5f26b42e6868450f6fd3b6eb2","status":"success","startEpochMs":1787585727636,"endEpochMs":1787585728365,"latencyMs":729}
CALIPER_TX_LATENCY {"workerIndex":1,"roundIndex":1,"roundLabel":"query-count-1","transactionId":"c61319facc2832cc3e22bf3f8938256e711bb7448e81db6f9f5b3676b624d6c5","status":"success","startEpochMs":1787585727638,"endEpochMs":1787585728365,"latencyMs":727}
2026.08.24-21:05:28.632[32m info [39m [caliper] [default-observer] 	[query-count-1 Round 1 Transaction Info] - Submitted: 16 Succ: 14 Fail:0 Unfinished:2
CALIPER_TX_LATENCY {"workerIndex":0,"roundIndex":1,"roundLabel":"query-count-1","transactionId":"928e7cfefe360d9e9946d319ace020cc2a609b0ee95c4e273a779e67dd98351c","status":"success","startEpochMs":1787585729635,"endEpochMs":1787585730360,"latencyMs":725}
CALIPER_TX_LATENCY {"workerIndex":1,"roundIndex":1,"roundLabel":"query-count-1","transactionId":"32a1b5658324c1cad3d04a63bbf973bd47be1f34e71036d99d582f84e02cd320","status":"success","startEpochMs":1787585729636,"endEpochMs":1787585730360,"latencyMs":724}
CALIPER_TX_LATENCY {"workerIndex":0,"roundIndex":1,"roundLabel":"query-count-1","transactionId":"309f74469f0ddc7061aa417cf8c5700bd5d416909d3d8489478266ff99aab518","status":"success","startEpochMs":1787585731635,"endEpochMs":1787585732354,"latencyMs":719}
CALIPER_TX_LATENCY {"workerIndex":1,"roundIndex":1,"roundLabel":"query-count-1","transactionId":"c185c662f452f67cb01eaaac17f96898b6f074b6078d6961ada29719fc6d929d","status":"success","startEpochMs":1787585731636,"endEpochMs":1787585732354,"latencyMs":718}
2026.08.24-21:05:33.634[32m info [39m [caliper] [default-observer] 	[query-count-1 Round 1 Transaction Info] - Submitted: 20 Succ: 20 Fail:0 Unfinished:0
CALIPER_TX_LATENCY {"workerIndex":0,"roundIndex":1,"roundLabel":"query-count-1","transactionId":"fdc5394dd947c1f0d65344c0052ff13bd9e005917cf432a44c24fbef3abf7d4e","status":"success","startEpochMs":1787585733635,"endEpochMs":1787585734358,"latencyMs":723}
CALIPER_TX_LATENCY {"workerIndex":1,"roundIndex":1,"roundLabel":"query-count-1","transactionId":"a1c1ed8fcbcd0bbba29eb0d465618a892d0218e545155e1ce3c3dda41c944ad6","status":"success","startEpochMs":1787585733635,"endEpochMs":1787585734358,"latencyMs":723}
CALIPER_TX_LATENCY {"workerIndex":0,"roundIndex":1,"roundLabel":"query-count-1","transactionId":"17ae7b57b4ffe0a6951d08381b46f171e20a5a6a7f673d689decae4d43dd8ec9","status":"success","startEpochMs":1787585735634,"endEpochMs":1787585736375,"latencyMs":741}
CALIPER_TX_LATENCY {"workerIndex":1,"roundIndex":1,"roundLabel":"query-count-1","transactionId":"e7a81c19a40176807c897bc0510043ff13e536a907b166044c5b6a8d869ef6bc","status":"success","startEpochMs":1787585735636,"endEpochMs":1787585736375,"latencyMs":739}
CALIPER_TX_LATENCY {"workerIndex":0,"roundIndex":1,"roundLabel":"query-count-1","transactionId":"8da3280807a5f40ca5643bf6279f60a95c22af5615029799fe89c0fe6f5ff549","status":"success","startEpochMs":1787585737635,"endEpochMs":1787585738363,"latencyMs":728}
CALIPER_TX_LATENCY {"workerIndex":1,"roundIndex":1,"roundLabel":"query-count-1","transactionId":"ebabe97f2de9bf87f8a5402ca5049d323d1846c2130eca0cc904b0ee0d8fcfe2","status":"success","startEpochMs":1787585737636,"endEpochMs":1787585738364,"latencyMs":728}
2026.08.24-21:05:38.635[32m info [39m [caliper] [default-observer] 	[query-count-1 Round 1 Transaction Info] - Submitted: 26 Succ: 24 Fail:0 Unfinished:2
CALIPER_TX_LATENCY {"workerIndex":0,"roundIndex":1,"roundLabel":"query-count-1","transactionId":"5fe115e7fc2b7c3206621e5757970c51d87582a643c6d1254e7012c68d06e058","status":"success","startEpochMs":1787585739635,"endEpochMs":1787585740345,"latencyMs":710}
CALIPER_TX_LATENCY {"workerIndex":1,"roundIndex":1,"roundLabel":"query-count-1","transactionId":"569b01231ecb756ff2e2c27f604b0c02b52749077c05ecd1cbabe8b6e5ac4db7","status":"success","startEpochMs":1787585739635,"endEpochMs":1787585740346,"latencyMs":711}
CALIPER_TX_LATENCY {"workerIndex":1,"roundIndex":1,"roundLabel":"query-count-1","transactionId":"f106c3909244296d3fe50d1986f0d066c66c3ca3a97388ef8472536d9c31c3c9","status":"success","startEpochMs":1787585741636,"endEpochMs":1787585742358,"latencyMs":722}
CALIPER_TX_LATENCY {"workerIndex":0,"roundIndex":1,"roundLabel":"query-count-1","transactionId":"fc8294735b43ddd4c63614a38fc66e7e34cb1ca36314bc937088218628f3a049","status":"success","startEpochMs":1787585741635,"endEpochMs":1787585742358,"latencyMs":723}
2026.08.24-21:05:43.638[32m info [39m [caliper] [default-observer] 	[query-count-1 Round 1 Transaction Info] - Submitted: 30 Succ: 30 Fail:0 Unfinished:0
CALIPER_TX_LATENCY {"workerIndex":0,"roundIndex":1,"roundLabel":"query-count-1","transactionId":"104c27a8d6c6f3838d30b267a1d9cd08d90b38e72a0929be42ac969948d18e71","status":"success","startEpochMs":1787585743637,"endEpochMs":1787585744354,"latencyMs":717}
CALIPER_TX_LATENCY {"workerIndex":1,"roundIndex":1,"roundLabel":"query-count-1","transactionId":"e2f372424a091dc09ece8a716b6abab98025056e71ab6ee92afdc81f6d12da01","status":"success","startEpochMs":1787585743638,"endEpochMs":1787585744354,"latencyMs":716}
CALIPER_TX_LATENCY {"workerIndex":1,"roundIndex":1,"roundLabel":"query-count-1","transactionId":"15a99c8ad73846ab5c8f64737c28bfd93bc71d3b8a7321620190e1373217973d","status":"success","startEpochMs":1787585745638,"endEpochMs":1787585746353,"latencyMs":715}
CALIPER_TX_LATENCY {"workerIndex":0,"roundIndex":1,"roundLabel":"query-count-1","transactionId":"424109ac515ea3916762a059c20d28bdc16193e43e4becf138af31563e0cc05f","status":"success","startEpochMs":1787585745635,"endEpochMs":1787585746353,"latencyMs":718}
CALIPER_TX_LATENCY {"workerIndex":0,"roundIndex":1,"roundLabel":"query-count-1","transactionId":"e55a02b294f0e6e5f10c291048638d89bbbff1eeab441ffddaf01488a6097fbf","status":"success","startEpochMs":1787585747635,"endEpochMs":1787585748346,"latencyMs":711}
CALIPER_TX_LATENCY {"workerIndex":1,"roundIndex":1,"roundLabel":"query-count-1","transactionId":"345aeb5b58843a20240cf022784a40f02b1329c7bb1b00485a83d26d6f4ee5c2","status":"success","startEpochMs":1787585747636,"endEpochMs":1787585748346,"latencyMs":710}
2026.08.24-21:05:48.639[32m info [39m [caliper] [default-observer] 	[query-count-1 Round 1 Transaction Info] - Submitted: 36 Succ: 34 Fail:0 Unfinished:2
CALIPER_TX_LATENCY {"workerIndex":0,"roundIndex":1,"roundLabel":"query-count-1","transactionId":"92ae845718612599f176acb3d15d647fda27d8b24ad848651c7c25e764240a74","status":"success","startEpochMs":1787585749636,"endEpochMs":1787585750368,"latencyMs":732}
CALIPER_TX_LATENCY {"workerIndex":1,"roundIndex":1,"roundLabel":"query-count-1","transactionId":"7152c213d828ec81a9618087c4a33431120b2600feba5ade81485c5378e13fd8","status":"success","startEpochMs":1787585749636,"endEpochMs":1787585750368,"latencyMs":732}
CALIPER_TX_LATENCY {"workerIndex":0,"roundIndex":1,"roundLabel":"query-count-1","transactionId":"70a3e0bebd814f51435f3ffc4e1a284989843227cc7a189e2916c7cff3a399ff","status":"success","startEpochMs":1787585751635,"endEpochMs":1787585752340,"latencyMs":705}
CALIPER_TX_LATENCY {"workerIndex":1,"roundIndex":1,"roundLabel":"query-count-1","transactionId":"c27999b535ec3a47f5b2348d814a493628ea40a5475d6d49e6f19a852ca0a884","status":"success","startEpochMs":1787585751635,"endEpochMs":1787585752340,"latencyMs":705}
2026.08.24-21:05:53.641[32m info [39m [caliper] [default-observer] 	[query-count-1 Round 1 Transaction Info] - Submitted: 40 Succ: 40 Fail:0 Unfinished:0
CALIPER_TX_LATENCY {"workerIndex":1,"roundIndex":1,"roundLabel":"query-count-1","transactionId":"c32571640611bf88cf0706a09472d1cc242d1e8486240ff011e9bd6524538646","status":"success","startEpochMs":1787585753638,"endEpochMs":1787585754356,"latencyMs":718}
CALIPER_TX_LATENCY {"workerIndex":0,"roundIndex":1,"roundLabel":"query-count-1","transactionId":"b59e208cb7d647d5d30e5c940e9cca0b21d523c0f7e40695cf62d4335f104d14","status":"success","startEpochMs":1787585753634,"endEpochMs":1787585754356,"latencyMs":722}
CALIPER_TX_LATENCY {"workerIndex":1,"roundIndex":1,"roundLabel":"query-count-1","transactionId":"179fcdccb80b6867b2de917a162b462adace59024edc797a97110501e86ad6bf","status":"success","startEpochMs":1787585755636,"endEpochMs":1787585756360,"latencyMs":724}
CALIPER_TX_LATENCY {"workerIndex":0,"roundIndex":1,"roundLabel":"query-count-1","transactionId":"5e477550541de33450431816f3494c676e13164efbda3d7b3a477ae9bd0257f1","status":"success","startEpochMs":1787585755636,"endEpochMs":1787585756360,"latencyMs":724}
CALIPER_TX_LATENCY {"workerIndex":1,"roundIndex":1,"roundLabel":"query-count-1","transactionId":"b17b94e94c9abf265db9534dcb7b7b18bc8e3fbe7fcdd872413024836067f3f5","status":"success","startEpochMs":1787585757636,"endEpochMs":1787585758370,"latencyMs":734}
CALIPER_TX_LATENCY {"workerIndex":0,"roundIndex":1,"roundLabel":"query-count-1","transactionId":"dc5ff5a0fd0783915526df9fb484edfcadd0a446c6691266599bcd2662f1fafe","status":"success","startEpochMs":1787585757635,"endEpochMs":1787585758371,"latencyMs":736}
2026.08.24-21:05:58.643[32m info [39m [caliper] [default-observer] 	[query-count-1 Round 1 Transaction Info] - Submitted: 46 Succ: 44 Fail:0 Unfinished:2
CALIPER_TX_LATENCY {"workerIndex":0,"roundIndex":1,"roundLabel":"query-count-1","transactionId":"794a2fe9a7c286375d56f47734b83ad2b5ab7cf9c4ba188ee8596972dfb44858","status":"success","startEpochMs":1787585759635,"endEpochMs":1787585760380,"latencyMs":745}
CALIPER_TX_LATENCY {"workerIndex":1,"roundIndex":1,"roundLabel":"query-count-1","transactionId":"fae5985367188274be676a0c7add448e857013da5d308fc14c566184c7d9b26a","status":"success","startEpochMs":1787585759637,"endEpochMs":1787585760380,"latencyMs":743}
2026.08.24-21:06:01.446[32m info [39m [caliper] [connectors/peer-gateway/PeerGateway] 	disconnecting gateway for user io.krishnan
2026.08.24-21:06:01.447[32m info [39m [caliper] [connectors/peer-gateway/PeerGateway] 	disconnecting gateway for user insp.rathore
2026.08.24-21:06:01.447[32m info [39m [caliper] [connectors/peer-gateway/PeerGateway] 	disconnecting gateway for user insp.singh
2026.08.24-21:06:01.447[32m info [39m [caliper] [connectors/peer-gateway/PeerGateway] 	disconnecting gateway for user const.verma
2026.08.24-21:06:01.447[32m info [39m [caliper] [connectors/peer-gateway/PeerGateway] 	disconnecting gateway for user insp.sharma
2026.08.24-21:06:01.447[32m info [39m [caliper] [connectors/peer-gateway/PeerGateway] 	disconnecting gateway for user _AuditMSP_aud.qureshi
2026.08.24-21:06:01.447[32m info [39m [caliper] [connectors/peer-gateway/PeerGateway] 	disconnecting gRpc client at peer PoliceMSP_localhost:7051
2026.08.24-21:06:01.447[32m info [39m [caliper] [connectors/peer-gateway/PeerGateway] 	disconnecting gateway for user io.krishnan
2026.08.24-21:06:01.447[32m info [39m [caliper] [connectors/peer-gateway/PeerGateway] 	disconnecting gateway for user insp.rathore
2026.08.24-21:06:01.447[32m info [39m [caliper] [connectors/peer-gateway/PeerGateway] 	disconnecting gateway for user insp.singh
2026.08.24-21:06:01.447[32m info [39m [caliper] [connectors/peer-gateway/PeerGateway] 	disconnecting gateway for user const.verma
2026.08.24-21:06:01.447[32m info [39m [caliper] [connectors/peer-gateway/PeerGateway] 	disconnecting gateway for user insp.sharma
2026.08.24-21:06:01.448[32m info [39m [caliper] [connectors/peer-gateway/PeerGateway] 	disconnecting gateway for user _AuditMSP_aud.qureshi
2026.08.24-21:06:01.448[32m info [39m [caliper] [connectors/peer-gateway/PeerGateway] 	disconnecting gRpc client at peer PoliceMSP_localhost:7051
2026.08.24-21:06:01.448[32m info [39m [caliper] [connectors/peer-gateway/PeerGateway] 	disconnecting gRpc client at peer AuditMSP_localhost:11051
2026.08.24-21:06:01.448[32m info [39m [caliper] [worker-message-handler] 	Worker#0 finished Round#1
2026.08.24-21:06:01.448[32m info [39m [caliper] [connectors/peer-gateway/PeerGateway] 	disconnecting gRpc client at peer AuditMSP_localhost:11051
2026.08.24-21:06:01.448[32m info [39m [caliper] [worker-message-handler] 	Worker#1 finished Round#1
2026.08.24-21:06:06.450[32m info [39m [caliper] [default-observer] 	Resetting txCount indicator count
2026.08.24-21:06:06.450[32m info [39m [caliper] [report-builder] 	### Test result ###
2026.08.24-21:06:06.451[32m info [39m [caliper] [report-builder] 	
+---------------+------+------+-----------------+-----------------+-----------------+-----------------+------------------+
| Name          | Succ | Fail | Send Rate (TPS) | Max Latency (s) | Min Latency (s) | Avg Latency (s) | Throughput (TPS) |
|---------------|------|------|-----------------|-----------------|-----------------|-----------------|------------------|
| query-count-1 | 48   | 0    | 1.0             | 0.74            | 0.69            | 0.72            | 1.0              |
+---------------+------+------+-----------------+-----------------+-----------------+-----------------+------------------+

2026.08.24-21:06:06.470[32m info [39m [caliper] [report-builder] 	### prometheus resource stats ###'
2026.08.24-21:06:06.471[32m info [39m [caliper] [report-builder] 	
+--------------------------------------------------+-------------------------------------------------------------------------------------------------------------------------------------------------------------------------------------------------------------------------------------------------------------------------------------------------+------------------------------------+-------+
| Metric                                           | Prometheus Query                                                                                                                                                                                                                                                                                | Name                               | Value |
|--------------------------------------------------|-------------------------------------------------------------------------------------------------------------------------------------------------------------------------------------------------------------------------------------------------------------------------------------------------|------------------------------------|-------|
| Process resident memory (MiB, max)               | process_resident_memory_bytes{job=~"fabric-.*"}                                                                                                                                                                                                                                                 | orderer.example.com:9443           | 61.5  |
|--------------------------------------------------|-------------------------------------------------------------------------------------------------------------------------------------------------------------------------------------------------------------------------------------------------------------------------------------------------|------------------------------------|-------|
|                                                  |                                                                                                                                                                                                                                                                                                 | peer0.audit.example.com:9448       | 130   |
|--------------------------------------------------|-------------------------------------------------------------------------------------------------------------------------------------------------------------------------------------------------------------------------------------------------------------------------------------------------|------------------------------------|-------|
|                                                  |                                                                                                                                                                                                                                                                                                 | peer0.court.example.com:9447       | 129   |
|--------------------------------------------------|-------------------------------------------------------------------------------------------------------------------------------------------------------------------------------------------------------------------------------------------------------------------------------------------------|------------------------------------|-------|
|                                                  |                                                                                                                                                                                                                                                                                                 | peer0.forensics.example.com:9445   | 133   |
|--------------------------------------------------|-------------------------------------------------------------------------------------------------------------------------------------------------------------------------------------------------------------------------------------------------------------------------------------------------|------------------------------------|-------|
|                                                  |                                                                                                                                                                                                                                                                                                 | peer0.police.example.com:9444      | 139   |
|--------------------------------------------------|-------------------------------------------------------------------------------------------------------------------------------------------------------------------------------------------------------------------------------------------------------------------------------------------------|------------------------------------|-------|
|                                                  |                                                                                                                                                                                                                                                                                                 | peer0.prosecution.example.com:9446 | 126   |
|--------------------------------------------------|-------------------------------------------------------------------------------------------------------------------------------------------------------------------------------------------------------------------------------------------------------------------------------------------------|------------------------------------|-------|
| Process CPU rate (percent, max)                  | rate(process_cpu_seconds_total{job=~"fabric-.*"}[1m])                                                                                                                                                                                                                                           | orderer.example.com:9443           | 0.182 |
|--------------------------------------------------|-------------------------------------------------------------------------------------------------------------------------------------------------------------------------------------------------------------------------------------------------------------------------------------------------|------------------------------------|-------|
|                                                  |                                                                                                                                                                                                                                                                                                 | peer0.audit.example.com:9448       | 2.38  |
|--------------------------------------------------|-------------------------------------------------------------------------------------------------------------------------------------------------------------------------------------------------------------------------------------------------------------------------------------------------|------------------------------------|-------|
|                                                  |                                                                                                                                                                                                                                                                                                 | peer0.court.example.com:9447       | 2.33  |
|--------------------------------------------------|-------------------------------------------------------------------------------------------------------------------------------------------------------------------------------------------------------------------------------------------------------------------------------------------------|------------------------------------|-------|
|                                                  |                                                                                                                                                                                                                                                                                                 | peer0.forensics.example.com:9445   | 2.33  |
|--------------------------------------------------|-------------------------------------------------------------------------------------------------------------------------------------------------------------------------------------------------------------------------------------------------------------------------------------------------|------------------------------------|-------|
|                                                  |                                                                                                                                                                                                                                                                                                 | peer0.police.example.com:9444      | 2.53  |
|--------------------------------------------------|-------------------------------------------------------------------------------------------------------------------------------------------------------------------------------------------------------------------------------------------------------------------------------------------------|------------------------------------|-------|
|                                                  |                                                                                                                                                                                                                                                                                                 | peer0.prosecution.example.com:9446 | 2.27  |
|--------------------------------------------------|-------------------------------------------------------------------------------------------------------------------------------------------------------------------------------------------------------------------------------------------------------------------------------------------------|------------------------------------|-------|
| Crimerecords endorsement duration (seconds, avg) | sum by (instance) (rate(endorser_proposal_duration_sum{job=~"fabric-.*",channel="crimechannel",chaincode="crimerecords",success="true"}[1m])) / sum by (instance) (rate(endorser_proposal_duration_count{job=~"fabric-.*",channel="crimechannel",chaincode="crimerecords",success="true"}[1m])) | peer0.audit.example.com:9448       | NaN   |
|--------------------------------------------------|-------------------------------------------------------------------------------------------------------------------------------------------------------------------------------------------------------------------------------------------------------------------------------------------------|------------------------------------|-------|
|                                                  |                                                                                                                                                                                                                                                                                                 | peer0.court.example.com:9447       | NaN   |
|--------------------------------------------------|-------------------------------------------------------------------------------------------------------------------------------------------------------------------------------------------------------------------------------------------------------------------------------------------------|------------------------------------|-------|
|                                                  |                                                                                                                                                                                                                                                                                                 | peer0.forensics.example.com:9445   | NaN   |
|--------------------------------------------------|-------------------------------------------------------------------------------------------------------------------------------------------------------------------------------------------------------------------------------------------------------------------------------------------------|------------------------------------|-------|
|                                                  |                                                                                                                                                                                                                                                                                                 | peer0.police.example.com:9444      | 0.816 |
|--------------------------------------------------|-------------------------------------------------------------------------------------------------------------------------------------------------------------------------------------------------------------------------------------------------------------------------------------------------|------------------------------------|-------|
|                                                  |                                                                                                                                                                                                                                                                                                 | peer0.prosecution.example.com:9446 | NaN   |
|--------------------------------------------------|-------------------------------------------------------------------------------------------------------------------------------------------------------------------------------------------------------------------------------------------------------------------------------------------------|------------------------------------|-------|
| Ledger height (blocks, max)                      | ledger_blockchain_height{job=~"fabric-.*",channel="crimechannel"}                                                                                                                                                                                                                               | orderer.example.com:9443           | 583   |
|--------------------------------------------------|-------------------------------------------------------------------------------------------------------------------------------------------------------------------------------------------------------------------------------------------------------------------------------------------------|------------------------------------|-------|
|                                                  |                                                                                                                                                                                                                                                                                                 | peer0.audit.example.com:9448       | 583   |
|--------------------------------------------------|-------------------------------------------------------------------------------------------------------------------------------------------------------------------------------------------------------------------------------------------------------------------------------------------------|------------------------------------|-------|
|                                                  |                                                                                                                                                                                                                                                                                                 | peer0.court.example.com:9447       | 583   |
|--------------------------------------------------|-------------------------------------------------------------------------------------------------------------------------------------------------------------------------------------------------------------------------------------------------------------------------------------------------|------------------------------------|-------|
|                                                  |                                                                                                                                                                                                                                                                                                 | peer0.forensics.example.com:9445   | 583   |
|--------------------------------------------------|-------------------------------------------------------------------------------------------------------------------------------------------------------------------------------------------------------------------------------------------------------------------------------------------------|------------------------------------|-------|
|                                                  |                                                                                                                                                                                                                                                                                                 | peer0.police.example.com:9444      | 583   |
|--------------------------------------------------|-------------------------------------------------------------------------------------------------------------------------------------------------------------------------------------------------------------------------------------------------------------------------------------------------|------------------------------------|-------|
|                                                  |                                                                                                                                                                                                                                                                                                 | peer0.prosecution.example.com:9446 | 583   |
+--------------------------------------------------+-------------------------------------------------------------------------------------------------------------------------------------------------------------------------------------------------------------------------------------------------------------------------------------------------+------------------------------------+-------+

2026.08.24-21:06:06.472[32m info [39m [caliper] [round-orchestrator] 	Finished round 2 (query-count-1) in 46.812 seconds
2026.08.24-21:06:06.472[32m info [39m [caliper] [monitor.js] 	Stopping all monitors
2026.08.24-21:06:06.472[32m info [39m [caliper] [round-orchestrator] 	Waiting 5 seconds for the next round...
2026.08.24-21:06:11.471[32m info [39m [caliper] [round-orchestrator] 	Started round 3 (query-count-2)
2026.08.24-21:06:11.472[32m info [39m [caliper] [worker-message-handler] 	Preparing Worker#0 for Round#2
2026.08.24-21:06:11.472[32m info [39m [caliper] [worker-message-handler] 	Preparing Worker#1 for Round#2
2026.08.24-21:06:11.476[32m info [39m [caliper] [connectors/peer-gateway/PeerGateway] 	Generating contract map for user io.krishnan
2026.08.24-21:06:11.476[32m info [39m [caliper] [connectors/peer-gateway/PeerGateway] 	Generating contract map for user io.krishnan
2026.08.24-21:06:11.476[32m info [39m [caliper] [connectors/peer-gateway/PeerGateway] 	Generating contract map for user insp.rathore
2026.08.24-21:06:11.476[32m info [39m [caliper] [connectors/peer-gateway/PeerGateway] 	Generating contract map for user insp.rathore
2026.08.24-21:06:11.476[32m info [39m [caliper] [connectors/peer-gateway/PeerGateway] 	Generating contract map for user insp.singh
2026.08.24-21:06:11.476[32m info [39m [caliper] [connectors/peer-gateway/PeerGateway] 	Generating contract map for user insp.singh
2026.08.24-21:06:11.476[32m info [39m [caliper] [connectors/peer-gateway/PeerGateway] 	Generating contract map for user const.verma
2026.08.24-21:06:11.476[32m info [39m [caliper] [connectors/peer-gateway/PeerGateway] 	Generating contract map for user const.verma
2026.08.24-21:06:11.476[32m info [39m [caliper] [connectors/peer-gateway/PeerGateway] 	Generating contract map for user insp.sharma
2026.08.24-21:06:11.477[32m info [39m [caliper] [connectors/peer-gateway/PeerGateway] 	Generating contract map for user insp.sharma
2026.08.24-21:06:11.479[32m info [39m [caliper] [connectors/peer-gateway/PeerGateway] 	Generating contract map for user _AuditMSP_aud.qureshi
2026.08.24-21:06:11.479[32m info [39m [caliper] [caliper-worker] 	Info: worker 0 prepare test phase for round 2 is starting...
2026.08.24-21:06:11.479[32m info [39m [caliper] [connectors/peer-gateway/PeerGateway] 	Generating contract map for user _AuditMSP_aud.qureshi
2026.08.24-21:06:11.479[32m info [39m [caliper] [caliper-worker] 	Info: worker 1 prepare test phase for round 2 is starting...
2026.08.24-21:06:11.480[32m info [39m [caliper] [connectors/peer-gateway/PeerGateway] 	disconnecting gateway for user io.krishnan
2026.08.24-21:06:11.480[32m info [39m [caliper] [connectors/peer-gateway/PeerGateway] 	disconnecting gateway for user insp.rathore
2026.08.24-21:06:11.480[32m info [39m [caliper] [connectors/peer-gateway/PeerGateway] 	disconnecting gateway for user insp.singh
2026.08.24-21:06:11.480[32m info [39m [caliper] [connectors/peer-gateway/PeerGateway] 	disconnecting gateway for user const.verma
2026.08.24-21:06:11.480[32m info [39m [caliper] [connectors/peer-gateway/PeerGateway] 	disconnecting gateway for user insp.sharma
2026.08.24-21:06:11.480[32m info [39m [caliper] [connectors/peer-gateway/PeerGateway] 	disconnecting gateway for user _AuditMSP_aud.qureshi
2026.08.24-21:06:11.480[32m info [39m [caliper] [connectors/peer-gateway/PeerGateway] 	disconnecting gateway for user io.krishnan
2026.08.24-21:06:11.480[32m info [39m [caliper] [connectors/peer-gateway/PeerGateway] 	disconnecting gRpc client at peer PoliceMSP_localhost:7051
2026.08.24-21:06:11.480[32m info [39m [caliper] [connectors/peer-gateway/PeerGateway] 	disconnecting gateway for user insp.rathore
2026.08.24-21:06:11.480[32m info [39m [caliper] [connectors/peer-gateway/PeerGateway] 	disconnecting gateway for user insp.singh
2026.08.24-21:06:11.480[32m info [39m [caliper] [connectors/peer-gateway/PeerGateway] 	disconnecting gateway for user const.verma
2026.08.24-21:06:11.480[32m info [39m [caliper] [connectors/peer-gateway/PeerGateway] 	disconnecting gateway for user insp.sharma
2026.08.24-21:06:11.480[32m info [39m [caliper] [connectors/peer-gateway/PeerGateway] 	disconnecting gateway for user _AuditMSP_aud.qureshi
2026.08.24-21:06:11.480[32m info [39m [caliper] [connectors/peer-gateway/PeerGateway] 	disconnecting gRpc client at peer PoliceMSP_localhost:7051
2026.08.24-21:06:11.480[32m info [39m [caliper] [connectors/peer-gateway/PeerGateway] 	disconnecting gRpc client at peer AuditMSP_localhost:11051
2026.08.24-21:06:11.480[32m info [39m [caliper] [caliper-worker] 	Info: worker 0 prepare test phase for round 2 is completed
2026.08.24-21:06:11.481[32m info [39m [caliper] [connectors/peer-gateway/PeerGateway] 	disconnecting gRpc client at peer AuditMSP_localhost:11051
2026.08.24-21:06:11.481[32m info [39m [caliper] [worker-message-handler] 	Worker#0 prepared for Round#2
2026.08.24-21:06:11.481[32m info [39m [caliper] [caliper-worker] 	Info: worker 1 prepare test phase for round 2 is completed
2026.08.24-21:06:11.481[32m info [39m [caliper] [worker-message-handler] 	Worker#1 prepared for Round#2
2026.08.24-21:06:11.481[32m info [39m [caliper] [worker-orchestrator] 	2 workers prepared, progressing to test phase.
2026.08.24-21:06:11.481[32m info [39m [caliper] [round-orchestrator] 	Monitors successfully started
2026.08.24-21:06:11.481[32m info [39m [caliper] [worker-message-handler] 	Worker#0 is starting Round#2
2026.08.24-21:06:11.481[32m info [39m [caliper] [worker-message-handler] 	Worker#1 is starting Round#2
2026.08.24-21:06:11.483[32m info [39m [caliper] [connectors/peer-gateway/PeerGateway] 	Generating contract map for user io.krishnan
2026.08.24-21:06:11.483[32m info [39m [caliper] [connectors/peer-gateway/PeerGateway] 	Generating contract map for user io.krishnan
2026.08.24-21:06:11.483[32m info [39m [caliper] [connectors/peer-gateway/PeerGateway] 	Generating contract map for user insp.rathore
2026.08.24-21:06:11.483[32m info [39m [caliper] [connectors/peer-gateway/PeerGateway] 	Generating contract map for user insp.rathore
2026.08.24-21:06:11.483[32m info [39m [caliper] [connectors/peer-gateway/PeerGateway] 	Generating contract map for user insp.singh
2026.08.24-21:06:11.483[32m info [39m [caliper] [connectors/peer-gateway/PeerGateway] 	Generating contract map for user insp.singh
2026.08.24-21:06:11.483[32m info [39m [caliper] [connectors/peer-gateway/PeerGateway] 	Generating contract map for user const.verma
2026.08.24-21:06:11.483[32m info [39m [caliper] [connectors/peer-gateway/PeerGateway] 	Generating contract map for user const.verma
2026.08.24-21:06:11.483[32m info [39m [caliper] [connectors/peer-gateway/PeerGateway] 	Generating contract map for user insp.sharma
2026.08.24-21:06:11.483[32m info [39m [caliper] [connectors/peer-gateway/PeerGateway] 	Generating contract map for user insp.sharma
2026.08.24-21:06:11.484[32m info [39m [caliper] [connectors/peer-gateway/PeerGateway] 	Generating contract map for user _AuditMSP_aud.qureshi
2026.08.24-21:06:11.484[32m info [39m [caliper] [connectors/peer-gateway/PeerGateway] 	Generating contract map for user _AuditMSP_aud.qureshi
2026.08.24-21:06:11.484[32m info [39m [caliper] [caliper-worker] 	Worker #1 starting workload loop
2026.08.24-21:06:11.484[32m info [39m [caliper] [caliper-worker] 	Worker #0 starting workload loop
CALIPER_TX_LATENCY {"workerIndex":0,"roundIndex":2,"roundLabel":"query-count-2","transactionId":"89516598bd9724df31cc7a909922ef01dad8bffacf2c0b68edb4521c6153f60e","status":"success","startEpochMs":1787585771486,"endEpochMs":1787585772168,"latencyMs":682}
CALIPER_TX_LATENCY {"workerIndex":1,"roundIndex":2,"roundLabel":"query-count-2","transactionId":"73d1ea770ac57a353cc98a47b9b9c424e259ba64ace525acdc9c6a31cfef6dcb","status":"success","startEpochMs":1787585771486,"endEpochMs":1787585772169,"latencyMs":683}
CALIPER_TX_LATENCY {"workerIndex":1,"roundIndex":2,"roundLabel":"query-count-2","transactionId":"815a0241304673aa3dfb66967ddf9c5b6e3fc90300f5f67c99302452e73a1c25","status":"success","startEpochMs":1787585773486,"endEpochMs":1787585774209,"latencyMs":723}
CALIPER_TX_LATENCY {"workerIndex":0,"roundIndex":2,"roundLabel":"query-count-2","transactionId":"a98d0a0eb7806736568366aac39dac596b3b77fff51b430639711aedc9881f5d","status":"success","startEpochMs":1787585773486,"endEpochMs":1787585774210,"latencyMs":724}
CALIPER_TX_LATENCY {"workerIndex":1,"roundIndex":2,"roundLabel":"query-count-2","transactionId":"523efb8b52730d411a7af3e4eb834877d3d7b41e35eed7b504ae910791594a13","status":"success","startEpochMs":1787585775486,"endEpochMs":1787585776215,"latencyMs":729}
CALIPER_TX_LATENCY {"workerIndex":0,"roundIndex":2,"roundLabel":"query-count-2","transactionId":"6bdf684df61f0cf3d1f58910cdd825e6cf4a44e488003cf667fa85df2a3e7e22","status":"success","startEpochMs":1787585775486,"endEpochMs":1787585776215,"latencyMs":729}
2026.08.24-21:06:16.483[32m info [39m [caliper] [default-observer] 	[query-count-2 Round 2 Transaction Info] - Submitted: 6 Succ: 4 Fail:0 Unfinished:2
CALIPER_TX_LATENCY {"workerIndex":1,"roundIndex":2,"roundLabel":"query-count-2","transactionId":"493f6586285deaed44526f6956bea472afca5cca79cec2c63fe9c606862adb68","status":"success","startEpochMs":1787585777487,"endEpochMs":1787585778221,"latencyMs":734}
CALIPER_TX_LATENCY {"workerIndex":0,"roundIndex":2,"roundLabel":"query-count-2","transactionId":"f41f48af526657bb292cdf621bb4a4dbfe7fb9228c16a3274aacfbac383857f0","status":"success","startEpochMs":1787585777487,"endEpochMs":1787585778221,"latencyMs":734}
CALIPER_TX_LATENCY {"workerIndex":0,"roundIndex":2,"roundLabel":"query-count-2","transactionId":"7a5eac8322823ba558c104af3e513e2723e45891c133540cd78234035d5db567","status":"success","startEpochMs":1787585779486,"endEpochMs":1787585780213,"latencyMs":727}
CALIPER_TX_LATENCY {"workerIndex":1,"roundIndex":2,"roundLabel":"query-count-2","transactionId":"56ae06df9b3b2d7567c9d0150634f5fc380107051e8e79ebe5e1b5ce959ebc52","status":"success","startEpochMs":1787585779486,"endEpochMs":1787585780219,"latencyMs":733}
2026.08.24-21:06:21.485[32m info [39m [caliper] [default-observer] 	[query-count-2 Round 2 Transaction Info] - Submitted: 10 Succ: 10 Fail:0 Unfinished:0
CALIPER_TX_LATENCY {"workerIndex":1,"roundIndex":2,"roundLabel":"query-count-2","transactionId":"6cbdf96f53e0f170d16503a23a75d2af6a27a9a54251c689ddecf292949656cd","status":"success","startEpochMs":1787585781486,"endEpochMs":1787585782222,"latencyMs":736}
CALIPER_TX_LATENCY {"workerIndex":0,"roundIndex":2,"roundLabel":"query-count-2","transactionId":"077fbd52084329ccff8a46dfc082ce019f3b34f0643174e7d32ccbaaec90d9b3","status":"success","startEpochMs":1787585781485,"endEpochMs":1787585782223,"latencyMs":738}
CALIPER_TX_LATENCY {"workerIndex":0,"roundIndex":2,"roundLabel":"query-count-2","transactionId":"42e67c7e82c03d6b5a005b406f39539c617ba44eecdc199748a1be547d4895dd","status":"success","startEpochMs":1787585783485,"endEpochMs":1787585784202,"latencyMs":717}
CALIPER_TX_LATENCY {"workerIndex":1,"roundIndex":2,"roundLabel":"query-count-2","transactionId":"acafb21b7d71b9f5b57602297ca7e7249b17b94335638fa30d2e826f07696b71","status":"success","startEpochMs":1787585783487,"endEpochMs":1787585784202,"latencyMs":715}
CALIPER_TX_LATENCY {"workerIndex":0,"roundIndex":2,"roundLabel":"query-count-2","transactionId":"c993325ecd899ac0c0294722fc7f9f0a622ee14412cfc2d930d049a45a36bed6","status":"success","startEpochMs":1787585785487,"endEpochMs":1787585786215,"latencyMs":728}
CALIPER_TX_LATENCY {"workerIndex":1,"roundIndex":2,"roundLabel":"query-count-2","transactionId":"83184f691e9070a1d26e1adb94a48b58957b8f3c257f8559a4c9027fa7822cb7","status":"success","startEpochMs":1787585785486,"endEpochMs":1787585786215,"latencyMs":729}
2026.08.24-21:06:26.485[32m info [39m [caliper] [default-observer] 	[query-count-2 Round 2 Transaction Info] - Submitted: 16 Succ: 14 Fail:0 Unfinished:2
CALIPER_TX_LATENCY {"workerIndex":1,"roundIndex":2,"roundLabel":"query-count-2","transactionId":"fe261d7e4250dc808f2947254b500b3e02c0793d2ca6b6f95853d2bf42356a6f","status":"success","startEpochMs":1787585787488,"endEpochMs":1787585788206,"latencyMs":718}
CALIPER_TX_LATENCY {"workerIndex":0,"roundIndex":2,"roundLabel":"query-count-2","transactionId":"4e9ffdceb1d401b58b4ef81aba37dcb8dad98ec18a68951fbc5530e01426f19f","status":"success","startEpochMs":1787585787488,"endEpochMs":1787585788207,"latencyMs":719}
CALIPER_TX_LATENCY {"workerIndex":0,"roundIndex":2,"roundLabel":"query-count-2","transactionId":"0d547a864f959a84fc172d87cf0326202108decbabe93b2bdba9fc5b94b4fd77","status":"success","startEpochMs":1787585789487,"endEpochMs":1787585790229,"latencyMs":742}
CALIPER_TX_LATENCY {"workerIndex":1,"roundIndex":2,"roundLabel":"query-count-2","transactionId":"ca9ba3a84daca906d46f97a035c53e5abef1c629971db51697a460d56c17c512","status":"success","startEpochMs":1787585789486,"endEpochMs":1787585790229,"latencyMs":743}
2026.08.24-21:06:31.488[32m info [39m [caliper] [default-observer] 	[query-count-2 Round 2 Transaction Info] - Submitted: 20 Succ: 20 Fail:0 Unfinished:0
CALIPER_TX_LATENCY {"workerIndex":1,"roundIndex":2,"roundLabel":"query-count-2","transactionId":"c46573e6769dd394f010accd92d30b29282851c9f63188a1f67316d5c2e20310","status":"success","startEpochMs":1787585791486,"endEpochMs":1787585792212,"latencyMs":726}
CALIPER_TX_LATENCY {"workerIndex":0,"roundIndex":2,"roundLabel":"query-count-2","transactionId":"ff6c8205460402714c1edd53d838250b14bfe74afcbeb9ede0c2ef918a183c59","status":"success","startEpochMs":1787585791486,"endEpochMs":1787585792212,"latencyMs":726}
CALIPER_TX_LATENCY {"workerIndex":0,"roundIndex":2,"roundLabel":"query-count-2","transactionId":"bb3cd99a87359114ff37c00faccac25fd296daa2dd3754218f4eea6921a1dd06","status":"success","startEpochMs":1787585793486,"endEpochMs":1787585794216,"latencyMs":730}
CALIPER_TX_LATENCY {"workerIndex":1,"roundIndex":2,"roundLabel":"query-count-2","transactionId":"455964f9d8fb52fbb6b3b6bf42f1bf5c9812f683632a0c6a91afdf426481bf5e","status":"success","startEpochMs":1787585793486,"endEpochMs":1787585794216,"latencyMs":730}
CALIPER_TX_LATENCY {"workerIndex":0,"roundIndex":2,"roundLabel":"query-count-2","transactionId":"cdb6207408bf2192e2c23cdbf91792c3d9f10833601919fb0606c6f2a4fffd03","status":"success","startEpochMs":1787585795487,"endEpochMs":1787585796227,"latencyMs":740}
CALIPER_TX_LATENCY {"workerIndex":1,"roundIndex":2,"roundLabel":"query-count-2","transactionId":"5341ada41b72b8a98f8a7789bee2e7abf1855441b479897702a0e045dc77e854","status":"success","startEpochMs":1787585795486,"endEpochMs":1787585796227,"latencyMs":741}
2026.08.24-21:06:36.488[32m info [39m [caliper] [default-observer] 	[query-count-2 Round 2 Transaction Info] - Submitted: 26 Succ: 24 Fail:0 Unfinished:2
CALIPER_TX_LATENCY {"workerIndex":1,"roundIndex":2,"roundLabel":"query-count-2","transactionId":"02677c550955e53cbbc6367a24dd846c634171d6528879afdcc0220ef3175f3e","status":"success","startEpochMs":1787585797485,"endEpochMs":1787585798195,"latencyMs":710}
CALIPER_TX_LATENCY {"workerIndex":0,"roundIndex":2,"roundLabel":"query-count-2","transactionId":"feda7b3f39f3692beb0a9dc32d70d803b908d14c1366458f9ef96d7d3603c532","status":"success","startEpochMs":1787585797486,"endEpochMs":1787585798195,"latencyMs":709}
CALIPER_TX_LATENCY {"workerIndex":1,"roundIndex":2,"roundLabel":"query-count-2","transactionId":"b8c8ac40731d66405c75f06e3584e1f6ea44c1d2024ec151ef46df10c4b43bc8","status":"success","startEpochMs":1787585799486,"endEpochMs":1787585800211,"latencyMs":725}
CALIPER_TX_LATENCY {"workerIndex":0,"roundIndex":2,"roundLabel":"query-count-2","transactionId":"26cc6b2b5cfb8e12d10f7e15e280e3a4e5df23a5f65d3be90870d0fcf982ed09","status":"success","startEpochMs":1787585799486,"endEpochMs":1787585800212,"latencyMs":726}
2026.08.24-21:06:41.489[32m info [39m [caliper] [default-observer] 	[query-count-2 Round 2 Transaction Info] - Submitted: 30 Succ: 30 Fail:0 Unfinished:0
CALIPER_TX_LATENCY {"workerIndex":1,"roundIndex":2,"roundLabel":"query-count-2","transactionId":"ce6b571ff38f23933e63455e4d10628ad546796cfe6b24dac38bf537e73edb44","status":"success","startEpochMs":1787585801487,"endEpochMs":1787585802238,"latencyMs":751}
CALIPER_TX_LATENCY {"workerIndex":0,"roundIndex":2,"roundLabel":"query-count-2","transactionId":"2b7a58b4b01c559f6e398d095f04b65a2e9b5d2446ca1319471cb2d2ec1fd75e","status":"success","startEpochMs":1787585801486,"endEpochMs":1787585802238,"latencyMs":752}
CALIPER_TX_LATENCY {"workerIndex":0,"roundIndex":2,"roundLabel":"query-count-2","transactionId":"fdf9afc4a0d4b10c6bbdcdbb29afc021a69a53754bd7b5db9383e9681dbddf45","status":"success","startEpochMs":1787585803486,"endEpochMs":1787585804208,"latencyMs":722}
CALIPER_TX_LATENCY {"workerIndex":1,"roundIndex":2,"roundLabel":"query-count-2","transactionId":"7739bd743cd3f041252c7fde8a63a799468e3c3aa0a2534b2b1e506c5e04e721","status":"success","startEpochMs":1787585803485,"endEpochMs":1787585804208,"latencyMs":723}
CALIPER_TX_LATENCY {"workerIndex":0,"roundIndex":2,"roundLabel":"query-count-2","transactionId":"a247589a54f39f31e86fe719a49cc88183d0a0c57981addeff6d306e756ed459","status":"success","startEpochMs":1787585805486,"endEpochMs":1787585806216,"latencyMs":730}
CALIPER_TX_LATENCY {"workerIndex":1,"roundIndex":2,"roundLabel":"query-count-2","transactionId":"2c761f2fe262c7a97dcfff8ce5eb1d2828d1becc68b36eb75e06708ebe797b0d","status":"success","startEpochMs":1787585805485,"endEpochMs":1787585806216,"latencyMs":731}
2026.08.24-21:06:46.490[32m info [39m [caliper] [default-observer] 	[query-count-2 Round 2 Transaction Info] - Submitted: 36 Succ: 34 Fail:0 Unfinished:2
CALIPER_TX_LATENCY {"workerIndex":0,"roundIndex":2,"roundLabel":"query-count-2","transactionId":"3f050900b375be7c4128b9bd622793ca17d7fce994f2fc85f583430192b91b80","status":"success","startEpochMs":1787585807488,"endEpochMs":1787585808221,"latencyMs":733}
CALIPER_TX_LATENCY {"workerIndex":1,"roundIndex":2,"roundLabel":"query-count-2","transactionId":"53b98f06a135449ce390d3c98c404104244c4bf2b9bd7e4f4e19b236787747a8","status":"success","startEpochMs":1787585807488,"endEpochMs":1787585808222,"latencyMs":734}
CALIPER_TX_LATENCY {"workerIndex":0,"roundIndex":2,"roundLabel":"query-count-2","transactionId":"2ee47856e9e0346c5dad1caf2ba078c125f9d213bbcdeb9843a89c631b0b6b62","status":"success","startEpochMs":1787585809486,"endEpochMs":1787585810209,"latencyMs":723}
CALIPER_TX_LATENCY {"workerIndex":1,"roundIndex":2,"roundLabel":"query-count-2","transactionId":"be13d5232cf8f3b1c53c3bd5632b6a14cce99364a056fb31e02ccb030d728059","status":"success","startEpochMs":1787585809486,"endEpochMs":1787585810209,"latencyMs":723}
2026.08.24-21:06:51.492[32m info [39m [caliper] [default-observer] 	[query-count-2 Round 2 Transaction Info] - Submitted: 40 Succ: 40 Fail:0 Unfinished:0
CALIPER_TX_LATENCY {"workerIndex":1,"roundIndex":2,"roundLabel":"query-count-2","transactionId":"3bec4e5cdbb4610fb66ad3a533312e8a77a6bea87865c1af5918e1e742392218","status":"success","startEpochMs":1787585811489,"endEpochMs":1787585812235,"latencyMs":746}
CALIPER_TX_LATENCY {"workerIndex":0,"roundIndex":2,"roundLabel":"query-count-2","transactionId":"c2dfeab261cc1b1b12441f601c3790297b54ea9b28cb3bd4a2a6363f75a890f0","status":"success","startEpochMs":1787585811489,"endEpochMs":1787585812235,"latencyMs":746}
CALIPER_TX_LATENCY {"workerIndex":0,"roundIndex":2,"roundLabel":"query-count-2","transactionId":"bec4d0e46d2462357de8c6bbfedaf2ecfe60421521db689fa3d4526c1107aa74","status":"success","startEpochMs":1787585813485,"endEpochMs":1787585814250,"latencyMs":765}
CALIPER_TX_LATENCY {"workerIndex":1,"roundIndex":2,"roundLabel":"query-count-2","transactionId":"df830e7a528a26c926f5b3fdf4c0768b5382be9f9bde66b1d927adc0eb208e93","status":"success","startEpochMs":1787585813486,"endEpochMs":1787585814250,"latencyMs":764}
CALIPER_TX_LATENCY {"workerIndex":1,"roundIndex":2,"roundLabel":"query-count-2","transactionId":"1556d9fa41a50cb96aa3f9921d84d060c3272a5fb5d310c03d18a17f39c6cb65","status":"success","startEpochMs":1787585815489,"endEpochMs":1787585816201,"latencyMs":712}
CALIPER_TX_LATENCY {"workerIndex":0,"roundIndex":2,"roundLabel":"query-count-2","transactionId":"9fdd2074a48575ab8e0af2e39e3a5b31ee4c7994e88cba0953bb956e9291aa1f","status":"success","startEpochMs":1787585815487,"endEpochMs":1787585816201,"latencyMs":714}
2026.08.24-21:06:56.494[32m info [39m [caliper] [default-observer] 	[query-count-2 Round 2 Transaction Info] - Submitted: 46 Succ: 44 Fail:0 Unfinished:2
CALIPER_TX_LATENCY {"workerIndex":1,"roundIndex":2,"roundLabel":"query-count-2","transactionId":"d15ee4693ec84a74d5d08872bd87824019677d9e349c031e9468a0477d612777","status":"success","startEpochMs":1787585817485,"endEpochMs":1787585818231,"latencyMs":746}
CALIPER_TX_LATENCY {"workerIndex":0,"roundIndex":2,"roundLabel":"query-count-2","transactionId":"2b42a0737b35ca24ae34b7cea99b635ca3071173de5b469986a403d805fc1ed1","status":"success","startEpochMs":1787585817486,"endEpochMs":1787585818231,"latencyMs":745}
2026.08.24-21:06:59.293[32m info [39m [caliper] [connectors/peer-gateway/PeerGateway] 	disconnecting gateway for user io.krishnan
2026.08.24-21:06:59.293[32m info [39m [caliper] [connectors/peer-gateway/PeerGateway] 	disconnecting gateway for user insp.rathore
2026.08.24-21:06:59.293[32m info [39m [caliper] [connectors/peer-gateway/PeerGateway] 	disconnecting gateway for user insp.singh
2026.08.24-21:06:59.293[32m info [39m [caliper] [connectors/peer-gateway/PeerGateway] 	disconnecting gateway for user const.verma
2026.08.24-21:06:59.293[32m info [39m [caliper] [connectors/peer-gateway/PeerGateway] 	disconnecting gateway for user insp.sharma
2026.08.24-21:06:59.293[32m info [39m [caliper] [connectors/peer-gateway/PeerGateway] 	disconnecting gateway for user _AuditMSP_aud.qureshi
2026.08.24-21:06:59.293[32m info [39m [caliper] [connectors/peer-gateway/PeerGateway] 	disconnecting gRpc client at peer PoliceMSP_localhost:7051
2026.08.24-21:06:59.295[32m info [39m [caliper] [connectors/peer-gateway/PeerGateway] 	disconnecting gateway for user io.krishnan
2026.08.24-21:06:59.296[32m info [39m [caliper] [connectors/peer-gateway/PeerGateway] 	disconnecting gateway for user insp.rathore
2026.08.24-21:06:59.296[32m info [39m [caliper] [connectors/peer-gateway/PeerGateway] 	disconnecting gateway for user insp.singh
2026.08.24-21:06:59.296[32m info [39m [caliper] [connectors/peer-gateway/PeerGateway] 	disconnecting gateway for user const.verma
2026.08.24-21:06:59.296[32m info [39m [caliper] [connectors/peer-gateway/PeerGateway] 	disconnecting gateway for user insp.sharma
2026.08.24-21:06:59.296[32m info [39m [caliper] [connectors/peer-gateway/PeerGateway] 	disconnecting gateway for user _AuditMSP_aud.qureshi
2026.08.24-21:06:59.296[32m info [39m [caliper] [connectors/peer-gateway/PeerGateway] 	disconnecting gRpc client at peer PoliceMSP_localhost:7051
2026.08.24-21:06:59.296[32m info [39m [caliper] [connectors/peer-gateway/PeerGateway] 	disconnecting gRpc client at peer AuditMSP_localhost:11051
2026.08.24-21:06:59.296[32m info [39m [caliper] [connectors/peer-gateway/PeerGateway] 	disconnecting gRpc client at peer AuditMSP_localhost:11051
2026.08.24-21:06:59.297[32m info [39m [caliper] [worker-message-handler] 	Worker#0 finished Round#2
2026.08.24-21:06:59.297[32m info [39m [caliper] [worker-message-handler] 	Worker#1 finished Round#2
2026.08.24-21:07:04.299[32m info [39m [caliper] [default-observer] 	Resetting txCount indicator count
2026.08.24-21:07:04.299[32m info [39m [caliper] [report-builder] 	### Test result ###
2026.08.24-21:07:04.300[32m info [39m [caliper] [report-builder] 	
+---------------+------+------+-----------------+-----------------+-----------------+-----------------+------------------+
| Name          | Succ | Fail | Send Rate (TPS) | Max Latency (s) | Min Latency (s) | Avg Latency (s) | Throughput (TPS) |
|---------------|------|------|-----------------|-----------------|-----------------|-----------------|------------------|
| query-count-2 | 48   | 0    | 1.0             | 0.77            | 0.68            | 0.73            | 1.0              |
+---------------+------+------+-----------------+-----------------+-----------------+-----------------+------------------+

2026.08.24-21:07:04.319[32m info [39m [caliper] [report-builder] 	### prometheus resource stats ###'
2026.08.24-21:07:04.320[32m info [39m [caliper] [report-builder] 	
+--------------------------------------------------+-------------------------------------------------------------------------------------------------------------------------------------------------------------------------------------------------------------------------------------------------------------------------------------------------+------------------------------------+-------+
| Metric                                           | Prometheus Query                                                                                                                                                                                                                                                                                | Name                               | Value |
|--------------------------------------------------|-------------------------------------------------------------------------------------------------------------------------------------------------------------------------------------------------------------------------------------------------------------------------------------------------|------------------------------------|-------|
| Process resident memory (MiB, max)               | process_resident_memory_bytes{job=~"fabric-.*"}                                                                                                                                                                                                                                                 | orderer.example.com:9443           | 61.5  |
|--------------------------------------------------|-------------------------------------------------------------------------------------------------------------------------------------------------------------------------------------------------------------------------------------------------------------------------------------------------|------------------------------------|-------|
|                                                  |                                                                                                                                                                                                                                                                                                 | peer0.audit.example.com:9448       | 130   |
|--------------------------------------------------|-------------------------------------------------------------------------------------------------------------------------------------------------------------------------------------------------------------------------------------------------------------------------------------------------|------------------------------------|-------|
|                                                  |                                                                                                                                                                                                                                                                                                 | peer0.court.example.com:9447       | 129   |
|--------------------------------------------------|-------------------------------------------------------------------------------------------------------------------------------------------------------------------------------------------------------------------------------------------------------------------------------------------------|------------------------------------|-------|
|                                                  |                                                                                                                                                                                                                                                                                                 | peer0.forensics.example.com:9445   | 133   |
|--------------------------------------------------|-------------------------------------------------------------------------------------------------------------------------------------------------------------------------------------------------------------------------------------------------------------------------------------------------|------------------------------------|-------|
|                                                  |                                                                                                                                                                                                                                                                                                 | peer0.police.example.com:9444      | 139   |
|--------------------------------------------------|-------------------------------------------------------------------------------------------------------------------------------------------------------------------------------------------------------------------------------------------------------------------------------------------------|------------------------------------|-------|
|                                                  |                                                                                                                                                                                                                                                                                                 | peer0.prosecution.example.com:9446 | 126   |
|--------------------------------------------------|-------------------------------------------------------------------------------------------------------------------------------------------------------------------------------------------------------------------------------------------------------------------------------------------------|------------------------------------|-------|
| Process CPU rate (percent, max)                  | rate(process_cpu_seconds_total{job=~"fabric-.*"}[1m])                                                                                                                                                                                                                                           | orderer.example.com:9443           | 0.164 |
|--------------------------------------------------|-------------------------------------------------------------------------------------------------------------------------------------------------------------------------------------------------------------------------------------------------------------------------------------------------|------------------------------------|-------|
|                                                  |                                                                                                                                                                                                                                                                                                 | peer0.audit.example.com:9448       | 2.00  |
|--------------------------------------------------|-------------------------------------------------------------------------------------------------------------------------------------------------------------------------------------------------------------------------------------------------------------------------------------------------|------------------------------------|-------|
|                                                  |                                                                                                                                                                                                                                                                                                 | peer0.court.example.com:9447       | 2.16  |
|--------------------------------------------------|-------------------------------------------------------------------------------------------------------------------------------------------------------------------------------------------------------------------------------------------------------------------------------------------------|------------------------------------|-------|
|                                                  |                                                                                                                                                                                                                                                                                                 | peer0.forensics.example.com:9445   | 2.11  |
|--------------------------------------------------|-------------------------------------------------------------------------------------------------------------------------------------------------------------------------------------------------------------------------------------------------------------------------------------------------|------------------------------------|-------|
|                                                  |                                                                                                                                                                                                                                                                                                 | peer0.police.example.com:9444      | 2.51  |
|--------------------------------------------------|-------------------------------------------------------------------------------------------------------------------------------------------------------------------------------------------------------------------------------------------------------------------------------------------------|------------------------------------|-------|
|                                                  |                                                                                                                                                                                                                                                                                                 | peer0.prosecution.example.com:9446 | 2.11  |
|--------------------------------------------------|-------------------------------------------------------------------------------------------------------------------------------------------------------------------------------------------------------------------------------------------------------------------------------------------------|------------------------------------|-------|
| Crimerecords endorsement duration (seconds, avg) | sum by (instance) (rate(endorser_proposal_duration_sum{job=~"fabric-.*",channel="crimechannel",chaincode="crimerecords",success="true"}[1m])) / sum by (instance) (rate(endorser_proposal_duration_count{job=~"fabric-.*",channel="crimechannel",chaincode="crimerecords",success="true"}[1m])) | peer0.audit.example.com:9448       | NaN   |
|--------------------------------------------------|-------------------------------------------------------------------------------------------------------------------------------------------------------------------------------------------------------------------------------------------------------------------------------------------------|------------------------------------|-------|
|                                                  |                                                                                                                                                                                                                                                                                                 | peer0.court.example.com:9447       | NaN   |
|--------------------------------------------------|-------------------------------------------------------------------------------------------------------------------------------------------------------------------------------------------------------------------------------------------------------------------------------------------------|------------------------------------|-------|
|                                                  |                                                                                                                                                                                                                                                                                                 | peer0.forensics.example.com:9445   | NaN   |
|--------------------------------------------------|-------------------------------------------------------------------------------------------------------------------------------------------------------------------------------------------------------------------------------------------------------------------------------------------------|------------------------------------|-------|
|                                                  |                                                                                                                                                                                                                                                                                                 | peer0.police.example.com:9444      | 0.718 |
|--------------------------------------------------|-------------------------------------------------------------------------------------------------------------------------------------------------------------------------------------------------------------------------------------------------------------------------------------------------|------------------------------------|-------|
|                                                  |                                                                                                                                                                                                                                                                                                 | peer0.prosecution.example.com:9446 | NaN   |
|--------------------------------------------------|-------------------------------------------------------------------------------------------------------------------------------------------------------------------------------------------------------------------------------------------------------------------------------------------------|------------------------------------|-------|
| Ledger height (blocks, max)                      | ledger_blockchain_height{job=~"fabric-.*",channel="crimechannel"}                                                                                                                                                                                                                               | orderer.example.com:9443           | 583   |
|--------------------------------------------------|-------------------------------------------------------------------------------------------------------------------------------------------------------------------------------------------------------------------------------------------------------------------------------------------------|------------------------------------|-------|
|                                                  |                                                                                                                                                                                                                                                                                                 | peer0.audit.example.com:9448       | 583   |
|--------------------------------------------------|-------------------------------------------------------------------------------------------------------------------------------------------------------------------------------------------------------------------------------------------------------------------------------------------------|------------------------------------|-------|
|                                                  |                                                                                                                                                                                                                                                                                                 | peer0.court.example.com:9447       | 583   |
|--------------------------------------------------|-------------------------------------------------------------------------------------------------------------------------------------------------------------------------------------------------------------------------------------------------------------------------------------------------|------------------------------------|-------|
|                                                  |                                                                                                                                                                                                                                                                                                 | peer0.forensics.example.com:9445   | 583   |
|--------------------------------------------------|-------------------------------------------------------------------------------------------------------------------------------------------------------------------------------------------------------------------------------------------------------------------------------------------------|------------------------------------|-------|
|                                                  |                                                                                                                                                                                                                                                                                                 | peer0.police.example.com:9444      | 583   |
|--------------------------------------------------|-------------------------------------------------------------------------------------------------------------------------------------------------------------------------------------------------------------------------------------------------------------------------------------------------|------------------------------------|-------|
|                                                  |                                                                                                                                                                                                                                                                                                 | peer0.prosecution.example.com:9446 | 583   |
+--------------------------------------------------+-------------------------------------------------------------------------------------------------------------------------------------------------------------------------------------------------------------------------------------------------------------------------------------------------+------------------------------------+-------+

2026.08.24-21:07:04.321[32m info [39m [caliper] [round-orchestrator] 	Finished round 3 (query-count-2) in 46.809 seconds
2026.08.24-21:07:04.321[32m info [39m [caliper] [monitor.js] 	Stopping all monitors
2026.08.24-21:07:04.321[32m info [39m [caliper] [round-orchestrator] 	Waiting 5 seconds for the next round...
2026.08.24-21:07:09.321[32m info [39m [caliper] [round-orchestrator] 	Started round 4 (query-count-3)
2026.08.24-21:07:09.321[32m info [39m [caliper] [worker-message-handler] 	Preparing Worker#0 for Round#3
2026.08.24-21:07:09.321[32m info [39m [caliper] [worker-message-handler] 	Preparing Worker#1 for Round#3
2026.08.24-21:07:09.323[32m info [39m [caliper] [connectors/peer-gateway/PeerGateway] 	Generating contract map for user io.krishnan
2026.08.24-21:07:09.323[32m info [39m [caliper] [connectors/peer-gateway/PeerGateway] 	Generating contract map for user io.krishnan
2026.08.24-21:07:09.323[32m info [39m [caliper] [connectors/peer-gateway/PeerGateway] 	Generating contract map for user insp.rathore
2026.08.24-21:07:09.323[32m info [39m [caliper] [connectors/peer-gateway/PeerGateway] 	Generating contract map for user insp.rathore
2026.08.24-21:07:09.324[32m info [39m [caliper] [connectors/peer-gateway/PeerGateway] 	Generating contract map for user insp.singh
2026.08.24-21:07:09.324[32m info [39m [caliper] [connectors/peer-gateway/PeerGateway] 	Generating contract map for user insp.singh
2026.08.24-21:07:09.324[32m info [39m [caliper] [connectors/peer-gateway/PeerGateway] 	Generating contract map for user const.verma
2026.08.24-21:07:09.324[32m info [39m [caliper] [connectors/peer-gateway/PeerGateway] 	Generating contract map for user const.verma
2026.08.24-21:07:09.324[32m info [39m [caliper] [connectors/peer-gateway/PeerGateway] 	Generating contract map for user insp.sharma
2026.08.24-21:07:09.324[32m info [39m [caliper] [connectors/peer-gateway/PeerGateway] 	Generating contract map for user insp.sharma
2026.08.24-21:07:09.325[32m info [39m [caliper] [connectors/peer-gateway/PeerGateway] 	Generating contract map for user _AuditMSP_aud.qureshi
2026.08.24-21:07:09.325[32m info [39m [caliper] [connectors/peer-gateway/PeerGateway] 	Generating contract map for user _AuditMSP_aud.qureshi
2026.08.24-21:07:09.325[32m info [39m [caliper] [caliper-worker] 	Info: worker 0 prepare test phase for round 3 is starting...
2026.08.24-21:07:09.325[32m info [39m [caliper] [caliper-worker] 	Info: worker 1 prepare test phase for round 3 is starting...
2026.08.24-21:07:09.327[32m info [39m [caliper] [connectors/peer-gateway/PeerGateway] 	disconnecting gateway for user io.krishnan
2026.08.24-21:07:09.327[32m info [39m [caliper] [connectors/peer-gateway/PeerGateway] 	disconnecting gateway for user insp.rathore
2026.08.24-21:07:09.327[32m info [39m [caliper] [connectors/peer-gateway/PeerGateway] 	disconnecting gateway for user io.krishnan
2026.08.24-21:07:09.327[32m info [39m [caliper] [connectors/peer-gateway/PeerGateway] 	disconnecting gateway for user insp.singh
2026.08.24-21:07:09.327[32m info [39m [caliper] [connectors/peer-gateway/PeerGateway] 	disconnecting gateway for user const.verma
2026.08.24-21:07:09.327[32m info [39m [caliper] [connectors/peer-gateway/PeerGateway] 	disconnecting gateway for user insp.rathore
2026.08.24-21:07:09.327[32m info [39m [caliper] [connectors/peer-gateway/PeerGateway] 	disconnecting gateway for user insp.sharma
2026.08.24-21:07:09.327[32m info [39m [caliper] [connectors/peer-gateway/PeerGateway] 	disconnecting gateway for user insp.singh
2026.08.24-21:07:09.327[32m info [39m [caliper] [connectors/peer-gateway/PeerGateway] 	disconnecting gateway for user _AuditMSP_aud.qureshi
2026.08.24-21:07:09.327[32m info [39m [caliper] [connectors/peer-gateway/PeerGateway] 	disconnecting gateway for user const.verma
2026.08.24-21:07:09.327[32m info [39m [caliper] [connectors/peer-gateway/PeerGateway] 	disconnecting gRpc client at peer PoliceMSP_localhost:7051
2026.08.24-21:07:09.327[32m info [39m [caliper] [connectors/peer-gateway/PeerGateway] 	disconnecting gateway for user insp.sharma
2026.08.24-21:07:09.327[32m info [39m [caliper] [connectors/peer-gateway/PeerGateway] 	disconnecting gateway for user _AuditMSP_aud.qureshi
2026.08.24-21:07:09.327[32m info [39m [caliper] [connectors/peer-gateway/PeerGateway] 	disconnecting gRpc client at peer PoliceMSP_localhost:7051
2026.08.24-21:07:09.327[32m info [39m [caliper] [connectors/peer-gateway/PeerGateway] 	disconnecting gRpc client at peer AuditMSP_localhost:11051
2026.08.24-21:07:09.327[32m info [39m [caliper] [caliper-worker] 	Info: worker 1 prepare test phase for round 3 is completed
2026.08.24-21:07:09.327[32m info [39m [caliper] [worker-message-handler] 	Worker#1 prepared for Round#3
2026.08.24-21:07:09.327[32m info [39m [caliper] [connectors/peer-gateway/PeerGateway] 	disconnecting gRpc client at peer AuditMSP_localhost:11051
2026.08.24-21:07:09.327[32m info [39m [caliper] [caliper-worker] 	Info: worker 0 prepare test phase for round 3 is completed
2026.08.24-21:07:09.327[32m info [39m [caliper] [worker-message-handler] 	Worker#0 prepared for Round#3
2026.08.24-21:07:09.328[32m info [39m [caliper] [worker-orchestrator] 	2 workers prepared, progressing to test phase.
2026.08.24-21:07:09.328[32m info [39m [caliper] [round-orchestrator] 	Monitors successfully started
2026.08.24-21:07:09.328[32m info [39m [caliper] [worker-message-handler] 	Worker#0 is starting Round#3
2026.08.24-21:07:09.328[32m info [39m [caliper] [worker-message-handler] 	Worker#1 is starting Round#3
2026.08.24-21:07:09.330[32m info [39m [caliper] [connectors/peer-gateway/PeerGateway] 	Generating contract map for user io.krishnan
2026.08.24-21:07:09.330[32m info [39m [caliper] [connectors/peer-gateway/PeerGateway] 	Generating contract map for user io.krishnan
2026.08.24-21:07:09.330[32m info [39m [caliper] [connectors/peer-gateway/PeerGateway] 	Generating contract map for user insp.rathore
2026.08.24-21:07:09.330[32m info [39m [caliper] [connectors/peer-gateway/PeerGateway] 	Generating contract map for user insp.rathore
2026.08.24-21:07:09.330[32m info [39m [caliper] [connectors/peer-gateway/PeerGateway] 	Generating contract map for user insp.singh
2026.08.24-21:07:09.330[32m info [39m [caliper] [connectors/peer-gateway/PeerGateway] 	Generating contract map for user insp.singh
2026.08.24-21:07:09.330[32m info [39m [caliper] [connectors/peer-gateway/PeerGateway] 	Generating contract map for user const.verma
2026.08.24-21:07:09.330[32m info [39m [caliper] [connectors/peer-gateway/PeerGateway] 	Generating contract map for user const.verma
2026.08.24-21:07:09.330[32m info [39m [caliper] [connectors/peer-gateway/PeerGateway] 	Generating contract map for user insp.sharma
2026.08.24-21:07:09.330[32m info [39m [caliper] [connectors/peer-gateway/PeerGateway] 	Generating contract map for user insp.sharma
2026.08.24-21:07:09.331[32m info [39m [caliper] [connectors/peer-gateway/PeerGateway] 	Generating contract map for user _AuditMSP_aud.qureshi
2026.08.24-21:07:09.331[32m info [39m [caliper] [connectors/peer-gateway/PeerGateway] 	Generating contract map for user _AuditMSP_aud.qureshi
2026.08.24-21:07:09.331[32m info [39m [caliper] [caliper-worker] 	Worker #1 starting workload loop
2026.08.24-21:07:09.331[32m info [39m [caliper] [caliper-worker] 	Worker #0 starting workload loop
CALIPER_TX_LATENCY {"workerIndex":1,"roundIndex":3,"roundLabel":"query-count-3","transactionId":"af41501b34217d9870f63cb7a0924491af838c637f365a94f25bc4b90419f98d","status":"success","startEpochMs":1787585829333,"endEpochMs":1787585830037,"latencyMs":704}
CALIPER_TX_LATENCY {"workerIndex":0,"roundIndex":3,"roundLabel":"query-count-3","transactionId":"ca8d03f89565b28bac1a91b72b63364bc17dd9d5e18fa40cee5f1d139d45c1ba","status":"success","startEpochMs":1787585829333,"endEpochMs":1787585830038,"latencyMs":705}
CALIPER_TX_LATENCY {"workerIndex":0,"roundIndex":3,"roundLabel":"query-count-3","transactionId":"7a53eb2ffc0f1ebae4247d943b9fba3f37c8020a8d60e935e2ba14fb8eb99cf2","status":"success","startEpochMs":1787585831334,"endEpochMs":1787585832051,"latencyMs":717}
CALIPER_TX_LATENCY {"workerIndex":1,"roundIndex":3,"roundLabel":"query-count-3","transactionId":"c08a9861043144f1f9812f0b47c4b9602df5bf1dac6d1c6377ca84d453bb9013","status":"success","startEpochMs":1787585831334,"endEpochMs":1787585832051,"latencyMs":717}
CALIPER_TX_LATENCY {"workerIndex":1,"roundIndex":3,"roundLabel":"query-count-3","transactionId":"8601e78c72c8791574ef4501b415bc80eef9c0e42b570b1cd6375b26a00c7b70","status":"success","startEpochMs":1787585833333,"endEpochMs":1787585834034,"latencyMs":701}
CALIPER_TX_LATENCY {"workerIndex":0,"roundIndex":3,"roundLabel":"query-count-3","transactionId":"a940859289b29bb69f54c5acf9e33d9e6b79c3f149bb9f7f8cb09af61230d1aa","status":"success","startEpochMs":1787585833333,"endEpochMs":1787585834034,"latencyMs":701}
2026.08.24-21:07:14.328[32m info [39m [caliper] [default-observer] 	[query-count-3 Round 3 Transaction Info] - Submitted: 6 Succ: 4 Fail:0 Unfinished:2
CALIPER_TX_LATENCY {"workerIndex":0,"roundIndex":3,"roundLabel":"query-count-3","transactionId":"7b6b67a9d34f699129630f3c3d9b2f9e20c514b2cb675706d56857326097178d","status":"success","startEpochMs":1787585835334,"endEpochMs":1787585836074,"latencyMs":740}
CALIPER_TX_LATENCY {"workerIndex":1,"roundIndex":3,"roundLabel":"query-count-3","transactionId":"de9b7ba1f3331d5117343bcb762eeea504e0a976729e0b9315b2a3599e557f87","status":"success","startEpochMs":1787585835334,"endEpochMs":1787585836074,"latencyMs":740}
CALIPER_TX_LATENCY {"workerIndex":0,"roundIndex":3,"roundLabel":"query-count-3","transactionId":"d689d42be250850a01f5c3a9d48e9dda0eda839b1b14aa5475867ab66ef2c6fb","status":"success","startEpochMs":1787585837334,"endEpochMs":1787585838062,"latencyMs":728}
CALIPER_TX_LATENCY {"workerIndex":1,"roundIndex":3,"roundLabel":"query-count-3","transactionId":"ff2a1c416005a6a9109c6f57d927e730badd5d6bfd64f908b0c626bce03d3a4c","status":"success","startEpochMs":1787585837334,"endEpochMs":1787585838063,"latencyMs":729}
2026.08.24-21:07:19.330[32m info [39m [caliper] [default-observer] 	[query-count-3 Round 3 Transaction Info] - Submitted: 10 Succ: 10 Fail:0 Unfinished:0
CALIPER_TX_LATENCY {"workerIndex":0,"roundIndex":3,"roundLabel":"query-count-3","transactionId":"6fb1ecda93a1529f15a40c6931b3ce77d72fd6ef455a0ed3f0db80852d6c5747","status":"success","startEpochMs":1787585839333,"endEpochMs":1787585840055,"latencyMs":722}
CALIPER_TX_LATENCY {"workerIndex":1,"roundIndex":3,"roundLabel":"query-count-3","transactionId":"c34eb9212aedc468c25d8974f6a06eb9dbce32549cc67cf60e5cc5e893b330dd","status":"success","startEpochMs":1787585839333,"endEpochMs":1787585840055,"latencyMs":722}
CALIPER_TX_LATENCY {"workerIndex":1,"roundIndex":3,"roundLabel":"query-count-3","transactionId":"461a7b845b7cca67860403a682129d42d8e6277ae4c3764aa07f4da022f24a13","status":"success","startEpochMs":1787585841334,"endEpochMs":1787585842066,"latencyMs":732}
CALIPER_TX_LATENCY {"workerIndex":0,"roundIndex":3,"roundLabel":"query-count-3","transactionId":"11af1099c4386f305db154e8adad3b36de53783abc6695186dfa7957be4ae58f","status":"success","startEpochMs":1787585841334,"endEpochMs":1787585842066,"latencyMs":732}
CALIPER_TX_LATENCY {"workerIndex":1,"roundIndex":3,"roundLabel":"query-count-3","transactionId":"060927a89d40ac854ac9d4882e06286f57ed621268b06b3054e57eca7b4b9023","status":"success","startEpochMs":1787585843333,"endEpochMs":1787585844047,"latencyMs":714}
CALIPER_TX_LATENCY {"workerIndex":0,"roundIndex":3,"roundLabel":"query-count-3","transactionId":"fc00c2fc4c980891587f43cba2a3be8293d80303b2c7db9e107330afead962bd","status":"success","startEpochMs":1787585843333,"endEpochMs":1787585844047,"latencyMs":714}
2026.08.24-21:07:24.331[32m info [39m [caliper] [default-observer] 	[query-count-3 Round 3 Transaction Info] - Submitted: 16 Succ: 14 Fail:0 Unfinished:2
CALIPER_TX_LATENCY {"workerIndex":0,"roundIndex":3,"roundLabel":"query-count-3","transactionId":"a202cc1e5cecef72f6add496ec2dc928a2cb08bd1dde8769d5a928a207b193e2","status":"success","startEpochMs":1787585845334,"endEpochMs":1787585846058,"latencyMs":724}
CALIPER_TX_LATENCY {"workerIndex":1,"roundIndex":3,"roundLabel":"query-count-3","transactionId":"17dd9e53da9e209b1f0da1be64b6269151201cc8774e59895655e454b3781abc","status":"success","startEpochMs":1787585845332,"endEpochMs":1787585846060,"latencyMs":728}
CALIPER_TX_LATENCY {"workerIndex":1,"roundIndex":3,"roundLabel":"query-count-3","transactionId":"ea38f098a37d3f44d5748c65f1eda1822390ba636e4ec3b8e46a6344f5d37b08","status":"success","startEpochMs":1787585847334,"endEpochMs":1787585848070,"latencyMs":736}
CALIPER_TX_LATENCY {"workerIndex":0,"roundIndex":3,"roundLabel":"query-count-3","transactionId":"ac9e31ff687a7bd6fbb6b9dafc5c99f7d5cb1d54751d8fc48c843f1997b64c41","status":"success","startEpochMs":1787585847334,"endEpochMs":1787585848070,"latencyMs":736}
2026.08.24-21:07:29.331[32m info [39m [caliper] [default-observer] 	[query-count-3 Round 3 Transaction Info] - Submitted: 20 Succ: 20 Fail:0 Unfinished:0
CALIPER_TX_LATENCY {"workerIndex":0,"roundIndex":3,"roundLabel":"query-count-3","transactionId":"ac5ce555adcd2d2a008bfd2af5b0436e0d4793e43f20522fcf79ef1b7bb5d6b8","status":"success","startEpochMs":1787585849334,"endEpochMs":1787585850046,"latencyMs":712}
CALIPER_TX_LATENCY {"workerIndex":1,"roundIndex":3,"roundLabel":"query-count-3","transactionId":"9719558b81ac4fbbcc8bb58b6ba5bf76d5b02802fa691c890cdd8a61bed43a83","status":"success","startEpochMs":1787585849334,"endEpochMs":1787585850046,"latencyMs":712}
CALIPER_TX_LATENCY {"workerIndex":1,"roundIndex":3,"roundLabel":"query-count-3","transactionId":"f5188abc7a9ffef353cb1cfc5f99afe12d2d7612035d58c230575d01122ee7f2","status":"success","startEpochMs":1787585851334,"endEpochMs":1787585852067,"latencyMs":733}
CALIPER_TX_LATENCY {"workerIndex":0,"roundIndex":3,"roundLabel":"query-count-3","transactionId":"d81edebdd9d03a3726595bcf5e1497909e21777b8a4c71ba47bb81cad6b04d7e","status":"success","startEpochMs":1787585851334,"endEpochMs":1787585852067,"latencyMs":733}
CALIPER_TX_LATENCY {"workerIndex":1,"roundIndex":3,"roundLabel":"query-count-3","transactionId":"ab29bfd0ba1f8372dbf67a043d147292dd3c9bc9a1f32e58bb13e39d20dd7bae","status":"success","startEpochMs":1787585853333,"endEpochMs":1787585854064,"latencyMs":731}
CALIPER_TX_LATENCY {"workerIndex":0,"roundIndex":3,"roundLabel":"query-count-3","transactionId":"a5c460b011808d1c05570e1c14fa30208fcf65086a39e01504881272a64da290","status":"success","startEpochMs":1787585853333,"endEpochMs":1787585854064,"latencyMs":731}
2026.08.24-21:07:34.333[32m info [39m [caliper] [default-observer] 	[query-count-3 Round 3 Transaction Info] - Submitted: 26 Succ: 24 Fail:0 Unfinished:2
CALIPER_TX_LATENCY {"workerIndex":0,"roundIndex":3,"roundLabel":"query-count-3","transactionId":"5fbd61bdc3d87d9bf7522916664eb3c31377e819261be613295dfd1103ee36b2","status":"success","startEpochMs":1787585855334,"endEpochMs":1787585856046,"latencyMs":712}
CALIPER_TX_LATENCY {"workerIndex":1,"roundIndex":3,"roundLabel":"query-count-3","transactionId":"7189e67cb09391739161fdf8cc9820024217205adfbfaed1f986fb7b9e694990","status":"success","startEpochMs":1787585855333,"endEpochMs":1787585856048,"latencyMs":715}
CALIPER_TX_LATENCY {"workerIndex":0,"roundIndex":3,"roundLabel":"query-count-3","transactionId":"ab10825d64caf0821421e5c9b13472ea18bcfc568be992fb69443d3edf40ebcf","status":"success","startEpochMs":1787585857335,"endEpochMs":1787585858046,"latencyMs":711}
CALIPER_TX_LATENCY {"workerIndex":1,"roundIndex":3,"roundLabel":"query-count-3","transactionId":"ad9cdc3c6fd6041199456096345421185c20567b93ec4a8b6e7b36efd99d378a","status":"success","startEpochMs":1787585857334,"endEpochMs":1787585858046,"latencyMs":712}
2026.08.24-21:07:39.334[32m info [39m [caliper] [default-observer] 	[query-count-3 Round 3 Transaction Info] - Submitted: 30 Succ: 30 Fail:0 Unfinished:0
CALIPER_TX_LATENCY {"workerIndex":1,"roundIndex":3,"roundLabel":"query-count-3","transactionId":"a1d82981519e7089b8346af63388da78cdeb3191b3af901e13bcec3c7596b89e","status":"success","startEpochMs":1787585859333,"endEpochMs":1787585860051,"latencyMs":718}
CALIPER_TX_LATENCY {"workerIndex":0,"roundIndex":3,"roundLabel":"query-count-3","transactionId":"f58206bc93ebd2b708462bc9c69def0e4cf154a9058e704d6f51dd2825c7a05b","status":"success","startEpochMs":1787585859334,"endEpochMs":1787585860051,"latencyMs":717}
CALIPER_TX_LATENCY {"workerIndex":0,"roundIndex":3,"roundLabel":"query-count-3","transactionId":"706d32a2717476a38b1115d66c86349dc367f6eb811d1b1704b4c9c8bc2555f9","status":"success","startEpochMs":1787585861334,"endEpochMs":1787585862050,"latencyMs":716}
CALIPER_TX_LATENCY {"workerIndex":1,"roundIndex":3,"roundLabel":"query-count-3","transactionId":"8a41ae0dc081aecd1604eb3aaa8e6af1e5cdee345c263891e214e4e125370386","status":"success","startEpochMs":1787585861334,"endEpochMs":1787585862050,"latencyMs":716}
CALIPER_TX_LATENCY {"workerIndex":0,"roundIndex":3,"roundLabel":"query-count-3","transactionId":"190b0db53d05a88e05773c81579d67b9674e5a8119cf4ad62feecb8404cf912d","status":"success","startEpochMs":1787585863332,"endEpochMs":1787585864044,"latencyMs":712}
CALIPER_TX_LATENCY {"workerIndex":1,"roundIndex":3,"roundLabel":"query-count-3","transactionId":"e5360d9aa66f08f588df36adff8e4783b2d7660e567bd858ac8d803f1fb394c5","status":"success","startEpochMs":1787585863333,"endEpochMs":1787585864044,"latencyMs":711}
2026.08.24-21:07:44.335[32m info [39m [caliper] [default-observer] 	[query-count-3 Round 3 Transaction Info] - Submitted: 36 Succ: 34 Fail:0 Unfinished:2
CALIPER_TX_LATENCY {"workerIndex":1,"roundIndex":3,"roundLabel":"query-count-3","transactionId":"306ec8999a0a8b37c09725bc7d04af3fc569983fb6ca82f67de0450f55d860c8","status":"success","startEpochMs":1787585865333,"endEpochMs":1787585866079,"latencyMs":746}
CALIPER_TX_LATENCY {"workerIndex":0,"roundIndex":3,"roundLabel":"query-count-3","transactionId":"40a5c947ff08727824c0c14b6caec2143ce1e9fb58a5c478b2eaf366ac9ef3b6","status":"success","startEpochMs":1787585865334,"endEpochMs":1787585866079,"latencyMs":745}
CALIPER_TX_LATENCY {"workerIndex":1,"roundIndex":3,"roundLabel":"query-count-3","transactionId":"a126bc2eadbc1b8ff8b4e2418b5b997a5599c87516ca7864cf5f95ed116d9b55","status":"success","startEpochMs":1787585867333,"endEpochMs":1787585868043,"latencyMs":710}
CALIPER_TX_LATENCY {"workerIndex":0,"roundIndex":3,"roundLabel":"query-count-3","transactionId":"520eb3637900d75433296d8c9772dd97df1074b555479a8620bf0a4cb7302f4b","status":"success","startEpochMs":1787585867331,"endEpochMs":1787585868043,"latencyMs":712}
2026.08.24-21:07:49.336[32m info [39m [caliper] [default-observer] 	[query-count-3 Round 3 Transaction Info] - Submitted: 40 Succ: 40 Fail:0 Unfinished:0
CALIPER_TX_LATENCY {"workerIndex":0,"roundIndex":3,"roundLabel":"query-count-3","transactionId":"791cd62a8f9a1a9d1fcfb4b0bef656bbaf5fc00085eecedbcb8efceee0807b51","status":"success","startEpochMs":1787585869335,"endEpochMs":1787585870064,"latencyMs":729}
CALIPER_TX_LATENCY {"workerIndex":1,"roundIndex":3,"roundLabel":"query-count-3","transactionId":"d9410ca6d736aa19808e0a731c4445169cf1fa264905a21d7251a26d03d671fb","status":"success","startEpochMs":1787585869335,"endEpochMs":1787585870064,"latencyMs":729}
CALIPER_TX_LATENCY {"workerIndex":1,"roundIndex":3,"roundLabel":"query-count-3","transactionId":"4d32df3f57780415cf494ad8508542b03dda09067e2d0c3abc992668b66b33ae","status":"success","startEpochMs":1787585871333,"endEpochMs":1787585872065,"latencyMs":732}
CALIPER_TX_LATENCY {"workerIndex":0,"roundIndex":3,"roundLabel":"query-count-3","transactionId":"341911050bda91497fa0b4a09979b76d57b301013d7227bbfb11ca251d72ed82","status":"success","startEpochMs":1787585871334,"endEpochMs":1787585872065,"latencyMs":731}
CALIPER_TX_LATENCY {"workerIndex":0,"roundIndex":3,"roundLabel":"query-count-3","transactionId":"15c5fa0904fff483dc1c8f9e687adf5ea124239aa5082697df5c22efc49731a5","status":"success","startEpochMs":1787585873335,"endEpochMs":1787585874052,"latencyMs":717}
CALIPER_TX_LATENCY {"workerIndex":1,"roundIndex":3,"roundLabel":"query-count-3","transactionId":"bb092c4fca2b925aadbaa56a7737f9e2b8a9e01f6a65287e713febcd777d3349","status":"success","startEpochMs":1787585873335,"endEpochMs":1787585874052,"latencyMs":717}
2026.08.24-21:07:54.338[32m info [39m [caliper] [default-observer] 	[query-count-3 Round 3 Transaction Info] - Submitted: 46 Succ: 44 Fail:0 Unfinished:2
CALIPER_TX_LATENCY {"workerIndex":1,"roundIndex":3,"roundLabel":"query-count-3","transactionId":"a115e69a730197ed2ee807b9b0a77285cbdf6f25b454bae52182b8e374639014","status":"success","startEpochMs":1787585875333,"endEpochMs":1787585876045,"latencyMs":712}
CALIPER_TX_LATENCY {"workerIndex":0,"roundIndex":3,"roundLabel":"query-count-3","transactionId":"6d138567e8ef89305f140960bd881fc64f2cca182285d6c8aa8696b2b093c61b","status":"success","startEpochMs":1787585875333,"endEpochMs":1787585876045,"latencyMs":712}
2026.08.24-21:07:57.143[32m info [39m [caliper] [connectors/peer-gateway/PeerGateway] 	disconnecting gateway for user io.krishnan
2026.08.24-21:07:57.144[32m info [39m [caliper] [connectors/peer-gateway/PeerGateway] 	disconnecting gateway for user insp.rathore
2026.08.24-21:07:57.144[32m info [39m [caliper] [connectors/peer-gateway/PeerGateway] 	disconnecting gateway for user insp.singh
2026.08.24-21:07:57.144[32m info [39m [caliper] [connectors/peer-gateway/PeerGateway] 	disconnecting gateway for user const.verma
2026.08.24-21:07:57.144[32m info [39m [caliper] [connectors/peer-gateway/PeerGateway] 	disconnecting gateway for user insp.sharma
2026.08.24-21:07:57.144[32m info [39m [caliper] [connectors/peer-gateway/PeerGateway] 	disconnecting gateway for user _AuditMSP_aud.qureshi
2026.08.24-21:07:57.145[32m info [39m [caliper] [connectors/peer-gateway/PeerGateway] 	disconnecting gRpc client at peer PoliceMSP_localhost:7051
2026.08.24-21:07:57.145[32m info [39m [caliper] [connectors/peer-gateway/PeerGateway] 	disconnecting gRpc client at peer AuditMSP_localhost:11051
2026.08.24-21:07:57.145[32m info [39m [caliper] [worker-message-handler] 	Worker#0 finished Round#3
2026.08.24-21:07:57.146[32m info [39m [caliper] [connectors/peer-gateway/PeerGateway] 	disconnecting gateway for user io.krishnan
2026.08.24-21:07:57.146[32m info [39m [caliper] [connectors/peer-gateway/PeerGateway] 	disconnecting gateway for user insp.rathore
2026.08.24-21:07:57.146[32m info [39m [caliper] [connectors/peer-gateway/PeerGateway] 	disconnecting gateway for user insp.singh
2026.08.24-21:07:57.146[32m info [39m [caliper] [connectors/peer-gateway/PeerGateway] 	disconnecting gateway for user const.verma
2026.08.24-21:07:57.146[32m info [39m [caliper] [connectors/peer-gateway/PeerGateway] 	disconnecting gateway for user insp.sharma
2026.08.24-21:07:57.146[32m info [39m [caliper] [connectors/peer-gateway/PeerGateway] 	disconnecting gateway for user _AuditMSP_aud.qureshi
2026.08.24-21:07:57.146[32m info [39m [caliper] [connectors/peer-gateway/PeerGateway] 	disconnecting gRpc client at peer PoliceMSP_localhost:7051
2026.08.24-21:07:57.146[32m info [39m [caliper] [connectors/peer-gateway/PeerGateway] 	disconnecting gRpc client at peer AuditMSP_localhost:11051
2026.08.24-21:07:57.146[32m info [39m [caliper] [worker-message-handler] 	Worker#1 finished Round#3
2026.08.24-21:08:02.150[32m info [39m [caliper] [default-observer] 	Resetting txCount indicator count
2026.08.24-21:08:02.151[32m info [39m [caliper] [report-builder] 	### Test result ###
2026.08.24-21:08:02.151[32m info [39m [caliper] [report-builder] 	
+---------------+------+------+-----------------+-----------------+-----------------+-----------------+------------------+
| Name          | Succ | Fail | Send Rate (TPS) | Max Latency (s) | Min Latency (s) | Avg Latency (s) | Throughput (TPS) |
|---------------|------|------|-----------------|-----------------|-----------------|-----------------|------------------|
| query-count-3 | 48   | 0    | 1.0             | 0.75            | 0.70            | 0.72            | 1.0              |
+---------------+------+------+-----------------+-----------------+-----------------+-----------------+------------------+

2026.08.24-21:08:02.170[32m info [39m [caliper] [report-builder] 	### prometheus resource stats ###'
2026.08.24-21:08:02.171[32m info [39m [caliper] [report-builder] 	
+--------------------------------------------------+-------------------------------------------------------------------------------------------------------------------------------------------------------------------------------------------------------------------------------------------------------------------------------------------------+------------------------------------+-------+
| Metric                                           | Prometheus Query                                                                                                                                                                                                                                                                                | Name                               | Value |
|--------------------------------------------------|-------------------------------------------------------------------------------------------------------------------------------------------------------------------------------------------------------------------------------------------------------------------------------------------------|------------------------------------|-------|
| Process resident memory (MiB, max)               | process_resident_memory_bytes{job=~"fabric-.*"}                                                                                                                                                                                                                                                 | orderer.example.com:9443           | 61.5  |
|--------------------------------------------------|-------------------------------------------------------------------------------------------------------------------------------------------------------------------------------------------------------------------------------------------------------------------------------------------------|------------------------------------|-------|
|                                                  |                                                                                                                                                                                                                                                                                                 | peer0.audit.example.com:9448       | 130   |
|--------------------------------------------------|-------------------------------------------------------------------------------------------------------------------------------------------------------------------------------------------------------------------------------------------------------------------------------------------------|------------------------------------|-------|
|                                                  |                                                                                                                                                                                                                                                                                                 | peer0.court.example.com:9447       | 130   |
|--------------------------------------------------|-------------------------------------------------------------------------------------------------------------------------------------------------------------------------------------------------------------------------------------------------------------------------------------------------|------------------------------------|-------|
|                                                  |                                                                                                                                                                                                                                                                                                 | peer0.forensics.example.com:9445   | 132   |
|--------------------------------------------------|-------------------------------------------------------------------------------------------------------------------------------------------------------------------------------------------------------------------------------------------------------------------------------------------------|------------------------------------|-------|
|                                                  |                                                                                                                                                                                                                                                                                                 | peer0.police.example.com:9444      | 139   |
|--------------------------------------------------|-------------------------------------------------------------------------------------------------------------------------------------------------------------------------------------------------------------------------------------------------------------------------------------------------|------------------------------------|-------|
|                                                  |                                                                                                                                                                                                                                                                                                 | peer0.prosecution.example.com:9446 | 126   |
|--------------------------------------------------|-------------------------------------------------------------------------------------------------------------------------------------------------------------------------------------------------------------------------------------------------------------------------------------------------|------------------------------------|-------|
| Process CPU rate (percent, max)                  | rate(process_cpu_seconds_total{job=~"fabric-.*"}[1m])                                                                                                                                                                                                                                           | orderer.example.com:9443           | 0.182 |
|--------------------------------------------------|-------------------------------------------------------------------------------------------------------------------------------------------------------------------------------------------------------------------------------------------------------------------------------------------------|------------------------------------|-------|
|                                                  |                                                                                                                                                                                                                                                                                                 | peer0.audit.example.com:9448       | 1.93  |
|--------------------------------------------------|-------------------------------------------------------------------------------------------------------------------------------------------------------------------------------------------------------------------------------------------------------------------------------------------------|------------------------------------|-------|
|                                                  |                                                                                                                                                                                                                                                                                                 | peer0.court.example.com:9447       | 1.95  |
|--------------------------------------------------|-------------------------------------------------------------------------------------------------------------------------------------------------------------------------------------------------------------------------------------------------------------------------------------------------|------------------------------------|-------|
|                                                  |                                                                                                                                                                                                                                                                                                 | peer0.forensics.example.com:9445   | 2.07  |
|--------------------------------------------------|-------------------------------------------------------------------------------------------------------------------------------------------------------------------------------------------------------------------------------------------------------------------------------------------------|------------------------------------|-------|
|                                                  |                                                                                                                                                                                                                                                                                                 | peer0.police.example.com:9444      | 2.49  |
|--------------------------------------------------|-------------------------------------------------------------------------------------------------------------------------------------------------------------------------------------------------------------------------------------------------------------------------------------------------|------------------------------------|-------|
|                                                  |                                                                                                                                                                                                                                                                                                 | peer0.prosecution.example.com:9446 | 1.91  |
|--------------------------------------------------|-------------------------------------------------------------------------------------------------------------------------------------------------------------------------------------------------------------------------------------------------------------------------------------------------|------------------------------------|-------|
| Crimerecords endorsement duration (seconds, avg) | sum by (instance) (rate(endorser_proposal_duration_sum{job=~"fabric-.*",channel="crimechannel",chaincode="crimerecords",success="true"}[1m])) / sum by (instance) (rate(endorser_proposal_duration_count{job=~"fabric-.*",channel="crimechannel",chaincode="crimerecords",success="true"}[1m])) | peer0.audit.example.com:9448       | NaN   |
|--------------------------------------------------|-------------------------------------------------------------------------------------------------------------------------------------------------------------------------------------------------------------------------------------------------------------------------------------------------|------------------------------------|-------|
|                                                  |                                                                                                                                                                                                                                                                                                 | peer0.court.example.com:9447       | NaN   |
|--------------------------------------------------|-------------------------------------------------------------------------------------------------------------------------------------------------------------------------------------------------------------------------------------------------------------------------------------------------|------------------------------------|-------|
|                                                  |                                                                                                                                                                                                                                                                                                 | peer0.forensics.example.com:9445   | NaN   |
|--------------------------------------------------|-------------------------------------------------------------------------------------------------------------------------------------------------------------------------------------------------------------------------------------------------------------------------------------------------|------------------------------------|-------|
|                                                  |                                                                                                                                                                                                                                                                                                 | peer0.police.example.com:9444      | 0.721 |
|--------------------------------------------------|-------------------------------------------------------------------------------------------------------------------------------------------------------------------------------------------------------------------------------------------------------------------------------------------------|------------------------------------|-------|
|                                                  |                                                                                                                                                                                                                                                                                                 | peer0.prosecution.example.com:9446 | NaN   |
|--------------------------------------------------|-------------------------------------------------------------------------------------------------------------------------------------------------------------------------------------------------------------------------------------------------------------------------------------------------|------------------------------------|-------|
| Ledger height (blocks, max)                      | ledger_blockchain_height{job=~"fabric-.*",channel="crimechannel"}                                                                                                                                                                                                                               | orderer.example.com:9443           | 583   |
|--------------------------------------------------|-------------------------------------------------------------------------------------------------------------------------------------------------------------------------------------------------------------------------------------------------------------------------------------------------|------------------------------------|-------|
|                                                  |                                                                                                                                                                                                                                                                                                 | peer0.audit.example.com:9448       | 583   |
|--------------------------------------------------|-------------------------------------------------------------------------------------------------------------------------------------------------------------------------------------------------------------------------------------------------------------------------------------------------|------------------------------------|-------|
|                                                  |                                                                                                                                                                                                                                                                                                 | peer0.court.example.com:9447       | 583   |
|--------------------------------------------------|-------------------------------------------------------------------------------------------------------------------------------------------------------------------------------------------------------------------------------------------------------------------------------------------------|------------------------------------|-------|
|                                                  |                                                                                                                                                                                                                                                                                                 | peer0.forensics.example.com:9445   | 583   |
|--------------------------------------------------|-------------------------------------------------------------------------------------------------------------------------------------------------------------------------------------------------------------------------------------------------------------------------------------------------|------------------------------------|-------|
|                                                  |                                                                                                                                                                                                                                                                                                 | peer0.police.example.com:9444      | 583   |
|--------------------------------------------------|-------------------------------------------------------------------------------------------------------------------------------------------------------------------------------------------------------------------------------------------------------------------------------------------------|------------------------------------|-------|
|                                                  |                                                                                                                                                                                                                                                                                                 | peer0.prosecution.example.com:9446 | 583   |
+--------------------------------------------------+-------------------------------------------------------------------------------------------------------------------------------------------------------------------------------------------------------------------------------------------------------------------------------------------------+------------------------------------+-------+

2026.08.24-21:08:02.171[32m info [39m [caliper] [round-orchestrator] 	Finished round 4 (query-count-3) in 46.812 seconds
2026.08.24-21:08:02.171[32m info [39m [caliper] [monitor.js] 	Stopping all monitors
2026.08.24-21:08:02.171[32m info [39m [caliper] [report-builder] 	### All test results ###
2026.08.24-21:08:02.172[32m info [39m [caliper] [report-builder] 	
+--------------------+------+------+-----------------+-----------------+-----------------+-----------------+------------------+
| Name               | Succ | Fail | Send Rate (TPS) | Max Latency (s) | Min Latency (s) | Avg Latency (s) | Throughput (TPS) |
|--------------------|------|------|-----------------|-----------------|-----------------|-----------------|------------------|
| query-count-warmup | 22   | 0    | 2.2             | 1.71            | 0.69            | 0.94            | 2.1              |
|--------------------|------|------|-----------------|-----------------|-----------------|-----------------|------------------|
| query-count-1      | 48   | 0    | 1.0             | 0.74            | 0.69            | 0.72            | 1.0              |
|--------------------|------|------|-----------------|-----------------|-----------------|-----------------|------------------|
| query-count-2      | 48   | 0    | 1.0             | 0.77            | 0.68            | 0.73            | 1.0              |
|--------------------|------|------|-----------------|-----------------|-----------------|-----------------|------------------|
| query-count-3      | 48   | 0    | 1.0             | 0.75            | 0.70            | 0.72            | 1.0              |
+--------------------+------+------+-----------------+-----------------+-----------------+-----------------+------------------+

2026.08.24-21:08:02.177[32m info [39m [caliper] [report-builder] 	Generated report with path /Users/venkatrayudu/Workspace/XAI workspace/crime-records-network/experiments/runs/2026-08-24T15-34-51-409Z_caliper_latency-query-count/caliper-report.html
2026.08.24-21:08:02.177[32m info [39m [caliper] [monitor.js] 	Stopping all monitors
2026.08.24-21:08:02.177[32m info [39m [caliper] [worker-orchestrator] 	Sending exit message to connected workers
2026.08.24-21:08:02.178[32m info [39m [caliper] [round-orchestrator] 	Benchmark finished in 190.412 seconds. Total rounds: 4. Successful rounds: 4. Failed rounds: 0.
2026.08.24-21:08:02.178[32m info [39m [caliper] [caliper-engine] 	Skipping end command due to benchmark flow conditioning
2026.08.24-21:08:02.178[32m info [39m [caliper] [cli-launch-manager] 	Benchmark successfully finished!
2026.08.24-21:08:02.178[32m info [39m [caliper] [worker-message-handler] 	Worker#1 is exiting
2026.08.24-21:08:02.178[32m info [39m [caliper] [worker-message-handler] 	Worker#0 is exiting
