2026.08.24-14:57:26.592[32m info [39m [caliper] [cli-launch-manager] 	Set workspace path: /Users/venkatrayudu/Workspace/XAI workspace/crime-records-network/benchmarks/caliper
2026.08.24-14:57:26.592[32m info [39m [caliper] [cli-launch-manager] 	Set benchmark configuration path: /Users/venkatrayudu/Workspace/XAI workspace/crime-records-network/benchmarks/caliper/configs/increasing-load.yaml
2026.08.24-14:57:26.592[32m info [39m [caliper] [cli-launch-manager] 	Set network configuration path: /Users/venkatrayudu/Workspace/XAI workspace/crime-records-network/benchmarks/caliper/generated/network-config.json
2026.08.24-14:57:26.592[32m info [39m [caliper] [cli-launch-manager] 	Set SUT type: fabric
2026.08.24-14:57:26.601[32m info [39m [caliper] [benchmark-validator] 	No observer specified, will default to `none`
2026.08.24-14:57:26.601[32m info [39m [caliper] [caliper-engine] 	Starting benchmark flow
2026.08.24-14:57:26.601[32m info [39m [caliper] [caliper-engine] 	Skipping start commands due to benchmark flow conditioning
2026.08.24-14:57:26.601[32m info [39m [caliper] [caliper-engine] 	Skipping initialization phase due to benchmark flow conditioning
2026.08.24-14:57:26.602[32m info [39m [caliper] [caliper-engine] 	Skipping install smart contract phase due to benchmark flow conditioning
2026.08.24-14:57:26.648[32m info [39m [caliper] [FabricConnectorFactory] 	Initializing peer gateway connector compatible with installed fabric-gateway SDK: 1.7.1
2026.08.24-14:57:26.655[32m info [39m [caliper] [IdentityManager] 	Adding io.krishnan (admin=false) as io.krishnan for organization PoliceMSP
2026.08.24-14:57:26.656[32m info [39m [caliper] [IdentityManager] 	Adding insp.rathore (admin=false) as insp.rathore for organization PoliceMSP
2026.08.24-14:57:26.656[32m info [39m [caliper] [IdentityManager] 	Adding insp.singh (admin=false) as insp.singh for organization PoliceMSP
2026.08.24-14:57:26.656[32m info [39m [caliper] [IdentityManager] 	Adding const.verma (admin=false) as const.verma for organization PoliceMSP
2026.08.24-14:57:26.657[32m info [39m [caliper] [IdentityManager] 	Adding insp.sharma (admin=false) as insp.sharma for organization PoliceMSP
2026.08.24-14:57:26.657[32m info [39m [caliper] [IdentityManager] 	Adding aud.qureshi (admin=false) as _AuditMSP_aud.qureshi for organization AuditMSP
2026.08.24-14:57:26.658[32m info [39m [caliper] [monitor.js] 	Attempting to create resource monitor of type docker
2026.08.24-14:57:26.658[32m info [39m [caliper] [monitor.js] 	Attempting to create resource monitor of type prometheus
2026.08.24-14:57:26.659[32m info [39m [caliper] [default-observer] 	Observer interval set to 5000 milliseconds
2026.08.24-14:57:26.661[32m info [39m [caliper] [round-orchestrator] 	Preparing worker connections
2026.08.24-14:57:26.661[32m info [39m [caliper] [worker-orchestrator] 	Launching worker 1 of 4
2026.08.24-14:57:26.662[32m info [39m [caliper] [worker-orchestrator] 	Launching worker 2 of 4
2026.08.24-14:57:26.662[32m info [39m [caliper] [worker-orchestrator] 	Launching worker 3 of 4
2026.08.24-14:57:26.663[32m info [39m [caliper] [worker-orchestrator] 	Launching worker 4 of 4
2026.08.24-14:57:26.663[32m info [39m [caliper] [worker-orchestrator] 	Messenger not configured, entering configure phase...
2026.08.24-14:57:26.663[32m info [39m [caliper] [worker-orchestrator] 	No existing workers detected, entering worker launch phase...
2026.08.24-14:57:26.663[32m info [39m [caliper] [worker-orchestrator] 	Waiting for 4 workers to be connected...
2026.08.24-14:57:26.780[32m info [39m [caliper] [cli-launch-worker] 	Set workspace path: /Users/venkatrayudu/Workspace/XAI workspace/crime-records-network/benchmarks/caliper
2026.08.24-14:57:26.780[32m info [39m [caliper] [cli-launch-worker] 	Set benchmark configuration path: /Users/venkatrayudu/Workspace/XAI workspace/crime-records-network/benchmarks/caliper/configs/increasing-load.yaml
2026.08.24-14:57:26.780[32m info [39m [caliper] [cli-launch-worker] 	Set network configuration path: /Users/venkatrayudu/Workspace/XAI workspace/crime-records-network/benchmarks/caliper/generated/network-config.json
2026.08.24-14:57:26.780[32m info [39m [caliper] [cli-launch-worker] 	Set SUT type: fabric
2026.08.24-14:57:26.780[32m info [39m [caliper] [cli-launch-worker] 	Set workspace path: /Users/venkatrayudu/Workspace/XAI workspace/crime-records-network/benchmarks/caliper
2026.08.24-14:57:26.781[32m info [39m [caliper] [cli-launch-worker] 	Set benchmark configuration path: /Users/venkatrayudu/Workspace/XAI workspace/crime-records-network/benchmarks/caliper/configs/increasing-load.yaml
2026.08.24-14:57:26.781[32m info [39m [caliper] [cli-launch-worker] 	Set network configuration path: /Users/venkatrayudu/Workspace/XAI workspace/crime-records-network/benchmarks/caliper/generated/network-config.json
2026.08.24-14:57:26.781[32m info [39m [caliper] [cli-launch-worker] 	Set SUT type: fabric
2026.08.24-14:57:26.781[32m info [39m [caliper] [cli-launch-worker] 	Set workspace path: /Users/venkatrayudu/Workspace/XAI workspace/crime-records-network/benchmarks/caliper
2026.08.24-14:57:26.781[32m info [39m [caliper] [cli-launch-worker] 	Set benchmark configuration path: /Users/venkatrayudu/Workspace/XAI workspace/crime-records-network/benchmarks/caliper/configs/increasing-load.yaml
2026.08.24-14:57:26.781[32m info [39m [caliper] [cli-launch-worker] 	Set network configuration path: /Users/venkatrayudu/Workspace/XAI workspace/crime-records-network/benchmarks/caliper/generated/network-config.json
2026.08.24-14:57:26.781[32m info [39m [caliper] [cli-launch-worker] 	Set SUT type: fabric
2026.08.24-14:57:26.781[32m info [39m [caliper] [cli-launch-worker] 	Set workspace path: /Users/venkatrayudu/Workspace/XAI workspace/crime-records-network/benchmarks/caliper
2026.08.24-14:57:26.782[32m info [39m [caliper] [cli-launch-worker] 	Set benchmark configuration path: /Users/venkatrayudu/Workspace/XAI workspace/crime-records-network/benchmarks/caliper/configs/increasing-load.yaml
2026.08.24-14:57:26.782[32m info [39m [caliper] [cli-launch-worker] 	Set network configuration path: /Users/venkatrayudu/Workspace/XAI workspace/crime-records-network/benchmarks/caliper/generated/network-config.json
2026.08.24-14:57:26.782[32m info [39m [caliper] [cli-launch-worker] 	Set SUT type: fabric
2026.08.24-14:57:26.798[32m info [39m [caliper] [worker-orchestrator] 	4 workers connected, progressing to worker assignment phase.
2026.08.24-14:57:26.798[32m info [39m [caliper] [worker-orchestrator] 	Workers currently unassigned, awaiting index assignment...
2026.08.24-14:57:26.798[32m info [39m [caliper] [worker-orchestrator] 	Waiting for 4 workers to be assigned...
2026.08.24-14:57:26.801[32m info [39m [caliper] [worker-orchestrator] 	4 workers assigned, progressing to worker initialization phase.
2026.08.24-14:57:26.801[32m info [39m [caliper] [worker-orchestrator] 	Waiting for 4 workers to be ready...
2026.08.24-14:57:26.801[32m info [39m [caliper] [worker-message-handler] 	Initializing Worker#2...
2026.08.24-14:57:26.801[32m info [39m [caliper] [worker-message-handler] 	Initializing Worker#0...
2026.08.24-14:57:26.801[32m info [39m [caliper] [worker-message-handler] 	Initializing Worker#3...
2026.08.24-14:57:26.802[32m info [39m [caliper] [worker-message-handler] 	Initializing Worker#1...
2026.08.24-14:57:26.853[32m info [39m [caliper] [FabricConnectorFactory] 	Initializing peer gateway connector compatible with installed fabric-gateway SDK: 1.7.1
2026.08.24-14:57:26.853[32m info [39m [caliper] [FabricConnectorFactory] 	Initializing peer gateway connector compatible with installed fabric-gateway SDK: 1.7.1
2026.08.24-14:57:26.854[32m info [39m [caliper] [FabricConnectorFactory] 	Initializing peer gateway connector compatible with installed fabric-gateway SDK: 1.7.1
2026.08.24-14:57:26.854[32m info [39m [caliper] [FabricConnectorFactory] 	Initializing peer gateway connector compatible with installed fabric-gateway SDK: 1.7.1
2026.08.24-14:57:26.855[32m info [39m [caliper] [IdentityManager] 	Adding io.krishnan (admin=false) as io.krishnan for organization PoliceMSP
2026.08.24-14:57:26.856[32m info [39m [caliper] [IdentityManager] 	Adding io.krishnan (admin=false) as io.krishnan for organization PoliceMSP
2026.08.24-14:57:26.856[32m info [39m [caliper] [IdentityManager] 	Adding insp.rathore (admin=false) as insp.rathore for organization PoliceMSP
2026.08.24-14:57:26.856[32m info [39m [caliper] [IdentityManager] 	Adding io.krishnan (admin=false) as io.krishnan for organization PoliceMSP
2026.08.24-14:57:26.856[32m info [39m [caliper] [IdentityManager] 	Adding io.krishnan (admin=false) as io.krishnan for organization PoliceMSP
2026.08.24-14:57:26.856[32m info [39m [caliper] [IdentityManager] 	Adding insp.rathore (admin=false) as insp.rathore for organization PoliceMSP
2026.08.24-14:57:26.856[32m info [39m [caliper] [IdentityManager] 	Adding insp.rathore (admin=false) as insp.rathore for organization PoliceMSP
2026.08.24-14:57:26.856[32m info [39m [caliper] [IdentityManager] 	Adding insp.singh (admin=false) as insp.singh for organization PoliceMSP
2026.08.24-14:57:26.857[32m info [39m [caliper] [IdentityManager] 	Adding insp.rathore (admin=false) as insp.rathore for organization PoliceMSP
2026.08.24-14:57:26.857[32m info [39m [caliper] [IdentityManager] 	Adding insp.singh (admin=false) as insp.singh for organization PoliceMSP
2026.08.24-14:57:26.857[32m info [39m [caliper] [IdentityManager] 	Adding insp.singh (admin=false) as insp.singh for organization PoliceMSP
2026.08.24-14:57:26.857[32m info [39m [caliper] [IdentityManager] 	Adding const.verma (admin=false) as const.verma for organization PoliceMSP
2026.08.24-14:57:26.857[32m info [39m [caliper] [IdentityManager] 	Adding insp.singh (admin=false) as insp.singh for organization PoliceMSP
2026.08.24-14:57:26.857[32m info [39m [caliper] [IdentityManager] 	Adding const.verma (admin=false) as const.verma for organization PoliceMSP
2026.08.24-14:57:26.857[32m info [39m [caliper] [IdentityManager] 	Adding const.verma (admin=false) as const.verma for organization PoliceMSP
2026.08.24-14:57:26.858[32m info [39m [caliper] [IdentityManager] 	Adding insp.sharma (admin=false) as insp.sharma for organization PoliceMSP
2026.08.24-14:57:26.858[32m info [39m [caliper] [IdentityManager] 	Adding const.verma (admin=false) as const.verma for organization PoliceMSP
2026.08.24-14:57:26.858[32m info [39m [caliper] [IdentityManager] 	Adding insp.sharma (admin=false) as insp.sharma for organization PoliceMSP
2026.08.24-14:57:26.858[32m info [39m [caliper] [IdentityManager] 	Adding aud.qureshi (admin=false) as _AuditMSP_aud.qureshi for organization AuditMSP
2026.08.24-14:57:26.858[32m info [39m [caliper] [IdentityManager] 	Adding insp.sharma (admin=false) as insp.sharma for organization PoliceMSP
2026.08.24-14:57:26.858[32m info [39m [caliper] [IdentityManager] 	Adding insp.sharma (admin=false) as insp.sharma for organization PoliceMSP
2026.08.24-14:57:26.858[32m info [39m [caliper] [IdentityManager] 	Adding aud.qureshi (admin=false) as _AuditMSP_aud.qureshi for organization AuditMSP
2026.08.24-14:57:26.859[32m info [39m [caliper] [IdentityManager] 	Adding aud.qureshi (admin=false) as _AuditMSP_aud.qureshi for organization AuditMSP
2026.08.24-14:57:26.859[32m info [39m [caliper] [IdentityManager] 	Adding aud.qureshi (admin=false) as _AuditMSP_aud.qureshi for organization AuditMSP
2026.08.24-14:57:26.860[32m info [39m [caliper] [worker-message-handler] 	Worker#3 initialized
2026.08.24-14:57:26.860[32m info [39m [caliper] [worker-message-handler] 	Worker#0 initialized
2026.08.24-14:57:26.861[32m info [39m [caliper] [worker-message-handler] 	Worker#2 initialized
2026.08.24-14:57:26.861[32m info [39m [caliper] [worker-message-handler] 	Worker#1 initialized
2026.08.24-14:57:26.861[32m info [39m [caliper] [worker-orchestrator] 	4 workers ready, progressing to test preparation phase.
2026.08.24-14:57:26.861[32m info [39m [caliper] [round-orchestrator] 	Started round 1 (increasing-load-1-tps)
2026.08.24-14:57:26.861[32m info [39m [caliper] [worker-message-handler] 	Preparing Worker#0 for Round#0
2026.08.24-14:57:26.862[32m info [39m [caliper] [worker-message-handler] 	Preparing Worker#1 for Round#0
2026.08.24-14:57:26.862[32m info [39m [caliper] [worker-message-handler] 	Preparing Worker#2 for Round#0
2026.08.24-14:57:26.862[32m info [39m [caliper] [worker-message-handler] 	Preparing Worker#3 for Round#0
2026.08.24-14:57:26.871[32m info [39m [caliper] [connectors/peer-gateway/PeerGateway] 	Generating contract map for user io.krishnan
2026.08.24-14:57:26.871[32m info [39m [caliper] [connectors/peer-gateway/PeerGateway] 	Generating contract map for user insp.rathore
2026.08.24-14:57:26.871[32m info [39m [caliper] [connectors/peer-gateway/PeerGateway] 	Generating contract map for user io.krishnan
2026.08.24-14:57:26.871[32m info [39m [caliper] [connectors/peer-gateway/PeerGateway] 	Generating contract map for user io.krishnan
2026.08.24-14:57:26.871[32m info [39m [caliper] [connectors/peer-gateway/PeerGateway] 	Generating contract map for user io.krishnan
2026.08.24-14:57:26.871[32m info [39m [caliper] [connectors/peer-gateway/PeerGateway] 	Generating contract map for user insp.singh
2026.08.24-14:57:26.871[32m info [39m [caliper] [connectors/peer-gateway/PeerGateway] 	Generating contract map for user const.verma
2026.08.24-14:57:26.871[32m info [39m [caliper] [connectors/peer-gateway/PeerGateway] 	Generating contract map for user insp.rathore
2026.08.24-14:57:26.871[32m info [39m [caliper] [connectors/peer-gateway/PeerGateway] 	Generating contract map for user insp.rathore
2026.08.24-14:57:26.871[32m info [39m [caliper] [connectors/peer-gateway/PeerGateway] 	Generating contract map for user insp.rathore
2026.08.24-14:57:26.871[32m info [39m [caliper] [connectors/peer-gateway/PeerGateway] 	Generating contract map for user insp.sharma
2026.08.24-14:57:26.872[32m info [39m [caliper] [connectors/peer-gateway/PeerGateway] 	Generating contract map for user insp.singh
2026.08.24-14:57:26.872[32m info [39m [caliper] [connectors/peer-gateway/PeerGateway] 	Generating contract map for user insp.singh
2026.08.24-14:57:26.872[32m info [39m [caliper] [connectors/peer-gateway/PeerGateway] 	Generating contract map for user const.verma
2026.08.24-14:57:26.872[32m info [39m [caliper] [connectors/peer-gateway/PeerGateway] 	Generating contract map for user insp.singh
2026.08.24-14:57:26.872[32m info [39m [caliper] [connectors/peer-gateway/PeerGateway] 	Generating contract map for user const.verma
2026.08.24-14:57:26.872[32m info [39m [caliper] [connectors/peer-gateway/PeerGateway] 	Generating contract map for user const.verma
2026.08.24-14:57:26.872[32m info [39m [caliper] [connectors/peer-gateway/PeerGateway] 	Generating contract map for user insp.sharma
2026.08.24-14:57:26.872[32m info [39m [caliper] [connectors/peer-gateway/PeerGateway] 	Generating contract map for user insp.sharma
2026.08.24-14:57:26.872[32m info [39m [caliper] [connectors/peer-gateway/PeerGateway] 	Generating contract map for user insp.sharma
2026.08.24-14:57:26.874[32m info [39m [caliper] [connectors/peer-gateway/PeerGateway] 	Generating contract map for user _AuditMSP_aud.qureshi
2026.08.24-14:57:26.874[32m info [39m [caliper] [caliper-worker] 	Info: worker 1 prepare test phase for round 0 is starting...
2026.08.24-14:57:26.874[32m info [39m [caliper] [connectors/peer-gateway/PeerGateway] 	Generating contract map for user _AuditMSP_aud.qureshi
2026.08.24-14:57:26.874[32m info [39m [caliper] [caliper-worker] 	Info: worker 0 prepare test phase for round 0 is starting...
2026.08.24-14:57:26.874[32m info [39m [caliper] [connectors/peer-gateway/PeerGateway] 	Generating contract map for user _AuditMSP_aud.qureshi
2026.08.24-14:57:26.875[32m info [39m [caliper] [caliper-worker] 	Info: worker 2 prepare test phase for round 0 is starting...
2026.08.24-14:57:26.875[32m info [39m [caliper] [connectors/peer-gateway/PeerGateway] 	Generating contract map for user _AuditMSP_aud.qureshi
2026.08.24-14:57:26.875[32m info [39m [caliper] [caliper-worker] 	Info: worker 3 prepare test phase for round 0 is starting...
2026.08.24-14:57:26.876[32m info [39m [caliper] [connectors/peer-gateway/PeerGateway] 	disconnecting gateway for user io.krishnan
2026.08.24-14:57:26.876[32m info [39m [caliper] [connectors/peer-gateway/PeerGateway] 	disconnecting gateway for user insp.rathore
2026.08.24-14:57:26.876[32m info [39m [caliper] [connectors/peer-gateway/PeerGateway] 	disconnecting gateway for user insp.singh
2026.08.24-14:57:26.876[32m info [39m [caliper] [connectors/peer-gateway/PeerGateway] 	disconnecting gateway for user const.verma
2026.08.24-14:57:26.876[32m info [39m [caliper] [connectors/peer-gateway/PeerGateway] 	disconnecting gateway for user insp.sharma
2026.08.24-14:57:26.876[32m info [39m [caliper] [connectors/peer-gateway/PeerGateway] 	disconnecting gateway for user _AuditMSP_aud.qureshi
2026.08.24-14:57:26.876[32m info [39m [caliper] [connectors/peer-gateway/PeerGateway] 	disconnecting gRpc client at peer PoliceMSP_localhost:7051
2026.08.24-14:57:26.876[32m info [39m [caliper] [connectors/peer-gateway/PeerGateway] 	disconnecting gateway for user io.krishnan
2026.08.24-14:57:26.876[32m info [39m [caliper] [connectors/peer-gateway/PeerGateway] 	disconnecting gateway for user insp.rathore
2026.08.24-14:57:26.876[32m info [39m [caliper] [connectors/peer-gateway/PeerGateway] 	disconnecting gateway for user insp.singh
2026.08.24-14:57:26.876[32m info [39m [caliper] [connectors/peer-gateway/PeerGateway] 	disconnecting gateway for user const.verma
2026.08.24-14:57:26.876[32m info [39m [caliper] [connectors/peer-gateway/PeerGateway] 	disconnecting gateway for user io.krishnan
2026.08.24-14:57:26.876[32m info [39m [caliper] [connectors/peer-gateway/PeerGateway] 	disconnecting gateway for user insp.sharma
2026.08.24-14:57:26.876[32m info [39m [caliper] [connectors/peer-gateway/PeerGateway] 	disconnecting gateway for user _AuditMSP_aud.qureshi
2026.08.24-14:57:26.876[32m info [39m [caliper] [connectors/peer-gateway/PeerGateway] 	disconnecting gRpc client at peer PoliceMSP_localhost:7051
2026.08.24-14:57:26.876[32m info [39m [caliper] [connectors/peer-gateway/PeerGateway] 	disconnecting gateway for user insp.rathore
2026.08.24-14:57:26.876[32m info [39m [caliper] [connectors/peer-gateway/PeerGateway] 	disconnecting gateway for user io.krishnan
2026.08.24-14:57:26.876[32m info [39m [caliper] [connectors/peer-gateway/PeerGateway] 	disconnecting gateway for user insp.singh
2026.08.24-14:57:26.876[32m info [39m [caliper] [connectors/peer-gateway/PeerGateway] 	disconnecting gateway for user const.verma
2026.08.24-14:57:26.876[32m info [39m [caliper] [connectors/peer-gateway/PeerGateway] 	disconnecting gateway for user insp.rathore
2026.08.24-14:57:26.876[32m info [39m [caliper] [connectors/peer-gateway/PeerGateway] 	disconnecting gateway for user insp.sharma
2026.08.24-14:57:26.876[32m info [39m [caliper] [connectors/peer-gateway/PeerGateway] 	disconnecting gateway for user _AuditMSP_aud.qureshi
2026.08.24-14:57:26.876[32m info [39m [caliper] [connectors/peer-gateway/PeerGateway] 	disconnecting gRpc client at peer AuditMSP_localhost:11051
2026.08.24-14:57:26.876[32m info [39m [caliper] [connectors/peer-gateway/PeerGateway] 	disconnecting gateway for user insp.singh
2026.08.24-14:57:26.876[32m info [39m [caliper] [connectors/peer-gateway/PeerGateway] 	disconnecting gRpc client at peer PoliceMSP_localhost:7051
2026.08.24-14:57:26.876[32m info [39m [caliper] [connectors/peer-gateway/PeerGateway] 	disconnecting gRpc client at peer AuditMSP_localhost:11051
2026.08.24-14:57:26.876[32m info [39m [caliper] [connectors/peer-gateway/PeerGateway] 	disconnecting gateway for user const.verma
2026.08.24-14:57:26.876[32m info [39m [caliper] [connectors/peer-gateway/PeerGateway] 	disconnecting gateway for user insp.sharma
2026.08.24-14:57:26.876[32m info [39m [caliper] [connectors/peer-gateway/PeerGateway] 	disconnecting gateway for user _AuditMSP_aud.qureshi
2026.08.24-14:57:26.876[32m info [39m [caliper] [caliper-worker] 	Info: worker 0 prepare test phase for round 0 is completed
2026.08.24-14:57:26.876[32m info [39m [caliper] [connectors/peer-gateway/PeerGateway] 	disconnecting gRpc client at peer PoliceMSP_localhost:7051
2026.08.24-14:57:26.876[32m info [39m [caliper] [caliper-worker] 	Info: worker 1 prepare test phase for round 0 is completed
2026.08.24-14:57:26.876[32m info [39m [caliper] [worker-message-handler] 	Worker#0 prepared for Round#0
2026.08.24-14:57:26.876[32m info [39m [caliper] [worker-message-handler] 	Worker#1 prepared for Round#0
2026.08.24-14:57:26.876[32m info [39m [caliper] [connectors/peer-gateway/PeerGateway] 	disconnecting gRpc client at peer AuditMSP_localhost:11051
2026.08.24-14:57:26.876[32m info [39m [caliper] [caliper-worker] 	Info: worker 3 prepare test phase for round 0 is completed
2026.08.24-14:57:26.876[32m info [39m [caliper] [worker-message-handler] 	Worker#3 prepared for Round#0
2026.08.24-14:57:26.876[32m info [39m [caliper] [connectors/peer-gateway/PeerGateway] 	disconnecting gRpc client at peer AuditMSP_localhost:11051
2026.08.24-14:57:26.877[32m info [39m [caliper] [caliper-worker] 	Info: worker 2 prepare test phase for round 0 is completed
2026.08.24-14:57:26.877[32m info [39m [caliper] [worker-message-handler] 	Worker#2 prepared for Round#0
2026.08.24-14:57:26.877[32m info [39m [caliper] [worker-orchestrator] 	4 workers prepared, progressing to test phase.
2026.08.24-14:57:29.029[31m error[39m [caliper] [monitor-docker] 	Error reading monitor statistics: TypeError: Cannot read properties of null (reading 'length')
2026.08.24-14:57:29.029[32m info [39m [caliper] [round-orchestrator] 	Monitors successfully started
2026.08.24-14:57:29.032[32m info [39m [caliper] [worker-message-handler] 	Worker#1 is starting Round#0
2026.08.24-14:57:29.032[32m info [39m [caliper] [worker-message-handler] 	Worker#2 is starting Round#0
2026.08.24-14:57:29.032[32m info [39m [caliper] [worker-message-handler] 	Worker#3 is starting Round#0
2026.08.24-14:57:29.033[32m info [39m [caliper] [worker-message-handler] 	Worker#0 is starting Round#0
2026.08.24-14:57:29.036[32m info [39m [caliper] [connectors/peer-gateway/PeerGateway] 	Generating contract map for user io.krishnan
2026.08.24-14:57:29.036[32m info [39m [caliper] [connectors/peer-gateway/PeerGateway] 	Generating contract map for user io.krishnan
2026.08.24-14:57:29.036[32m info [39m [caliper] [connectors/peer-gateway/PeerGateway] 	Generating contract map for user io.krishnan
2026.08.24-14:57:29.036[32m info [39m [caliper] [connectors/peer-gateway/PeerGateway] 	Generating contract map for user insp.rathore
2026.08.24-14:57:29.036[32m info [39m [caliper] [connectors/peer-gateway/PeerGateway] 	Generating contract map for user insp.rathore
2026.08.24-14:57:29.036[32m info [39m [caliper] [connectors/peer-gateway/PeerGateway] 	Generating contract map for user insp.rathore
2026.08.24-14:57:29.037[32m info [39m [caliper] [connectors/peer-gateway/PeerGateway] 	Generating contract map for user insp.singh
2026.08.24-14:57:29.037[32m info [39m [caliper] [connectors/peer-gateway/PeerGateway] 	Generating contract map for user io.krishnan
2026.08.24-14:57:29.037[32m info [39m [caliper] [connectors/peer-gateway/PeerGateway] 	Generating contract map for user insp.singh
2026.08.24-14:57:29.037[32m info [39m [caliper] [connectors/peer-gateway/PeerGateway] 	Generating contract map for user insp.rathore
2026.08.24-14:57:29.037[32m info [39m [caliper] [connectors/peer-gateway/PeerGateway] 	Generating contract map for user insp.singh
2026.08.24-14:57:29.037[32m info [39m [caliper] [connectors/peer-gateway/PeerGateway] 	Generating contract map for user const.verma
2026.08.24-14:57:29.037[32m info [39m [caliper] [connectors/peer-gateway/PeerGateway] 	Generating contract map for user insp.sharma
2026.08.24-14:57:29.037[32m info [39m [caliper] [connectors/peer-gateway/PeerGateway] 	Generating contract map for user const.verma
2026.08.24-14:57:29.038[32m info [39m [caliper] [connectors/peer-gateway/PeerGateway] 	Generating contract map for user insp.singh
2026.08.24-14:57:29.038[32m info [39m [caliper] [connectors/peer-gateway/PeerGateway] 	Generating contract map for user const.verma
2026.08.24-14:57:29.038[32m info [39m [caliper] [connectors/peer-gateway/PeerGateway] 	Generating contract map for user insp.sharma
2026.08.24-14:57:29.038[32m info [39m [caliper] [connectors/peer-gateway/PeerGateway] 	Generating contract map for user insp.sharma
2026.08.24-14:57:29.038[32m info [39m [caliper] [connectors/peer-gateway/PeerGateway] 	Generating contract map for user const.verma
2026.08.24-14:57:29.038[32m info [39m [caliper] [connectors/peer-gateway/PeerGateway] 	Generating contract map for user insp.sharma
2026.08.24-14:57:29.039[32m info [39m [caliper] [connectors/peer-gateway/PeerGateway] 	Generating contract map for user _AuditMSP_aud.qureshi
2026.08.24-14:57:29.039[32m info [39m [caliper] [connectors/peer-gateway/PeerGateway] 	Generating contract map for user _AuditMSP_aud.qureshi
2026.08.24-14:57:29.040[32m info [39m [caliper] [connectors/peer-gateway/PeerGateway] 	Generating contract map for user _AuditMSP_aud.qureshi
2026.08.24-14:57:29.040[32m info [39m [caliper] [connectors/peer-gateway/PeerGateway] 	Generating contract map for user _AuditMSP_aud.qureshi
2026.08.24-14:57:29.040[32m info [39m [caliper] [caliper-worker] 	Worker #1 starting workload loop
2026.08.24-14:57:29.041[32m info [39m [caliper] [caliper-worker] 	Worker #2 starting workload loop
2026.08.24-14:57:29.041[32m info [39m [caliper] [caliper-worker] 	Worker #3 starting workload loop
2026.08.24-14:57:29.041[32m info [39m [caliper] [caliper-worker] 	Worker #0 starting workload loop
2026.08.24-14:57:31.891[32m info [39m [caliper] [default-observer] 	[increasing-load-1-tps Round 0 Transaction Info] - Submitted: 4 Succ: 0 Fail:0 Unfinished:4
2026.08.24-14:57:32.139[31m error[39m [caliper] [monitor-docker] 	Error reading monitor statistics: TypeError: Cannot read properties of null (reading 'length')
2026.08.24-14:57:34.219[31m error[39m [caliper] [monitor-docker] 	Error reading monitor statistics: TypeError: Cannot read properties of null (reading 'length')
2026.08.24-14:57:36.301[31m error[39m [caliper] [monitor-docker] 	Error reading monitor statistics: TypeError: Cannot read properties of null (reading 'length')
2026.08.24-14:57:36.880[32m info [39m [caliper] [default-observer] 	[increasing-load-1-tps Round 0 Transaction Info] - Submitted: 8 Succ: 8 Fail:0 Unfinished:0
2026.08.24-14:57:38.400[31m error[39m [caliper] [monitor-docker] 	Error reading monitor statistics: TypeError: Cannot read properties of null (reading 'length')
2026.08.24-14:57:40.496[31m error[39m [caliper] [monitor-docker] 	Error reading monitor statistics: TypeError: Cannot read properties of null (reading 'length')
2026.08.24-14:57:41.881[32m info [39m [caliper] [default-observer] 	[increasing-load-1-tps Round 0 Transaction Info] - Submitted: 16 Succ: 12 Fail:0 Unfinished:4
2026.08.24-14:57:42.595[31m error[39m [caliper] [monitor-docker] 	Error reading monitor statistics: TypeError: Cannot read properties of null (reading 'length')
2026.08.24-14:57:44.701[31m error[39m [caliper] [monitor-docker] 	Error reading monitor statistics: TypeError: Cannot read properties of null (reading 'length')
2026.08.24-14:57:46.818[31m error[39m [caliper] [monitor-docker] 	Error reading monitor statistics: TypeError: Cannot read properties of null (reading 'length')
2026.08.24-14:57:46.881[32m info [39m [caliper] [default-observer] 	[increasing-load-1-tps Round 0 Transaction Info] - Submitted: 20 Succ: 16 Fail:0 Unfinished:4
2026.08.24-14:57:48.915[31m error[39m [caliper] [monitor-docker] 	Error reading monitor statistics: TypeError: Cannot read properties of null (reading 'length')
2026.08.24-14:57:51.018[31m error[39m [caliper] [monitor-docker] 	Error reading monitor statistics: TypeError: Cannot read properties of null (reading 'length')
2026.08.24-14:57:51.882[32m info [39m [caliper] [default-observer] 	[increasing-load-1-tps Round 0 Transaction Info] - Submitted: 24 Succ: 20 Fail:0 Unfinished:4
2026.08.24-14:57:53.081[31m error[39m [caliper] [monitor-docker] 	Error reading monitor statistics: TypeError: Cannot read properties of null (reading 'length')
2026.08.24-14:57:55.145[31m error[39m [caliper] [monitor-docker] 	Error reading monitor statistics: TypeError: Cannot read properties of null (reading 'length')
2026.08.24-14:57:56.884[32m info [39m [caliper] [default-observer] 	[increasing-load-1-tps Round 0 Transaction Info] - Submitted: 28 Succ: 28 Fail:0 Unfinished:0
2026.08.24-14:57:57.212[31m error[39m [caliper] [monitor-docker] 	Error reading monitor statistics: TypeError: Cannot read properties of null (reading 'length')
2026.08.24-14:57:59.291[31m error[39m [caliper] [monitor-docker] 	Error reading monitor statistics: TypeError: Cannot read properties of null (reading 'length')
2026.08.24-14:58:01.387[31m error[39m [caliper] [monitor-docker] 	Error reading monitor statistics: TypeError: Cannot read properties of null (reading 'length')
2026.08.24-14:58:01.886[32m info [39m [caliper] [default-observer] 	[increasing-load-1-tps Round 0 Transaction Info] - Submitted: 36 Succ: 32 Fail:0 Unfinished:4
2026.08.24-14:58:03.480[31m error[39m [caliper] [monitor-docker] 	Error reading monitor statistics: TypeError: Cannot read properties of null (reading 'length')
2026.08.24-14:58:05.569[31m error[39m [caliper] [monitor-docker] 	Error reading monitor statistics: TypeError: Cannot read properties of null (reading 'length')
2026.08.24-14:58:06.885[32m info [39m [caliper] [default-observer] 	[increasing-load-1-tps Round 0 Transaction Info] - Submitted: 40 Succ: 36 Fail:0 Unfinished:4
2026.08.24-14:58:07.673[31m error[39m [caliper] [monitor-docker] 	Error reading monitor statistics: TypeError: Cannot read properties of null (reading 'length')
2026.08.24-14:58:09.769[31m error[39m [caliper] [monitor-docker] 	Error reading monitor statistics: TypeError: Cannot read properties of null (reading 'length')
2026.08.24-14:58:11.861[31m error[39m [caliper] [monitor-docker] 	Error reading monitor statistics: TypeError: Cannot read properties of null (reading 'length')
2026.08.24-14:58:11.887[32m info [39m [caliper] [default-observer] 	[increasing-load-1-tps Round 0 Transaction Info] - Submitted: 44 Succ: 40 Fail:0 Unfinished:4
2026.08.24-14:58:13.951[31m error[39m [caliper] [monitor-docker] 	Error reading monitor statistics: TypeError: Cannot read properties of null (reading 'length')
2026.08.24-14:58:16.058[31m error[39m [caliper] [monitor-docker] 	Error reading monitor statistics: TypeError: Cannot read properties of null (reading 'length')
2026.08.24-14:58:16.887[32m info [39m [caliper] [default-observer] 	[increasing-load-1-tps Round 0 Transaction Info] - Submitted: 48 Succ: 48 Fail:0 Unfinished:0
2026.08.24-14:58:18.152[31m error[39m [caliper] [monitor-docker] 	Error reading monitor statistics: TypeError: Cannot read properties of null (reading 'length')
2026.08.24-14:58:20.208[31m error[39m [caliper] [monitor-docker] 	Error reading monitor statistics: TypeError: Cannot read properties of null (reading 'length')
2026.08.24-14:58:21.888[32m info [39m [caliper] [default-observer] 	[increasing-load-1-tps Round 0 Transaction Info] - Submitted: 56 Succ: 52 Fail:0 Unfinished:4
2026.08.24-14:58:22.297[31m error[39m [caliper] [monitor-docker] 	Error reading monitor statistics: TypeError: Cannot read properties of null (reading 'length')
2026.08.24-14:58:24.387[31m error[39m [caliper] [monitor-docker] 	Error reading monitor statistics: TypeError: Cannot read properties of null (reading 'length')
2026.08.24-14:58:26.491[31m error[39m [caliper] [monitor-docker] 	Error reading monitor statistics: TypeError: Cannot read properties of null (reading 'length')
2026.08.24-14:58:26.887[32m info [39m [caliper] [default-observer] 	[increasing-load-1-tps Round 0 Transaction Info] - Submitted: 60 Succ: 56 Fail:0 Unfinished:4
2026.08.24-14:58:28.598[31m error[39m [caliper] [monitor-docker] 	Error reading monitor statistics: TypeError: Cannot read properties of null (reading 'length')
2026.08.24-14:58:30.698[31m error[39m [caliper] [monitor-docker] 	Error reading monitor statistics: TypeError: Cannot read properties of null (reading 'length')
2026.08.24-14:58:31.886[32m info [39m [caliper] [default-observer] 	[increasing-load-1-tps Round 0 Transaction Info] - Submitted: 64 Succ: 64 Fail:0 Unfinished:0
2026.08.24-14:58:32.168[32m info [39m [caliper] [connectors/peer-gateway/PeerGateway] 	disconnecting gateway for user io.krishnan
2026.08.24-14:58:32.168[32m info [39m [caliper] [connectors/peer-gateway/PeerGateway] 	disconnecting gateway for user insp.rathore
2026.08.24-14:58:32.168[32m info [39m [caliper] [connectors/peer-gateway/PeerGateway] 	disconnecting gateway for user insp.singh
2026.08.24-14:58:32.168[32m info [39m [caliper] [connectors/peer-gateway/PeerGateway] 	disconnecting gateway for user const.verma
2026.08.24-14:58:32.168[32m info [39m [caliper] [connectors/peer-gateway/PeerGateway] 	disconnecting gateway for user insp.sharma
2026.08.24-14:58:32.168[32m info [39m [caliper] [connectors/peer-gateway/PeerGateway] 	disconnecting gateway for user _AuditMSP_aud.qureshi
2026.08.24-14:58:32.168[32m info [39m [caliper] [connectors/peer-gateway/PeerGateway] 	disconnecting gRpc client at peer PoliceMSP_localhost:7051
2026.08.24-14:58:32.168[32m info [39m [caliper] [connectors/peer-gateway/PeerGateway] 	disconnecting gateway for user io.krishnan
2026.08.24-14:58:32.169[32m info [39m [caliper] [connectors/peer-gateway/PeerGateway] 	disconnecting gRpc client at peer AuditMSP_localhost:11051
2026.08.24-14:58:32.169[32m info [39m [caliper] [connectors/peer-gateway/PeerGateway] 	disconnecting gateway for user insp.rathore
2026.08.24-14:58:32.169[32m info [39m [caliper] [connectors/peer-gateway/PeerGateway] 	disconnecting gateway for user insp.singh
2026.08.24-14:58:32.169[32m info [39m [caliper] [worker-message-handler] 	Worker#0 finished Round#0
2026.08.24-14:58:32.169[32m info [39m [caliper] [connectors/peer-gateway/PeerGateway] 	disconnecting gateway for user const.verma
2026.08.24-14:58:32.169[32m info [39m [caliper] [connectors/peer-gateway/PeerGateway] 	disconnecting gateway for user insp.sharma
2026.08.24-14:58:32.169[32m info [39m [caliper] [connectors/peer-gateway/PeerGateway] 	disconnecting gateway for user _AuditMSP_aud.qureshi
2026.08.24-14:58:32.169[32m info [39m [caliper] [connectors/peer-gateway/PeerGateway] 	disconnecting gRpc client at peer PoliceMSP_localhost:7051
2026.08.24-14:58:32.169[32m info [39m [caliper] [connectors/peer-gateway/PeerGateway] 	disconnecting gRpc client at peer AuditMSP_localhost:11051
2026.08.24-14:58:32.169[32m info [39m [caliper] [worker-message-handler] 	Worker#3 finished Round#0
2026.08.24-14:58:32.169[32m info [39m [caliper] [connectors/peer-gateway/PeerGateway] 	disconnecting gateway for user io.krishnan
2026.08.24-14:58:32.169[32m info [39m [caliper] [connectors/peer-gateway/PeerGateway] 	disconnecting gateway for user insp.rathore
2026.08.24-14:58:32.169[32m info [39m [caliper] [connectors/peer-gateway/PeerGateway] 	disconnecting gateway for user insp.singh
2026.08.24-14:58:32.169[32m info [39m [caliper] [connectors/peer-gateway/PeerGateway] 	disconnecting gateway for user const.verma
2026.08.24-14:58:32.169[32m info [39m [caliper] [connectors/peer-gateway/PeerGateway] 	disconnecting gateway for user insp.sharma
2026.08.24-14:58:32.169[32m info [39m [caliper] [connectors/peer-gateway/PeerGateway] 	disconnecting gateway for user _AuditMSP_aud.qureshi
2026.08.24-14:58:32.170[32m info [39m [caliper] [connectors/peer-gateway/PeerGateway] 	disconnecting gRpc client at peer PoliceMSP_localhost:7051
2026.08.24-14:58:32.170[32m info [39m [caliper] [connectors/peer-gateway/PeerGateway] 	disconnecting gRpc client at peer AuditMSP_localhost:11051
2026.08.24-14:58:32.170[32m info [39m [caliper] [worker-message-handler] 	Worker#1 finished Round#0
2026.08.24-14:58:32.170[32m info [39m [caliper] [connectors/peer-gateway/PeerGateway] 	disconnecting gateway for user io.krishnan
2026.08.24-14:58:32.170[32m info [39m [caliper] [connectors/peer-gateway/PeerGateway] 	disconnecting gateway for user insp.rathore
2026.08.24-14:58:32.170[32m info [39m [caliper] [connectors/peer-gateway/PeerGateway] 	disconnecting gateway for user insp.singh
2026.08.24-14:58:32.170[32m info [39m [caliper] [connectors/peer-gateway/PeerGateway] 	disconnecting gateway for user const.verma
2026.08.24-14:58:32.170[32m info [39m [caliper] [connectors/peer-gateway/PeerGateway] 	disconnecting gateway for user insp.sharma
2026.08.24-14:58:32.170[32m info [39m [caliper] [connectors/peer-gateway/PeerGateway] 	disconnecting gateway for user _AuditMSP_aud.qureshi
2026.08.24-14:58:32.170[32m info [39m [caliper] [connectors/peer-gateway/PeerGateway] 	disconnecting gRpc client at peer PoliceMSP_localhost:7051
2026.08.24-14:58:32.171[32m info [39m [caliper] [connectors/peer-gateway/PeerGateway] 	disconnecting gRpc client at peer AuditMSP_localhost:11051
2026.08.24-14:58:32.171[32m info [39m [caliper] [worker-message-handler] 	Worker#2 finished Round#0
2026.08.24-14:58:32.772[31m error[39m [caliper] [monitor-docker] 	Error reading monitor statistics: TypeError: Cannot read properties of null (reading 'length')
2026.08.24-14:58:34.875[31m error[39m [caliper] [monitor-docker] 	Error reading monitor statistics: TypeError: Cannot read properties of null (reading 'length')
2026.08.24-14:58:36.957[31m error[39m [caliper] [monitor-docker] 	Error reading monitor statistics: TypeError: Cannot read properties of null (reading 'length')
2026.08.24-14:58:37.172[32m info [39m [caliper] [default-observer] 	Resetting txCount indicator count
2026.08.24-14:58:37.173[32m info [39m [caliper] [report-builder] 	### Test result ###
2026.08.24-14:58:37.177[32m info [39m [caliper] [report-builder] 	
+-----------------------+------+------+-----------------+-----------------+-----------------+-----------------+------------------+
| Name                  | Succ | Fail | Send Rate (TPS) | Max Latency (s) | Min Latency (s) | Avg Latency (s) | Throughput (TPS) |
|-----------------------|------|------|-----------------|-----------------|-----------------|-----------------|------------------|
| increasing-load-1-tps | 64   | 0    | 1.1             | 2.13            | 2.08            | 2.10            | 1.0              |
+-----------------------+------+------+-----------------+-----------------+-----------------+-----------------+------------------+

2026.08.24-14:58:37.181[32m info [39m [caliper] [report-builder] 	### docker resource stats ###'
2026.08.24-14:58:37.185[32m info [39m [caliper] [report-builder] 	
+----------------------------------------------------------------------------------------------------------------------+-----------+-----------+------------------+------------------+-----------------+------------------+-----------------+---------------+
| Name                                                                                                                 | CPU%(max) | CPU%(avg) | Memory(max) [MB] | Memory(avg) [MB] | Traffic In [MB] | Traffic Out [MB] | Disc Write [MB] | Disc Read [B] |
|----------------------------------------------------------------------------------------------------------------------|-----------|-----------|------------------|------------------|-----------------|------------------|-----------------|---------------|
| /caliper-prometheus                                                                                                  | 0.0225    | 0.008125  | 41.4             | 41.4             | 0.850           | 0.0553           | 0.668           | 0.00          |
|----------------------------------------------------------------------------------------------------------------------|-----------|-----------|------------------|------------------|-----------------|------------------|-----------------|---------------|
| /dev-peer0.forensics.example.com-crimerecords_2.3-97784f7fb69353014f85563171b6ed3e2b9c6a32f1c765c7e59f0979532de512   | 0.005625  | 0.000625  | 55.3             | 55.2             | 0.163           | 0.131            | 0.00            | 0.00          |
|----------------------------------------------------------------------------------------------------------------------|-----------|-----------|------------------|------------------|-----------------|------------------|-----------------|---------------|
| /dev-peer0.police.example.com-crimerecords_2.3-97784f7fb69353014f85563171b6ed3e2b9c6a32f1c765c7e59f0979532de512      | 0.01375   | 0.001875  | 61.4             | 60.5             | 0.369           | 0.297            | 0.00            | 0.00          |
|----------------------------------------------------------------------------------------------------------------------|-----------|-----------|------------------|------------------|-----------------|------------------|-----------------|---------------|
| /dev-peer0.prosecution.example.com-crimerecords_2.3-97784f7fb69353014f85563171b6ed3e2b9c6a32f1c765c7e59f0979532de512 | 0.019375  | 0.001875  | 56.5             | 56.3             | 0.216           | 0.174            | 0.00            | 0.00          |
|----------------------------------------------------------------------------------------------------------------------|-----------|-----------|------------------|------------------|-----------------|------------------|-----------------|---------------|
| /dev-peer0.audit.example.com-crimerecords_2.3-97784f7fb69353014f85563171b6ed3e2b9c6a32f1c765c7e59f0979532de512       | 0.005625  | 0.000625  | 55.7             | 55.6             | 0.180           | 0.145            | 0.00            | 0.00          |
|----------------------------------------------------------------------------------------------------------------------|-----------|-----------|------------------|------------------|-----------------|------------------|-----------------|---------------|
| /dev-peer0.court.example.com-crimerecords_2.3-97784f7fb69353014f85563171b6ed3e2b9c6a32f1c765c7e59f0979532de512       | 0.01125   | 0.00125   | 55.3             | 55.0             | 0.185           | 0.150            | 0.00            | 0.00          |
|----------------------------------------------------------------------------------------------------------------------|-----------|-----------|------------------|------------------|-----------------|------------------|-----------------|---------------|
| /peer0.audit.example.com                                                                                             | 0.0475    | 0.023125  | 98.6             | 98.3             | 1.23            | 1.02             | 0.879           | 0.00          |
|----------------------------------------------------------------------------------------------------------------------|-----------|-----------|------------------|------------------|-----------------|------------------|-----------------|---------------|
| /peer0.court.example.com                                                                                             | 0.044375  | 0.021875  | 98.9             | 98.3             | 1.24            | 1.03             | 0.879           | 0.00          |
|----------------------------------------------------------------------------------------------------------------------|-----------|-----------|------------------|------------------|-----------------|------------------|-----------------|---------------|
| /peer0.prosecution.example.com                                                                                       | 0.044375  | 0.023125  | 95.5             | 95.3             | 1.27            | 1.09             | 0.879           | 0.00          |
|----------------------------------------------------------------------------------------------------------------------|-----------|-----------|------------------|------------------|-----------------|------------------|-----------------|---------------|
| /peer0.police.example.com                                                                                            | 0.049375  | 0.02625   | 102              | 100              | 2.93            | 2.55             | 0.879           | 0.00          |
|----------------------------------------------------------------------------------------------------------------------|-----------|-----------|------------------|------------------|-----------------|------------------|-----------------|---------------|
| /peer0.forensics.example.com                                                                                         | 0.0475    | 0.0225    | 98.7             | 98.1             | 1.21            | 0.990            | 0.879           | 0.00          |
|----------------------------------------------------------------------------------------------------------------------|-----------|-----------|------------------|------------------|-----------------|------------------|-----------------|---------------|
| /couchdb-audit                                                                                                       | 0.03375   | 0.01125   | 68.5             | 68.2             | 0.159           | 0.0660           | 0.910           | 0.00          |
|----------------------------------------------------------------------------------------------------------------------|-----------|-----------|------------------|------------------|-----------------|------------------|-----------------|---------------|
| /couchdb-court                                                                                                       | 0.028125  | 0.01      | 70.6             | 70.6             | 0.159           | 0.0660           | 0.910           | 0.00          |
|----------------------------------------------------------------------------------------------------------------------|-----------|-----------|------------------|------------------|-----------------|------------------|-----------------|---------------|
| /couchdb-prosecution                                                                                                 | 0.03125   | 0.01125   | 69.1             | 68.7             | 0.159           | 0.0662           | 0.910           | 0.00          |
|----------------------------------------------------------------------------------------------------------------------|-----------|-----------|------------------|------------------|-----------------|------------------|-----------------|---------------|
| /couchdb-forensics                                                                                                   | 0.030625  | 0.01125   | 71.1             | 70.9             | 0.159           | 0.0661           | 0.910           | 0.00          |
|----------------------------------------------------------------------------------------------------------------------|-----------|-----------|------------------|------------------|-----------------|------------------|-----------------|---------------|
| /couchdb-police                                                                                                      | 0.02875   | 0.010625  | 72.5             | 72.5             | 0.159           | 0.0660           | 0.910           | 0.00          |
|----------------------------------------------------------------------------------------------------------------------|-----------|-----------|------------------|------------------|-----------------|------------------|-----------------|---------------|
| /orderer.example.com                                                                                                 | 0.00875   | 0.003125  | 57.7             | 57.0             | 0.661           | 3.15             | 1.38            | 0.00          |
|----------------------------------------------------------------------------------------------------------------------|-----------|-----------|------------------|------------------|-----------------|------------------|-----------------|---------------|
| /ca_police                                                                                                           | 0.001875  | 0         | 9.37             | 9.37             | 0.00            | 0.00             | -               | -             |
|----------------------------------------------------------------------------------------------------------------------|-----------|-----------|------------------|------------------|-----------------|------------------|-----------------|---------------|
| /ca_forensics                                                                                                        | NaN       | NaN       | -                | -                | -               | -                | -               | -             |
|----------------------------------------------------------------------------------------------------------------------|-----------|-----------|------------------|------------------|-----------------|------------------|-----------------|---------------|
| /ca_orderer                                                                                                          | NaN       | NaN       | -                | -                | -               | -                | -               | -             |
|----------------------------------------------------------------------------------------------------------------------|-----------|-----------|------------------|------------------|-----------------|------------------|-----------------|---------------|
| /ca_court                                                                                                            | NaN       | NaN       | -                | -                | -               | -                | -               | -             |
|----------------------------------------------------------------------------------------------------------------------|-----------|-----------|------------------|------------------|-----------------|------------------|-----------------|---------------|
| /ca_audit                                                                                                            | NaN       | NaN       | -                | -                | -               | -                | -               | -             |
|----------------------------------------------------------------------------------------------------------------------|-----------|-----------|------------------|------------------|-----------------|------------------|-----------------|---------------|
| /ca_prosecution                                                                                                      | NaN       | NaN       | -                | -                | -               | -                | -               | -             |
+----------------------------------------------------------------------------------------------------------------------+-----------+-----------+------------------+------------------+-----------------+------------------+-----------------+---------------+

2026.08.24-14:58:37.200[32m info [39m [caliper] [report-builder] 	### prometheus resource stats ###'
2026.08.24-14:58:37.201[32m info [39m [caliper] [report-builder] 	
+--------------------------------------------------+-------------------------------------------------------------------------------------------------------------------------------------------------------------------------------------------------------------------------------------------------------------------------------------------------+------------------------------------+--------+
| Metric                                           | Prometheus Query                                                                                                                                                                                                                                                                                | Name                               | Value  |
|--------------------------------------------------|-------------------------------------------------------------------------------------------------------------------------------------------------------------------------------------------------------------------------------------------------------------------------------------------------|------------------------------------|--------|
| Process resident memory (MiB, max)               | process_resident_memory_bytes{job=~"fabric-.*"}                                                                                                                                                                                                                                                 | orderer.example.com:9443           | 78.0   |
|--------------------------------------------------|-------------------------------------------------------------------------------------------------------------------------------------------------------------------------------------------------------------------------------------------------------------------------------------------------|------------------------------------|--------|
|                                                  |                                                                                                                                                                                                                                                                                                 | peer0.audit.example.com:9448       | 130    |
|--------------------------------------------------|-------------------------------------------------------------------------------------------------------------------------------------------------------------------------------------------------------------------------------------------------------------------------------------------------|------------------------------------|--------|
|                                                  |                                                                                                                                                                                                                                                                                                 | peer0.court.example.com:9447       | 130    |
|--------------------------------------------------|-------------------------------------------------------------------------------------------------------------------------------------------------------------------------------------------------------------------------------------------------------------------------------------------------|------------------------------------|--------|
|                                                  |                                                                                                                                                                                                                                                                                                 | peer0.forensics.example.com:9445   | 130    |
|--------------------------------------------------|-------------------------------------------------------------------------------------------------------------------------------------------------------------------------------------------------------------------------------------------------------------------------------------------------|------------------------------------|--------|
|                                                  |                                                                                                                                                                                                                                                                                                 | peer0.police.example.com:9444      | 133    |
|--------------------------------------------------|-------------------------------------------------------------------------------------------------------------------------------------------------------------------------------------------------------------------------------------------------------------------------------------------------|------------------------------------|--------|
|                                                  |                                                                                                                                                                                                                                                                                                 | peer0.prosecution.example.com:9446 | 126    |
|--------------------------------------------------|-------------------------------------------------------------------------------------------------------------------------------------------------------------------------------------------------------------------------------------------------------------------------------------------------|------------------------------------|--------|
| Process CPU rate (percent, max)                  | rate(process_cpu_seconds_total{job=~"fabric-.*"}[1m])                                                                                                                                                                                                                                           | orderer.example.com:9443           | 0.909  |
|--------------------------------------------------|-------------------------------------------------------------------------------------------------------------------------------------------------------------------------------------------------------------------------------------------------------------------------------------------------|------------------------------------|--------|
|                                                  |                                                                                                                                                                                                                                                                                                 | peer0.audit.example.com:9448       | 4.31   |
|--------------------------------------------------|-------------------------------------------------------------------------------------------------------------------------------------------------------------------------------------------------------------------------------------------------------------------------------------------------|------------------------------------|--------|
|                                                  |                                                                                                                                                                                                                                                                                                 | peer0.court.example.com:9447       | 4.18   |
|--------------------------------------------------|-------------------------------------------------------------------------------------------------------------------------------------------------------------------------------------------------------------------------------------------------------------------------------------------------|------------------------------------|--------|
|                                                  |                                                                                                                                                                                                                                                                                                 | peer0.forensics.example.com:9445   | 4.31   |
|--------------------------------------------------|-------------------------------------------------------------------------------------------------------------------------------------------------------------------------------------------------------------------------------------------------------------------------------------------------|------------------------------------|--------|
|                                                  |                                                                                                                                                                                                                                                                                                 | peer0.police.example.com:9444      | 6.45   |
|--------------------------------------------------|-------------------------------------------------------------------------------------------------------------------------------------------------------------------------------------------------------------------------------------------------------------------------------------------------|------------------------------------|--------|
|                                                  |                                                                                                                                                                                                                                                                                                 | peer0.prosecution.example.com:9446 | 4.16   |
|--------------------------------------------------|-------------------------------------------------------------------------------------------------------------------------------------------------------------------------------------------------------------------------------------------------------------------------------------------------|------------------------------------|--------|
| Crimerecords endorsement duration (seconds, avg) | sum by (instance) (rate(endorser_proposal_duration_sum{job=~"fabric-.*",channel="crimechannel",chaincode="crimerecords",success="true"}[1m])) / sum by (instance) (rate(endorser_proposal_duration_count{job=~"fabric-.*",channel="crimechannel",chaincode="crimerecords",success="true"}[1m])) | peer0.audit.example.com:9448       | 0.0121 |
|--------------------------------------------------|-------------------------------------------------------------------------------------------------------------------------------------------------------------------------------------------------------------------------------------------------------------------------------------------------|------------------------------------|--------|
|                                                  |                                                                                                                                                                                                                                                                                                 | peer0.court.example.com:9447       | 0.0133 |
|--------------------------------------------------|-------------------------------------------------------------------------------------------------------------------------------------------------------------------------------------------------------------------------------------------------------------------------------------------------|------------------------------------|--------|
|                                                  |                                                                                                                                                                                                                                                                                                 | peer0.forensics.example.com:9445   | 0.0124 |
|--------------------------------------------------|-------------------------------------------------------------------------------------------------------------------------------------------------------------------------------------------------------------------------------------------------------------------------------------------------|------------------------------------|--------|
|                                                  |                                                                                                                                                                                                                                                                                                 | peer0.police.example.com:9444      | 0.0162 |
|--------------------------------------------------|-------------------------------------------------------------------------------------------------------------------------------------------------------------------------------------------------------------------------------------------------------------------------------------------------|------------------------------------|--------|
|                                                  |                                                                                                                                                                                                                                                                                                 | peer0.prosecution.example.com:9446 | 0.0125 |
|--------------------------------------------------|-------------------------------------------------------------------------------------------------------------------------------------------------------------------------------------------------------------------------------------------------------------------------------------------------|------------------------------------|--------|
| Ledger height (blocks, max)                      | ledger_blockchain_height{job=~"fabric-.*",channel="crimechannel"}                                                                                                                                                                                                                               | orderer.example.com:9443           | 123    |
|--------------------------------------------------|-------------------------------------------------------------------------------------------------------------------------------------------------------------------------------------------------------------------------------------------------------------------------------------------------|------------------------------------|--------|
|                                                  |                                                                                                                                                                                                                                                                                                 | peer0.audit.example.com:9448       | 123    |
|--------------------------------------------------|-------------------------------------------------------------------------------------------------------------------------------------------------------------------------------------------------------------------------------------------------------------------------------------------------|------------------------------------|--------|
|                                                  |                                                                                                                                                                                                                                                                                                 | peer0.court.example.com:9447       | 123    |
|--------------------------------------------------|-------------------------------------------------------------------------------------------------------------------------------------------------------------------------------------------------------------------------------------------------------------------------------------------------|------------------------------------|--------|
|                                                  |                                                                                                                                                                                                                                                                                                 | peer0.forensics.example.com:9445   | 123    |
|--------------------------------------------------|-------------------------------------------------------------------------------------------------------------------------------------------------------------------------------------------------------------------------------------------------------------------------------------------------|------------------------------------|--------|
|                                                  |                                                                                                                                                                                                                                                                                                 | peer0.police.example.com:9444      | 123    |
|--------------------------------------------------|-------------------------------------------------------------------------------------------------------------------------------------------------------------------------------------------------------------------------------------------------------------------------------------------------|------------------------------------|--------|
|                                                  |                                                                                                                                                                                                                                                                                                 | peer0.prosecution.example.com:9446 | 123    |
+--------------------------------------------------+-------------------------------------------------------------------------------------------------------------------------------------------------------------------------------------------------------------------------------------------------------------------------------------------------+------------------------------------+--------+

2026.08.24-14:58:37.201[32m info [39m [caliper] [round-orchestrator] 	Finished round 1 (increasing-load-1-tps) in 62.128 seconds
2026.08.24-14:58:37.201[32m info [39m [caliper] [monitor.js] 	Stopping all monitors
2026.08.24-14:58:37.303[32m info [39m [caliper] [round-orchestrator] 	Waiting 5 seconds for the next round...
2026.08.24-14:58:42.303[32m info [39m [caliper] [round-orchestrator] 	Started round 2 (increasing-load-2-tps)
2026.08.24-14:58:42.304[32m info [39m [caliper] [worker-message-handler] 	Preparing Worker#0 for Round#1
2026.08.24-14:58:42.304[32m info [39m [caliper] [worker-message-handler] 	Preparing Worker#2 for Round#1
2026.08.24-14:58:42.304[32m info [39m [caliper] [worker-message-handler] 	Preparing Worker#1 for Round#1
2026.08.24-14:58:42.305[32m info [39m [caliper] [worker-message-handler] 	Preparing Worker#3 for Round#1
2026.08.24-14:58:42.306[32m info [39m [caliper] [connectors/peer-gateway/PeerGateway] 	Generating contract map for user io.krishnan
2026.08.24-14:58:42.307[32m info [39m [caliper] [connectors/peer-gateway/PeerGateway] 	Generating contract map for user io.krishnan
2026.08.24-14:58:42.307[32m info [39m [caliper] [connectors/peer-gateway/PeerGateway] 	Generating contract map for user io.krishnan
2026.08.24-14:58:42.307[32m info [39m [caliper] [connectors/peer-gateway/PeerGateway] 	Generating contract map for user insp.rathore
2026.08.24-14:58:42.307[32m info [39m [caliper] [connectors/peer-gateway/PeerGateway] 	Generating contract map for user insp.rathore
2026.08.24-14:58:42.307[32m info [39m [caliper] [connectors/peer-gateway/PeerGateway] 	Generating contract map for user insp.rathore
2026.08.24-14:58:42.307[32m info [39m [caliper] [connectors/peer-gateway/PeerGateway] 	Generating contract map for user insp.singh
2026.08.24-14:58:42.307[32m info [39m [caliper] [connectors/peer-gateway/PeerGateway] 	Generating contract map for user io.krishnan
2026.08.24-14:58:42.307[32m info [39m [caliper] [connectors/peer-gateway/PeerGateway] 	Generating contract map for user insp.singh
2026.08.24-14:58:42.307[32m info [39m [caliper] [connectors/peer-gateway/PeerGateway] 	Generating contract map for user const.verma
2026.08.24-14:58:42.307[32m info [39m [caliper] [connectors/peer-gateway/PeerGateway] 	Generating contract map for user insp.singh
2026.08.24-14:58:42.307[32m info [39m [caliper] [connectors/peer-gateway/PeerGateway] 	Generating contract map for user const.verma
2026.08.24-14:58:42.307[32m info [39m [caliper] [connectors/peer-gateway/PeerGateway] 	Generating contract map for user insp.rathore
2026.08.24-14:58:42.307[32m info [39m [caliper] [connectors/peer-gateway/PeerGateway] 	Generating contract map for user insp.sharma
2026.08.24-14:58:42.307[32m info [39m [caliper] [connectors/peer-gateway/PeerGateway] 	Generating contract map for user const.verma
2026.08.24-14:58:42.307[32m info [39m [caliper] [connectors/peer-gateway/PeerGateway] 	Generating contract map for user insp.sharma
2026.08.24-14:58:42.307[32m info [39m [caliper] [connectors/peer-gateway/PeerGateway] 	Generating contract map for user insp.sharma
2026.08.24-14:58:42.307[32m info [39m [caliper] [connectors/peer-gateway/PeerGateway] 	Generating contract map for user insp.singh
2026.08.24-14:58:42.307[32m info [39m [caliper] [connectors/peer-gateway/PeerGateway] 	Generating contract map for user const.verma
2026.08.24-14:58:42.307[32m info [39m [caliper] [connectors/peer-gateway/PeerGateway] 	Generating contract map for user insp.sharma
2026.08.24-14:58:42.309[32m info [39m [caliper] [connectors/peer-gateway/PeerGateway] 	Generating contract map for user _AuditMSP_aud.qureshi
2026.08.24-14:58:42.309[32m info [39m [caliper] [connectors/peer-gateway/PeerGateway] 	Generating contract map for user _AuditMSP_aud.qureshi
2026.08.24-14:58:42.309[32m info [39m [caliper] [caliper-worker] 	Info: worker 1 prepare test phase for round 1 is starting...
2026.08.24-14:58:42.309[32m info [39m [caliper] [connectors/peer-gateway/PeerGateway] 	Generating contract map for user _AuditMSP_aud.qureshi
2026.08.24-14:58:42.309[32m info [39m [caliper] [connectors/peer-gateway/PeerGateway] 	Generating contract map for user _AuditMSP_aud.qureshi
2026.08.24-14:58:42.309[32m info [39m [caliper] [caliper-worker] 	Info: worker 0 prepare test phase for round 1 is starting...
2026.08.24-14:58:42.309[32m info [39m [caliper] [caliper-worker] 	Info: worker 2 prepare test phase for round 1 is starting...
2026.08.24-14:58:42.309[32m info [39m [caliper] [caliper-worker] 	Info: worker 3 prepare test phase for round 1 is starting...
2026.08.24-14:58:42.310[32m info [39m [caliper] [connectors/peer-gateway/PeerGateway] 	disconnecting gateway for user io.krishnan
2026.08.24-14:58:42.310[32m info [39m [caliper] [connectors/peer-gateway/PeerGateway] 	disconnecting gateway for user io.krishnan
2026.08.24-14:58:42.310[32m info [39m [caliper] [connectors/peer-gateway/PeerGateway] 	disconnecting gateway for user io.krishnan
2026.08.24-14:58:42.310[32m info [39m [caliper] [connectors/peer-gateway/PeerGateway] 	disconnecting gateway for user insp.rathore
2026.08.24-14:58:42.310[32m info [39m [caliper] [connectors/peer-gateway/PeerGateway] 	disconnecting gateway for user insp.rathore
2026.08.24-14:58:42.310[32m info [39m [caliper] [connectors/peer-gateway/PeerGateway] 	disconnecting gateway for user insp.singh
2026.08.24-14:58:42.310[32m info [39m [caliper] [connectors/peer-gateway/PeerGateway] 	disconnecting gateway for user insp.singh
2026.08.24-14:58:42.310[32m info [39m [caliper] [connectors/peer-gateway/PeerGateway] 	disconnecting gateway for user const.verma
2026.08.24-14:58:42.310[32m info [39m [caliper] [connectors/peer-gateway/PeerGateway] 	disconnecting gateway for user const.verma
2026.08.24-14:58:42.310[32m info [39m [caliper] [connectors/peer-gateway/PeerGateway] 	disconnecting gateway for user insp.rathore
2026.08.24-14:58:42.310[32m info [39m [caliper] [connectors/peer-gateway/PeerGateway] 	disconnecting gateway for user insp.sharma
2026.08.24-14:58:42.310[32m info [39m [caliper] [connectors/peer-gateway/PeerGateway] 	disconnecting gateway for user insp.sharma
2026.08.24-14:58:42.310[32m info [39m [caliper] [connectors/peer-gateway/PeerGateway] 	disconnecting gateway for user _AuditMSP_aud.qureshi
2026.08.24-14:58:42.310[32m info [39m [caliper] [connectors/peer-gateway/PeerGateway] 	disconnecting gateway for user _AuditMSP_aud.qureshi
2026.08.24-14:58:42.310[32m info [39m [caliper] [connectors/peer-gateway/PeerGateway] 	disconnecting gateway for user insp.singh
2026.08.24-14:58:42.310[32m info [39m [caliper] [connectors/peer-gateway/PeerGateway] 	disconnecting gRpc client at peer PoliceMSP_localhost:7051
2026.08.24-14:58:42.310[32m info [39m [caliper] [connectors/peer-gateway/PeerGateway] 	disconnecting gateway for user const.verma
2026.08.24-14:58:42.310[32m info [39m [caliper] [connectors/peer-gateway/PeerGateway] 	disconnecting gRpc client at peer PoliceMSP_localhost:7051
2026.08.24-14:58:42.310[32m info [39m [caliper] [connectors/peer-gateway/PeerGateway] 	disconnecting gateway for user insp.sharma
2026.08.24-14:58:42.310[32m info [39m [caliper] [connectors/peer-gateway/PeerGateway] 	disconnecting gRpc client at peer AuditMSP_localhost:11051
2026.08.24-14:58:42.310[32m info [39m [caliper] [connectors/peer-gateway/PeerGateway] 	disconnecting gateway for user _AuditMSP_aud.qureshi
2026.08.24-14:58:42.310[32m info [39m [caliper] [connectors/peer-gateway/PeerGateway] 	disconnecting gRpc client at peer PoliceMSP_localhost:7051
2026.08.24-14:58:42.310[32m info [39m [caliper] [connectors/peer-gateway/PeerGateway] 	disconnecting gateway for user io.krishnan
2026.08.24-14:58:42.310[32m info [39m [caliper] [connectors/peer-gateway/PeerGateway] 	disconnecting gRpc client at peer AuditMSP_localhost:11051
2026.08.24-14:58:42.310[32m info [39m [caliper] [connectors/peer-gateway/PeerGateway] 	disconnecting gateway for user insp.rathore
2026.08.24-14:58:42.310[32m info [39m [caliper] [connectors/peer-gateway/PeerGateway] 	disconnecting gRpc client at peer AuditMSP_localhost:11051
2026.08.24-14:58:42.310[32m info [39m [caliper] [connectors/peer-gateway/PeerGateway] 	disconnecting gateway for user insp.singh
2026.08.24-14:58:42.310[32m info [39m [caliper] [connectors/peer-gateway/PeerGateway] 	disconnecting gateway for user const.verma
2026.08.24-14:58:42.310[32m info [39m [caliper] [caliper-worker] 	Info: worker 0 prepare test phase for round 1 is completed
2026.08.24-14:58:42.310[32m info [39m [caliper] [caliper-worker] 	Info: worker 1 prepare test phase for round 1 is completed
2026.08.24-14:58:42.310[32m info [39m [caliper] [worker-message-handler] 	Worker#0 prepared for Round#1
2026.08.24-14:58:42.310[32m info [39m [caliper] [connectors/peer-gateway/PeerGateway] 	disconnecting gateway for user insp.sharma
2026.08.24-14:58:42.311[32m info [39m [caliper] [caliper-worker] 	Info: worker 2 prepare test phase for round 1 is completed
2026.08.24-14:58:42.311[32m info [39m [caliper] [worker-message-handler] 	Worker#1 prepared for Round#1
2026.08.24-14:58:42.311[32m info [39m [caliper] [worker-message-handler] 	Worker#2 prepared for Round#1
2026.08.24-14:58:42.311[32m info [39m [caliper] [connectors/peer-gateway/PeerGateway] 	disconnecting gateway for user _AuditMSP_aud.qureshi
2026.08.24-14:58:42.311[32m info [39m [caliper] [connectors/peer-gateway/PeerGateway] 	disconnecting gRpc client at peer PoliceMSP_localhost:7051
2026.08.24-14:58:42.311[32m info [39m [caliper] [connectors/peer-gateway/PeerGateway] 	disconnecting gRpc client at peer AuditMSP_localhost:11051
2026.08.24-14:58:42.311[32m info [39m [caliper] [caliper-worker] 	Info: worker 3 prepare test phase for round 1 is completed
2026.08.24-14:58:42.311[32m info [39m [caliper] [worker-message-handler] 	Worker#3 prepared for Round#1
2026.08.24-14:58:42.311[32m info [39m [caliper] [worker-orchestrator] 	4 workers prepared, progressing to test phase.
2026.08.24-14:58:44.459[31m error[39m [caliper] [monitor-docker] 	Error reading monitor statistics: TypeError: Cannot read properties of null (reading 'length')
2026.08.24-14:58:44.459[32m info [39m [caliper] [round-orchestrator] 	Monitors successfully started
2026.08.24-14:58:44.460[32m info [39m [caliper] [worker-message-handler] 	Worker#0 is starting Round#1
2026.08.24-14:58:44.460[32m info [39m [caliper] [worker-message-handler] 	Worker#1 is starting Round#1
2026.08.24-14:58:44.460[32m info [39m [caliper] [worker-message-handler] 	Worker#2 is starting Round#1
2026.08.24-14:58:44.460[32m info [39m [caliper] [worker-message-handler] 	Worker#3 is starting Round#1
2026.08.24-14:58:44.463[32m info [39m [caliper] [connectors/peer-gateway/PeerGateway] 	Generating contract map for user io.krishnan
2026.08.24-14:58:44.463[32m info [39m [caliper] [connectors/peer-gateway/PeerGateway] 	Generating contract map for user io.krishnan
2026.08.24-14:58:44.463[32m info [39m [caliper] [connectors/peer-gateway/PeerGateway] 	Generating contract map for user io.krishnan
2026.08.24-14:58:44.463[32m info [39m [caliper] [connectors/peer-gateway/PeerGateway] 	Generating contract map for user insp.rathore
2026.08.24-14:58:44.463[32m info [39m [caliper] [connectors/peer-gateway/PeerGateway] 	Generating contract map for user io.krishnan
2026.08.24-14:58:44.464[32m info [39m [caliper] [connectors/peer-gateway/PeerGateway] 	Generating contract map for user insp.rathore
2026.08.24-14:58:44.464[32m info [39m [caliper] [connectors/peer-gateway/PeerGateway] 	Generating contract map for user insp.rathore
2026.08.24-14:58:44.464[32m info [39m [caliper] [connectors/peer-gateway/PeerGateway] 	Generating contract map for user insp.singh
2026.08.24-14:58:44.464[32m info [39m [caliper] [connectors/peer-gateway/PeerGateway] 	Generating contract map for user insp.singh
2026.08.24-14:58:44.464[32m info [39m [caliper] [connectors/peer-gateway/PeerGateway] 	Generating contract map for user insp.rathore
2026.08.24-14:58:44.464[32m info [39m [caliper] [connectors/peer-gateway/PeerGateway] 	Generating contract map for user insp.singh
2026.08.24-14:58:44.464[32m info [39m [caliper] [connectors/peer-gateway/PeerGateway] 	Generating contract map for user const.verma
2026.08.24-14:58:44.464[32m info [39m [caliper] [connectors/peer-gateway/PeerGateway] 	Generating contract map for user const.verma
2026.08.24-14:58:44.464[32m info [39m [caliper] [connectors/peer-gateway/PeerGateway] 	Generating contract map for user insp.singh
2026.08.24-14:58:44.464[32m info [39m [caliper] [connectors/peer-gateway/PeerGateway] 	Generating contract map for user const.verma
2026.08.24-14:58:44.464[32m info [39m [caliper] [connectors/peer-gateway/PeerGateway] 	Generating contract map for user const.verma
2026.08.24-14:58:44.464[32m info [39m [caliper] [connectors/peer-gateway/PeerGateway] 	Generating contract map for user insp.sharma
2026.08.24-14:58:44.464[32m info [39m [caliper] [connectors/peer-gateway/PeerGateway] 	Generating contract map for user insp.sharma
2026.08.24-14:58:44.464[32m info [39m [caliper] [connectors/peer-gateway/PeerGateway] 	Generating contract map for user insp.sharma
2026.08.24-14:58:44.464[32m info [39m [caliper] [connectors/peer-gateway/PeerGateway] 	Generating contract map for user insp.sharma
2026.08.24-14:58:44.467[32m info [39m [caliper] [connectors/peer-gateway/PeerGateway] 	Generating contract map for user _AuditMSP_aud.qureshi
2026.08.24-14:58:44.467[32m info [39m [caliper] [connectors/peer-gateway/PeerGateway] 	Generating contract map for user _AuditMSP_aud.qureshi
2026.08.24-14:58:44.467[32m info [39m [caliper] [connectors/peer-gateway/PeerGateway] 	Generating contract map for user _AuditMSP_aud.qureshi
2026.08.24-14:58:44.467[32m info [39m [caliper] [connectors/peer-gateway/PeerGateway] 	Generating contract map for user _AuditMSP_aud.qureshi
2026.08.24-14:58:44.467[32m info [39m [caliper] [caliper-worker] 	Worker #3 starting workload loop
2026.08.24-14:58:44.467[32m info [39m [caliper] [caliper-worker] 	Worker #0 starting workload loop
2026.08.24-14:58:44.467[32m info [39m [caliper] [caliper-worker] 	Worker #1 starting workload loop
2026.08.24-14:58:44.467[32m info [39m [caliper] [caliper-worker] 	Worker #2 starting workload loop
2026.08.24-14:58:47.312[32m info [39m [caliper] [default-observer] 	[increasing-load-2-tps Round 1 Transaction Info] - Submitted: 4 Succ: 0 Fail:0 Unfinished:4
2026.08.24-14:58:47.576[31m error[39m [caliper] [monitor-docker] 	Error reading monitor statistics: TypeError: Cannot read properties of null (reading 'length')
2026.08.24-14:58:49.643[31m error[39m [caliper] [monitor-docker] 	Error reading monitor statistics: TypeError: Cannot read properties of null (reading 'length')
2026.08.24-14:58:51.748[31m error[39m [caliper] [monitor-docker] 	Error reading monitor statistics: TypeError: Cannot read properties of null (reading 'length')
2026.08.24-14:58:52.312[32m info [39m [caliper] [default-observer] 	[increasing-load-2-tps Round 1 Transaction Info] - Submitted: 16 Succ: 12 Fail:0 Unfinished:4
2026.08.24-14:58:53.841[31m error[39m [caliper] [monitor-docker] 	Error reading monitor statistics: TypeError: Cannot read properties of null (reading 'length')
2026.08.24-14:58:55.935[31m error[39m [caliper] [monitor-docker] 	Error reading monitor statistics: TypeError: Cannot read properties of null (reading 'length')
2026.08.24-14:58:57.313[32m info [39m [caliper] [default-observer] 	[increasing-load-2-tps Round 1 Transaction Info] - Submitted: 28 Succ: 20 Fail:0 Unfinished:8
2026.08.24-14:58:58.038[31m error[39m [caliper] [monitor-docker] 	Error reading monitor statistics: TypeError: Cannot read properties of null (reading 'length')
2026.08.24-14:59:00.135[31m error[39m [caliper] [monitor-docker] 	Error reading monitor statistics: TypeError: Cannot read properties of null (reading 'length')
2026.08.24-14:59:02.232[31m error[39m [caliper] [monitor-docker] 	Error reading monitor statistics: TypeError: Cannot read properties of null (reading 'length')
2026.08.24-14:59:02.313[32m info [39m [caliper] [default-observer] 	[increasing-load-2-tps Round 1 Transaction Info] - Submitted: 36 Succ: 32 Fail:0 Unfinished:4
2026.08.24-14:59:04.304[31m error[39m [caliper] [monitor-docker] 	Error reading monitor statistics: TypeError: Cannot read properties of null (reading 'length')
2026.08.24-14:59:06.395[31m error[39m [caliper] [monitor-docker] 	Error reading monitor statistics: TypeError: Cannot read properties of null (reading 'length')
2026.08.24-14:59:07.314[32m info [39m [caliper] [default-observer] 	[increasing-load-2-tps Round 1 Transaction Info] - Submitted: 48 Succ: 44 Fail:0 Unfinished:4
2026.08.24-14:59:08.497[31m error[39m [caliper] [monitor-docker] 	Error reading monitor statistics: TypeError: Cannot read properties of null (reading 'length')
2026.08.24-14:59:10.542[31m error[39m [caliper] [monitor-docker] 	Error reading monitor statistics: TypeError: Cannot read properties of null (reading 'length')
2026.08.24-14:59:12.314[32m info [39m [caliper] [default-observer] 	[increasing-load-2-tps Round 1 Transaction Info] - Submitted: 56 Succ: 56 Fail:0 Unfinished:0
2026.08.24-14:59:12.575[31m error[39m [caliper] [monitor-docker] 	Error reading monitor statistics: TypeError: Cannot read properties of null (reading 'length')
2026.08.24-14:59:14.613[31m error[39m [caliper] [monitor-docker] 	Error reading monitor statistics: TypeError: Cannot read properties of null (reading 'length')
2026.08.24-14:59:16.656[31m error[39m [caliper] [monitor-docker] 	Error reading monitor statistics: TypeError: Cannot read properties of null (reading 'length')
2026.08.24-14:59:17.314[32m info [39m [caliper] [default-observer] 	[increasing-load-2-tps Round 1 Transaction Info] - Submitted: 68 Succ: 60 Fail:0 Unfinished:8
2026.08.24-14:59:18.718[31m error[39m [caliper] [monitor-docker] 	Error reading monitor statistics: TypeError: Cannot read properties of null (reading 'length')
2026.08.24-14:59:20.789[31m error[39m [caliper] [monitor-docker] 	Error reading monitor statistics: TypeError: Cannot read properties of null (reading 'length')
2026.08.24-14:59:22.316[32m info [39m [caliper] [default-observer] 	[increasing-load-2-tps Round 1 Transaction Info] - Submitted: 76 Succ: 72 Fail:0 Unfinished:4
2026.08.24-14:59:22.869[31m error[39m [caliper] [monitor-docker] 	Error reading monitor statistics: TypeError: Cannot read properties of null (reading 'length')
2026.08.24-14:59:24.967[31m error[39m [caliper] [monitor-docker] 	Error reading monitor statistics: TypeError: Cannot read properties of null (reading 'length')
2026.08.24-14:59:27.071[31m error[39m [caliper] [monitor-docker] 	Error reading monitor statistics: TypeError: Cannot read properties of null (reading 'length')
2026.08.24-14:59:27.317[32m info [39m [caliper] [default-observer] 	[increasing-load-2-tps Round 1 Transaction Info] - Submitted: 88 Succ: 80 Fail:0 Unfinished:8
2026.08.24-14:59:29.174[31m error[39m [caliper] [monitor-docker] 	Error reading monitor statistics: TypeError: Cannot read properties of null (reading 'length')
2026.08.24-14:59:31.269[31m error[39m [caliper] [monitor-docker] 	Error reading monitor statistics: TypeError: Cannot read properties of null (reading 'length')
2026.08.24-14:59:32.318[32m info [39m [caliper] [default-observer] 	[increasing-load-2-tps Round 1 Transaction Info] - Submitted: 96 Succ: 92 Fail:0 Unfinished:4
2026.08.24-14:59:33.372[31m error[39m [caliper] [monitor-docker] 	Error reading monitor statistics: TypeError: Cannot read properties of null (reading 'length')
2026.08.24-14:59:35.454[31m error[39m [caliper] [monitor-docker] 	Error reading monitor statistics: TypeError: Cannot read properties of null (reading 'length')
2026.08.24-14:59:37.319[32m info [39m [caliper] [default-observer] 	[increasing-load-2-tps Round 1 Transaction Info] - Submitted: 108 Succ: 104 Fail:0 Unfinished:4
2026.08.24-14:59:37.556[31m error[39m [caliper] [monitor-docker] 	Error reading monitor statistics: TypeError: Cannot read properties of null (reading 'length')
2026.08.24-14:59:39.622[31m error[39m [caliper] [monitor-docker] 	Error reading monitor statistics: TypeError: Cannot read properties of null (reading 'length')
2026.08.24-14:59:41.695[31m error[39m [caliper] [monitor-docker] 	Error reading monitor statistics: TypeError: Cannot read properties of null (reading 'length')
2026.08.24-14:59:42.320[32m info [39m [caliper] [default-observer] 	[increasing-load-2-tps Round 1 Transaction Info] - Submitted: 116 Succ: 115 Fail:0 Unfinished:1
2026.08.24-14:59:43.758[31m error[39m [caliper] [monitor-docker] 	Error reading monitor statistics: TypeError: Cannot read properties of null (reading 'length')
2026.08.24-14:59:45.840[31m error[39m [caliper] [monitor-docker] 	Error reading monitor statistics: TypeError: Cannot read properties of null (reading 'length')
2026.08.24-14:59:47.320[32m info [39m [caliper] [default-observer] 	[increasing-load-2-tps Round 1 Transaction Info] - Submitted: 124 Succ: 124 Fail:0 Unfinished:0
2026.08.24-14:59:47.594[32m info [39m [caliper] [connectors/peer-gateway/PeerGateway] 	disconnecting gateway for user io.krishnan
2026.08.24-14:59:47.594[32m info [39m [caliper] [connectors/peer-gateway/PeerGateway] 	disconnecting gateway for user io.krishnan
2026.08.24-14:59:47.594[32m info [39m [caliper] [connectors/peer-gateway/PeerGateway] 	disconnecting gateway for user insp.rathore
2026.08.24-14:59:47.594[32m info [39m [caliper] [connectors/peer-gateway/PeerGateway] 	disconnecting gateway for user insp.singh
2026.08.24-14:59:47.594[32m info [39m [caliper] [connectors/peer-gateway/PeerGateway] 	disconnecting gateway for user insp.rathore
2026.08.24-14:59:47.594[32m info [39m [caliper] [connectors/peer-gateway/PeerGateway] 	disconnecting gateway for user const.verma
2026.08.24-14:59:47.594[32m info [39m [caliper] [connectors/peer-gateway/PeerGateway] 	disconnecting gateway for user insp.singh
2026.08.24-14:59:47.594[32m info [39m [caliper] [connectors/peer-gateway/PeerGateway] 	disconnecting gateway for user insp.sharma
2026.08.24-14:59:47.594[32m info [39m [caliper] [connectors/peer-gateway/PeerGateway] 	disconnecting gateway for user const.verma
2026.08.24-14:59:47.594[32m info [39m [caliper] [connectors/peer-gateway/PeerGateway] 	disconnecting gateway for user _AuditMSP_aud.qureshi
2026.08.24-14:59:47.594[32m info [39m [caliper] [connectors/peer-gateway/PeerGateway] 	disconnecting gateway for user insp.sharma
2026.08.24-14:59:47.594[32m info [39m [caliper] [connectors/peer-gateway/PeerGateway] 	disconnecting gRpc client at peer PoliceMSP_localhost:7051
2026.08.24-14:59:47.594[32m info [39m [caliper] [connectors/peer-gateway/PeerGateway] 	disconnecting gateway for user _AuditMSP_aud.qureshi
2026.08.24-14:59:47.594[32m info [39m [caliper] [connectors/peer-gateway/PeerGateway] 	disconnecting gRpc client at peer PoliceMSP_localhost:7051
2026.08.24-14:59:47.595[32m info [39m [caliper] [connectors/peer-gateway/PeerGateway] 	disconnecting gRpc client at peer AuditMSP_localhost:11051
2026.08.24-14:59:47.595[32m info [39m [caliper] [connectors/peer-gateway/PeerGateway] 	disconnecting gRpc client at peer AuditMSP_localhost:11051
2026.08.24-14:59:47.595[32m info [39m [caliper] [worker-message-handler] 	Worker#3 finished Round#1
2026.08.24-14:59:47.595[32m info [39m [caliper] [worker-message-handler] 	Worker#2 finished Round#1
2026.08.24-14:59:47.595[32m info [39m [caliper] [connectors/peer-gateway/PeerGateway] 	disconnecting gateway for user io.krishnan
2026.08.24-14:59:47.595[32m info [39m [caliper] [connectors/peer-gateway/PeerGateway] 	disconnecting gateway for user insp.rathore
2026.08.24-14:59:47.595[32m info [39m [caliper] [connectors/peer-gateway/PeerGateway] 	disconnecting gateway for user insp.singh
2026.08.24-14:59:47.595[32m info [39m [caliper] [connectors/peer-gateway/PeerGateway] 	disconnecting gateway for user const.verma
2026.08.24-14:59:47.595[32m info [39m [caliper] [connectors/peer-gateway/PeerGateway] 	disconnecting gateway for user insp.sharma
2026.08.24-14:59:47.595[32m info [39m [caliper] [connectors/peer-gateway/PeerGateway] 	disconnecting gateway for user _AuditMSP_aud.qureshi
2026.08.24-14:59:47.595[32m info [39m [caliper] [connectors/peer-gateway/PeerGateway] 	disconnecting gateway for user io.krishnan
2026.08.24-14:59:47.595[32m info [39m [caliper] [connectors/peer-gateway/PeerGateway] 	disconnecting gRpc client at peer PoliceMSP_localhost:7051
2026.08.24-14:59:47.595[32m info [39m [caliper] [connectors/peer-gateway/PeerGateway] 	disconnecting gateway for user insp.rathore
2026.08.24-14:59:47.595[32m info [39m [caliper] [connectors/peer-gateway/PeerGateway] 	disconnecting gateway for user insp.singh
2026.08.24-14:59:47.595[32m info [39m [caliper] [connectors/peer-gateway/PeerGateway] 	disconnecting gateway for user const.verma
2026.08.24-14:59:47.595[32m info [39m [caliper] [connectors/peer-gateway/PeerGateway] 	disconnecting gateway for user insp.sharma
2026.08.24-14:59:47.595[32m info [39m [caliper] [connectors/peer-gateway/PeerGateway] 	disconnecting gateway for user _AuditMSP_aud.qureshi
2026.08.24-14:59:47.596[32m info [39m [caliper] [connectors/peer-gateway/PeerGateway] 	disconnecting gRpc client at peer PoliceMSP_localhost:7051
2026.08.24-14:59:47.596[32m info [39m [caliper] [connectors/peer-gateway/PeerGateway] 	disconnecting gRpc client at peer AuditMSP_localhost:11051
2026.08.24-14:59:47.596[32m info [39m [caliper] [worker-message-handler] 	Worker#0 finished Round#1
2026.08.24-14:59:47.596[32m info [39m [caliper] [connectors/peer-gateway/PeerGateway] 	disconnecting gRpc client at peer AuditMSP_localhost:11051
2026.08.24-14:59:47.596[32m info [39m [caliper] [worker-message-handler] 	Worker#1 finished Round#1
2026.08.24-14:59:47.928[31m error[39m [caliper] [monitor-docker] 	Error reading monitor statistics: TypeError: Cannot read properties of null (reading 'length')
2026.08.24-14:59:50.026[31m error[39m [caliper] [monitor-docker] 	Error reading monitor statistics: TypeError: Cannot read properties of null (reading 'length')
2026.08.24-14:59:52.126[31m error[39m [caliper] [monitor-docker] 	Error reading monitor statistics: TypeError: Cannot read properties of null (reading 'length')
2026.08.24-14:59:52.598[32m info [39m [caliper] [default-observer] 	Resetting txCount indicator count
2026.08.24-14:59:52.599[32m info [39m [caliper] [report-builder] 	### Test result ###
2026.08.24-14:59:52.600[32m info [39m [caliper] [report-builder] 	
+-----------------------+------+------+-----------------+-----------------+-----------------+-----------------+------------------+
| Name                  | Succ | Fail | Send Rate (TPS) | Max Latency (s) | Min Latency (s) | Avg Latency (s) | Throughput (TPS) |
|-----------------------|------|------|-----------------|-----------------|-----------------|-----------------|------------------|
| increasing-load-2-tps | 124  | 0    | 2.1             | 2.10            | 0.04            | 1.44            | 2.0              |
+-----------------------+------+------+-----------------+-----------------+-----------------+-----------------+------------------+

2026.08.24-14:59:52.608[32m info [39m [caliper] [report-builder] 	### docker resource stats ###'
2026.08.24-14:59:52.611[32m info [39m [caliper] [report-builder] 	
+----------------------------------------------------------------------------------------------------------------------+-----------+-----------+------------------+------------------+-----------------+------------------+-----------------+---------------+
| Name                                                                                                                 | CPU%(max) | CPU%(avg) | Memory(max) [MB] | Memory(avg) [MB] | Traffic In [MB] | Traffic Out [MB] | Disc Write [MB] | Disc Read [B] |
|----------------------------------------------------------------------------------------------------------------------|-----------|-----------|------------------|------------------|-----------------|------------------|-----------------|---------------|
| /caliper-prometheus                                                                                                  | 0.018125  | 0.006875  | 42.3             | 42.1             | 0.849           | 0.0501           | 0.609           | 0.00          |
|----------------------------------------------------------------------------------------------------------------------|-----------|-----------|------------------|------------------|-----------------|------------------|-----------------|---------------|
| /dev-peer0.forensics.example.com-crimerecords_2.3-97784f7fb69353014f85563171b6ed3e2b9c6a32f1c765c7e59f0979532de512   | 0.00625   | 0.00125   | 55.8             | 55.4             | 0.404           | 0.324            | 0.00            | 0.00          |
|----------------------------------------------------------------------------------------------------------------------|-----------|-----------|------------------|------------------|-----------------|------------------|-----------------|---------------|
| /dev-peer0.police.example.com-crimerecords_2.3-97784f7fb69353014f85563171b6ed3e2b9c6a32f1c765c7e59f0979532de512      | 0.01125   | 0.003125  | 61.7             | 61.2             | 0.801           | 0.622            | 0.00            | 0.00          |
|----------------------------------------------------------------------------------------------------------------------|-----------|-----------|------------------|------------------|-----------------|------------------|-----------------|---------------|
| /dev-peer0.prosecution.example.com-crimerecords_2.3-97784f7fb69353014f85563171b6ed3e2b9c6a32f1c765c7e59f0979532de512 | 0.005625  | 0.00125   | 57.2             | 56.5             | 0.341           | 0.275            | 0.00            | 0.00          |
|----------------------------------------------------------------------------------------------------------------------|-----------|-----------|------------------|------------------|-----------------|------------------|-----------------|---------------|
| /dev-peer0.audit.example.com-crimerecords_2.3-97784f7fb69353014f85563171b6ed3e2b9c6a32f1c765c7e59f0979532de512       | 0.004375  | 0.00125   | 57.6             | 55.8             | 0.390           | 0.314            | 0.00            | 0.00          |
|----------------------------------------------------------------------------------------------------------------------|-----------|-----------|------------------|------------------|-----------------|------------------|-----------------|---------------|
| /dev-peer0.court.example.com-crimerecords_2.3-97784f7fb69353014f85563171b6ed3e2b9c6a32f1c765c7e59f0979532de512       | 0.006875  | 0.00125   | 55.6             | 55.2             | 0.315           | 0.254            | 0.00            | 0.00          |
|----------------------------------------------------------------------------------------------------------------------|-----------|-----------|------------------|------------------|-----------------|------------------|-----------------|---------------|
| /peer0.audit.example.com                                                                                             | 0.05875   | 0.024375  | 101              | 99.8             | 2.08            | 1.57             | 1.58            | 0.00          |
|----------------------------------------------------------------------------------------------------------------------|-----------|-----------|------------------|------------------|-----------------|------------------|-----------------|---------------|
| /peer0.court.example.com                                                                                             | 0.05125   | 0.023125  | 101              | 100              | 1.99            | 1.42             | 1.58            | 0.00          |
|----------------------------------------------------------------------------------------------------------------------|-----------|-----------|------------------|------------------|-----------------|------------------|-----------------|---------------|
| /peer0.prosecution.example.com                                                                                       | 0.045625  | 0.023125  | 95.7             | 95.4             | 2.03            | 1.47             | 1.58            | 0.00          |
|----------------------------------------------------------------------------------------------------------------------|-----------|-----------|------------------|------------------|-----------------|------------------|-----------------|---------------|
| /peer0.police.example.com                                                                                            | 0.07125   | 0.030625  | 102              | 101              | 5.46            | 4.58             | 1.58            | 0.00          |
|----------------------------------------------------------------------------------------------------------------------|-----------|-----------|------------------|------------------|-----------------|------------------|-----------------|---------------|
| /peer0.forensics.example.com                                                                                         | 0.055625  | 0.02375   | 100              | 99.3             | 2.10            | 1.62             | 1.58            | 0.00          |
|----------------------------------------------------------------------------------------------------------------------|-----------|-----------|------------------|------------------|-----------------|------------------|-----------------|---------------|
| /couchdb-audit                                                                                                       | 0.024375  | 0.01125   | 69.1             | 68.8             | 0.295           | 0.115            | 1.52            | 0.00          |
|----------------------------------------------------------------------------------------------------------------------|-----------|-----------|------------------|------------------|-----------------|------------------|-----------------|---------------|
| /couchdb-court                                                                                                       | 0.023125  | 0.011875  | 70.7             | 70.6             | 0.295           | 0.115            | 1.52            | 0.00          |
|----------------------------------------------------------------------------------------------------------------------|-----------|-----------|------------------|------------------|-----------------|------------------|-----------------|---------------|
| /couchdb-prosecution                                                                                                 | 0.024375  | 0.01125   | 69.9             | 69.2             | 0.295           | 0.115            | 1.52            | 0.00          |
|----------------------------------------------------------------------------------------------------------------------|-----------|-----------|------------------|------------------|-----------------|------------------|-----------------|---------------|
| /couchdb-forensics                                                                                                   | 0.025625  | 0.011875  | 71.0             | 70.6             | 0.295           | 0.115            | 1.52            | 0.00          |
|----------------------------------------------------------------------------------------------------------------------|-----------|-----------|------------------|------------------|-----------------|------------------|-----------------|---------------|
| /couchdb-police                                                                                                      | 0.145625  | 0.049375  | 72.5             | 72.2             | 0.309           | 0.167            | 1.52            | 0.00          |
|----------------------------------------------------------------------------------------------------------------------|-----------|-----------|------------------|------------------|-----------------|------------------|-----------------|---------------|
| /orderer.example.com                                                                                                 | 0.009375  | 0.0025    | 61.3             | 59.8             | 1.26            | 5.99             | 2.57            | 0.00          |
|----------------------------------------------------------------------------------------------------------------------|-----------|-----------|------------------|------------------|-----------------|------------------|-----------------|---------------|
| /ca_police                                                                                                           | 0         | 0         | 9.37             | 9.37             | 0.00            | 0.00             | -               | -             |
|----------------------------------------------------------------------------------------------------------------------|-----------|-----------|------------------|------------------|-----------------|------------------|-----------------|---------------|
| /ca_forensics                                                                                                        | NaN       | NaN       | -                | -                | -               | -                | -               | -             |
|----------------------------------------------------------------------------------------------------------------------|-----------|-----------|------------------|------------------|-----------------|------------------|-----------------|---------------|
| /ca_orderer                                                                                                          | NaN       | NaN       | -                | -                | -               | -                | -               | -             |
|----------------------------------------------------------------------------------------------------------------------|-----------|-----------|------------------|------------------|-----------------|------------------|-----------------|---------------|
| /ca_court                                                                                                            | NaN       | NaN       | -                | -                | -               | -                | -               | -             |
|----------------------------------------------------------------------------------------------------------------------|-----------|-----------|------------------|------------------|-----------------|------------------|-----------------|---------------|
| /ca_audit                                                                                                            | NaN       | NaN       | -                | -                | -               | -                | -               | -             |
|----------------------------------------------------------------------------------------------------------------------|-----------|-----------|------------------|------------------|-----------------|------------------|-----------------|---------------|
| /ca_prosecution                                                                                                      | NaN       | NaN       | -                | -                | -               | -                | -               | -             |
+----------------------------------------------------------------------------------------------------------------------+-----------+-----------+------------------+------------------+-----------------+------------------+-----------------+---------------+

2026.08.24-14:59:52.630[32m info [39m [caliper] [report-builder] 	### prometheus resource stats ###'
2026.08.24-14:59:52.631[32m info [39m [caliper] [report-builder] 	
+--------------------------------------------------+-------------------------------------------------------------------------------------------------------------------------------------------------------------------------------------------------------------------------------------------------------------------------------------------------+------------------------------------+---------+
| Metric                                           | Prometheus Query                                                                                                                                                                                                                                                                                | Name                               | Value   |
|--------------------------------------------------|-------------------------------------------------------------------------------------------------------------------------------------------------------------------------------------------------------------------------------------------------------------------------------------------------|------------------------------------|---------|
| Process resident memory (MiB, max)               | process_resident_memory_bytes{job=~"fabric-.*"}                                                                                                                                                                                                                                                 | orderer.example.com:9443           | 81.2    |
|--------------------------------------------------|-------------------------------------------------------------------------------------------------------------------------------------------------------------------------------------------------------------------------------------------------------------------------------------------------|------------------------------------|---------|
|                                                  |                                                                                                                                                                                                                                                                                                 | peer0.audit.example.com:9448       | 132     |
|--------------------------------------------------|-------------------------------------------------------------------------------------------------------------------------------------------------------------------------------------------------------------------------------------------------------------------------------------------------|------------------------------------|---------|
|                                                  |                                                                                                                                                                                                                                                                                                 | peer0.court.example.com:9447       | 133     |
|--------------------------------------------------|-------------------------------------------------------------------------------------------------------------------------------------------------------------------------------------------------------------------------------------------------------------------------------------------------|------------------------------------|---------|
|                                                  |                                                                                                                                                                                                                                                                                                 | peer0.forensics.example.com:9445   | 131     |
|--------------------------------------------------|-------------------------------------------------------------------------------------------------------------------------------------------------------------------------------------------------------------------------------------------------------------------------------------------------|------------------------------------|---------|
|                                                  |                                                                                                                                                                                                                                                                                                 | peer0.police.example.com:9444      | 133     |
|--------------------------------------------------|-------------------------------------------------------------------------------------------------------------------------------------------------------------------------------------------------------------------------------------------------------------------------------------------------|------------------------------------|---------|
|                                                  |                                                                                                                                                                                                                                                                                                 | peer0.prosecution.example.com:9446 | 127     |
|--------------------------------------------------|-------------------------------------------------------------------------------------------------------------------------------------------------------------------------------------------------------------------------------------------------------------------------------------------------|------------------------------------|---------|
| Process CPU rate (percent, max)                  | rate(process_cpu_seconds_total{job=~"fabric-.*"}[1m])                                                                                                                                                                                                                                           | orderer.example.com:9443           | 0.491   |
|--------------------------------------------------|-------------------------------------------------------------------------------------------------------------------------------------------------------------------------------------------------------------------------------------------------------------------------------------------------|------------------------------------|---------|
|                                                  |                                                                                                                                                                                                                                                                                                 | peer0.audit.example.com:9448       | 4.16    |
|--------------------------------------------------|-------------------------------------------------------------------------------------------------------------------------------------------------------------------------------------------------------------------------------------------------------------------------------------------------|------------------------------------|---------|
|                                                  |                                                                                                                                                                                                                                                                                                 | peer0.court.example.com:9447       | 3.85    |
|--------------------------------------------------|-------------------------------------------------------------------------------------------------------------------------------------------------------------------------------------------------------------------------------------------------------------------------------------------------|------------------------------------|---------|
|                                                  |                                                                                                                                                                                                                                                                                                 | peer0.forensics.example.com:9445   | 4.11    |
|--------------------------------------------------|-------------------------------------------------------------------------------------------------------------------------------------------------------------------------------------------------------------------------------------------------------------------------------------------------|------------------------------------|---------|
|                                                  |                                                                                                                                                                                                                                                                                                 | peer0.police.example.com:9444      | 4.91    |
|--------------------------------------------------|-------------------------------------------------------------------------------------------------------------------------------------------------------------------------------------------------------------------------------------------------------------------------------------------------|------------------------------------|---------|
|                                                  |                                                                                                                                                                                                                                                                                                 | peer0.prosecution.example.com:9446 | 3.89    |
|--------------------------------------------------|-------------------------------------------------------------------------------------------------------------------------------------------------------------------------------------------------------------------------------------------------------------------------------------------------|------------------------------------|---------|
| Crimerecords endorsement duration (seconds, avg) | sum by (instance) (rate(endorser_proposal_duration_sum{job=~"fabric-.*",channel="crimechannel",chaincode="crimerecords",success="true"}[1m])) / sum by (instance) (rate(endorser_proposal_duration_count{job=~"fabric-.*",channel="crimechannel",chaincode="crimerecords",success="true"}[1m])) | peer0.audit.example.com:9448       | 0.00923 |
|--------------------------------------------------|-------------------------------------------------------------------------------------------------------------------------------------------------------------------------------------------------------------------------------------------------------------------------------------------------|------------------------------------|---------|
|                                                  |                                                                                                                                                                                                                                                                                                 | peer0.court.example.com:9447       | 0.00959 |
|--------------------------------------------------|-------------------------------------------------------------------------------------------------------------------------------------------------------------------------------------------------------------------------------------------------------------------------------------------------|------------------------------------|---------|
|                                                  |                                                                                                                                                                                                                                                                                                 | peer0.forensics.example.com:9445   | 0.00875 |
|--------------------------------------------------|-------------------------------------------------------------------------------------------------------------------------------------------------------------------------------------------------------------------------------------------------------------------------------------------------|------------------------------------|---------|
|                                                  |                                                                                                                                                                                                                                                                                                 | peer0.police.example.com:9444      | 0.0263  |
|--------------------------------------------------|-------------------------------------------------------------------------------------------------------------------------------------------------------------------------------------------------------------------------------------------------------------------------------------------------|------------------------------------|---------|
|                                                  |                                                                                                                                                                                                                                                                                                 | peer0.prosecution.example.com:9446 | 0.00979 |
|--------------------------------------------------|-------------------------------------------------------------------------------------------------------------------------------------------------------------------------------------------------------------------------------------------------------------------------------------------------|------------------------------------|---------|
| Ledger height (blocks, max)                      | ledger_blockchain_height{job=~"fabric-.*",channel="crimechannel"}                                                                                                                                                                                                                               | orderer.example.com:9443           | 146     |
|--------------------------------------------------|-------------------------------------------------------------------------------------------------------------------------------------------------------------------------------------------------------------------------------------------------------------------------------------------------|------------------------------------|---------|
|                                                  |                                                                                                                                                                                                                                                                                                 | peer0.audit.example.com:9448       | 146     |
|--------------------------------------------------|-------------------------------------------------------------------------------------------------------------------------------------------------------------------------------------------------------------------------------------------------------------------------------------------------|------------------------------------|---------|
|                                                  |                                                                                                                                                                                                                                                                                                 | peer0.court.example.com:9447       | 146     |
|--------------------------------------------------|-------------------------------------------------------------------------------------------------------------------------------------------------------------------------------------------------------------------------------------------------------------------------------------------------|------------------------------------|---------|
|                                                  |                                                                                                                                                                                                                                                                                                 | peer0.forensics.example.com:9445   | 146     |
|--------------------------------------------------|-------------------------------------------------------------------------------------------------------------------------------------------------------------------------------------------------------------------------------------------------------------------------------------------------|------------------------------------|---------|
|                                                  |                                                                                                                                                                                                                                                                                                 | peer0.police.example.com:9444      | 146     |
|--------------------------------------------------|-------------------------------------------------------------------------------------------------------------------------------------------------------------------------------------------------------------------------------------------------------------------------------------------------|------------------------------------|---------|
|                                                  |                                                                                                                                                                                                                                                                                                 | peer0.prosecution.example.com:9446 | 146     |
+--------------------------------------------------+-------------------------------------------------------------------------------------------------------------------------------------------------------------------------------------------------------------------------------------------------------------------------------------------------+------------------------------------+---------+

2026.08.24-14:59:52.631[32m info [39m [caliper] [round-orchestrator] 	Finished round 2 (increasing-load-2-tps) in 62.126 seconds
2026.08.24-14:59:52.631[32m info [39m [caliper] [monitor.js] 	Stopping all monitors
2026.08.24-14:59:52.733[32m info [39m [caliper] [round-orchestrator] 	Waiting 5 seconds for the next round...
2026.08.24-14:59:57.733[32m info [39m [caliper] [round-orchestrator] 	Started round 3 (increasing-load-5-tps)
2026.08.24-14:59:57.735[32m info [39m [caliper] [worker-message-handler] 	Preparing Worker#0 for Round#2
2026.08.24-14:59:57.735[32m info [39m [caliper] [worker-message-handler] 	Preparing Worker#1 for Round#2
2026.08.24-14:59:57.736[32m info [39m [caliper] [worker-message-handler] 	Preparing Worker#2 for Round#2
2026.08.24-14:59:57.736[32m info [39m [caliper] [worker-message-handler] 	Preparing Worker#3 for Round#2
2026.08.24-14:59:57.740[32m info [39m [caliper] [connectors/peer-gateway/PeerGateway] 	Generating contract map for user io.krishnan
2026.08.24-14:59:57.741[32m info [39m [caliper] [connectors/peer-gateway/PeerGateway] 	Generating contract map for user io.krishnan
2026.08.24-14:59:57.741[32m info [39m [caliper] [connectors/peer-gateway/PeerGateway] 	Generating contract map for user io.krishnan
2026.08.24-14:59:57.741[32m info [39m [caliper] [connectors/peer-gateway/PeerGateway] 	Generating contract map for user io.krishnan
2026.08.24-14:59:57.741[32m info [39m [caliper] [connectors/peer-gateway/PeerGateway] 	Generating contract map for user insp.rathore
2026.08.24-14:59:57.741[32m info [39m [caliper] [connectors/peer-gateway/PeerGateway] 	Generating contract map for user insp.rathore
2026.08.24-14:59:57.741[32m info [39m [caliper] [connectors/peer-gateway/PeerGateway] 	Generating contract map for user insp.singh
2026.08.24-14:59:57.741[32m info [39m [caliper] [connectors/peer-gateway/PeerGateway] 	Generating contract map for user insp.rathore
2026.08.24-14:59:57.741[32m info [39m [caliper] [connectors/peer-gateway/PeerGateway] 	Generating contract map for user insp.singh
2026.08.24-14:59:57.741[32m info [39m [caliper] [connectors/peer-gateway/PeerGateway] 	Generating contract map for user insp.rathore
2026.08.24-14:59:57.741[32m info [39m [caliper] [connectors/peer-gateway/PeerGateway] 	Generating contract map for user const.verma
2026.08.24-14:59:57.741[32m info [39m [caliper] [connectors/peer-gateway/PeerGateway] 	Generating contract map for user const.verma
2026.08.24-14:59:57.741[32m info [39m [caliper] [connectors/peer-gateway/PeerGateway] 	Generating contract map for user insp.singh
2026.08.24-14:59:57.741[32m info [39m [caliper] [connectors/peer-gateway/PeerGateway] 	Generating contract map for user insp.sharma
2026.08.24-14:59:57.741[32m info [39m [caliper] [connectors/peer-gateway/PeerGateway] 	Generating contract map for user insp.singh
2026.08.24-14:59:57.742[32m info [39m [caliper] [connectors/peer-gateway/PeerGateway] 	Generating contract map for user insp.sharma
2026.08.24-14:59:57.742[32m info [39m [caliper] [connectors/peer-gateway/PeerGateway] 	Generating contract map for user const.verma
2026.08.24-14:59:57.742[32m info [39m [caliper] [connectors/peer-gateway/PeerGateway] 	Generating contract map for user const.verma
2026.08.24-14:59:57.742[32m info [39m [caliper] [connectors/peer-gateway/PeerGateway] 	Generating contract map for user insp.sharma
2026.08.24-14:59:57.743[32m info [39m [caliper] [connectors/peer-gateway/PeerGateway] 	Generating contract map for user insp.sharma
2026.08.24-14:59:57.744[32m info [39m [caliper] [connectors/peer-gateway/PeerGateway] 	Generating contract map for user _AuditMSP_aud.qureshi
2026.08.24-14:59:57.744[32m info [39m [caliper] [caliper-worker] 	Info: worker 3 prepare test phase for round 2 is starting...
2026.08.24-14:59:57.744[32m info [39m [caliper] [connectors/peer-gateway/PeerGateway] 	Generating contract map for user _AuditMSP_aud.qureshi
2026.08.24-14:59:57.744[32m info [39m [caliper] [caliper-worker] 	Info: worker 2 prepare test phase for round 2 is starting...
2026.08.24-14:59:57.744[32m info [39m [caliper] [connectors/peer-gateway/PeerGateway] 	Generating contract map for user _AuditMSP_aud.qureshi
2026.08.24-14:59:57.744[32m info [39m [caliper] [connectors/peer-gateway/PeerGateway] 	Generating contract map for user _AuditMSP_aud.qureshi
2026.08.24-14:59:57.744[32m info [39m [caliper] [caliper-worker] 	Info: worker 0 prepare test phase for round 2 is starting...
2026.08.24-14:59:57.744[32m info [39m [caliper] [caliper-worker] 	Info: worker 1 prepare test phase for round 2 is starting...
2026.08.24-14:59:57.744[32m info [39m [caliper] [connectors/peer-gateway/PeerGateway] 	disconnecting gateway for user io.krishnan
2026.08.24-14:59:57.744[32m info [39m [caliper] [connectors/peer-gateway/PeerGateway] 	disconnecting gateway for user insp.rathore
2026.08.24-14:59:57.744[32m info [39m [caliper] [connectors/peer-gateway/PeerGateway] 	disconnecting gateway for user insp.singh
2026.08.24-14:59:57.744[32m info [39m [caliper] [connectors/peer-gateway/PeerGateway] 	disconnecting gateway for user const.verma
2026.08.24-14:59:57.745[32m info [39m [caliper] [connectors/peer-gateway/PeerGateway] 	disconnecting gateway for user insp.sharma
2026.08.24-14:59:57.745[32m info [39m [caliper] [connectors/peer-gateway/PeerGateway] 	disconnecting gateway for user _AuditMSP_aud.qureshi
2026.08.24-14:59:57.745[32m info [39m [caliper] [connectors/peer-gateway/PeerGateway] 	disconnecting gRpc client at peer PoliceMSP_localhost:7051
2026.08.24-14:59:57.745[32m info [39m [caliper] [connectors/peer-gateway/PeerGateway] 	disconnecting gRpc client at peer AuditMSP_localhost:11051
2026.08.24-14:59:57.745[32m info [39m [caliper] [caliper-worker] 	Info: worker 0 prepare test phase for round 2 is completed
2026.08.24-14:59:57.745[32m info [39m [caliper] [worker-message-handler] 	Worker#0 prepared for Round#2
2026.08.24-14:59:57.745[32m info [39m [caliper] [connectors/peer-gateway/PeerGateway] 	disconnecting gateway for user io.krishnan
2026.08.24-14:59:57.745[32m info [39m [caliper] [connectors/peer-gateway/PeerGateway] 	disconnecting gateway for user insp.rathore
2026.08.24-14:59:57.745[32m info [39m [caliper] [connectors/peer-gateway/PeerGateway] 	disconnecting gateway for user insp.singh
2026.08.24-14:59:57.745[32m info [39m [caliper] [connectors/peer-gateway/PeerGateway] 	disconnecting gateway for user io.krishnan
2026.08.24-14:59:57.745[32m info [39m [caliper] [connectors/peer-gateway/PeerGateway] 	disconnecting gateway for user const.verma
2026.08.24-14:59:57.745[32m info [39m [caliper] [connectors/peer-gateway/PeerGateway] 	disconnecting gateway for user insp.sharma
2026.08.24-14:59:57.745[32m info [39m [caliper] [connectors/peer-gateway/PeerGateway] 	disconnecting gateway for user _AuditMSP_aud.qureshi
2026.08.24-14:59:57.745[32m info [39m [caliper] [connectors/peer-gateway/PeerGateway] 	disconnecting gRpc client at peer PoliceMSP_localhost:7051
2026.08.24-14:59:57.745[32m info [39m [caliper] [connectors/peer-gateway/PeerGateway] 	disconnecting gateway for user insp.rathore
2026.08.24-14:59:57.746[32m info [39m [caliper] [connectors/peer-gateway/PeerGateway] 	disconnecting gateway for user insp.singh
2026.08.24-14:59:57.746[32m info [39m [caliper] [connectors/peer-gateway/PeerGateway] 	disconnecting gateway for user const.verma
2026.08.24-14:59:57.746[32m info [39m [caliper] [connectors/peer-gateway/PeerGateway] 	disconnecting gateway for user insp.sharma
2026.08.24-14:59:57.746[32m info [39m [caliper] [connectors/peer-gateway/PeerGateway] 	disconnecting gateway for user _AuditMSP_aud.qureshi
2026.08.24-14:59:57.746[32m info [39m [caliper] [connectors/peer-gateway/PeerGateway] 	disconnecting gRpc client at peer AuditMSP_localhost:11051
2026.08.24-14:59:57.746[32m info [39m [caliper] [connectors/peer-gateway/PeerGateway] 	disconnecting gRpc client at peer PoliceMSP_localhost:7051
2026.08.24-14:59:57.746[32m info [39m [caliper] [caliper-worker] 	Info: worker 3 prepare test phase for round 2 is completed
2026.08.24-14:59:57.746[32m info [39m [caliper] [worker-message-handler] 	Worker#3 prepared for Round#2
2026.08.24-14:59:57.746[32m info [39m [caliper] [connectors/peer-gateway/PeerGateway] 	disconnecting gateway for user io.krishnan
2026.08.24-14:59:57.746[32m info [39m [caliper] [connectors/peer-gateway/PeerGateway] 	disconnecting gateway for user insp.rathore
2026.08.24-14:59:57.746[32m info [39m [caliper] [connectors/peer-gateway/PeerGateway] 	disconnecting gRpc client at peer AuditMSP_localhost:11051
2026.08.24-14:59:57.746[32m info [39m [caliper] [connectors/peer-gateway/PeerGateway] 	disconnecting gateway for user insp.singh
2026.08.24-14:59:57.746[32m info [39m [caliper] [connectors/peer-gateway/PeerGateway] 	disconnecting gateway for user const.verma
2026.08.24-14:59:57.746[32m info [39m [caliper] [caliper-worker] 	Info: worker 2 prepare test phase for round 2 is completed
2026.08.24-14:59:57.746[32m info [39m [caliper] [connectors/peer-gateway/PeerGateway] 	disconnecting gateway for user insp.sharma
2026.08.24-14:59:57.746[32m info [39m [caliper] [worker-message-handler] 	Worker#2 prepared for Round#2
2026.08.24-14:59:57.746[32m info [39m [caliper] [connectors/peer-gateway/PeerGateway] 	disconnecting gateway for user _AuditMSP_aud.qureshi
2026.08.24-14:59:57.746[32m info [39m [caliper] [connectors/peer-gateway/PeerGateway] 	disconnecting gRpc client at peer PoliceMSP_localhost:7051
2026.08.24-14:59:57.746[32m info [39m [caliper] [connectors/peer-gateway/PeerGateway] 	disconnecting gRpc client at peer AuditMSP_localhost:11051
2026.08.24-14:59:57.746[32m info [39m [caliper] [caliper-worker] 	Info: worker 1 prepare test phase for round 2 is completed
2026.08.24-14:59:57.746[32m info [39m [caliper] [worker-message-handler] 	Worker#1 prepared for Round#2
2026.08.24-14:59:57.747[32m info [39m [caliper] [worker-orchestrator] 	4 workers prepared, progressing to test phase.
2026.08.24-14:59:59.906[31m error[39m [caliper] [monitor-docker] 	Error reading monitor statistics: TypeError: Cannot read properties of null (reading 'length')
2026.08.24-14:59:59.906[32m info [39m [caliper] [round-orchestrator] 	Monitors successfully started
2026.08.24-14:59:59.907[32m info [39m [caliper] [worker-message-handler] 	Worker#0 is starting Round#2
2026.08.24-14:59:59.907[32m info [39m [caliper] [worker-message-handler] 	Worker#1 is starting Round#2
2026.08.24-14:59:59.908[32m info [39m [caliper] [worker-message-handler] 	Worker#2 is starting Round#2
2026.08.24-14:59:59.909[32m info [39m [caliper] [worker-message-handler] 	Worker#3 is starting Round#2
2026.08.24-14:59:59.912[32m info [39m [caliper] [connectors/peer-gateway/PeerGateway] 	Generating contract map for user io.krishnan
2026.08.24-14:59:59.912[32m info [39m [caliper] [connectors/peer-gateway/PeerGateway] 	Generating contract map for user io.krishnan
2026.08.24-14:59:59.912[32m info [39m [caliper] [connectors/peer-gateway/PeerGateway] 	Generating contract map for user io.krishnan
2026.08.24-14:59:59.912[32m info [39m [caliper] [connectors/peer-gateway/PeerGateway] 	Generating contract map for user io.krishnan
2026.08.24-14:59:59.912[32m info [39m [caliper] [connectors/peer-gateway/PeerGateway] 	Generating contract map for user insp.rathore
2026.08.24-14:59:59.912[32m info [39m [caliper] [connectors/peer-gateway/PeerGateway] 	Generating contract map for user insp.rathore
2026.08.24-14:59:59.912[32m info [39m [caliper] [connectors/peer-gateway/PeerGateway] 	Generating contract map for user insp.rathore
2026.08.24-14:59:59.912[32m info [39m [caliper] [connectors/peer-gateway/PeerGateway] 	Generating contract map for user insp.rathore
2026.08.24-14:59:59.912[32m info [39m [caliper] [connectors/peer-gateway/PeerGateway] 	Generating contract map for user insp.singh
2026.08.24-14:59:59.912[32m info [39m [caliper] [connectors/peer-gateway/PeerGateway] 	Generating contract map for user insp.singh
2026.08.24-14:59:59.912[32m info [39m [caliper] [connectors/peer-gateway/PeerGateway] 	Generating contract map for user insp.singh
2026.08.24-14:59:59.912[32m info [39m [caliper] [connectors/peer-gateway/PeerGateway] 	Generating contract map for user insp.singh
2026.08.24-14:59:59.913[32m info [39m [caliper] [connectors/peer-gateway/PeerGateway] 	Generating contract map for user const.verma
2026.08.24-14:59:59.913[32m info [39m [caliper] [connectors/peer-gateway/PeerGateway] 	Generating contract map for user const.verma
2026.08.24-14:59:59.913[32m info [39m [caliper] [connectors/peer-gateway/PeerGateway] 	Generating contract map for user const.verma
2026.08.24-14:59:59.913[32m info [39m [caliper] [connectors/peer-gateway/PeerGateway] 	Generating contract map for user insp.sharma
2026.08.24-14:59:59.913[32m info [39m [caliper] [connectors/peer-gateway/PeerGateway] 	Generating contract map for user insp.sharma
2026.08.24-14:59:59.913[32m info [39m [caliper] [connectors/peer-gateway/PeerGateway] 	Generating contract map for user insp.sharma
2026.08.24-14:59:59.913[32m info [39m [caliper] [connectors/peer-gateway/PeerGateway] 	Generating contract map for user const.verma
2026.08.24-14:59:59.914[32m info [39m [caliper] [connectors/peer-gateway/PeerGateway] 	Generating contract map for user insp.sharma
2026.08.24-14:59:59.915[32m info [39m [caliper] [connectors/peer-gateway/PeerGateway] 	Generating contract map for user _AuditMSP_aud.qureshi
2026.08.24-14:59:59.915[32m info [39m [caliper] [connectors/peer-gateway/PeerGateway] 	Generating contract map for user _AuditMSP_aud.qureshi
2026.08.24-14:59:59.916[32m info [39m [caliper] [caliper-worker] 	Worker #1 starting workload loop
2026.08.24-14:59:59.916[32m info [39m [caliper] [caliper-worker] 	Worker #0 starting workload loop
2026.08.24-14:59:59.916[32m info [39m [caliper] [connectors/peer-gateway/PeerGateway] 	Generating contract map for user _AuditMSP_aud.qureshi
2026.08.24-14:59:59.916[32m info [39m [caliper] [connectors/peer-gateway/PeerGateway] 	Generating contract map for user _AuditMSP_aud.qureshi
2026.08.24-14:59:59.916[32m info [39m [caliper] [caliper-worker] 	Worker #2 starting workload loop
2026.08.24-14:59:59.916[32m info [39m [caliper] [caliper-worker] 	Worker #3 starting workload loop
2026.08.24-15:00:02.748[32m info [39m [caliper] [default-observer] 	[increasing-load-5-tps Round 2 Transaction Info] - Submitted: 12 Succ: 10 Fail:0 Unfinished:2
2026.08.24-15:00:03.019[31m error[39m [caliper] [monitor-docker] 	Error reading monitor statistics: TypeError: Cannot read properties of null (reading 'length')
2026.08.24-15:00:05.103[31m error[39m [caliper] [monitor-docker] 	Error reading monitor statistics: TypeError: Cannot read properties of null (reading 'length')
2026.08.24-15:00:07.178[31m error[39m [caliper] [monitor-docker] 	Error reading monitor statistics: TypeError: Cannot read properties of null (reading 'length')
2026.08.24-15:00:07.749[32m info [39m [caliper] [default-observer] 	[increasing-load-5-tps Round 2 Transaction Info] - Submitted: 36 Succ: 30 Fail:0 Unfinished:6
2026.08.24-15:00:09.280[31m error[39m [caliper] [monitor-docker] 	Error reading monitor statistics: TypeError: Cannot read properties of null (reading 'length')
2026.08.24-15:00:11.336[31m error[39m [caliper] [monitor-docker] 	Error reading monitor statistics: TypeError: Cannot read properties of null (reading 'length')
2026.08.24-15:00:12.750[32m info [39m [caliper] [default-observer] 	[increasing-load-5-tps Round 2 Transaction Info] - Submitted: 64 Succ: 60 Fail:0 Unfinished:4
2026.08.24-15:00:13.437[31m error[39m [caliper] [monitor-docker] 	Error reading monitor statistics: TypeError: Cannot read properties of null (reading 'length')
2026.08.24-15:00:15.519[31m error[39m [caliper] [monitor-docker] 	Error reading monitor statistics: TypeError: Cannot read properties of null (reading 'length')
2026.08.24-15:00:17.586[31m error[39m [caliper] [monitor-docker] 	Error reading monitor statistics: TypeError: Cannot read properties of null (reading 'length')
2026.08.24-15:00:17.751[32m info [39m [caliper] [default-observer] 	[increasing-load-5-tps Round 2 Transaction Info] - Submitted: 88 Succ: 80 Fail:0 Unfinished:8
2026.08.24-15:00:19.690[31m error[39m [caliper] [monitor-docker] 	Error reading monitor statistics: TypeError: Cannot read properties of null (reading 'length')
2026.08.24-15:00:21.771[31m error[39m [caliper] [monitor-docker] 	Error reading monitor statistics: TypeError: Cannot read properties of null (reading 'length')
2026.08.24-15:00:22.752[32m info [39m [caliper] [default-observer] 	[increasing-load-5-tps Round 2 Transaction Info] - Submitted: 112 Succ: 110 Fail:0 Unfinished:2
2026.08.24-15:00:23.840[31m error[39m [caliper] [monitor-docker] 	Error reading monitor statistics: TypeError: Cannot read properties of null (reading 'length')
2026.08.24-15:00:25.927[31m error[39m [caliper] [monitor-docker] 	Error reading monitor statistics: TypeError: Cannot read properties of null (reading 'length')
2026.08.24-15:00:27.754[32m info [39m [caliper] [default-observer] 	[increasing-load-5-tps Round 2 Transaction Info] - Submitted: 136 Succ: 130 Fail:0 Unfinished:6
2026.08.24-15:00:28.007[31m error[39m [caliper] [monitor-docker] 	Error reading monitor statistics: TypeError: Cannot read properties of null (reading 'length')
2026.08.24-15:00:30.062[31m error[39m [caliper] [monitor-docker] 	Error reading monitor statistics: TypeError: Cannot read properties of null (reading 'length')
2026.08.24-15:00:32.102[31m error[39m [caliper] [monitor-docker] 	Error reading monitor statistics: TypeError: Cannot read properties of null (reading 'length')
2026.08.24-15:00:32.754[32m info [39m [caliper] [default-observer] 	[increasing-load-5-tps Round 2 Transaction Info] - Submitted: 164 Succ: 160 Fail:0 Unfinished:4
2026.08.24-15:00:34.140[31m error[39m [caliper] [monitor-docker] 	Error reading monitor statistics: TypeError: Cannot read properties of null (reading 'length')
2026.08.24-15:00:36.180[31m error[39m [caliper] [monitor-docker] 	Error reading monitor statistics: TypeError: Cannot read properties of null (reading 'length')
2026.08.24-15:00:37.755[32m info [39m [caliper] [default-observer] 	[increasing-load-5-tps Round 2 Transaction Info] - Submitted: 188 Succ: 180 Fail:0 Unfinished:8
2026.08.24-15:00:38.216[31m error[39m [caliper] [monitor-docker] 	Error reading monitor statistics: TypeError: Cannot read properties of null (reading 'length')
2026.08.24-15:00:40.253[31m error[39m [caliper] [monitor-docker] 	Error reading monitor statistics: TypeError: Cannot read properties of null (reading 'length')
2026.08.24-15:00:42.291[31m error[39m [caliper] [monitor-docker] 	Error reading monitor statistics: TypeError: Cannot read properties of null (reading 'length')
2026.08.24-15:00:42.757[32m info [39m [caliper] [default-observer] 	[increasing-load-5-tps Round 2 Transaction Info] - Submitted: 212 Succ: 210 Fail:0 Unfinished:2
2026.08.24-15:00:44.366[31m error[39m [caliper] [monitor-docker] 	Error reading monitor statistics: TypeError: Cannot read properties of null (reading 'length')
2026.08.24-15:00:46.443[31m error[39m [caliper] [monitor-docker] 	Error reading monitor statistics: TypeError: Cannot read properties of null (reading 'length')
2026.08.24-15:00:47.757[32m info [39m [caliper] [default-observer] 	[increasing-load-5-tps Round 2 Transaction Info] - Submitted: 236 Succ: 230 Fail:0 Unfinished:6
2026.08.24-15:00:48.484[31m error[39m [caliper] [monitor-docker] 	Error reading monitor statistics: TypeError: Cannot read properties of null (reading 'length')
2026.08.24-15:00:50.582[31m error[39m [caliper] [monitor-docker] 	Error reading monitor statistics: TypeError: Cannot read properties of null (reading 'length')
2026.08.24-15:00:52.678[31m error[39m [caliper] [monitor-docker] 	Error reading monitor statistics: TypeError: Cannot read properties of null (reading 'length')
2026.08.24-15:00:52.759[32m info [39m [caliper] [default-observer] 	[increasing-load-5-tps Round 2 Transaction Info] - Submitted: 264 Succ: 260 Fail:0 Unfinished:4
2026.08.24-15:00:54.754[31m error[39m [caliper] [monitor-docker] 	Error reading monitor statistics: TypeError: Cannot read properties of null (reading 'length')
2026.08.24-15:00:56.827[31m error[39m [caliper] [monitor-docker] 	Error reading monitor statistics: TypeError: Cannot read properties of null (reading 'length')
2026.08.24-15:00:57.760[32m info [39m [caliper] [default-observer] 	[increasing-load-5-tps Round 2 Transaction Info] - Submitted: 288 Succ: 280 Fail:0 Unfinished:8
2026.08.24-15:00:58.914[31m error[39m [caliper] [monitor-docker] 	Error reading monitor statistics: TypeError: Cannot read properties of null (reading 'length')
2026.08.24-15:01:00.989[31m error[39m [caliper] [monitor-docker] 	Error reading monitor statistics: TypeError: Cannot read properties of null (reading 'length')
2026.08.24-15:01:02.761[32m info [39m [caliper] [default-observer] 	[increasing-load-5-tps Round 2 Transaction Info] - Submitted: 304 Succ: 304 Fail:0 Unfinished:0
2026.08.24-15:01:03.028[31m error[39m [caliper] [monitor-docker] 	Error reading monitor statistics: TypeError: Cannot read properties of null (reading 'length')
2026.08.24-15:01:03.142[32m info [39m [caliper] [connectors/peer-gateway/PeerGateway] 	disconnecting gateway for user io.krishnan
2026.08.24-15:01:03.142[32m info [39m [caliper] [connectors/peer-gateway/PeerGateway] 	disconnecting gateway for user insp.rathore
2026.08.24-15:01:03.142[32m info [39m [caliper] [connectors/peer-gateway/PeerGateway] 	disconnecting gateway for user insp.singh
2026.08.24-15:01:03.142[32m info [39m [caliper] [connectors/peer-gateway/PeerGateway] 	disconnecting gateway for user const.verma
2026.08.24-15:01:03.142[32m info [39m [caliper] [connectors/peer-gateway/PeerGateway] 	disconnecting gateway for user insp.sharma
2026.08.24-15:01:03.142[32m info [39m [caliper] [connectors/peer-gateway/PeerGateway] 	disconnecting gateway for user _AuditMSP_aud.qureshi
2026.08.24-15:01:03.142[32m info [39m [caliper] [connectors/peer-gateway/PeerGateway] 	disconnecting gRpc client at peer PoliceMSP_localhost:7051
2026.08.24-15:01:03.143[32m info [39m [caliper] [connectors/peer-gateway/PeerGateway] 	disconnecting gRpc client at peer AuditMSP_localhost:11051
2026.08.24-15:01:03.143[32m info [39m [caliper] [worker-message-handler] 	Worker#1 finished Round#2
2026.08.24-15:01:03.143[32m info [39m [caliper] [connectors/peer-gateway/PeerGateway] 	disconnecting gateway for user io.krishnan
2026.08.24-15:01:03.143[32m info [39m [caliper] [connectors/peer-gateway/PeerGateway] 	disconnecting gateway for user insp.rathore
2026.08.24-15:01:03.143[32m info [39m [caliper] [connectors/peer-gateway/PeerGateway] 	disconnecting gateway for user insp.singh
2026.08.24-15:01:03.143[32m info [39m [caliper] [connectors/peer-gateway/PeerGateway] 	disconnecting gateway for user const.verma
2026.08.24-15:01:03.143[32m info [39m [caliper] [connectors/peer-gateway/PeerGateway] 	disconnecting gateway for user insp.sharma
2026.08.24-15:01:03.143[32m info [39m [caliper] [connectors/peer-gateway/PeerGateway] 	disconnecting gateway for user _AuditMSP_aud.qureshi
2026.08.24-15:01:03.143[32m info [39m [caliper] [connectors/peer-gateway/PeerGateway] 	disconnecting gRpc client at peer PoliceMSP_localhost:7051
2026.08.24-15:01:03.144[32m info [39m [caliper] [connectors/peer-gateway/PeerGateway] 	disconnecting gRpc client at peer AuditMSP_localhost:11051
2026.08.24-15:01:03.144[32m info [39m [caliper] [worker-message-handler] 	Worker#3 finished Round#2
2026.08.24-15:01:03.241[32m info [39m [caliper] [connectors/peer-gateway/PeerGateway] 	disconnecting gateway for user io.krishnan
2026.08.24-15:01:03.241[32m info [39m [caliper] [connectors/peer-gateway/PeerGateway] 	disconnecting gateway for user io.krishnan
2026.08.24-15:01:03.241[32m info [39m [caliper] [connectors/peer-gateway/PeerGateway] 	disconnecting gateway for user insp.rathore
2026.08.24-15:01:03.241[32m info [39m [caliper] [connectors/peer-gateway/PeerGateway] 	disconnecting gateway for user insp.rathore
2026.08.24-15:01:03.241[32m info [39m [caliper] [connectors/peer-gateway/PeerGateway] 	disconnecting gateway for user insp.singh
2026.08.24-15:01:03.241[32m info [39m [caliper] [connectors/peer-gateway/PeerGateway] 	disconnecting gateway for user insp.singh
2026.08.24-15:01:03.241[32m info [39m [caliper] [connectors/peer-gateway/PeerGateway] 	disconnecting gateway for user const.verma
2026.08.24-15:01:03.241[32m info [39m [caliper] [connectors/peer-gateway/PeerGateway] 	disconnecting gateway for user const.verma
2026.08.24-15:01:03.241[32m info [39m [caliper] [connectors/peer-gateway/PeerGateway] 	disconnecting gateway for user insp.sharma
2026.08.24-15:01:03.241[32m info [39m [caliper] [connectors/peer-gateway/PeerGateway] 	disconnecting gateway for user insp.sharma
2026.08.24-15:01:03.241[32m info [39m [caliper] [connectors/peer-gateway/PeerGateway] 	disconnecting gateway for user _AuditMSP_aud.qureshi
2026.08.24-15:01:03.241[32m info [39m [caliper] [connectors/peer-gateway/PeerGateway] 	disconnecting gateway for user _AuditMSP_aud.qureshi
2026.08.24-15:01:03.241[32m info [39m [caliper] [connectors/peer-gateway/PeerGateway] 	disconnecting gRpc client at peer PoliceMSP_localhost:7051
2026.08.24-15:01:03.241[32m info [39m [caliper] [connectors/peer-gateway/PeerGateway] 	disconnecting gRpc client at peer PoliceMSP_localhost:7051
2026.08.24-15:01:03.241[32m info [39m [caliper] [connectors/peer-gateway/PeerGateway] 	disconnecting gRpc client at peer AuditMSP_localhost:11051
2026.08.24-15:01:03.241[32m info [39m [caliper] [connectors/peer-gateway/PeerGateway] 	disconnecting gRpc client at peer AuditMSP_localhost:11051
2026.08.24-15:01:03.241[32m info [39m [caliper] [worker-message-handler] 	Worker#0 finished Round#2
2026.08.24-15:01:03.241[32m info [39m [caliper] [worker-message-handler] 	Worker#2 finished Round#2
2026.08.24-15:01:05.063[31m error[39m [caliper] [monitor-docker] 	Error reading monitor statistics: TypeError: Cannot read properties of null (reading 'length')
2026.08.24-15:01:07.101[31m error[39m [caliper] [monitor-docker] 	Error reading monitor statistics: TypeError: Cannot read properties of null (reading 'length')
2026.08.24-15:01:08.243[32m info [39m [caliper] [default-observer] 	Resetting txCount indicator count
2026.08.24-15:01:08.244[32m info [39m [caliper] [report-builder] 	### Test result ###
2026.08.24-15:01:08.245[32m info [39m [caliper] [report-builder] 	
+-----------------------+------+------+-----------------+-----------------+-----------------+-----------------+------------------+
| Name                  | Succ | Fail | Send Rate (TPS) | Max Latency (s) | Min Latency (s) | Avg Latency (s) | Throughput (TPS) |
|-----------------------|------|------|-----------------|-----------------|-----------------|-----------------|------------------|
| increasing-load-5-tps | 304  | 0    | 5.1             | 2.22            | 0.04            | 0.90            | 4.9              |
+-----------------------+------+------+-----------------+-----------------+-----------------+-----------------+------------------+

2026.08.24-15:01:08.250[32m info [39m [caliper] [report-builder] 	### docker resource stats ###'
2026.08.24-15:01:08.253[32m info [39m [caliper] [report-builder] 	
+----------------------------------------------------------------------------------------------------------------------+-----------+-----------+------------------+------------------+-----------------+------------------+-----------------+---------------+
| Name                                                                                                                 | CPU%(max) | CPU%(avg) | Memory(max) [MB] | Memory(avg) [MB] | Traffic In [MB] | Traffic Out [MB] | Disc Write [MB] | Disc Read [B] |
|----------------------------------------------------------------------------------------------------------------------|-----------|-----------|------------------|------------------|-----------------|------------------|-----------------|---------------|
| /caliper-prometheus                                                                                                  | 0.01375   | 0.00625   | 44.6             | 42.7             | 0.841           | 0.0601           | 0.578           | 0.00          |
|----------------------------------------------------------------------------------------------------------------------|-----------|-----------|------------------|------------------|-----------------|------------------|-----------------|---------------|
| /dev-peer0.forensics.example.com-crimerecords_2.3-97784f7fb69353014f85563171b6ed3e2b9c6a32f1c765c7e59f0979532de512   | 0.046875  | 0.005625  | 60.4             | 55.9             | 0.825           | 0.662            | 0.00            | 0.00          |
|----------------------------------------------------------------------------------------------------------------------|-----------|-----------|------------------|------------------|-----------------|------------------|-----------------|---------------|
| /dev-peer0.police.example.com-crimerecords_2.3-97784f7fb69353014f85563171b6ed3e2b9c6a32f1c765c7e59f0979532de512      | 0.0325    | 0.0125    | 62.6             | 62.3             | 1.91            | 1.49             | 0.00            | 0.00          |
|----------------------------------------------------------------------------------------------------------------------|-----------|-----------|------------------|------------------|-----------------|------------------|-----------------|---------------|
| /dev-peer0.prosecution.example.com-crimerecords_2.3-97784f7fb69353014f85563171b6ed3e2b9c6a32f1c765c7e59f0979532de512 | 0.03875   | 0.005625  | 61.1             | 57.2             | 0.848           | 0.681            | 0.00            | 0.00          |
|----------------------------------------------------------------------------------------------------------------------|-----------|-----------|------------------|------------------|-----------------|------------------|-----------------|---------------|
| /dev-peer0.audit.example.com-crimerecords_2.3-97784f7fb69353014f85563171b6ed3e2b9c6a32f1c765c7e59f0979532de512       | 0.014375  | 0.005625  | 58.1             | 56.4             | 0.999           | 0.802            | 0.00            | 0.00          |
|----------------------------------------------------------------------------------------------------------------------|-----------|-----------|------------------|------------------|-----------------|------------------|-----------------|---------------|
| /dev-peer0.court.example.com-crimerecords_2.3-97784f7fb69353014f85563171b6ed3e2b9c6a32f1c765c7e59f0979532de512       | 0.026875  | 0.00625   | 56.3             | 55.5             | 0.896           | 0.720            | 0.00            | 0.00          |
|----------------------------------------------------------------------------------------------------------------------|-----------|-----------|------------------|------------------|-----------------|------------------|-----------------|---------------|
| /peer0.audit.example.com                                                                                             | 0.050625  | 0.024375  | 101              | 99.7             | 4.57            | 3.18             | 3.42            | 0.00          |
|----------------------------------------------------------------------------------------------------------------------|-----------|-----------|------------------|------------------|-----------------|------------------|-----------------|---------------|
| /peer0.court.example.com                                                                                             | 0.05125   | 0.02375   | 102              | 101              | 4.44            | 2.97             | 3.42            | 0.00          |
|----------------------------------------------------------------------------------------------------------------------|-----------|-----------|------------------|------------------|-----------------|------------------|-----------------|---------------|
| /peer0.prosecution.example.com                                                                                       | 0.05      | 0.024375  | 97.0             | 96.2             | 4.40            | 2.87             | 3.42            | 0.00          |
|----------------------------------------------------------------------------------------------------------------------|-----------|-----------|------------------|------------------|-----------------|------------------|-----------------|---------------|
| /peer0.police.example.com                                                                                            | 0.109375  | 0.044375  | 103              | 102              | 12.7            | 10.4             | 3.42            | 0.00          |
|----------------------------------------------------------------------------------------------------------------------|-----------|-----------|------------------|------------------|-----------------|------------------|-----------------|---------------|
| /peer0.forensics.example.com                                                                                         | 0.058125  | 0.025     | 99.6             | 99.4             | 4.37            | 2.84             | 3.42            | 0.00          |
|----------------------------------------------------------------------------------------------------------------------|-----------|-----------|------------------|------------------|-----------------|------------------|-----------------|---------------|
| /couchdb-audit                                                                                                       | 0.035     | 0.015625  | 69.3             | 69.0             | 0.681           | 0.238            | 2.77            | 0.00          |
|----------------------------------------------------------------------------------------------------------------------|-----------|-----------|------------------|------------------|-----------------|------------------|-----------------|---------------|
| /couchdb-court                                                                                                       | 0.03625   | 0.015625  | 71.1             | 70.8             | 0.681           | 0.238            | 2.77            | 0.00          |
|----------------------------------------------------------------------------------------------------------------------|-----------|-----------|------------------|------------------|-----------------|------------------|-----------------|---------------|
| /couchdb-prosecution                                                                                                 | 0.035     | 0.015625  | 70.9             | 70.2             | 0.682           | 0.238            | 2.77            | 0.00          |
|----------------------------------------------------------------------------------------------------------------------|-----------|-----------|------------------|------------------|-----------------|------------------|-----------------|---------------|
| /couchdb-forensics                                                                                                   | 0.035625  | 0.01625   | 70.3             | 69.9             | 0.681           | 0.238            | 2.77            | 0.00          |
|----------------------------------------------------------------------------------------------------------------------|-----------|-----------|------------------|------------------|-----------------|------------------|-----------------|---------------|
| /couchdb-police                                                                                                      | 0.215625  | 0.10625   | 73.6             | 72.3             | 0.709           | 0.334            | 2.77            | 0.00          |
|----------------------------------------------------------------------------------------------------------------------|-----------|-----------|------------------|------------------|-----------------|------------------|-----------------|---------------|
| /orderer.example.com                                                                                                 | 0.0125    | 0.005625  | 66.8             | 64.1             | 3.01            | 14.4             | 5.97            | 0.00          |
|----------------------------------------------------------------------------------------------------------------------|-----------|-----------|------------------|------------------|-----------------|------------------|-----------------|---------------|
| /ca_police                                                                                                           | 0         | 0         | 9.37             | 9.37             | 0.00            | 0.00             | -               | -             |
|----------------------------------------------------------------------------------------------------------------------|-----------|-----------|------------------|------------------|-----------------|------------------|-----------------|---------------|
| /ca_forensics                                                                                                        | NaN       | NaN       | -                | -                | -               | -                | -               | -             |
|----------------------------------------------------------------------------------------------------------------------|-----------|-----------|------------------|------------------|-----------------|------------------|-----------------|---------------|
| /ca_orderer                                                                                                          | NaN       | NaN       | -                | -                | -               | -                | -               | -             |
|----------------------------------------------------------------------------------------------------------------------|-----------|-----------|------------------|------------------|-----------------|------------------|-----------------|---------------|
| /ca_court                                                                                                            | NaN       | NaN       | -                | -                | -               | -                | -               | -             |
|----------------------------------------------------------------------------------------------------------------------|-----------|-----------|------------------|------------------|-----------------|------------------|-----------------|---------------|
| /ca_audit                                                                                                            | NaN       | NaN       | -                | -                | -               | -                | -               | -             |
|----------------------------------------------------------------------------------------------------------------------|-----------|-----------|------------------|------------------|-----------------|------------------|-----------------|---------------|
| /ca_prosecution                                                                                                      | NaN       | NaN       | -                | -                | -               | -                | -               | -             |
+----------------------------------------------------------------------------------------------------------------------+-----------+-----------+------------------+------------------+-----------------+------------------+-----------------+---------------+

2026.08.24-15:01:08.267[32m info [39m [caliper] [report-builder] 	### prometheus resource stats ###'
2026.08.24-15:01:08.268[32m info [39m [caliper] [report-builder] 	
+--------------------------------------------------+-------------------------------------------------------------------------------------------------------------------------------------------------------------------------------------------------------------------------------------------------------------------------------------------------+------------------------------------+---------+
| Metric                                           | Prometheus Query                                                                                                                                                                                                                                                                                | Name                               | Value   |
|--------------------------------------------------|-------------------------------------------------------------------------------------------------------------------------------------------------------------------------------------------------------------------------------------------------------------------------------------------------|------------------------------------|---------|
| Process resident memory (MiB, max)               | process_resident_memory_bytes{job=~"fabric-.*"}                                                                                                                                                                                                                                                 | orderer.example.com:9443           | 86.8    |
|--------------------------------------------------|-------------------------------------------------------------------------------------------------------------------------------------------------------------------------------------------------------------------------------------------------------------------------------------------------|------------------------------------|---------|
|                                                  |                                                                                                                                                                                                                                                                                                 | peer0.audit.example.com:9448       | 132     |
|--------------------------------------------------|-------------------------------------------------------------------------------------------------------------------------------------------------------------------------------------------------------------------------------------------------------------------------------------------------|------------------------------------|---------|
|                                                  |                                                                                                                                                                                                                                                                                                 | peer0.court.example.com:9447       | 133     |
|--------------------------------------------------|-------------------------------------------------------------------------------------------------------------------------------------------------------------------------------------------------------------------------------------------------------------------------------------------------|------------------------------------|---------|
|                                                  |                                                                                                                                                                                                                                                                                                 | peer0.forensics.example.com:9445   | 131     |
|--------------------------------------------------|-------------------------------------------------------------------------------------------------------------------------------------------------------------------------------------------------------------------------------------------------------------------------------------------------|------------------------------------|---------|
|                                                  |                                                                                                                                                                                                                                                                                                 | peer0.police.example.com:9444      | 134     |
|--------------------------------------------------|-------------------------------------------------------------------------------------------------------------------------------------------------------------------------------------------------------------------------------------------------------------------------------------------------|------------------------------------|---------|
|                                                  |                                                                                                                                                                                                                                                                                                 | peer0.prosecution.example.com:9446 | 128     |
|--------------------------------------------------|-------------------------------------------------------------------------------------------------------------------------------------------------------------------------------------------------------------------------------------------------------------------------------------------------|------------------------------------|---------|
| Process CPU rate (percent, max)                  | rate(process_cpu_seconds_total{job=~"fabric-.*"}[1m])                                                                                                                                                                                                                                           | orderer.example.com:9443           | 0.891   |
|--------------------------------------------------|-------------------------------------------------------------------------------------------------------------------------------------------------------------------------------------------------------------------------------------------------------------------------------------------------|------------------------------------|---------|
|                                                  |                                                                                                                                                                                                                                                                                                 | peer0.audit.example.com:9448       | 4.07    |
|--------------------------------------------------|-------------------------------------------------------------------------------------------------------------------------------------------------------------------------------------------------------------------------------------------------------------------------------------------------|------------------------------------|---------|
|                                                  |                                                                                                                                                                                                                                                                                                 | peer0.court.example.com:9447       | 3.89    |
|--------------------------------------------------|-------------------------------------------------------------------------------------------------------------------------------------------------------------------------------------------------------------------------------------------------------------------------------------------------|------------------------------------|---------|
|                                                  |                                                                                                                                                                                                                                                                                                 | peer0.forensics.example.com:9445   | 4.27    |
|--------------------------------------------------|-------------------------------------------------------------------------------------------------------------------------------------------------------------------------------------------------------------------------------------------------------------------------------------------------|------------------------------------|---------|
|                                                  |                                                                                                                                                                                                                                                                                                 | peer0.police.example.com:9444      | 6.76    |
|--------------------------------------------------|-------------------------------------------------------------------------------------------------------------------------------------------------------------------------------------------------------------------------------------------------------------------------------------------------|------------------------------------|---------|
|                                                  |                                                                                                                                                                                                                                                                                                 | peer0.prosecution.example.com:9446 | 4.07    |
|--------------------------------------------------|-------------------------------------------------------------------------------------------------------------------------------------------------------------------------------------------------------------------------------------------------------------------------------------------------|------------------------------------|---------|
| Crimerecords endorsement duration (seconds, avg) | sum by (instance) (rate(endorser_proposal_duration_sum{job=~"fabric-.*",channel="crimechannel",chaincode="crimerecords",success="true"}[1m])) / sum by (instance) (rate(endorser_proposal_duration_count{job=~"fabric-.*",channel="crimechannel",chaincode="crimerecords",success="true"}[1m])) | peer0.audit.example.com:9448       | 0.00856 |
|--------------------------------------------------|-------------------------------------------------------------------------------------------------------------------------------------------------------------------------------------------------------------------------------------------------------------------------------------------------|------------------------------------|---------|
|                                                  |                                                                                                                                                                                                                                                                                                 | peer0.court.example.com:9447       | 0.00873 |
|--------------------------------------------------|-------------------------------------------------------------------------------------------------------------------------------------------------------------------------------------------------------------------------------------------------------------------------------------------------|------------------------------------|---------|
|                                                  |                                                                                                                                                                                                                                                                                                 | peer0.forensics.example.com:9445   | 0.00832 |
|--------------------------------------------------|-------------------------------------------------------------------------------------------------------------------------------------------------------------------------------------------------------------------------------------------------------------------------------------------------|------------------------------------|---------|
|                                                  |                                                                                                                                                                                                                                                                                                 | peer0.police.example.com:9444      | 0.0307  |
|--------------------------------------------------|-------------------------------------------------------------------------------------------------------------------------------------------------------------------------------------------------------------------------------------------------------------------------------------------------|------------------------------------|---------|
|                                                  |                                                                                                                                                                                                                                                                                                 | peer0.prosecution.example.com:9446 | 0.00840 |
|--------------------------------------------------|-------------------------------------------------------------------------------------------------------------------------------------------------------------------------------------------------------------------------------------------------------------------------------------------------|------------------------------------|---------|
| Ledger height (blocks, max)                      | ledger_blockchain_height{job=~"fabric-.*",channel="crimechannel"}                                                                                                                                                                                                                               | orderer.example.com:9443           | 177     |
|--------------------------------------------------|-------------------------------------------------------------------------------------------------------------------------------------------------------------------------------------------------------------------------------------------------------------------------------------------------|------------------------------------|---------|
|                                                  |                                                                                                                                                                                                                                                                                                 | peer0.audit.example.com:9448       | 177     |
|--------------------------------------------------|-------------------------------------------------------------------------------------------------------------------------------------------------------------------------------------------------------------------------------------------------------------------------------------------------|------------------------------------|---------|
|                                                  |                                                                                                                                                                                                                                                                                                 | peer0.court.example.com:9447       | 177     |
|--------------------------------------------------|-------------------------------------------------------------------------------------------------------------------------------------------------------------------------------------------------------------------------------------------------------------------------------------------------|------------------------------------|---------|
|                                                  |                                                                                                                                                                                                                                                                                                 | peer0.forensics.example.com:9445   | 177     |
|--------------------------------------------------|-------------------------------------------------------------------------------------------------------------------------------------------------------------------------------------------------------------------------------------------------------------------------------------------------|------------------------------------|---------|
|                                                  |                                                                                                                                                                                                                                                                                                 | peer0.police.example.com:9444      | 177     |
|--------------------------------------------------|-------------------------------------------------------------------------------------------------------------------------------------------------------------------------------------------------------------------------------------------------------------------------------------------------|------------------------------------|---------|
|                                                  |                                                                                                                                                                                                                                                                                                 | peer0.prosecution.example.com:9446 | 177     |
+--------------------------------------------------+-------------------------------------------------------------------------------------------------------------------------------------------------------------------------------------------------------------------------------------------------------------------------------------------------+------------------------------------+---------+

2026.08.24-15:01:08.268[32m info [39m [caliper] [round-orchestrator] 	Finished round 3 (increasing-load-5-tps) in 62.323 seconds
2026.08.24-15:01:08.268[32m info [39m [caliper] [monitor.js] 	Stopping all monitors
2026.08.24-15:01:08.369[32m info [39m [caliper] [round-orchestrator] 	Waiting 5 seconds for the next round...
2026.08.24-15:01:13.370[32m info [39m [caliper] [round-orchestrator] 	Started round 4 (increasing-load-10-tps)
2026.08.24-15:01:13.372[32m info [39m [caliper] [worker-message-handler] 	Preparing Worker#0 for Round#3
2026.08.24-15:01:13.372[32m info [39m [caliper] [worker-message-handler] 	Preparing Worker#1 for Round#3
2026.08.24-15:01:13.373[32m info [39m [caliper] [worker-message-handler] 	Preparing Worker#2 for Round#3
2026.08.24-15:01:13.373[32m info [39m [caliper] [worker-message-handler] 	Preparing Worker#3 for Round#3
2026.08.24-15:01:13.382[32m info [39m [caliper] [connectors/peer-gateway/PeerGateway] 	Generating contract map for user io.krishnan
2026.08.24-15:01:13.382[32m info [39m [caliper] [connectors/peer-gateway/PeerGateway] 	Generating contract map for user io.krishnan
2026.08.24-15:01:13.382[32m info [39m [caliper] [connectors/peer-gateway/PeerGateway] 	Generating contract map for user insp.rathore
2026.08.24-15:01:13.382[32m info [39m [caliper] [connectors/peer-gateway/PeerGateway] 	Generating contract map for user insp.rathore
2026.08.24-15:01:13.382[32m info [39m [caliper] [connectors/peer-gateway/PeerGateway] 	Generating contract map for user io.krishnan
2026.08.24-15:01:13.382[32m info [39m [caliper] [connectors/peer-gateway/PeerGateway] 	Generating contract map for user insp.singh
2026.08.24-15:01:13.383[32m info [39m [caliper] [connectors/peer-gateway/PeerGateway] 	Generating contract map for user insp.singh
2026.08.24-15:01:13.383[32m info [39m [caliper] [connectors/peer-gateway/PeerGateway] 	Generating contract map for user insp.rathore
2026.08.24-15:01:13.383[32m info [39m [caliper] [connectors/peer-gateway/PeerGateway] 	Generating contract map for user const.verma
2026.08.24-15:01:13.383[32m info [39m [caliper] [connectors/peer-gateway/PeerGateway] 	Generating contract map for user io.krishnan
2026.08.24-15:01:13.383[32m info [39m [caliper] [connectors/peer-gateway/PeerGateway] 	Generating contract map for user insp.sharma
2026.08.24-15:01:13.383[32m info [39m [caliper] [connectors/peer-gateway/PeerGateway] 	Generating contract map for user insp.singh
2026.08.24-15:01:13.383[32m info [39m [caliper] [connectors/peer-gateway/PeerGateway] 	Generating contract map for user const.verma
2026.08.24-15:01:13.383[32m info [39m [caliper] [connectors/peer-gateway/PeerGateway] 	Generating contract map for user insp.rathore
2026.08.24-15:01:13.384[32m info [39m [caliper] [connectors/peer-gateway/PeerGateway] 	Generating contract map for user const.verma
2026.08.24-15:01:13.384[32m info [39m [caliper] [connectors/peer-gateway/PeerGateway] 	Generating contract map for user insp.singh
2026.08.24-15:01:13.384[32m info [39m [caliper] [connectors/peer-gateway/PeerGateway] 	Generating contract map for user insp.sharma
2026.08.24-15:01:13.384[32m info [39m [caliper] [connectors/peer-gateway/PeerGateway] 	Generating contract map for user const.verma
2026.08.24-15:01:13.384[32m info [39m [caliper] [connectors/peer-gateway/PeerGateway] 	Generating contract map for user insp.sharma
2026.08.24-15:01:13.385[32m info [39m [caliper] [connectors/peer-gateway/PeerGateway] 	Generating contract map for user insp.sharma
2026.08.24-15:01:13.386[32m info [39m [caliper] [connectors/peer-gateway/PeerGateway] 	Generating contract map for user _AuditMSP_aud.qureshi
2026.08.24-15:01:13.386[32m info [39m [caliper] [caliper-worker] 	Info: worker 0 prepare test phase for round 3 is starting...
2026.08.24-15:01:13.387[32m info [39m [caliper] [connectors/peer-gateway/PeerGateway] 	Generating contract map for user _AuditMSP_aud.qureshi
2026.08.24-15:01:13.387[32m info [39m [caliper] [caliper-worker] 	Info: worker 1 prepare test phase for round 3 is starting...
2026.08.24-15:01:13.387[32m info [39m [caliper] [connectors/peer-gateway/PeerGateway] 	Generating contract map for user _AuditMSP_aud.qureshi
2026.08.24-15:01:13.387[32m info [39m [caliper] [connectors/peer-gateway/PeerGateway] 	Generating contract map for user _AuditMSP_aud.qureshi
2026.08.24-15:01:13.387[32m info [39m [caliper] [caliper-worker] 	Info: worker 3 prepare test phase for round 3 is starting...
2026.08.24-15:01:13.387[32m info [39m [caliper] [caliper-worker] 	Info: worker 2 prepare test phase for round 3 is starting...
2026.08.24-15:01:13.387[32m info [39m [caliper] [connectors/peer-gateway/PeerGateway] 	disconnecting gateway for user io.krishnan
2026.08.24-15:01:13.388[32m info [39m [caliper] [connectors/peer-gateway/PeerGateway] 	disconnecting gateway for user insp.rathore
2026.08.24-15:01:13.388[32m info [39m [caliper] [connectors/peer-gateway/PeerGateway] 	disconnecting gateway for user insp.singh
2026.08.24-15:01:13.388[32m info [39m [caliper] [connectors/peer-gateway/PeerGateway] 	disconnecting gateway for user const.verma
2026.08.24-15:01:13.388[32m info [39m [caliper] [connectors/peer-gateway/PeerGateway] 	disconnecting gateway for user insp.sharma
2026.08.24-15:01:13.388[32m info [39m [caliper] [connectors/peer-gateway/PeerGateway] 	disconnecting gateway for user _AuditMSP_aud.qureshi
2026.08.24-15:01:13.388[32m info [39m [caliper] [connectors/peer-gateway/PeerGateway] 	disconnecting gRpc client at peer PoliceMSP_localhost:7051
2026.08.24-15:01:13.388[32m info [39m [caliper] [connectors/peer-gateway/PeerGateway] 	disconnecting gRpc client at peer AuditMSP_localhost:11051
2026.08.24-15:01:13.388[32m info [39m [caliper] [caliper-worker] 	Info: worker 0 prepare test phase for round 3 is completed
2026.08.24-15:01:13.388[32m info [39m [caliper] [worker-message-handler] 	Worker#0 prepared for Round#3
2026.08.24-15:01:13.388[32m info [39m [caliper] [connectors/peer-gateway/PeerGateway] 	disconnecting gateway for user io.krishnan
2026.08.24-15:01:13.388[32m info [39m [caliper] [connectors/peer-gateway/PeerGateway] 	disconnecting gateway for user insp.rathore
2026.08.24-15:01:13.388[32m info [39m [caliper] [connectors/peer-gateway/PeerGateway] 	disconnecting gateway for user insp.singh
2026.08.24-15:01:13.388[32m info [39m [caliper] [connectors/peer-gateway/PeerGateway] 	disconnecting gateway for user const.verma
2026.08.24-15:01:13.388[32m info [39m [caliper] [connectors/peer-gateway/PeerGateway] 	disconnecting gateway for user insp.sharma
2026.08.24-15:01:13.388[32m info [39m [caliper] [connectors/peer-gateway/PeerGateway] 	disconnecting gateway for user _AuditMSP_aud.qureshi
2026.08.24-15:01:13.388[32m info [39m [caliper] [connectors/peer-gateway/PeerGateway] 	disconnecting gRpc client at peer PoliceMSP_localhost:7051
2026.08.24-15:01:13.388[32m info [39m [caliper] [connectors/peer-gateway/PeerGateway] 	disconnecting gateway for user io.krishnan
2026.08.24-15:01:13.388[32m info [39m [caliper] [connectors/peer-gateway/PeerGateway] 	disconnecting gRpc client at peer AuditMSP_localhost:11051
2026.08.24-15:01:13.388[32m info [39m [caliper] [connectors/peer-gateway/PeerGateway] 	disconnecting gateway for user insp.rathore
2026.08.24-15:01:13.388[32m info [39m [caliper] [connectors/peer-gateway/PeerGateway] 	disconnecting gateway for user io.krishnan
2026.08.24-15:01:13.388[32m info [39m [caliper] [caliper-worker] 	Info: worker 1 prepare test phase for round 3 is completed
2026.08.24-15:01:13.388[32m info [39m [caliper] [connectors/peer-gateway/PeerGateway] 	disconnecting gateway for user insp.singh
2026.08.24-15:01:13.388[32m info [39m [caliper] [worker-message-handler] 	Worker#1 prepared for Round#3
2026.08.24-15:01:13.388[32m info [39m [caliper] [connectors/peer-gateway/PeerGateway] 	disconnecting gateway for user const.verma
2026.08.24-15:01:13.388[32m info [39m [caliper] [connectors/peer-gateway/PeerGateway] 	disconnecting gateway for user insp.rathore
2026.08.24-15:01:13.389[32m info [39m [caliper] [connectors/peer-gateway/PeerGateway] 	disconnecting gateway for user insp.sharma
2026.08.24-15:01:13.389[32m info [39m [caliper] [connectors/peer-gateway/PeerGateway] 	disconnecting gateway for user insp.singh
2026.08.24-15:01:13.389[32m info [39m [caliper] [connectors/peer-gateway/PeerGateway] 	disconnecting gateway for user _AuditMSP_aud.qureshi
2026.08.24-15:01:13.389[32m info [39m [caliper] [connectors/peer-gateway/PeerGateway] 	disconnecting gateway for user const.verma
2026.08.24-15:01:13.389[32m info [39m [caliper] [connectors/peer-gateway/PeerGateway] 	disconnecting gRpc client at peer PoliceMSP_localhost:7051
2026.08.24-15:01:13.389[32m info [39m [caliper] [connectors/peer-gateway/PeerGateway] 	disconnecting gateway for user insp.sharma
2026.08.24-15:01:13.389[32m info [39m [caliper] [connectors/peer-gateway/PeerGateway] 	disconnecting gateway for user _AuditMSP_aud.qureshi
2026.08.24-15:01:13.389[32m info [39m [caliper] [connectors/peer-gateway/PeerGateway] 	disconnecting gRpc client at peer PoliceMSP_localhost:7051
2026.08.24-15:01:13.389[32m info [39m [caliper] [connectors/peer-gateway/PeerGateway] 	disconnecting gRpc client at peer AuditMSP_localhost:11051
2026.08.24-15:01:13.389[32m info [39m [caliper] [caliper-worker] 	Info: worker 3 prepare test phase for round 3 is completed
2026.08.24-15:01:13.389[32m info [39m [caliper] [connectors/peer-gateway/PeerGateway] 	disconnecting gRpc client at peer AuditMSP_localhost:11051
2026.08.24-15:01:13.389[32m info [39m [caliper] [worker-message-handler] 	Worker#3 prepared for Round#3
2026.08.24-15:01:13.389[32m info [39m [caliper] [caliper-worker] 	Info: worker 2 prepare test phase for round 3 is completed
2026.08.24-15:01:13.389[32m info [39m [caliper] [worker-message-handler] 	Worker#2 prepared for Round#3
2026.08.24-15:01:13.389[32m info [39m [caliper] [worker-orchestrator] 	4 workers prepared, progressing to test phase.
2026.08.24-15:01:15.546[31m error[39m [caliper] [monitor-docker] 	Error reading monitor statistics: TypeError: Cannot read properties of null (reading 'length')
2026.08.24-15:01:15.546[32m info [39m [caliper] [round-orchestrator] 	Monitors successfully started
2026.08.24-15:01:15.547[32m info [39m [caliper] [worker-message-handler] 	Worker#0 is starting Round#3
2026.08.24-15:01:15.547[32m info [39m [caliper] [worker-message-handler] 	Worker#1 is starting Round#3
2026.08.24-15:01:15.548[32m info [39m [caliper] [worker-message-handler] 	Worker#2 is starting Round#3
2026.08.24-15:01:15.548[32m info [39m [caliper] [worker-message-handler] 	Worker#3 is starting Round#3
2026.08.24-15:01:15.551[32m info [39m [caliper] [connectors/peer-gateway/PeerGateway] 	Generating contract map for user io.krishnan
2026.08.24-15:01:15.551[32m info [39m [caliper] [connectors/peer-gateway/PeerGateway] 	Generating contract map for user io.krishnan
2026.08.24-15:01:15.551[32m info [39m [caliper] [connectors/peer-gateway/PeerGateway] 	Generating contract map for user io.krishnan
2026.08.24-15:01:15.551[32m info [39m [caliper] [connectors/peer-gateway/PeerGateway] 	Generating contract map for user io.krishnan
2026.08.24-15:01:15.551[32m info [39m [caliper] [connectors/peer-gateway/PeerGateway] 	Generating contract map for user insp.rathore
2026.08.24-15:01:15.551[32m info [39m [caliper] [connectors/peer-gateway/PeerGateway] 	Generating contract map for user insp.rathore
2026.08.24-15:01:15.551[32m info [39m [caliper] [connectors/peer-gateway/PeerGateway] 	Generating contract map for user insp.rathore
2026.08.24-15:01:15.551[32m info [39m [caliper] [connectors/peer-gateway/PeerGateway] 	Generating contract map for user insp.rathore
2026.08.24-15:01:15.551[32m info [39m [caliper] [connectors/peer-gateway/PeerGateway] 	Generating contract map for user insp.singh
2026.08.24-15:01:15.551[32m info [39m [caliper] [connectors/peer-gateway/PeerGateway] 	Generating contract map for user insp.singh
2026.08.24-15:01:15.551[32m info [39m [caliper] [connectors/peer-gateway/PeerGateway] 	Generating contract map for user insp.singh
2026.08.24-15:01:15.552[32m info [39m [caliper] [connectors/peer-gateway/PeerGateway] 	Generating contract map for user insp.singh
2026.08.24-15:01:15.552[32m info [39m [caliper] [connectors/peer-gateway/PeerGateway] 	Generating contract map for user const.verma
2026.08.24-15:01:15.552[32m info [39m [caliper] [connectors/peer-gateway/PeerGateway] 	Generating contract map for user const.verma
2026.08.24-15:01:15.552[32m info [39m [caliper] [connectors/peer-gateway/PeerGateway] 	Generating contract map for user insp.sharma
2026.08.24-15:01:15.552[32m info [39m [caliper] [connectors/peer-gateway/PeerGateway] 	Generating contract map for user const.verma
2026.08.24-15:01:15.552[32m info [39m [caliper] [connectors/peer-gateway/PeerGateway] 	Generating contract map for user insp.sharma
2026.08.24-15:01:15.552[32m info [39m [caliper] [connectors/peer-gateway/PeerGateway] 	Generating contract map for user insp.sharma
2026.08.24-15:01:15.552[32m info [39m [caliper] [connectors/peer-gateway/PeerGateway] 	Generating contract map for user const.verma
2026.08.24-15:01:15.552[32m info [39m [caliper] [connectors/peer-gateway/PeerGateway] 	Generating contract map for user insp.sharma
2026.08.24-15:01:15.553[32m info [39m [caliper] [connectors/peer-gateway/PeerGateway] 	Generating contract map for user _AuditMSP_aud.qureshi
2026.08.24-15:01:15.553[32m info [39m [caliper] [connectors/peer-gateway/PeerGateway] 	Generating contract map for user _AuditMSP_aud.qureshi
2026.08.24-15:01:15.553[32m info [39m [caliper] [caliper-worker] 	Worker #1 starting workload loop
2026.08.24-15:01:15.553[32m info [39m [caliper] [connectors/peer-gateway/PeerGateway] 	Generating contract map for user _AuditMSP_aud.qureshi
2026.08.24-15:01:15.553[32m info [39m [caliper] [connectors/peer-gateway/PeerGateway] 	Generating contract map for user _AuditMSP_aud.qureshi
2026.08.24-15:01:15.553[32m info [39m [caliper] [caliper-worker] 	Worker #0 starting workload loop
2026.08.24-15:01:15.553[32m info [39m [caliper] [caliper-worker] 	Worker #3 starting workload loop
2026.08.24-15:01:15.554[32m info [39m [caliper] [caliper-worker] 	Worker #2 starting workload loop
2026.08.24-15:01:18.390[32m info [39m [caliper] [default-observer] 	[increasing-load-10-tps Round 3 Transaction Info] - Submitted: 21 Succ: 20 Fail:0 Unfinished:1
2026.08.24-15:01:18.627[31m error[39m [caliper] [monitor-docker] 	Error reading monitor statistics: TypeError: Cannot read properties of null (reading 'length')
2026.08.24-15:01:20.686[31m error[39m [caliper] [monitor-docker] 	Error reading monitor statistics: TypeError: Cannot read properties of null (reading 'length')
2026.08.24-15:01:22.773[31m error[39m [caliper] [monitor-docker] 	Error reading monitor statistics: TypeError: Cannot read properties of null (reading 'length')
2026.08.24-15:01:23.391[32m info [39m [caliper] [default-observer] 	[increasing-load-10-tps Round 3 Transaction Info] - Submitted: 72 Succ: 70 Fail:0 Unfinished:2
2026.08.24-15:01:24.824[31m error[39m [caliper] [monitor-docker] 	Error reading monitor statistics: TypeError: Cannot read properties of null (reading 'length')
2026.08.24-15:01:26.907[31m error[39m [caliper] [monitor-docker] 	Error reading monitor statistics: TypeError: Cannot read properties of null (reading 'length')
2026.08.24-15:01:28.391[32m info [39m [caliper] [default-observer] 	[increasing-load-10-tps Round 3 Transaction Info] - Submitted: 124 Succ: 120 Fail:0 Unfinished:4
2026.08.24-15:01:28.976[31m error[39m [caliper] [monitor-docker] 	Error reading monitor statistics: TypeError: Cannot read properties of null (reading 'length')
2026.08.24-15:01:31.059[31m error[39m [caliper] [monitor-docker] 	Error reading monitor statistics: TypeError: Cannot read properties of null (reading 'length')
2026.08.24-15:01:33.143[31m error[39m [caliper] [monitor-docker] 	Error reading monitor statistics: TypeError: Cannot read properties of null (reading 'length')
2026.08.24-15:01:33.393[32m info [39m [caliper] [default-observer] 	[increasing-load-10-tps Round 3 Transaction Info] - Submitted: 172 Succ: 170 Fail:0 Unfinished:2
2026.08.24-15:01:35.224[31m error[39m [caliper] [monitor-docker] 	Error reading monitor statistics: TypeError: Cannot read properties of null (reading 'length')
2026.08.24-15:01:37.286[31m error[39m [caliper] [monitor-docker] 	Error reading monitor statistics: TypeError: Cannot read properties of null (reading 'length')
2026.08.24-15:01:38.394[32m info [39m [caliper] [default-observer] 	[increasing-load-10-tps Round 3 Transaction Info] - Submitted: 224 Succ: 220 Fail:0 Unfinished:4
2026.08.24-15:01:39.356[31m error[39m [caliper] [monitor-docker] 	Error reading monitor statistics: TypeError: Cannot read properties of null (reading 'length')
2026.08.24-15:01:41.441[31m error[39m [caliper] [monitor-docker] 	Error reading monitor statistics: TypeError: Cannot read properties of null (reading 'length')
2026.08.24-15:01:43.393[32m info [39m [caliper] [default-observer] 	[increasing-load-10-tps Round 3 Transaction Info] - Submitted: 272 Succ: 270 Fail:0 Unfinished:2
2026.08.24-15:01:43.490[31m error[39m [caliper] [monitor-docker] 	Error reading monitor statistics: TypeError: Cannot read properties of null (reading 'length')
2026.08.24-15:01:45.553[31m error[39m [caliper] [monitor-docker] 	Error reading monitor statistics: TypeError: Cannot read properties of null (reading 'length')
2026.08.24-15:01:47.595[31m error[39m [caliper] [monitor-docker] 	Error reading monitor statistics: TypeError: Cannot read properties of null (reading 'length')
2026.08.24-15:01:48.394[32m info [39m [caliper] [default-observer] 	[increasing-load-10-tps Round 3 Transaction Info] - Submitted: 324 Succ: 320 Fail:0 Unfinished:4
2026.08.24-15:01:49.632[31m error[39m [caliper] [monitor-docker] 	Error reading monitor statistics: TypeError: Cannot read properties of null (reading 'length')
2026.08.24-15:01:51.665[31m error[39m [caliper] [monitor-docker] 	Error reading monitor statistics: TypeError: Cannot read properties of null (reading 'length')
2026.08.24-15:01:53.396[32m info [39m [caliper] [default-observer] 	[increasing-load-10-tps Round 3 Transaction Info] - Submitted: 372 Succ: 370 Fail:0 Unfinished:2
2026.08.24-15:01:53.697[31m error[39m [caliper] [monitor-docker] 	Error reading monitor statistics: TypeError: Cannot read properties of null (reading 'length')
2026.08.24-15:01:55.732[31m error[39m [caliper] [monitor-docker] 	Error reading monitor statistics: TypeError: Cannot read properties of null (reading 'length')
2026.08.24-15:01:57.767[31m error[39m [caliper] [monitor-docker] 	Error reading monitor statistics: TypeError: Cannot read properties of null (reading 'length')
2026.08.24-15:01:58.396[32m info [39m [caliper] [default-observer] 	[increasing-load-10-tps Round 3 Transaction Info] - Submitted: 424 Succ: 420 Fail:0 Unfinished:4
2026.08.24-15:01:59.805[31m error[39m [caliper] [monitor-docker] 	Error reading monitor statistics: TypeError: Cannot read properties of null (reading 'length')
2026.08.24-15:02:01.843[31m error[39m [caliper] [monitor-docker] 	Error reading monitor statistics: TypeError: Cannot read properties of null (reading 'length')
2026.08.24-15:02:03.397[32m info [39m [caliper] [default-observer] 	[increasing-load-10-tps Round 3 Transaction Info] - Submitted: 472 Succ: 470 Fail:0 Unfinished:2
2026.08.24-15:02:03.892[31m error[39m [caliper] [monitor-docker] 	Error reading monitor statistics: TypeError: Cannot read properties of null (reading 'length')
2026.08.24-15:02:05.947[31m error[39m [caliper] [monitor-docker] 	Error reading monitor statistics: TypeError: Cannot read properties of null (reading 'length')
2026.08.24-15:02:08.015[31m error[39m [caliper] [monitor-docker] 	Error reading monitor statistics: TypeError: Cannot read properties of null (reading 'length')
2026.08.24-15:02:08.398[32m info [39m [caliper] [default-observer] 	[increasing-load-10-tps Round 3 Transaction Info] - Submitted: 524 Succ: 520 Fail:0 Unfinished:4
2026.08.24-15:02:10.094[31m error[39m [caliper] [monitor-docker] 	Error reading monitor statistics: TypeError: Cannot read properties of null (reading 'length')
2026.08.24-15:02:12.165[31m error[39m [caliper] [monitor-docker] 	Error reading monitor statistics: TypeError: Cannot read properties of null (reading 'length')
2026.08.24-15:02:13.400[32m info [39m [caliper] [default-observer] 	[increasing-load-10-tps Round 3 Transaction Info] - Submitted: 572 Succ: 570 Fail:0 Unfinished:2
2026.08.24-15:02:14.272[31m error[39m [caliper] [monitor-docker] 	Error reading monitor statistics: TypeError: Cannot read properties of null (reading 'length')
2026.08.24-15:02:16.335[31m error[39m [caliper] [monitor-docker] 	Error reading monitor statistics: TypeError: Cannot read properties of null (reading 'length')
2026.08.24-15:02:18.400[32m info [39m [caliper] [default-observer] 	[increasing-load-10-tps Round 3 Transaction Info] - Submitted: 604 Succ: 604 Fail:0 Unfinished:0
2026.08.24-15:02:18.437[31m error[39m [caliper] [monitor-docker] 	Error reading monitor statistics: TypeError: Cannot read properties of null (reading 'length')
2026.08.24-15:02:18.874[32m info [39m [caliper] [connectors/peer-gateway/PeerGateway] 	disconnecting gateway for user io.krishnan
2026.08.24-15:02:18.874[32m info [39m [caliper] [connectors/peer-gateway/PeerGateway] 	disconnecting gateway for user insp.rathore
2026.08.24-15:02:18.874[32m info [39m [caliper] [connectors/peer-gateway/PeerGateway] 	disconnecting gateway for user insp.singh
2026.08.24-15:02:18.874[32m info [39m [caliper] [connectors/peer-gateway/PeerGateway] 	disconnecting gateway for user const.verma
2026.08.24-15:02:18.874[32m info [39m [caliper] [connectors/peer-gateway/PeerGateway] 	disconnecting gateway for user insp.sharma
2026.08.24-15:02:18.874[32m info [39m [caliper] [connectors/peer-gateway/PeerGateway] 	disconnecting gateway for user _AuditMSP_aud.qureshi
2026.08.24-15:02:18.874[32m info [39m [caliper] [connectors/peer-gateway/PeerGateway] 	disconnecting gRpc client at peer PoliceMSP_localhost:7051
2026.08.24-15:02:18.874[32m info [39m [caliper] [connectors/peer-gateway/PeerGateway] 	disconnecting gRpc client at peer AuditMSP_localhost:11051
2026.08.24-15:02:18.874[32m info [39m [caliper] [worker-message-handler] 	Worker#2 finished Round#3
2026.08.24-15:02:18.875[32m info [39m [caliper] [connectors/peer-gateway/PeerGateway] 	disconnecting gateway for user io.krishnan
2026.08.24-15:02:18.875[32m info [39m [caliper] [connectors/peer-gateway/PeerGateway] 	disconnecting gateway for user insp.rathore
2026.08.24-15:02:18.875[32m info [39m [caliper] [connectors/peer-gateway/PeerGateway] 	disconnecting gateway for user insp.singh
2026.08.24-15:02:18.875[32m info [39m [caliper] [connectors/peer-gateway/PeerGateway] 	disconnecting gateway for user const.verma
2026.08.24-15:02:18.875[32m info [39m [caliper] [connectors/peer-gateway/PeerGateway] 	disconnecting gateway for user insp.sharma
2026.08.24-15:02:18.875[32m info [39m [caliper] [connectors/peer-gateway/PeerGateway] 	disconnecting gateway for user _AuditMSP_aud.qureshi
2026.08.24-15:02:18.875[32m info [39m [caliper] [connectors/peer-gateway/PeerGateway] 	disconnecting gRpc client at peer PoliceMSP_localhost:7051
2026.08.24-15:02:18.876[32m info [39m [caliper] [connectors/peer-gateway/PeerGateway] 	disconnecting gRpc client at peer AuditMSP_localhost:11051
2026.08.24-15:02:18.876[32m info [39m [caliper] [worker-message-handler] 	Worker#3 finished Round#3
2026.08.24-15:02:18.877[32m info [39m [caliper] [connectors/peer-gateway/PeerGateway] 	disconnecting gateway for user io.krishnan
2026.08.24-15:02:18.877[32m info [39m [caliper] [connectors/peer-gateway/PeerGateway] 	disconnecting gateway for user insp.rathore
2026.08.24-15:02:18.877[32m info [39m [caliper] [connectors/peer-gateway/PeerGateway] 	disconnecting gateway for user insp.singh
2026.08.24-15:02:18.877[32m info [39m [caliper] [connectors/peer-gateway/PeerGateway] 	disconnecting gateway for user const.verma
2026.08.24-15:02:18.877[32m info [39m [caliper] [connectors/peer-gateway/PeerGateway] 	disconnecting gateway for user insp.sharma
2026.08.24-15:02:18.877[32m info [39m [caliper] [connectors/peer-gateway/PeerGateway] 	disconnecting gateway for user _AuditMSP_aud.qureshi
2026.08.24-15:02:18.877[32m info [39m [caliper] [connectors/peer-gateway/PeerGateway] 	disconnecting gRpc client at peer PoliceMSP_localhost:7051
2026.08.24-15:02:18.877[32m info [39m [caliper] [connectors/peer-gateway/PeerGateway] 	disconnecting gRpc client at peer AuditMSP_localhost:11051
2026.08.24-15:02:18.877[32m info [39m [caliper] [worker-message-handler] 	Worker#0 finished Round#3
2026.08.24-15:02:18.973[32m info [39m [caliper] [connectors/peer-gateway/PeerGateway] 	disconnecting gateway for user io.krishnan
2026.08.24-15:02:18.973[32m info [39m [caliper] [connectors/peer-gateway/PeerGateway] 	disconnecting gateway for user insp.rathore
2026.08.24-15:02:18.973[32m info [39m [caliper] [connectors/peer-gateway/PeerGateway] 	disconnecting gateway for user insp.singh
2026.08.24-15:02:18.973[32m info [39m [caliper] [connectors/peer-gateway/PeerGateway] 	disconnecting gateway for user const.verma
2026.08.24-15:02:18.973[32m info [39m [caliper] [connectors/peer-gateway/PeerGateway] 	disconnecting gateway for user insp.sharma
2026.08.24-15:02:18.973[32m info [39m [caliper] [connectors/peer-gateway/PeerGateway] 	disconnecting gateway for user _AuditMSP_aud.qureshi
2026.08.24-15:02:18.973[32m info [39m [caliper] [connectors/peer-gateway/PeerGateway] 	disconnecting gRpc client at peer PoliceMSP_localhost:7051
2026.08.24-15:02:18.974[32m info [39m [caliper] [connectors/peer-gateway/PeerGateway] 	disconnecting gRpc client at peer AuditMSP_localhost:11051
2026.08.24-15:02:18.974[32m info [39m [caliper] [worker-message-handler] 	Worker#1 finished Round#3
2026.08.24-15:02:20.536[31m error[39m [caliper] [monitor-docker] 	Error reading monitor statistics: TypeError: Cannot read properties of null (reading 'length')
2026.08.24-15:02:22.640[31m error[39m [caliper] [monitor-docker] 	Error reading monitor statistics: TypeError: Cannot read properties of null (reading 'length')
2026.08.24-15:02:23.977[32m info [39m [caliper] [default-observer] 	Resetting txCount indicator count
2026.08.24-15:02:23.977[32m info [39m [caliper] [report-builder] 	### Test result ###
2026.08.24-15:02:23.978[32m info [39m [caliper] [report-builder] 	
+------------------------+------+------+-----------------+-----------------+-----------------+-----------------+------------------+
| Name                   | Succ | Fail | Send Rate (TPS) | Max Latency (s) | Min Latency (s) | Avg Latency (s) | Throughput (TPS) |
|------------------------|------|------|-----------------|-----------------|-----------------|-----------------|------------------|
| increasing-load-10-tps | 604  | 0    | 10.1            | 2.32            | 0.05            | 0.51            | 9.7              |
+------------------------+------+------+-----------------+-----------------+-----------------+-----------------+------------------+

2026.08.24-15:02:23.983[32m info [39m [caliper] [report-builder] 	### docker resource stats ###'
2026.08.24-15:02:23.986[32m info [39m [caliper] [report-builder] 	
+----------------------------------------------------------------------------------------------------------------------+-----------+-----------+------------------+------------------+-----------------+------------------+-----------------+---------------+
| Name                                                                                                                 | CPU%(max) | CPU%(avg) | Memory(max) [MB] | Memory(avg) [MB] | Traffic In [MB] | Traffic Out [MB] | Disc Write [MB] | Disc Read [B] |
|----------------------------------------------------------------------------------------------------------------------|-----------|-----------|------------------|------------------|-----------------|------------------|-----------------|---------------|
| /caliper-prometheus                                                                                                  | 0.01      | 0.005     | 44.8             | 44.8             | 0.851           | 0.0507           | 0.645           | 0.00          |
|----------------------------------------------------------------------------------------------------------------------|-----------|-----------|------------------|------------------|-----------------|------------------|-----------------|---------------|
| /dev-peer0.forensics.example.com-crimerecords_2.3-97784f7fb69353014f85563171b6ed3e2b9c6a32f1c765c7e59f0979532de512   | 0.025625  | 0.009375  | 57.0             | 56.7             | 1.77            | 1.43             | 0.00            | 0.00          |
|----------------------------------------------------------------------------------------------------------------------|-----------|-----------|------------------|------------------|-----------------|------------------|-----------------|---------------|
| /dev-peer0.police.example.com-crimerecords_2.3-97784f7fb69353014f85563171b6ed3e2b9c6a32f1c765c7e59f0979532de512      | 0.073125  | 0.023125  | 63.9             | 62.9             | 3.63            | 2.87             | 0.00            | 0.00          |
|----------------------------------------------------------------------------------------------------------------------|-----------|-----------|------------------|------------------|-----------------|------------------|-----------------|---------------|
| /dev-peer0.prosecution.example.com-crimerecords_2.3-97784f7fb69353014f85563171b6ed3e2b9c6a32f1c765c7e59f0979532de512 | 0.0275    | 0.009375  | 58.4             | 57.6             | 1.78            | 1.44             | 0.00            | 0.00          |
|----------------------------------------------------------------------------------------------------------------------|-----------|-----------|------------------|------------------|-----------------|------------------|-----------------|---------------|
| /dev-peer0.audit.example.com-crimerecords_2.3-97784f7fb69353014f85563171b6ed3e2b9c6a32f1c765c7e59f0979532de512       | 0.019375  | 0.0075    | 57.5             | 57.2             | 1.62            | 1.31             | 0.00            | 0.00          |
|----------------------------------------------------------------------------------------------------------------------|-----------|-----------|------------------|------------------|-----------------|------------------|-----------------|---------------|
| /dev-peer0.court.example.com-crimerecords_2.3-97784f7fb69353014f85563171b6ed3e2b9c6a32f1c765c7e59f0979532de512       | 0.02625   | 0.009375  | 58.5             | 56.8             | 1.88            | 1.51             | 0.00            | 0.00          |
|----------------------------------------------------------------------------------------------------------------------|-----------|-----------|------------------|------------------|-----------------|------------------|-----------------|---------------|
| /peer0.audit.example.com                                                                                             | 0.06125   | 0.033125  | 104              | 102              | 8.31            | 5.08             | 6.79            | 0.00          |
|----------------------------------------------------------------------------------------------------------------------|-----------|-----------|------------------|------------------|-----------------|------------------|-----------------|---------------|
| /peer0.court.example.com                                                                                             | 0.05625   | 0.03375   | 103              | 102              | 8.60            | 5.61             | 6.79            | 0.00          |
|----------------------------------------------------------------------------------------------------------------------|-----------|-----------|------------------|------------------|-----------------|------------------|-----------------|---------------|
| /peer0.prosecution.example.com                                                                                       | 0.066875  | 0.034375  | 99.3             | 97.5             | 8.50            | 5.42             | 6.79            | 0.00          |
|----------------------------------------------------------------------------------------------------------------------|-----------|-----------|------------------|------------------|-----------------|------------------|-----------------|---------------|
| /peer0.police.example.com                                                                                            | 0.12375   | 0.063125  | 102              | 102              | 24.5            | 19.8             | 6.79            | 0.00          |
|----------------------------------------------------------------------------------------------------------------------|-----------|-----------|------------------|------------------|-----------------|------------------|-----------------|---------------|
| /peer0.forensics.example.com                                                                                         | 0.079375  | 0.036875  | 102              | 98.5             | 8.50            | 5.42             | 6.79            | 0.00          |
|----------------------------------------------------------------------------------------------------------------------|-----------|-----------|------------------|------------------|-----------------|------------------|-----------------|---------------|
| /couchdb-audit                                                                                                       | 0.23125   | 0.03875   | 79.2             | 72.2             | 1.35            | 0.472            | 8.96            | 0.00          |
|----------------------------------------------------------------------------------------------------------------------|-----------|-----------|------------------|------------------|-----------------|------------------|-----------------|---------------|
| /couchdb-court                                                                                                       | 0.231875  | 0.038125  | 78.0             | 74.0             | 1.35            | 0.472            | 8.96            | 0.00          |
|----------------------------------------------------------------------------------------------------------------------|-----------|-----------|------------------|------------------|-----------------|------------------|-----------------|---------------|
| /couchdb-prosecution                                                                                                 | 0.046875  | 0.026875  | 77.8             | 73.6             | 1.35            | 0.473            | 8.95            | 0.00          |
|----------------------------------------------------------------------------------------------------------------------|-----------|-----------|------------------|------------------|-----------------|------------------|-----------------|---------------|
| /couchdb-forensics                                                                                                   | 0.225     | 0.038125  | 81.0             | 74.8             | 1.35            | 0.473            | 8.96            | 0.00          |
|----------------------------------------------------------------------------------------------------------------------|-----------|-----------|------------------|------------------|-----------------|------------------|-----------------|---------------|
| /couchdb-police                                                                                                      | 0.451875  | 0.14875   | 79.9             | 76.1             | 1.37            | 0.558            | 8.96            | 0.00          |
|----------------------------------------------------------------------------------------------------------------------|-----------|-----------|------------------|------------------|-----------------|------------------|-----------------|---------------|
| /orderer.example.com                                                                                                 | 0.016875  | 0.00875   | 76.4             | 70.6             | 5.97            | 28.5             | 12.0            | 0.00          |
|----------------------------------------------------------------------------------------------------------------------|-----------|-----------|------------------|------------------|-----------------|------------------|-----------------|---------------|
| /ca_police                                                                                                           | 0.000625  | 0         | 9.37             | 9.37             | 0.00            | 0.00             | -               | -             |
|----------------------------------------------------------------------------------------------------------------------|-----------|-----------|------------------|------------------|-----------------|------------------|-----------------|---------------|
| /ca_forensics                                                                                                        | NaN       | NaN       | -                | -                | -               | -                | -               | -             |
|----------------------------------------------------------------------------------------------------------------------|-----------|-----------|------------------|------------------|-----------------|------------------|-----------------|---------------|
| /ca_orderer                                                                                                          | NaN       | NaN       | -                | -                | -               | -                | -               | -             |
|----------------------------------------------------------------------------------------------------------------------|-----------|-----------|------------------|------------------|-----------------|------------------|-----------------|---------------|
| /ca_court                                                                                                            | NaN       | NaN       | -                | -                | -               | -                | -               | -             |
|----------------------------------------------------------------------------------------------------------------------|-----------|-----------|------------------|------------------|-----------------|------------------|-----------------|---------------|
| /ca_audit                                                                                                            | NaN       | NaN       | -                | -                | -               | -                | -               | -             |
|----------------------------------------------------------------------------------------------------------------------|-----------|-----------|------------------|------------------|-----------------|------------------|-----------------|---------------|
| /ca_prosecution                                                                                                      | NaN       | NaN       | -                | -                | -               | -                | -               | -             |
+----------------------------------------------------------------------------------------------------------------------+-----------+-----------+------------------+------------------+-----------------+------------------+-----------------+---------------+

2026.08.24-15:02:23.994[32m info [39m [caliper] [report-builder] 	### prometheus resource stats ###'
2026.08.24-15:02:23.995[32m info [39m [caliper] [report-builder] 	
+--------------------------------------------------+-------------------------------------------------------------------------------------------------------------------------------------------------------------------------------------------------------------------------------------------------------------------------------------------------+------------------------------------+---------+
| Metric                                           | Prometheus Query                                                                                                                                                                                                                                                                                | Name                               | Value   |
|--------------------------------------------------|-------------------------------------------------------------------------------------------------------------------------------------------------------------------------------------------------------------------------------------------------------------------------------------------------|------------------------------------|---------|
| Process resident memory (MiB, max)               | process_resident_memory_bytes{job=~"fabric-.*"}                                                                                                                                                                                                                                                 | orderer.example.com:9443           | 96.1    |
|--------------------------------------------------|-------------------------------------------------------------------------------------------------------------------------------------------------------------------------------------------------------------------------------------------------------------------------------------------------|------------------------------------|---------|
|                                                  |                                                                                                                                                                                                                                                                                                 | peer0.audit.example.com:9448       | 135     |
|--------------------------------------------------|-------------------------------------------------------------------------------------------------------------------------------------------------------------------------------------------------------------------------------------------------------------------------------------------------|------------------------------------|---------|
|                                                  |                                                                                                                                                                                                                                                                                                 | peer0.court.example.com:9447       | 134     |
|--------------------------------------------------|-------------------------------------------------------------------------------------------------------------------------------------------------------------------------------------------------------------------------------------------------------------------------------------------------|------------------------------------|---------|
|                                                  |                                                                                                                                                                                                                                                                                                 | peer0.forensics.example.com:9445   | 133     |
|--------------------------------------------------|-------------------------------------------------------------------------------------------------------------------------------------------------------------------------------------------------------------------------------------------------------------------------------------------------|------------------------------------|---------|
|                                                  |                                                                                                                                                                                                                                                                                                 | peer0.police.example.com:9444      | 133     |
|--------------------------------------------------|-------------------------------------------------------------------------------------------------------------------------------------------------------------------------------------------------------------------------------------------------------------------------------------------------|------------------------------------|---------|
|                                                  |                                                                                                                                                                                                                                                                                                 | peer0.prosecution.example.com:9446 | 129     |
|--------------------------------------------------|-------------------------------------------------------------------------------------------------------------------------------------------------------------------------------------------------------------------------------------------------------------------------------------------------|------------------------------------|---------|
| Process CPU rate (percent, max)                  | rate(process_cpu_seconds_total{job=~"fabric-.*"}[1m])                                                                                                                                                                                                                                           | orderer.example.com:9443           | 1.58    |
|--------------------------------------------------|-------------------------------------------------------------------------------------------------------------------------------------------------------------------------------------------------------------------------------------------------------------------------------------------------|------------------------------------|---------|
|                                                  |                                                                                                                                                                                                                                                                                                 | peer0.audit.example.com:9448       | 5.27    |
|--------------------------------------------------|-------------------------------------------------------------------------------------------------------------------------------------------------------------------------------------------------------------------------------------------------------------------------------------------------|------------------------------------|---------|
|                                                  |                                                                                                                                                                                                                                                                                                 | peer0.court.example.com:9447       | 5.62    |
|--------------------------------------------------|-------------------------------------------------------------------------------------------------------------------------------------------------------------------------------------------------------------------------------------------------------------------------------------------------|------------------------------------|---------|
|                                                  |                                                                                                                                                                                                                                                                                                 | peer0.forensics.example.com:9445   | 5.91    |
|--------------------------------------------------|-------------------------------------------------------------------------------------------------------------------------------------------------------------------------------------------------------------------------------------------------------------------------------------------------|------------------------------------|---------|
|                                                  |                                                                                                                                                                                                                                                                                                 | peer0.police.example.com:9444      | 10.3    |
|--------------------------------------------------|-------------------------------------------------------------------------------------------------------------------------------------------------------------------------------------------------------------------------------------------------------------------------------------------------|------------------------------------|---------|
|                                                  |                                                                                                                                                                                                                                                                                                 | peer0.prosecution.example.com:9446 | 5.69    |
|--------------------------------------------------|-------------------------------------------------------------------------------------------------------------------------------------------------------------------------------------------------------------------------------------------------------------------------------------------------|------------------------------------|---------|
| Crimerecords endorsement duration (seconds, avg) | sum by (instance) (rate(endorser_proposal_duration_sum{job=~"fabric-.*",channel="crimechannel",chaincode="crimerecords",success="true"}[1m])) / sum by (instance) (rate(endorser_proposal_duration_count{job=~"fabric-.*",channel="crimechannel",chaincode="crimerecords",success="true"}[1m])) | peer0.audit.example.com:9448       | 0.00815 |
|--------------------------------------------------|-------------------------------------------------------------------------------------------------------------------------------------------------------------------------------------------------------------------------------------------------------------------------------------------------|------------------------------------|---------|
|                                                  |                                                                                                                                                                                                                                                                                                 | peer0.court.example.com:9447       | 0.00869 |
|--------------------------------------------------|-------------------------------------------------------------------------------------------------------------------------------------------------------------------------------------------------------------------------------------------------------------------------------------------------|------------------------------------|---------|
|                                                  |                                                                                                                                                                                                                                                                                                 | peer0.forensics.example.com:9445   | 0.00873 |
|--------------------------------------------------|-------------------------------------------------------------------------------------------------------------------------------------------------------------------------------------------------------------------------------------------------------------------------------------------------|------------------------------------|---------|
|                                                  |                                                                                                                                                                                                                                                                                                 | peer0.police.example.com:9444      | 0.0287  |
|--------------------------------------------------|-------------------------------------------------------------------------------------------------------------------------------------------------------------------------------------------------------------------------------------------------------------------------------------------------|------------------------------------|---------|
|                                                  |                                                                                                                                                                                                                                                                                                 | peer0.prosecution.example.com:9446 | 0.00875 |
|--------------------------------------------------|-------------------------------------------------------------------------------------------------------------------------------------------------------------------------------------------------------------------------------------------------------------------------------------------------|------------------------------------|---------|
| Ledger height (blocks, max)                      | ledger_blockchain_height{job=~"fabric-.*",channel="crimechannel"}                                                                                                                                                                                                                               | orderer.example.com:9443           | 238     |
|--------------------------------------------------|-------------------------------------------------------------------------------------------------------------------------------------------------------------------------------------------------------------------------------------------------------------------------------------------------|------------------------------------|---------|
|                                                  |                                                                                                                                                                                                                                                                                                 | peer0.audit.example.com:9448       | 238     |
|--------------------------------------------------|-------------------------------------------------------------------------------------------------------------------------------------------------------------------------------------------------------------------------------------------------------------------------------------------------|------------------------------------|---------|
|                                                  |                                                                                                                                                                                                                                                                                                 | peer0.court.example.com:9447       | 238     |
|--------------------------------------------------|-------------------------------------------------------------------------------------------------------------------------------------------------------------------------------------------------------------------------------------------------------------------------------------------------|------------------------------------|---------|
|                                                  |                                                                                                                                                                                                                                                                                                 | peer0.forensics.example.com:9445   | 238     |
|--------------------------------------------------|-------------------------------------------------------------------------------------------------------------------------------------------------------------------------------------------------------------------------------------------------------------------------------------------------|------------------------------------|---------|
|                                                  |                                                                                                                                                                                                                                                                                                 | peer0.police.example.com:9444      | 238     |
|--------------------------------------------------|-------------------------------------------------------------------------------------------------------------------------------------------------------------------------------------------------------------------------------------------------------------------------------------------------|------------------------------------|---------|
|                                                  |                                                                                                                                                                                                                                                                                                 | peer0.prosecution.example.com:9446 | 238     |
+--------------------------------------------------+-------------------------------------------------------------------------------------------------------------------------------------------------------------------------------------------------------------------------------------------------------------------------------------------------+------------------------------------+---------+

2026.08.24-15:02:23.995[32m info [39m [caliper] [round-orchestrator] 	Finished round 4 (increasing-load-10-tps) in 62.418 seconds
2026.08.24-15:02:23.995[32m info [39m [caliper] [monitor.js] 	Stopping all monitors
2026.08.24-15:02:24.096[32m info [39m [caliper] [round-orchestrator] 	Waiting 5 seconds for the next round...
2026.08.24-15:02:29.097[32m info [39m [caliper] [round-orchestrator] 	Started round 5 (increasing-load-20-tps)
2026.08.24-15:02:29.097[32m info [39m [caliper] [worker-message-handler] 	Preparing Worker#0 for Round#4
2026.08.24-15:02:29.097[32m info [39m [caliper] [worker-message-handler] 	Preparing Worker#1 for Round#4
2026.08.24-15:02:29.097[32m info [39m [caliper] [worker-message-handler] 	Preparing Worker#3 for Round#4
2026.08.24-15:02:29.098[32m info [39m [caliper] [worker-message-handler] 	Preparing Worker#2 for Round#4
2026.08.24-15:02:29.099[32m info [39m [caliper] [connectors/peer-gateway/PeerGateway] 	Generating contract map for user io.krishnan
2026.08.24-15:02:29.099[32m info [39m [caliper] [connectors/peer-gateway/PeerGateway] 	Generating contract map for user io.krishnan
2026.08.24-15:02:29.099[32m info [39m [caliper] [connectors/peer-gateway/PeerGateway] 	Generating contract map for user io.krishnan
2026.08.24-15:02:29.099[32m info [39m [caliper] [connectors/peer-gateway/PeerGateway] 	Generating contract map for user insp.rathore
2026.08.24-15:02:29.099[32m info [39m [caliper] [connectors/peer-gateway/PeerGateway] 	Generating contract map for user io.krishnan
2026.08.24-15:02:29.099[32m info [39m [caliper] [connectors/peer-gateway/PeerGateway] 	Generating contract map for user insp.rathore
2026.08.24-15:02:29.099[32m info [39m [caliper] [connectors/peer-gateway/PeerGateway] 	Generating contract map for user insp.rathore
2026.08.24-15:02:29.099[32m info [39m [caliper] [connectors/peer-gateway/PeerGateway] 	Generating contract map for user insp.singh
2026.08.24-15:02:29.099[32m info [39m [caliper] [connectors/peer-gateway/PeerGateway] 	Generating contract map for user insp.rathore
2026.08.24-15:02:29.099[32m info [39m [caliper] [connectors/peer-gateway/PeerGateway] 	Generating contract map for user insp.singh
2026.08.24-15:02:29.099[32m info [39m [caliper] [connectors/peer-gateway/PeerGateway] 	Generating contract map for user insp.singh
2026.08.24-15:02:29.099[32m info [39m [caliper] [connectors/peer-gateway/PeerGateway] 	Generating contract map for user const.verma
2026.08.24-15:02:29.100[32m info [39m [caliper] [connectors/peer-gateway/PeerGateway] 	Generating contract map for user const.verma
2026.08.24-15:02:29.100[32m info [39m [caliper] [connectors/peer-gateway/PeerGateway] 	Generating contract map for user const.verma
2026.08.24-15:02:29.100[32m info [39m [caliper] [connectors/peer-gateway/PeerGateway] 	Generating contract map for user insp.singh
2026.08.24-15:02:29.100[32m info [39m [caliper] [connectors/peer-gateway/PeerGateway] 	Generating contract map for user insp.sharma
2026.08.24-15:02:29.100[32m info [39m [caliper] [connectors/peer-gateway/PeerGateway] 	Generating contract map for user insp.sharma
2026.08.24-15:02:29.100[32m info [39m [caliper] [connectors/peer-gateway/PeerGateway] 	Generating contract map for user insp.sharma
2026.08.24-15:02:29.100[32m info [39m [caliper] [connectors/peer-gateway/PeerGateway] 	Generating contract map for user const.verma
2026.08.24-15:02:29.100[32m info [39m [caliper] [connectors/peer-gateway/PeerGateway] 	Generating contract map for user insp.sharma
2026.08.24-15:02:29.101[32m info [39m [caliper] [connectors/peer-gateway/PeerGateway] 	Generating contract map for user _AuditMSP_aud.qureshi
2026.08.24-15:02:29.101[32m info [39m [caliper] [caliper-worker] 	Info: worker 1 prepare test phase for round 4 is starting...
2026.08.24-15:02:29.101[32m info [39m [caliper] [connectors/peer-gateway/PeerGateway] 	Generating contract map for user _AuditMSP_aud.qureshi
2026.08.24-15:02:29.101[32m info [39m [caliper] [caliper-worker] 	Info: worker 0 prepare test phase for round 4 is starting...
2026.08.24-15:02:29.101[32m info [39m [caliper] [connectors/peer-gateway/PeerGateway] 	Generating contract map for user _AuditMSP_aud.qureshi
2026.08.24-15:02:29.102[32m info [39m [caliper] [caliper-worker] 	Info: worker 2 prepare test phase for round 4 is starting...
2026.08.24-15:02:29.102[32m info [39m [caliper] [connectors/peer-gateway/PeerGateway] 	Generating contract map for user _AuditMSP_aud.qureshi
2026.08.24-15:02:29.102[32m info [39m [caliper] [caliper-worker] 	Info: worker 3 prepare test phase for round 4 is starting...
2026.08.24-15:02:29.102[32m info [39m [caliper] [connectors/peer-gateway/PeerGateway] 	disconnecting gateway for user io.krishnan
2026.08.24-15:02:29.102[32m info [39m [caliper] [connectors/peer-gateway/PeerGateway] 	disconnecting gateway for user insp.rathore
2026.08.24-15:02:29.103[32m info [39m [caliper] [connectors/peer-gateway/PeerGateway] 	disconnecting gateway for user insp.singh
2026.08.24-15:02:29.103[32m info [39m [caliper] [connectors/peer-gateway/PeerGateway] 	disconnecting gateway for user const.verma
2026.08.24-15:02:29.103[32m info [39m [caliper] [connectors/peer-gateway/PeerGateway] 	disconnecting gateway for user insp.sharma
2026.08.24-15:02:29.103[32m info [39m [caliper] [connectors/peer-gateway/PeerGateway] 	disconnecting gateway for user _AuditMSP_aud.qureshi
2026.08.24-15:02:29.103[32m info [39m [caliper] [connectors/peer-gateway/PeerGateway] 	disconnecting gateway for user io.krishnan
2026.08.24-15:02:29.103[32m info [39m [caliper] [connectors/peer-gateway/PeerGateway] 	disconnecting gRpc client at peer PoliceMSP_localhost:7051
2026.08.24-15:02:29.103[32m info [39m [caliper] [connectors/peer-gateway/PeerGateway] 	disconnecting gateway for user insp.rathore
2026.08.24-15:02:29.103[32m info [39m [caliper] [connectors/peer-gateway/PeerGateway] 	disconnecting gateway for user insp.singh
2026.08.24-15:02:29.103[32m info [39m [caliper] [connectors/peer-gateway/PeerGateway] 	disconnecting gateway for user const.verma
2026.08.24-15:02:29.103[32m info [39m [caliper] [connectors/peer-gateway/PeerGateway] 	disconnecting gRpc client at peer AuditMSP_localhost:11051
2026.08.24-15:02:29.103[32m info [39m [caliper] [connectors/peer-gateway/PeerGateway] 	disconnecting gateway for user insp.sharma
2026.08.24-15:02:29.103[32m info [39m [caliper] [connectors/peer-gateway/PeerGateway] 	disconnecting gateway for user _AuditMSP_aud.qureshi
2026.08.24-15:02:29.103[32m info [39m [caliper] [connectors/peer-gateway/PeerGateway] 	disconnecting gRpc client at peer PoliceMSP_localhost:7051
2026.08.24-15:02:29.103[32m info [39m [caliper] [caliper-worker] 	Info: worker 1 prepare test phase for round 4 is completed
2026.08.24-15:02:29.103[32m info [39m [caliper] [connectors/peer-gateway/PeerGateway] 	disconnecting gRpc client at peer AuditMSP_localhost:11051
2026.08.24-15:02:29.103[32m info [39m [caliper] [worker-message-handler] 	Worker#1 prepared for Round#4
2026.08.24-15:02:29.103[32m info [39m [caliper] [caliper-worker] 	Info: worker 0 prepare test phase for round 4 is completed
2026.08.24-15:02:29.103[32m info [39m [caliper] [worker-message-handler] 	Worker#0 prepared for Round#4
2026.08.24-15:02:29.103[32m info [39m [caliper] [connectors/peer-gateway/PeerGateway] 	disconnecting gateway for user io.krishnan
2026.08.24-15:02:29.103[32m info [39m [caliper] [connectors/peer-gateway/PeerGateway] 	disconnecting gateway for user insp.rathore
2026.08.24-15:02:29.103[32m info [39m [caliper] [connectors/peer-gateway/PeerGateway] 	disconnecting gateway for user insp.singh
2026.08.24-15:02:29.103[32m info [39m [caliper] [connectors/peer-gateway/PeerGateway] 	disconnecting gateway for user const.verma
2026.08.24-15:02:29.103[32m info [39m [caliper] [connectors/peer-gateway/PeerGateway] 	disconnecting gateway for user insp.sharma
2026.08.24-15:02:29.103[32m info [39m [caliper] [connectors/peer-gateway/PeerGateway] 	disconnecting gateway for user _AuditMSP_aud.qureshi
2026.08.24-15:02:29.103[32m info [39m [caliper] [connectors/peer-gateway/PeerGateway] 	disconnecting gRpc client at peer PoliceMSP_localhost:7051
2026.08.24-15:02:29.103[32m info [39m [caliper] [connectors/peer-gateway/PeerGateway] 	disconnecting gRpc client at peer AuditMSP_localhost:11051
2026.08.24-15:02:29.103[32m info [39m [caliper] [caliper-worker] 	Info: worker 2 prepare test phase for round 4 is completed
2026.08.24-15:02:29.103[32m info [39m [caliper] [worker-message-handler] 	Worker#2 prepared for Round#4
2026.08.24-15:02:29.103[32m info [39m [caliper] [connectors/peer-gateway/PeerGateway] 	disconnecting gateway for user io.krishnan
2026.08.24-15:02:29.103[32m info [39m [caliper] [connectors/peer-gateway/PeerGateway] 	disconnecting gateway for user insp.rathore
2026.08.24-15:02:29.103[32m info [39m [caliper] [connectors/peer-gateway/PeerGateway] 	disconnecting gateway for user insp.singh
2026.08.24-15:02:29.103[32m info [39m [caliper] [connectors/peer-gateway/PeerGateway] 	disconnecting gateway for user const.verma
2026.08.24-15:02:29.103[32m info [39m [caliper] [connectors/peer-gateway/PeerGateway] 	disconnecting gateway for user insp.sharma
2026.08.24-15:02:29.103[32m info [39m [caliper] [connectors/peer-gateway/PeerGateway] 	disconnecting gateway for user _AuditMSP_aud.qureshi
2026.08.24-15:02:29.103[32m info [39m [caliper] [connectors/peer-gateway/PeerGateway] 	disconnecting gRpc client at peer PoliceMSP_localhost:7051
2026.08.24-15:02:29.103[32m info [39m [caliper] [connectors/peer-gateway/PeerGateway] 	disconnecting gRpc client at peer AuditMSP_localhost:11051
2026.08.24-15:02:29.103[32m info [39m [caliper] [caliper-worker] 	Info: worker 3 prepare test phase for round 4 is completed
2026.08.24-15:02:29.103[32m info [39m [caliper] [worker-message-handler] 	Worker#3 prepared for Round#4
2026.08.24-15:02:29.104[32m info [39m [caliper] [worker-orchestrator] 	4 workers prepared, progressing to test phase.
2026.08.24-15:02:31.237[31m error[39m [caliper] [monitor-docker] 	Error reading monitor statistics: TypeError: Cannot read properties of null (reading 'length')
2026.08.24-15:02:31.237[32m info [39m [caliper] [round-orchestrator] 	Monitors successfully started
2026.08.24-15:02:31.237[32m info [39m [caliper] [worker-message-handler] 	Worker#0 is starting Round#4
2026.08.24-15:02:31.238[32m info [39m [caliper] [worker-message-handler] 	Worker#2 is starting Round#4
2026.08.24-15:02:31.238[32m info [39m [caliper] [worker-message-handler] 	Worker#1 is starting Round#4
2026.08.24-15:02:31.238[32m info [39m [caliper] [worker-message-handler] 	Worker#3 is starting Round#4
2026.08.24-15:02:31.239[32m info [39m [caliper] [connectors/peer-gateway/PeerGateway] 	Generating contract map for user io.krishnan
2026.08.24-15:02:31.239[32m info [39m [caliper] [connectors/peer-gateway/PeerGateway] 	Generating contract map for user io.krishnan
2026.08.24-15:02:31.239[32m info [39m [caliper] [connectors/peer-gateway/PeerGateway] 	Generating contract map for user io.krishnan
2026.08.24-15:02:31.239[32m info [39m [caliper] [connectors/peer-gateway/PeerGateway] 	Generating contract map for user io.krishnan
2026.08.24-15:02:31.240[32m info [39m [caliper] [connectors/peer-gateway/PeerGateway] 	Generating contract map for user insp.rathore
2026.08.24-15:02:31.240[32m info [39m [caliper] [connectors/peer-gateway/PeerGateway] 	Generating contract map for user insp.rathore
2026.08.24-15:02:31.240[32m info [39m [caliper] [connectors/peer-gateway/PeerGateway] 	Generating contract map for user insp.rathore
2026.08.24-15:02:31.240[32m info [39m [caliper] [connectors/peer-gateway/PeerGateway] 	Generating contract map for user insp.rathore
2026.08.24-15:02:31.240[32m info [39m [caliper] [connectors/peer-gateway/PeerGateway] 	Generating contract map for user insp.singh
2026.08.24-15:02:31.240[32m info [39m [caliper] [connectors/peer-gateway/PeerGateway] 	Generating contract map for user insp.singh
2026.08.24-15:02:31.240[32m info [39m [caliper] [connectors/peer-gateway/PeerGateway] 	Generating contract map for user insp.singh
2026.08.24-15:02:31.240[32m info [39m [caliper] [connectors/peer-gateway/PeerGateway] 	Generating contract map for user insp.singh
2026.08.24-15:02:31.240[32m info [39m [caliper] [connectors/peer-gateway/PeerGateway] 	Generating contract map for user const.verma
2026.08.24-15:02:31.240[32m info [39m [caliper] [connectors/peer-gateway/PeerGateway] 	Generating contract map for user const.verma
2026.08.24-15:02:31.240[32m info [39m [caliper] [connectors/peer-gateway/PeerGateway] 	Generating contract map for user const.verma
2026.08.24-15:02:31.240[32m info [39m [caliper] [connectors/peer-gateway/PeerGateway] 	Generating contract map for user insp.sharma
2026.08.24-15:02:31.240[32m info [39m [caliper] [connectors/peer-gateway/PeerGateway] 	Generating contract map for user const.verma
2026.08.24-15:02:31.240[32m info [39m [caliper] [connectors/peer-gateway/PeerGateway] 	Generating contract map for user insp.sharma
2026.08.24-15:02:31.240[32m info [39m [caliper] [connectors/peer-gateway/PeerGateway] 	Generating contract map for user insp.sharma
2026.08.24-15:02:31.240[32m info [39m [caliper] [connectors/peer-gateway/PeerGateway] 	Generating contract map for user insp.sharma
2026.08.24-15:02:31.242[32m info [39m [caliper] [connectors/peer-gateway/PeerGateway] 	Generating contract map for user _AuditMSP_aud.qureshi
2026.08.24-15:02:31.242[32m info [39m [caliper] [connectors/peer-gateway/PeerGateway] 	Generating contract map for user _AuditMSP_aud.qureshi
2026.08.24-15:02:31.242[32m info [39m [caliper] [connectors/peer-gateway/PeerGateway] 	Generating contract map for user _AuditMSP_aud.qureshi
2026.08.24-15:02:31.242[32m info [39m [caliper] [connectors/peer-gateway/PeerGateway] 	Generating contract map for user _AuditMSP_aud.qureshi
2026.08.24-15:02:31.242[32m info [39m [caliper] [caliper-worker] 	Worker #1 starting workload loop
2026.08.24-15:02:31.242[32m info [39m [caliper] [caliper-worker] 	Worker #3 starting workload loop
2026.08.24-15:02:31.242[32m info [39m [caliper] [caliper-worker] 	Worker #0 starting workload loop
2026.08.24-15:02:31.243[32m info [39m [caliper] [caliper-worker] 	Worker #2 starting workload loop
2026.08.24-15:02:34.105[32m info [39m [caliper] [default-observer] 	[increasing-load-20-tps Round 4 Transaction Info] - Submitted: 42 Succ: 40 Fail:0 Unfinished:2
2026.08.24-15:02:34.295[31m error[39m [caliper] [monitor-docker] 	Error reading monitor statistics: TypeError: Cannot read properties of null (reading 'length')
2026.08.24-15:02:36.344[31m error[39m [caliper] [monitor-docker] 	Error reading monitor statistics: TypeError: Cannot read properties of null (reading 'length')
2026.08.24-15:02:38.411[31m error[39m [caliper] [monitor-docker] 	Error reading monitor statistics: TypeError: Cannot read properties of null (reading 'length')
2026.08.24-15:02:39.105[32m info [39m [caliper] [default-observer] 	[increasing-load-20-tps Round 4 Transaction Info] - Submitted: 144 Succ: 140 Fail:0 Unfinished:4
2026.08.24-15:02:40.491[31m error[39m [caliper] [monitor-docker] 	Error reading monitor statistics: TypeError: Cannot read properties of null (reading 'length')
2026.08.24-15:02:42.536[31m error[39m [caliper] [monitor-docker] 	Error reading monitor statistics: TypeError: Cannot read properties of null (reading 'length')
2026.08.24-15:02:44.106[32m info [39m [caliper] [default-observer] 	[increasing-load-20-tps Round 4 Transaction Info] - Submitted: 244 Succ: 230 Fail:0 Unfinished:14
2026.08.24-15:02:44.579[31m error[39m [caliper] [monitor-docker] 	Error reading monitor statistics: TypeError: Cannot read properties of null (reading 'length')
2026.08.24-15:02:46.616[31m error[39m [caliper] [monitor-docker] 	Error reading monitor statistics: TypeError: Cannot read properties of null (reading 'length')
2026.08.24-15:02:48.656[31m error[39m [caliper] [monitor-docker] 	Error reading monitor statistics: TypeError: Cannot read properties of null (reading 'length')
2026.08.24-15:02:49.106[32m info [39m [caliper] [default-observer] 	[increasing-load-20-tps Round 4 Transaction Info] - Submitted: 344 Succ: 330 Fail:0 Unfinished:14
2026.08.24-15:02:50.705[31m error[39m [caliper] [monitor-docker] 	Error reading monitor statistics: TypeError: Cannot read properties of null (reading 'length')
2026.08.24-15:02:52.736[31m error[39m [caliper] [monitor-docker] 	Error reading monitor statistics: TypeError: Cannot read properties of null (reading 'length')
2026.08.24-15:02:54.106[32m info [39m [caliper] [default-observer] 	[increasing-load-20-tps Round 4 Transaction Info] - Submitted: 444 Succ: 430 Fail:0 Unfinished:14
2026.08.24-15:02:54.772[31m error[39m [caliper] [monitor-docker] 	Error reading monitor statistics: TypeError: Cannot read properties of null (reading 'length')
2026.08.24-15:02:56.809[31m error[39m [caliper] [monitor-docker] 	Error reading monitor statistics: TypeError: Cannot read properties of null (reading 'length')
2026.08.24-15:02:58.855[31m error[39m [caliper] [monitor-docker] 	Error reading monitor statistics: TypeError: Cannot read properties of null (reading 'length')
2026.08.24-15:02:59.107[32m info [39m [caliper] [default-observer] 	[increasing-load-20-tps Round 4 Transaction Info] - Submitted: 544 Succ: 530 Fail:0 Unfinished:14
2026.08.24-15:03:00.904[31m error[39m [caliper] [monitor-docker] 	Error reading monitor statistics: TypeError: Cannot read properties of null (reading 'length')
2026.08.24-15:03:02.949[31m error[39m [caliper] [monitor-docker] 	Error reading monitor statistics: TypeError: Cannot read properties of null (reading 'length')
2026.08.24-15:03:04.108[32m info [39m [caliper] [default-observer] 	[increasing-load-20-tps Round 4 Transaction Info] - Submitted: 644 Succ: 630 Fail:0 Unfinished:14
2026.08.24-15:03:04.990[31m error[39m [caliper] [monitor-docker] 	Error reading monitor statistics: TypeError: Cannot read properties of null (reading 'length')
2026.08.24-15:03:07.031[31m error[39m [caliper] [monitor-docker] 	Error reading monitor statistics: TypeError: Cannot read properties of null (reading 'length')
2026.08.24-15:03:09.072[31m error[39m [caliper] [monitor-docker] 	Error reading monitor statistics: TypeError: Cannot read properties of null (reading 'length')
2026.08.24-15:03:09.110[32m info [39m [caliper] [default-observer] 	[increasing-load-20-tps Round 4 Transaction Info] - Submitted: 744 Succ: 740 Fail:0 Unfinished:4
2026.08.24-15:03:11.108[31m error[39m [caliper] [monitor-docker] 	Error reading monitor statistics: TypeError: Cannot read properties of null (reading 'length')
2026.08.24-15:03:13.149[31m error[39m [caliper] [monitor-docker] 	Error reading monitor statistics: TypeError: Cannot read properties of null (reading 'length')
2026.08.24-15:03:14.110[32m info [39m [caliper] [default-observer] 	[increasing-load-20-tps Round 4 Transaction Info] - Submitted: 844 Succ: 790 Fail:0 Unfinished:54
2026.08.24-15:03:15.191[31m error[39m [caliper] [monitor-docker] 	Error reading monitor statistics: TypeError: Cannot read properties of null (reading 'length')
2026.08.24-15:03:17.232[31m error[39m [caliper] [monitor-docker] 	Error reading monitor statistics: TypeError: Cannot read properties of null (reading 'length')
2026.08.24-15:03:19.111[32m info [39m [caliper] [default-observer] 	[increasing-load-20-tps Round 4 Transaction Info] - Submitted: 944 Succ: 810 Fail:0 Unfinished:134
2026.08.24-15:03:19.274[31m error[39m [caliper] [monitor-docker] 	Error reading monitor statistics: TypeError: Cannot read properties of null (reading 'length')
2026.08.24-15:03:21.312[31m error[39m [caliper] [monitor-docker] 	Error reading monitor statistics: TypeError: Cannot read properties of null (reading 'length')
2026.08.24-15:03:23.356[31m error[39m [caliper] [monitor-docker] 	Error reading monitor statistics: TypeError: Cannot read properties of null (reading 'length')
2026.08.24-15:03:24.113[32m info [39m [caliper] [default-observer] 	[increasing-load-20-tps Round 4 Transaction Info] - Submitted: 1044 Succ: 810 Fail:0 Unfinished:234
2026.08.24-15:03:25.397[31m error[39m [caliper] [monitor-docker] 	Error reading monitor statistics: TypeError: Cannot read properties of null (reading 'length')
2026.08.24-15:03:27.446[31m error[39m [caliper] [monitor-docker] 	Error reading monitor statistics: TypeError: Cannot read properties of null (reading 'length')
2026.08.24-15:03:29.113[32m info [39m [caliper] [default-observer] 	[increasing-load-20-tps Round 4 Transaction Info] - Submitted: 1144 Succ: 820 Fail:0 Unfinished:324
2026.08.24-15:03:29.485[31m error[39m [caliper] [monitor-docker] 	Error reading monitor statistics: TypeError: Cannot read properties of null (reading 'length')
2026.08.24-15:03:31.525[31m error[39m [caliper] [monitor-docker] 	Error reading monitor statistics: TypeError: Cannot read properties of null (reading 'length')
2026.08.24-15:03:33.565[31m error[39m [caliper] [monitor-docker] 	Error reading monitor statistics: TypeError: Cannot read properties of null (reading 'length')
2026.08.24-15:03:34.115[32m info [39m [caliper] [default-observer] 	[increasing-load-20-tps Round 4 Transaction Info] - Submitted: 1204 Succ: 820 Fail:0 Unfinished:384
2026.08.24-15:03:35.605[31m error[39m [caliper] [monitor-docker] 	Error reading monitor statistics: TypeError: Cannot read properties of null (reading 'length')
2026.08.24-15:03:37.647[31m error[39m [caliper] [monitor-docker] 	Error reading monitor statistics: TypeError: Cannot read properties of null (reading 'length')
2026.08.24-15:03:39.115[32m info [39m [caliper] [default-observer] 	[increasing-load-20-tps Round 4 Transaction Info] - Submitted: 1204 Succ: 820 Fail:0 Unfinished:384
2026.08.24-15:03:39.684[31m error[39m [caliper] [monitor-docker] 	Error reading monitor statistics: TypeError: Cannot read properties of null (reading 'length')
2026.08.24-15:03:41.723[31m error[39m [caliper] [monitor-docker] 	Error reading monitor statistics: TypeError: Cannot read properties of null (reading 'length')
2026.08.24-15:03:43.762[31m error[39m [caliper] [monitor-docker] 	Error reading monitor statistics: TypeError: Cannot read properties of null (reading 'length')
2026.08.24-15:03:44.116[32m info [39m [caliper] [default-observer] 	[increasing-load-20-tps Round 4 Transaction Info] - Submitted: 1204 Succ: 824 Fail:0 Unfinished:380
2026.08.24-15:03:45.804[31m error[39m [caliper] [monitor-docker] 	Error reading monitor statistics: TypeError: Cannot read properties of null (reading 'length')
