2026.08.24-14:54:35.229[32m info [39m [caliper] [cli-launch-manager] 	Set workspace path: /Users/venkatrayudu/Workspace/XAI workspace/crime-records-network/benchmarks/caliper
2026.08.24-14:54:35.230[32m info [39m [caliper] [cli-launch-manager] 	Set benchmark configuration path: /Users/venkatrayudu/Workspace/XAI workspace/crime-records-network/benchmarks/caliper/configs/write-performance.yaml
2026.08.24-14:54:35.230[32m info [39m [caliper] [cli-launch-manager] 	Set network configuration path: /Users/venkatrayudu/Workspace/XAI workspace/crime-records-network/benchmarks/caliper/generated/network-config.json
2026.08.24-14:54:35.230[32m info [39m [caliper] [cli-launch-manager] 	Set SUT type: fabric
2026.08.24-14:54:35.239[32m info [39m [caliper] [benchmark-validator] 	No observer specified, will default to `none`
2026.08.24-14:54:35.239[32m info [39m [caliper] [caliper-engine] 	Starting benchmark flow
2026.08.24-14:54:35.239[32m info [39m [caliper] [caliper-engine] 	Skipping start commands due to benchmark flow conditioning
2026.08.24-14:54:35.239[32m info [39m [caliper] [caliper-engine] 	Skipping initialization phase due to benchmark flow conditioning
2026.08.24-14:54:35.240[32m info [39m [caliper] [caliper-engine] 	Skipping install smart contract phase due to benchmark flow conditioning
2026.08.24-14:54:35.282[32m info [39m [caliper] [FabricConnectorFactory] 	Initializing peer gateway connector compatible with installed fabric-gateway SDK: 1.7.1
2026.08.24-14:54:35.289[32m info [39m [caliper] [IdentityManager] 	Adding io.krishnan (admin=false) as io.krishnan for organization PoliceMSP
2026.08.24-14:54:35.290[32m info [39m [caliper] [IdentityManager] 	Adding aud.qureshi (admin=false) as _AuditMSP_aud.qureshi for organization AuditMSP
2026.08.24-14:54:35.291[32m info [39m [caliper] [monitor.js] 	Attempting to create resource monitor of type docker
2026.08.24-14:54:35.291[32m info [39m [caliper] [monitor.js] 	Attempting to create resource monitor of type prometheus
2026.08.24-14:54:35.292[32m info [39m [caliper] [default-observer] 	Observer interval set to 5000 milliseconds
2026.08.24-14:54:35.293[32m info [39m [caliper] [round-orchestrator] 	Preparing worker connections
2026.08.24-14:54:35.293[32m info [39m [caliper] [worker-orchestrator] 	Launching worker 1 of 2
2026.08.24-14:54:35.295[32m info [39m [caliper] [worker-orchestrator] 	Launching worker 2 of 2
2026.08.24-14:54:35.295[32m info [39m [caliper] [worker-orchestrator] 	Messenger not configured, entering configure phase...
2026.08.24-14:54:35.295[32m info [39m [caliper] [worker-orchestrator] 	No existing workers detected, entering worker launch phase...
2026.08.24-14:54:35.295[32m info [39m [caliper] [worker-orchestrator] 	Waiting for 2 workers to be connected...
2026.08.24-14:54:35.402[32m info [39m [caliper] [cli-launch-worker] 	Set workspace path: /Users/venkatrayudu/Workspace/XAI workspace/crime-records-network/benchmarks/caliper
2026.08.24-14:54:35.402[32m info [39m [caliper] [cli-launch-worker] 	Set workspace path: /Users/venkatrayudu/Workspace/XAI workspace/crime-records-network/benchmarks/caliper
2026.08.24-14:54:35.402[32m info [39m [caliper] [cli-launch-worker] 	Set benchmark configuration path: /Users/venkatrayudu/Workspace/XAI workspace/crime-records-network/benchmarks/caliper/configs/write-performance.yaml
2026.08.24-14:54:35.402[32m info [39m [caliper] [cli-launch-worker] 	Set benchmark configuration path: /Users/venkatrayudu/Workspace/XAI workspace/crime-records-network/benchmarks/caliper/configs/write-performance.yaml
2026.08.24-14:54:35.402[32m info [39m [caliper] [cli-launch-worker] 	Set network configuration path: /Users/venkatrayudu/Workspace/XAI workspace/crime-records-network/benchmarks/caliper/generated/network-config.json
2026.08.24-14:54:35.402[32m info [39m [caliper] [cli-launch-worker] 	Set network configuration path: /Users/venkatrayudu/Workspace/XAI workspace/crime-records-network/benchmarks/caliper/generated/network-config.json
2026.08.24-14:54:35.402[32m info [39m [caliper] [cli-launch-worker] 	Set SUT type: fabric
2026.08.24-14:54:35.402[32m info [39m [caliper] [cli-launch-worker] 	Set SUT type: fabric
2026.08.24-14:54:35.418[32m info [39m [caliper] [worker-orchestrator] 	2 workers connected, progressing to worker assignment phase.
2026.08.24-14:54:35.418[32m info [39m [caliper] [worker-orchestrator] 	Workers currently unassigned, awaiting index assignment...
2026.08.24-14:54:35.418[32m info [39m [caliper] [worker-orchestrator] 	Waiting for 2 workers to be assigned...
2026.08.24-14:54:35.421[32m info [39m [caliper] [worker-orchestrator] 	2 workers assigned, progressing to worker initialization phase.
2026.08.24-14:54:35.421[32m info [39m [caliper] [worker-orchestrator] 	Waiting for 2 workers to be ready...
2026.08.24-14:54:35.421[32m info [39m [caliper] [worker-message-handler] 	Initializing Worker#1...
2026.08.24-14:54:35.421[32m info [39m [caliper] [worker-message-handler] 	Initializing Worker#0...
2026.08.24-14:54:35.468[32m info [39m [caliper] [FabricConnectorFactory] 	Initializing peer gateway connector compatible with installed fabric-gateway SDK: 1.7.1
2026.08.24-14:54:35.468[32m info [39m [caliper] [FabricConnectorFactory] 	Initializing peer gateway connector compatible with installed fabric-gateway SDK: 1.7.1
2026.08.24-14:54:35.470[32m info [39m [caliper] [IdentityManager] 	Adding io.krishnan (admin=false) as io.krishnan for organization PoliceMSP
2026.08.24-14:54:35.470[32m info [39m [caliper] [IdentityManager] 	Adding io.krishnan (admin=false) as io.krishnan for organization PoliceMSP
2026.08.24-14:54:35.471[32m info [39m [caliper] [IdentityManager] 	Adding aud.qureshi (admin=false) as _AuditMSP_aud.qureshi for organization AuditMSP
2026.08.24-14:54:35.471[32m info [39m [caliper] [IdentityManager] 	Adding aud.qureshi (admin=false) as _AuditMSP_aud.qureshi for organization AuditMSP
2026.08.24-14:54:35.472[32m info [39m [caliper] [worker-message-handler] 	Worker#1 initialized
2026.08.24-14:54:35.472[32m info [39m [caliper] [worker-message-handler] 	Worker#0 initialized
2026.08.24-14:54:35.473[32m info [39m [caliper] [worker-orchestrator] 	2 workers ready, progressing to test preparation phase.
2026.08.24-14:54:35.473[32m info [39m [caliper] [round-orchestrator] 	Started round 1 (write-warmup-1-tps)
2026.08.24-14:54:35.473[32m info [39m [caliper] [worker-message-handler] 	Preparing Worker#0 for Round#0
2026.08.24-14:54:35.474[32m info [39m [caliper] [worker-message-handler] 	Preparing Worker#1 for Round#0
2026.08.24-14:54:35.482[32m info [39m [caliper] [connectors/peer-gateway/PeerGateway] 	Generating contract map for user io.krishnan
2026.08.24-14:54:35.483[32m info [39m [caliper] [connectors/peer-gateway/PeerGateway] 	Generating contract map for user io.krishnan
2026.08.24-14:54:35.485[32m info [39m [caliper] [connectors/peer-gateway/PeerGateway] 	Generating contract map for user _AuditMSP_aud.qureshi
2026.08.24-14:54:35.485[32m info [39m [caliper] [connectors/peer-gateway/PeerGateway] 	Generating contract map for user _AuditMSP_aud.qureshi
2026.08.24-14:54:35.485[32m info [39m [caliper] [caliper-worker] 	Info: worker 1 prepare test phase for round 0 is starting...
2026.08.24-14:54:35.485[32m info [39m [caliper] [caliper-worker] 	Info: worker 0 prepare test phase for round 0 is starting...
2026.08.24-14:54:35.486[32m info [39m [caliper] [connectors/peer-gateway/PeerGateway] 	disconnecting gateway for user io.krishnan
2026.08.24-14:54:35.486[32m info [39m [caliper] [connectors/peer-gateway/PeerGateway] 	disconnecting gateway for user io.krishnan
2026.08.24-14:54:35.486[32m info [39m [caliper] [connectors/peer-gateway/PeerGateway] 	disconnecting gateway for user _AuditMSP_aud.qureshi
2026.08.24-14:54:35.486[32m info [39m [caliper] [connectors/peer-gateway/PeerGateway] 	disconnecting gateway for user _AuditMSP_aud.qureshi
2026.08.24-14:54:35.486[32m info [39m [caliper] [connectors/peer-gateway/PeerGateway] 	disconnecting gRpc client at peer PoliceMSP_localhost:7051
2026.08.24-14:54:35.486[32m info [39m [caliper] [connectors/peer-gateway/PeerGateway] 	disconnecting gRpc client at peer PoliceMSP_localhost:7051
2026.08.24-14:54:35.487[32m info [39m [caliper] [connectors/peer-gateway/PeerGateway] 	disconnecting gRpc client at peer AuditMSP_localhost:11051
2026.08.24-14:54:35.487[32m info [39m [caliper] [caliper-worker] 	Info: worker 1 prepare test phase for round 0 is completed
2026.08.24-14:54:35.487[32m info [39m [caliper] [connectors/peer-gateway/PeerGateway] 	disconnecting gRpc client at peer AuditMSP_localhost:11051
2026.08.24-14:54:35.487[32m info [39m [caliper] [worker-message-handler] 	Worker#1 prepared for Round#0
2026.08.24-14:54:35.487[32m info [39m [caliper] [caliper-worker] 	Info: worker 0 prepare test phase for round 0 is completed
2026.08.24-14:54:35.487[32m info [39m [caliper] [worker-message-handler] 	Worker#0 prepared for Round#0
2026.08.24-14:54:35.487[32m info [39m [caliper] [worker-orchestrator] 	2 workers prepared, progressing to test phase.
2026.08.24-14:54:37.654[31m error[39m [caliper] [monitor-docker] 	Error reading monitor statistics: TypeError: Cannot read properties of null (reading 'length')
2026.08.24-14:54:37.654[32m info [39m [caliper] [round-orchestrator] 	Monitors successfully started
2026.08.24-14:54:37.655[32m info [39m [caliper] [worker-message-handler] 	Worker#1 is starting Round#0
2026.08.24-14:54:37.655[32m info [39m [caliper] [worker-message-handler] 	Worker#0 is starting Round#0
2026.08.24-14:54:37.657[32m info [39m [caliper] [connectors/peer-gateway/PeerGateway] 	Generating contract map for user io.krishnan
2026.08.24-14:54:37.657[32m info [39m [caliper] [connectors/peer-gateway/PeerGateway] 	Generating contract map for user io.krishnan
2026.08.24-14:54:37.658[32m info [39m [caliper] [connectors/peer-gateway/PeerGateway] 	Generating contract map for user _AuditMSP_aud.qureshi
2026.08.24-14:54:37.658[32m info [39m [caliper] [connectors/peer-gateway/PeerGateway] 	Generating contract map for user _AuditMSP_aud.qureshi
2026.08.24-14:54:37.659[32m info [39m [caliper] [caliper-worker] 	Worker #1 starting workload loop
2026.08.24-14:54:37.659[32m info [39m [caliper] [caliper-worker] 	Worker #0 starting workload loop
2026.08.24-14:54:40.497[32m info [39m [caliper] [default-observer] 	[write-warmup-1-tps Round 0 Transaction Info] - Submitted: 4 Succ: 0 Fail:0 Unfinished:4
2026.08.24-14:54:40.742[31m error[39m [caliper] [monitor-docker] 	Error reading monitor statistics: TypeError: Cannot read properties of null (reading 'length')
2026.08.24-14:54:42.819[31m error[39m [caliper] [monitor-docker] 	Error reading monitor statistics: TypeError: Cannot read properties of null (reading 'length')
2026.08.24-14:54:44.899[31m error[39m [caliper] [monitor-docker] 	Error reading monitor statistics: TypeError: Cannot read properties of null (reading 'length')
2026.08.24-14:54:45.490[32m info [39m [caliper] [default-observer] 	[write-warmup-1-tps Round 0 Transaction Info] - Submitted: 8 Succ: 6 Fail:0 Unfinished:2
2026.08.24-14:54:46.971[31m error[39m [caliper] [monitor-docker] 	Error reading monitor statistics: TypeError: Cannot read properties of null (reading 'length')
2026.08.24-14:54:49.073[31m error[39m [caliper] [monitor-docker] 	Error reading monitor statistics: TypeError: Cannot read properties of null (reading 'length')
2026.08.24-14:54:50.491[32m info [39m [caliper] [default-observer] 	[write-warmup-1-tps Round 0 Transaction Info] - Submitted: 14 Succ: 10 Fail:0 Unfinished:4
2026.08.24-14:54:51.129[31m error[39m [caliper] [monitor-docker] 	Error reading monitor statistics: TypeError: Cannot read properties of null (reading 'length')
2026.08.24-14:54:53.223[31m error[39m [caliper] [monitor-docker] 	Error reading monitor statistics: TypeError: Cannot read properties of null (reading 'length')
2026.08.24-14:54:55.315[31m error[39m [caliper] [monitor-docker] 	Error reading monitor statistics: TypeError: Cannot read properties of null (reading 'length')
2026.08.24-14:54:55.492[32m info [39m [caliper] [default-observer] 	[write-warmup-1-tps Round 0 Transaction Info] - Submitted: 18 Succ: 16 Fail:0 Unfinished:2
2026.08.24-14:54:56.784[32m info [39m [caliper] [connectors/peer-gateway/PeerGateway] 	disconnecting gateway for user io.krishnan
2026.08.24-14:54:56.785[32m info [39m [caliper] [connectors/peer-gateway/PeerGateway] 	disconnecting gateway for user _AuditMSP_aud.qureshi
2026.08.24-14:54:56.785[32m info [39m [caliper] [connectors/peer-gateway/PeerGateway] 	disconnecting gRpc client at peer PoliceMSP_localhost:7051
2026.08.24-14:54:56.785[32m info [39m [caliper] [connectors/peer-gateway/PeerGateway] 	disconnecting gRpc client at peer AuditMSP_localhost:11051
2026.08.24-14:54:56.785[32m info [39m [caliper] [worker-message-handler] 	Worker#1 finished Round#0
2026.08.24-14:54:56.785[32m info [39m [caliper] [connectors/peer-gateway/PeerGateway] 	disconnecting gateway for user io.krishnan
2026.08.24-14:54:56.785[32m info [39m [caliper] [connectors/peer-gateway/PeerGateway] 	disconnecting gateway for user _AuditMSP_aud.qureshi
2026.08.24-14:54:56.785[32m info [39m [caliper] [connectors/peer-gateway/PeerGateway] 	disconnecting gRpc client at peer PoliceMSP_localhost:7051
2026.08.24-14:54:56.785[32m info [39m [caliper] [connectors/peer-gateway/PeerGateway] 	disconnecting gRpc client at peer AuditMSP_localhost:11051
2026.08.24-14:54:56.785[32m info [39m [caliper] [worker-message-handler] 	Worker#0 finished Round#0
2026.08.24-14:54:57.411[31m error[39m [caliper] [monitor-docker] 	Error reading monitor statistics: TypeError: Cannot read properties of null (reading 'length')
2026.08.24-14:54:59.506[31m error[39m [caliper] [monitor-docker] 	Error reading monitor statistics: TypeError: Cannot read properties of null (reading 'length')
2026.08.24-14:55:01.596[31m error[39m [caliper] [monitor-docker] 	Error reading monitor statistics: TypeError: Cannot read properties of null (reading 'length')
2026.08.24-14:55:01.787[32m info [39m [caliper] [default-observer] 	Resetting txCount indicator count
2026.08.24-14:55:01.788[32m info [39m [caliper] [report-builder] 	### Test result ###
2026.08.24-14:55:01.792[32m info [39m [caliper] [report-builder] 	
+--------------------+------+------+-----------------+-----------------+-----------------+-----------------+------------------+
| Name               | Succ | Fail | Send Rate (TPS) | Max Latency (s) | Min Latency (s) | Avg Latency (s) | Throughput (TPS) |
|--------------------|------|------|-----------------|-----------------|-----------------|-----------------|------------------|
| write-warmup-1-tps | 18   | 0    | 1.1             | 2.11            | 0.08            | 1.53            | 1.0              |
+--------------------+------+------+-----------------+-----------------+-----------------+-----------------+------------------+

2026.08.24-14:55:01.798[32m info [39m [caliper] [report-builder] 	### docker resource stats ###'
2026.08.24-14:55:01.802[32m info [39m [caliper] [report-builder] 	
+----------------------------------------------------------------------------------------------------------------------+-----------+-----------+------------------+------------------+-----------------+------------------+-----------------+---------------+
| Name                                                                                                                 | CPU%(max) | CPU%(avg) | Memory(max) [MB] | Memory(avg) [MB] | Traffic In [KB] | Traffic Out [KB] | Disc Write [KB] | Disc Read [B] |
|----------------------------------------------------------------------------------------------------------------------|-----------|-----------|------------------|------------------|-----------------|------------------|-----------------|---------------|
| /caliper-prometheus                                                                                                  | 0.01625   | 0.0075    | 42.5             | 42.4             | 324             | 19.2             | 272             | 0.00          |
|----------------------------------------------------------------------------------------------------------------------|-----------|-----------|------------------|------------------|-----------------|------------------|-----------------|---------------|
| /dev-peer0.forensics.example.com-crimerecords_2.3-97784f7fb69353014f85563171b6ed3e2b9c6a32f1c765c7e59f0979532de512   | 0         | 0         | 52.8             | 52.7             | 54.7            | 44.6             | 0.00            | 0.00          |
|----------------------------------------------------------------------------------------------------------------------|-----------|-----------|------------------|------------------|-----------------|------------------|-----------------|---------------|
| /dev-peer0.police.example.com-crimerecords_2.3-97784f7fb69353014f85563171b6ed3e2b9c6a32f1c765c7e59f0979532de512      | 0.001875  | 0         | 59.1             | 59.0             | 112             | 88.8             | 0.00            | 0.00          |
|----------------------------------------------------------------------------------------------------------------------|-----------|-----------|------------------|------------------|-----------------|------------------|-----------------|---------------|
| /dev-peer0.prosecution.example.com-crimerecords_2.3-97784f7fb69353014f85563171b6ed3e2b9c6a32f1c765c7e59f0979532de512 | 0.000625  | 0         | 53.6             | 53.5             | 43.0            | 34.6             | 0.00            | 0.00          |
|----------------------------------------------------------------------------------------------------------------------|-----------|-----------|------------------|------------------|-----------------|------------------|-----------------|---------------|
| /dev-peer0.audit.example.com-crimerecords_2.3-97784f7fb69353014f85563171b6ed3e2b9c6a32f1c765c7e59f0979532de512       | 0         | 0         | 53.8             | 53.3             | 67.4            | 54.3             | 0.00            | 0.00          |
|----------------------------------------------------------------------------------------------------------------------|-----------|-----------|------------------|------------------|-----------------|------------------|-----------------|---------------|
| /dev-peer0.court.example.com-crimerecords_2.3-97784f7fb69353014f85563171b6ed3e2b9c6a32f1c765c7e59f0979532de512       | 0         | 0         | 52.6             | 52.5             | 54.7            | 44.0             | 0.00            | 0.00          |
|----------------------------------------------------------------------------------------------------------------------|-----------|-----------|------------------|------------------|-----------------|------------------|-----------------|---------------|
| /peer0.audit.example.com                                                                                             | 0.0375    | 0.0175    | 85.7             | 85.4             | 404             | 359              | 300             | 0.00          |
|----------------------------------------------------------------------------------------------------------------------|-----------|-----------|------------------|------------------|-----------------|------------------|-----------------|---------------|
| /peer0.court.example.com                                                                                             | 0.0325    | 0.018125  | 86.6             | 86.1             | 388             | 327              | 300             | 0.00          |
|----------------------------------------------------------------------------------------------------------------------|-----------|-----------|------------------|------------------|-----------------|------------------|-----------------|---------------|
| /peer0.prosecution.example.com                                                                                       | 0.031875  | 0.016875  | 81.1             | 81.0             | 375             | 312              | 300             | 0.00          |
|----------------------------------------------------------------------------------------------------------------------|-----------|-----------|------------------|------------------|-----------------|------------------|-----------------|---------------|
| /peer0.police.example.com                                                                                            | 0.03125   | 0.019375  | 88.4             | 88.1             | 904             | 790              | 300             | 0.00          |
|----------------------------------------------------------------------------------------------------------------------|-----------|-----------|------------------|------------------|-----------------|------------------|-----------------|---------------|
| /peer0.forensics.example.com                                                                                         | 0.041875  | 0.018125  | 85.2             | 84.8             | 389             | 335              | 300             | 0.00          |
|----------------------------------------------------------------------------------------------------------------------|-----------|-----------|------------------|------------------|-----------------|------------------|-----------------|---------------|
| /couchdb-audit                                                                                                       | 0.03      | 0.009375  | 64.5             | 64.5             | 49.9            | 23.8             | 292             | 0.00          |
|----------------------------------------------------------------------------------------------------------------------|-----------|-----------|------------------|------------------|-----------------|------------------|-----------------|---------------|
| /couchdb-court                                                                                                       | 0.0175    | 0.006875  | 64.6             | 64.6             | 49.9            | 23.8             | 292             | 0.00          |
|----------------------------------------------------------------------------------------------------------------------|-----------|-----------|------------------|------------------|-----------------|------------------|-----------------|---------------|
| /couchdb-prosecution                                                                                                 | 0.03      | 0.009375  | 65.2             | 65.0             | 50.0            | 23.8             | 292             | 0.00          |
|----------------------------------------------------------------------------------------------------------------------|-----------|-----------|------------------|------------------|-----------------|------------------|-----------------|---------------|
| /couchdb-forensics                                                                                                   | 0.029375  | 0.009375  | 66.0             | 65.7             | 50.0            | 23.8             | 292             | 0.00          |
|----------------------------------------------------------------------------------------------------------------------|-----------|-----------|------------------|------------------|-----------------|------------------|-----------------|---------------|
| /couchdb-police                                                                                                      | 0.034375  | 0.011875  | 68.7             | 67.6             | 50.7            | 25.6             | 292             | 0.00          |
|----------------------------------------------------------------------------------------------------------------------|-----------|-----------|------------------|------------------|-----------------|------------------|-----------------|---------------|
| /orderer.example.com                                                                                                 | 0.0075    | 0.001875  | 30.8             | 29.1             | 199             | 934              | 428             | 0.00          |
|----------------------------------------------------------------------------------------------------------------------|-----------|-----------|------------------|------------------|-----------------|------------------|-----------------|---------------|
| /ca_police                                                                                                           | 0         | 0         | 9.37             | 9.37             | 0.00            | 0.00             | -               | -             |
|----------------------------------------------------------------------------------------------------------------------|-----------|-----------|------------------|------------------|-----------------|------------------|-----------------|---------------|
| /ca_forensics                                                                                                        | NaN       | NaN       | -                | -                | -               | -                | -               | -             |
|----------------------------------------------------------------------------------------------------------------------|-----------|-----------|------------------|------------------|-----------------|------------------|-----------------|---------------|
| /ca_orderer                                                                                                          | NaN       | NaN       | -                | -                | -               | -                | -               | -             |
|----------------------------------------------------------------------------------------------------------------------|-----------|-----------|------------------|------------------|-----------------|------------------|-----------------|---------------|
| /ca_court                                                                                                            | NaN       | NaN       | -                | -                | -               | -                | -               | -             |
|----------------------------------------------------------------------------------------------------------------------|-----------|-----------|------------------|------------------|-----------------|------------------|-----------------|---------------|
| /ca_audit                                                                                                            | NaN       | NaN       | -                | -                | -               | -                | -               | -             |
|----------------------------------------------------------------------------------------------------------------------|-----------|-----------|------------------|------------------|-----------------|------------------|-----------------|---------------|
| /ca_prosecution                                                                                                      | NaN       | NaN       | -                | -                | -               | -                | -               | -             |
+----------------------------------------------------------------------------------------------------------------------+-----------+-----------+------------------+------------------+-----------------+------------------+-----------------+---------------+

2026.08.24-14:55:01.821[32m info [39m [caliper] [report-builder] 	### prometheus resource stats ###'
2026.08.24-14:55:01.823[32m info [39m [caliper] [report-builder] 	
+--------------------------------------------------+-------------------------------------------------------------------------------------------------------------------------------------------------------------------------------------------------------------------------------------------------------------------------------------------------+------------------------------------+---------+
| Metric                                           | Prometheus Query                                                                                                                                                                                                                                                                                | Name                               | Value   |
|--------------------------------------------------|-------------------------------------------------------------------------------------------------------------------------------------------------------------------------------------------------------------------------------------------------------------------------------------------------|------------------------------------|---------|
| Process resident memory (MiB, max)               | process_resident_memory_bytes{job=~"fabric-.*"}                                                                                                                                                                                                                                                 | orderer.example.com:9443           | 51.6    |
|--------------------------------------------------|-------------------------------------------------------------------------------------------------------------------------------------------------------------------------------------------------------------------------------------------------------------------------------------------------|------------------------------------|---------|
|                                                  |                                                                                                                                                                                                                                                                                                 | peer0.audit.example.com:9448       | 117     |
|--------------------------------------------------|-------------------------------------------------------------------------------------------------------------------------------------------------------------------------------------------------------------------------------------------------------------------------------------------------|------------------------------------|---------|
|                                                  |                                                                                                                                                                                                                                                                                                 | peer0.court.example.com:9447       | 117     |
|--------------------------------------------------|-------------------------------------------------------------------------------------------------------------------------------------------------------------------------------------------------------------------------------------------------------------------------------------------------|------------------------------------|---------|
|                                                  |                                                                                                                                                                                                                                                                                                 | peer0.forensics.example.com:9445   | 117     |
|--------------------------------------------------|-------------------------------------------------------------------------------------------------------------------------------------------------------------------------------------------------------------------------------------------------------------------------------------------------|------------------------------------|---------|
|                                                  |                                                                                                                                                                                                                                                                                                 | peer0.police.example.com:9444      | 119     |
|--------------------------------------------------|-------------------------------------------------------------------------------------------------------------------------------------------------------------------------------------------------------------------------------------------------------------------------------------------------|------------------------------------|---------|
|                                                  |                                                                                                                                                                                                                                                                                                 | peer0.prosecution.example.com:9446 | 112     |
|--------------------------------------------------|-------------------------------------------------------------------------------------------------------------------------------------------------------------------------------------------------------------------------------------------------------------------------------------------------|------------------------------------|---------|
| Process CPU rate (percent, max)                  | rate(process_cpu_seconds_total{job=~"fabric-.*"}[1m])                                                                                                                                                                                                                                           | orderer.example.com:9443           | 0.291   |
|--------------------------------------------------|-------------------------------------------------------------------------------------------------------------------------------------------------------------------------------------------------------------------------------------------------------------------------------------------------|------------------------------------|---------|
|                                                  |                                                                                                                                                                                                                                                                                                 | peer0.audit.example.com:9448       | 2.87    |
|--------------------------------------------------|-------------------------------------------------------------------------------------------------------------------------------------------------------------------------------------------------------------------------------------------------------------------------------------------------|------------------------------------|---------|
|                                                  |                                                                                                                                                                                                                                                                                                 | peer0.court.example.com:9447       | 2.67    |
|--------------------------------------------------|-------------------------------------------------------------------------------------------------------------------------------------------------------------------------------------------------------------------------------------------------------------------------------------------------|------------------------------------|---------|
|                                                  |                                                                                                                                                                                                                                                                                                 | peer0.forensics.example.com:9445   | 2.89    |
|--------------------------------------------------|-------------------------------------------------------------------------------------------------------------------------------------------------------------------------------------------------------------------------------------------------------------------------------------------------|------------------------------------|---------|
|                                                  |                                                                                                                                                                                                                                                                                                 | peer0.police.example.com:9444      | 5.29    |
|--------------------------------------------------|-------------------------------------------------------------------------------------------------------------------------------------------------------------------------------------------------------------------------------------------------------------------------------------------------|------------------------------------|---------|
|                                                  |                                                                                                                                                                                                                                                                                                 | peer0.prosecution.example.com:9446 | 2.80    |
|--------------------------------------------------|-------------------------------------------------------------------------------------------------------------------------------------------------------------------------------------------------------------------------------------------------------------------------------------------------|------------------------------------|---------|
| Crimerecords endorsement duration (seconds, avg) | sum by (instance) (rate(endorser_proposal_duration_sum{job=~"fabric-.*",channel="crimechannel",chaincode="crimerecords",success="true"}[1m])) / sum by (instance) (rate(endorser_proposal_duration_count{job=~"fabric-.*",channel="crimechannel",chaincode="crimerecords",success="true"}[1m])) | peer0.audit.example.com:9448       | NaN     |
|--------------------------------------------------|-------------------------------------------------------------------------------------------------------------------------------------------------------------------------------------------------------------------------------------------------------------------------------------------------|------------------------------------|---------|
|                                                  |                                                                                                                                                                                                                                                                                                 | peer0.court.example.com:9447       | NaN     |
|--------------------------------------------------|-------------------------------------------------------------------------------------------------------------------------------------------------------------------------------------------------------------------------------------------------------------------------------------------------|------------------------------------|---------|
|                                                  |                                                                                                                                                                                                                                                                                                 | peer0.forensics.example.com:9445   | NaN     |
|--------------------------------------------------|-------------------------------------------------------------------------------------------------------------------------------------------------------------------------------------------------------------------------------------------------------------------------------------------------|------------------------------------|---------|
|                                                  |                                                                                                                                                                                                                                                                                                 | peer0.police.example.com:9444      | 0.00835 |
|--------------------------------------------------|-------------------------------------------------------------------------------------------------------------------------------------------------------------------------------------------------------------------------------------------------------------------------------------------------|------------------------------------|---------|
|                                                  |                                                                                                                                                                                                                                                                                                 | peer0.prosecution.example.com:9446 | NaN     |
|--------------------------------------------------|-------------------------------------------------------------------------------------------------------------------------------------------------------------------------------------------------------------------------------------------------------------------------------------------------|------------------------------------|---------|
| Ledger height (blocks, max)                      | ledger_blockchain_height{job=~"fabric-.*",channel="crimechannel"}                                                                                                                                                                                                                               | orderer.example.com:9443           | 46.0    |
|--------------------------------------------------|-------------------------------------------------------------------------------------------------------------------------------------------------------------------------------------------------------------------------------------------------------------------------------------------------|------------------------------------|---------|
|                                                  |                                                                                                                                                                                                                                                                                                 | peer0.audit.example.com:9448       | 46.0    |
|--------------------------------------------------|-------------------------------------------------------------------------------------------------------------------------------------------------------------------------------------------------------------------------------------------------------------------------------------------------|------------------------------------|---------|
|                                                  |                                                                                                                                                                                                                                                                                                 | peer0.court.example.com:9447       | 46.0    |
|--------------------------------------------------|-------------------------------------------------------------------------------------------------------------------------------------------------------------------------------------------------------------------------------------------------------------------------------------------------|------------------------------------|---------|
|                                                  |                                                                                                                                                                                                                                                                                                 | peer0.forensics.example.com:9445   | 46.0    |
|--------------------------------------------------|-------------------------------------------------------------------------------------------------------------------------------------------------------------------------------------------------------------------------------------------------------------------------------------------------|------------------------------------|---------|
|                                                  |                                                                                                                                                                                                                                                                                                 | peer0.police.example.com:9444      | 46.0    |
|--------------------------------------------------|-------------------------------------------------------------------------------------------------------------------------------------------------------------------------------------------------------------------------------------------------------------------------------------------------|------------------------------------|---------|
|                                                  |                                                                                                                                                                                                                                                                                                 | peer0.prosecution.example.com:9446 | 46.0    |
+--------------------------------------------------+-------------------------------------------------------------------------------------------------------------------------------------------------------------------------------------------------------------------------------------------------------------------------------------------------+------------------------------------+---------+

2026.08.24-14:55:01.823[32m info [39m [caliper] [round-orchestrator] 	Finished round 1 (write-warmup-1-tps) in 18.125 seconds
2026.08.24-14:55:01.823[32m info [39m [caliper] [monitor.js] 	Stopping all monitors
2026.08.24-14:55:01.925[32m info [39m [caliper] [round-orchestrator] 	Waiting 5 seconds for the next round...
2026.08.24-14:55:06.925[32m info [39m [caliper] [round-orchestrator] 	Started round 2 (write-measurement-5-tps)
2026.08.24-14:55:06.927[32m info [39m [caliper] [worker-message-handler] 	Preparing Worker#0 for Round#1
2026.08.24-14:55:06.928[32m info [39m [caliper] [worker-message-handler] 	Preparing Worker#1 for Round#1
2026.08.24-14:55:06.931[32m info [39m [caliper] [connectors/peer-gateway/PeerGateway] 	Generating contract map for user io.krishnan
2026.08.24-14:55:06.931[32m info [39m [caliper] [connectors/peer-gateway/PeerGateway] 	Generating contract map for user io.krishnan
2026.08.24-14:55:06.934[32m info [39m [caliper] [connectors/peer-gateway/PeerGateway] 	Generating contract map for user _AuditMSP_aud.qureshi
2026.08.24-14:55:06.934[32m info [39m [caliper] [caliper-worker] 	Info: worker 1 prepare test phase for round 1 is starting...
2026.08.24-14:55:06.934[32m info [39m [caliper] [connectors/peer-gateway/PeerGateway] 	disconnecting gateway for user io.krishnan
2026.08.24-14:55:06.934[32m info [39m [caliper] [connectors/peer-gateway/PeerGateway] 	disconnecting gateway for user _AuditMSP_aud.qureshi
2026.08.24-14:55:06.934[32m info [39m [caliper] [connectors/peer-gateway/PeerGateway] 	disconnecting gRpc client at peer PoliceMSP_localhost:7051
2026.08.24-14:55:06.934[32m info [39m [caliper] [connectors/peer-gateway/PeerGateway] 	disconnecting gRpc client at peer AuditMSP_localhost:11051
2026.08.24-14:55:06.934[32m info [39m [caliper] [caliper-worker] 	Info: worker 1 prepare test phase for round 1 is completed
2026.08.24-14:55:06.934[32m info [39m [caliper] [worker-message-handler] 	Worker#1 prepared for Round#1
2026.08.24-14:55:06.934[32m info [39m [caliper] [connectors/peer-gateway/PeerGateway] 	Generating contract map for user _AuditMSP_aud.qureshi
2026.08.24-14:55:06.934[32m info [39m [caliper] [caliper-worker] 	Info: worker 0 prepare test phase for round 1 is starting...
2026.08.24-14:55:06.936[32m info [39m [caliper] [connectors/peer-gateway/PeerGateway] 	disconnecting gateway for user io.krishnan
2026.08.24-14:55:06.936[32m info [39m [caliper] [connectors/peer-gateway/PeerGateway] 	disconnecting gateway for user _AuditMSP_aud.qureshi
2026.08.24-14:55:06.936[32m info [39m [caliper] [connectors/peer-gateway/PeerGateway] 	disconnecting gRpc client at peer PoliceMSP_localhost:7051
2026.08.24-14:55:06.936[32m info [39m [caliper] [connectors/peer-gateway/PeerGateway] 	disconnecting gRpc client at peer AuditMSP_localhost:11051
2026.08.24-14:55:06.936[32m info [39m [caliper] [caliper-worker] 	Info: worker 0 prepare test phase for round 1 is completed
2026.08.24-14:55:06.936[32m info [39m [caliper] [worker-message-handler] 	Worker#0 prepared for Round#1
2026.08.24-14:55:06.937[32m info [39m [caliper] [worker-orchestrator] 	2 workers prepared, progressing to test phase.
2026.08.24-14:55:09.097[31m error[39m [caliper] [monitor-docker] 	Error reading monitor statistics: TypeError: Cannot read properties of null (reading 'length')
2026.08.24-14:55:09.098[32m info [39m [caliper] [round-orchestrator] 	Monitors successfully started
2026.08.24-14:55:09.098[32m info [39m [caliper] [worker-message-handler] 	Worker#0 is starting Round#1
2026.08.24-14:55:09.098[32m info [39m [caliper] [worker-message-handler] 	Worker#1 is starting Round#1
2026.08.24-14:55:09.101[32m info [39m [caliper] [connectors/peer-gateway/PeerGateway] 	Generating contract map for user io.krishnan
2026.08.24-14:55:09.101[32m info [39m [caliper] [connectors/peer-gateway/PeerGateway] 	Generating contract map for user io.krishnan
2026.08.24-14:55:09.103[32m info [39m [caliper] [connectors/peer-gateway/PeerGateway] 	Generating contract map for user _AuditMSP_aud.qureshi
2026.08.24-14:55:09.103[32m info [39m [caliper] [connectors/peer-gateway/PeerGateway] 	Generating contract map for user _AuditMSP_aud.qureshi
2026.08.24-14:55:09.103[32m info [39m [caliper] [caliper-worker] 	Worker #0 starting workload loop
2026.08.24-14:55:09.103[32m info [39m [caliper] [caliper-worker] 	Worker #1 starting workload loop
2026.08.24-14:55:11.938[32m info [39m [caliper] [default-observer] 	[write-measurement-5-tps Round 1 Transaction Info] - Submitted: 10 Succ: 10 Fail:0 Unfinished:0
2026.08.24-14:55:12.212[31m error[39m [caliper] [monitor-docker] 	Error reading monitor statistics: TypeError: Cannot read properties of null (reading 'length')
2026.08.24-14:55:14.275[31m error[39m [caliper] [monitor-docker] 	Error reading monitor statistics: TypeError: Cannot read properties of null (reading 'length')
2026.08.24-14:55:16.366[31m error[39m [caliper] [monitor-docker] 	Error reading monitor statistics: TypeError: Cannot read properties of null (reading 'length')
2026.08.24-14:55:16.939[32m info [39m [caliper] [default-observer] 	[write-measurement-5-tps Round 1 Transaction Info] - Submitted: 36 Succ: 30 Fail:0 Unfinished:6
2026.08.24-14:55:18.417[31m error[39m [caliper] [monitor-docker] 	Error reading monitor statistics: TypeError: Cannot read properties of null (reading 'length')
2026.08.24-14:55:20.496[31m error[39m [caliper] [monitor-docker] 	Error reading monitor statistics: TypeError: Cannot read properties of null (reading 'length')
2026.08.24-14:55:21.939[32m info [39m [caliper] [default-observer] 	[write-measurement-5-tps Round 1 Transaction Info] - Submitted: 62 Succ: 60 Fail:0 Unfinished:2
2026.08.24-14:55:22.590[31m error[39m [caliper] [monitor-docker] 	Error reading monitor statistics: TypeError: Cannot read properties of null (reading 'length')
2026.08.24-14:55:24.659[31m error[39m [caliper] [monitor-docker] 	Error reading monitor statistics: TypeError: Cannot read properties of null (reading 'length')
2026.08.24-14:55:26.766[31m error[39m [caliper] [monitor-docker] 	Error reading monitor statistics: TypeError: Cannot read properties of null (reading 'length')
2026.08.24-14:55:26.940[32m info [39m [caliper] [default-observer] 	[write-measurement-5-tps Round 1 Transaction Info] - Submitted: 86 Succ: 80 Fail:0 Unfinished:6
2026.08.24-14:55:28.828[31m error[39m [caliper] [monitor-docker] 	Error reading monitor statistics: TypeError: Cannot read properties of null (reading 'length')
2026.08.24-14:55:30.899[31m error[39m [caliper] [monitor-docker] 	Error reading monitor statistics: TypeError: Cannot read properties of null (reading 'length')
2026.08.24-14:55:31.942[32m info [39m [caliper] [default-observer] 	[write-measurement-5-tps Round 1 Transaction Info] - Submitted: 112 Succ: 110 Fail:0 Unfinished:2
2026.08.24-14:55:32.991[31m error[39m [caliper] [monitor-docker] 	Error reading monitor statistics: TypeError: Cannot read properties of null (reading 'length')
2026.08.24-14:55:35.070[31m error[39m [caliper] [monitor-docker] 	Error reading monitor statistics: TypeError: Cannot read properties of null (reading 'length')
2026.08.24-14:55:36.942[32m info [39m [caliper] [default-observer] 	[write-measurement-5-tps Round 1 Transaction Info] - Submitted: 136 Succ: 130 Fail:0 Unfinished:6
2026.08.24-14:55:37.156[31m error[39m [caliper] [monitor-docker] 	Error reading monitor statistics: TypeError: Cannot read properties of null (reading 'length')
2026.08.24-14:55:39.227[31m error[39m [caliper] [monitor-docker] 	Error reading monitor statistics: TypeError: Cannot read properties of null (reading 'length')
2026.08.24-14:55:41.314[31m error[39m [caliper] [monitor-docker] 	Error reading monitor statistics: TypeError: Cannot read properties of null (reading 'length')
2026.08.24-14:55:41.942[32m info [39m [caliper] [default-observer] 	[write-measurement-5-tps Round 1 Transaction Info] - Submitted: 162 Succ: 160 Fail:0 Unfinished:2
2026.08.24-14:55:43.417[31m error[39m [caliper] [monitor-docker] 	Error reading monitor statistics: TypeError: Cannot read properties of null (reading 'length')
2026.08.24-14:55:45.499[31m error[39m [caliper] [monitor-docker] 	Error reading monitor statistics: TypeError: Cannot read properties of null (reading 'length')
2026.08.24-14:55:46.943[32m info [39m [caliper] [default-observer] 	[write-measurement-5-tps Round 1 Transaction Info] - Submitted: 186 Succ: 180 Fail:0 Unfinished:6
2026.08.24-14:55:47.574[31m error[39m [caliper] [monitor-docker] 	Error reading monitor statistics: TypeError: Cannot read properties of null (reading 'length')
2026.08.24-14:55:49.650[31m error[39m [caliper] [monitor-docker] 	Error reading monitor statistics: TypeError: Cannot read properties of null (reading 'length')
2026.08.24-14:55:51.753[31m error[39m [caliper] [monitor-docker] 	Error reading monitor statistics: TypeError: Cannot read properties of null (reading 'length')
2026.08.24-14:55:51.944[32m info [39m [caliper] [default-observer] 	[write-measurement-5-tps Round 1 Transaction Info] - Submitted: 212 Succ: 210 Fail:0 Unfinished:2
2026.08.24-14:55:53.838[31m error[39m [caliper] [monitor-docker] 	Error reading monitor statistics: TypeError: Cannot read properties of null (reading 'length')
2026.08.24-14:55:55.901[31m error[39m [caliper] [monitor-docker] 	Error reading monitor statistics: TypeError: Cannot read properties of null (reading 'length')
2026.08.24-14:55:56.945[32m info [39m [caliper] [default-observer] 	[write-measurement-5-tps Round 1 Transaction Info] - Submitted: 236 Succ: 230 Fail:0 Unfinished:6
2026.08.24-14:55:57.970[31m error[39m [caliper] [monitor-docker] 	Error reading monitor statistics: TypeError: Cannot read properties of null (reading 'length')
2026.08.24-14:56:00.025[31m error[39m [caliper] [monitor-docker] 	Error reading monitor statistics: TypeError: Cannot read properties of null (reading 'length')
2026.08.24-14:56:01.946[32m info [39m [caliper] [default-observer] 	[write-measurement-5-tps Round 1 Transaction Info] - Submitted: 262 Succ: 260 Fail:0 Unfinished:2
2026.08.24-14:56:02.116[31m error[39m [caliper] [monitor-docker] 	Error reading monitor statistics: TypeError: Cannot read properties of null (reading 'length')
2026.08.24-14:56:04.190[31m error[39m [caliper] [monitor-docker] 	Error reading monitor statistics: TypeError: Cannot read properties of null (reading 'length')
2026.08.24-14:56:06.246[31m error[39m [caliper] [monitor-docker] 	Error reading monitor statistics: TypeError: Cannot read properties of null (reading 'length')
2026.08.24-14:56:06.947[32m info [39m [caliper] [default-observer] 	[write-measurement-5-tps Round 1 Transaction Info] - Submitted: 286 Succ: 280 Fail:0 Unfinished:6
2026.08.24-14:56:08.341[31m error[39m [caliper] [monitor-docker] 	Error reading monitor statistics: TypeError: Cannot read properties of null (reading 'length')
2026.08.24-14:56:10.424[31m error[39m [caliper] [monitor-docker] 	Error reading monitor statistics: TypeError: Cannot read properties of null (reading 'length')
2026.08.24-14:56:11.947[32m info [39m [caliper] [default-observer] 	[write-measurement-5-tps Round 1 Transaction Info] - Submitted: 312 Succ: 310 Fail:0 Unfinished:2
2026.08.24-14:56:12.520[31m error[39m [caliper] [monitor-docker] 	Error reading monitor statistics: TypeError: Cannot read properties of null (reading 'length')
2026.08.24-14:56:14.611[31m error[39m [caliper] [monitor-docker] 	Error reading monitor statistics: TypeError: Cannot read properties of null (reading 'length')
2026.08.24-14:56:16.694[31m error[39m [caliper] [monitor-docker] 	Error reading monitor statistics: TypeError: Cannot read properties of null (reading 'length')
2026.08.24-14:56:16.948[32m info [39m [caliper] [default-observer] 	[write-measurement-5-tps Round 1 Transaction Info] - Submitted: 336 Succ: 330 Fail:0 Unfinished:6
2026.08.24-14:56:18.774[31m error[39m [caliper] [monitor-docker] 	Error reading monitor statistics: TypeError: Cannot read properties of null (reading 'length')
2026.08.24-14:56:20.835[31m error[39m [caliper] [monitor-docker] 	Error reading monitor statistics: TypeError: Cannot read properties of null (reading 'length')
2026.08.24-14:56:21.949[32m info [39m [caliper] [default-observer] 	[write-measurement-5-tps Round 1 Transaction Info] - Submitted: 362 Succ: 360 Fail:0 Unfinished:2
2026.08.24-14:56:22.903[31m error[39m [caliper] [monitor-docker] 	Error reading monitor statistics: TypeError: Cannot read properties of null (reading 'length')
2026.08.24-14:56:24.991[31m error[39m [caliper] [monitor-docker] 	Error reading monitor statistics: TypeError: Cannot read properties of null (reading 'length')
2026.08.24-14:56:26.949[32m info [39m [caliper] [default-observer] 	[write-measurement-5-tps Round 1 Transaction Info] - Submitted: 386 Succ: 380 Fail:0 Unfinished:6
2026.08.24-14:56:27.041[31m error[39m [caliper] [monitor-docker] 	Error reading monitor statistics: TypeError: Cannot read properties of null (reading 'length')
2026.08.24-14:56:29.141[31m error[39m [caliper] [monitor-docker] 	Error reading monitor statistics: TypeError: Cannot read properties of null (reading 'length')
2026.08.24-14:56:31.213[31m error[39m [caliper] [monitor-docker] 	Error reading monitor statistics: TypeError: Cannot read properties of null (reading 'length')
2026.08.24-14:56:31.950[32m info [39m [caliper] [default-observer] 	[write-measurement-5-tps Round 1 Transaction Info] - Submitted: 412 Succ: 410 Fail:0 Unfinished:2
2026.08.24-14:56:33.301[31m error[39m [caliper] [monitor-docker] 	Error reading monitor statistics: TypeError: Cannot read properties of null (reading 'length')
2026.08.24-14:56:35.391[31m error[39m [caliper] [monitor-docker] 	Error reading monitor statistics: TypeError: Cannot read properties of null (reading 'length')
2026.08.24-14:56:36.951[32m info [39m [caliper] [default-observer] 	[write-measurement-5-tps Round 1 Transaction Info] - Submitted: 436 Succ: 430 Fail:0 Unfinished:6
2026.08.24-14:56:37.464[31m error[39m [caliper] [monitor-docker] 	Error reading monitor statistics: TypeError: Cannot read properties of null (reading 'length')
2026.08.24-14:56:39.564[31m error[39m [caliper] [monitor-docker] 	Error reading monitor statistics: TypeError: Cannot read properties of null (reading 'length')
2026.08.24-14:56:41.648[31m error[39m [caliper] [monitor-docker] 	Error reading monitor statistics: TypeError: Cannot read properties of null (reading 'length')
2026.08.24-14:56:41.952[32m info [39m [caliper] [default-observer] 	[write-measurement-5-tps Round 1 Transaction Info] - Submitted: 462 Succ: 460 Fail:0 Unfinished:2
2026.08.24-14:56:43.756[31m error[39m [caliper] [monitor-docker] 	Error reading monitor statistics: TypeError: Cannot read properties of null (reading 'length')
2026.08.24-14:56:45.819[31m error[39m [caliper] [monitor-docker] 	Error reading monitor statistics: TypeError: Cannot read properties of null (reading 'length')
2026.08.24-14:56:46.953[32m info [39m [caliper] [default-observer] 	[write-measurement-5-tps Round 1 Transaction Info] - Submitted: 486 Succ: 480 Fail:0 Unfinished:6
2026.08.24-14:56:47.886[31m error[39m [caliper] [monitor-docker] 	Error reading monitor statistics: TypeError: Cannot read properties of null (reading 'length')
2026.08.24-14:56:49.965[31m error[39m [caliper] [monitor-docker] 	Error reading monitor statistics: TypeError: Cannot read properties of null (reading 'length')
2026.08.24-14:56:51.954[32m info [39m [caliper] [default-observer] 	[write-measurement-5-tps Round 1 Transaction Info] - Submitted: 512 Succ: 510 Fail:0 Unfinished:2
2026.08.24-14:56:52.036[31m error[39m [caliper] [monitor-docker] 	Error reading monitor statistics: TypeError: Cannot read properties of null (reading 'length')
2026.08.24-14:56:54.126[31m error[39m [caliper] [monitor-docker] 	Error reading monitor statistics: TypeError: Cannot read properties of null (reading 'length')
2026.08.24-14:56:56.206[31m error[39m [caliper] [monitor-docker] 	Error reading monitor statistics: TypeError: Cannot read properties of null (reading 'length')
2026.08.24-14:56:56.955[32m info [39m [caliper] [default-observer] 	[write-measurement-5-tps Round 1 Transaction Info] - Submitted: 536 Succ: 530 Fail:0 Unfinished:6
2026.08.24-14:56:58.294[31m error[39m [caliper] [monitor-docker] 	Error reading monitor statistics: TypeError: Cannot read properties of null (reading 'length')
2026.08.24-14:57:00.377[31m error[39m [caliper] [monitor-docker] 	Error reading monitor statistics: TypeError: Cannot read properties of null (reading 'length')
2026.08.24-14:57:01.954[32m info [39m [caliper] [default-observer] 	[write-measurement-5-tps Round 1 Transaction Info] - Submitted: 562 Succ: 560 Fail:0 Unfinished:2
2026.08.24-14:57:02.461[31m error[39m [caliper] [monitor-docker] 	Error reading monitor statistics: TypeError: Cannot read properties of null (reading 'length')
2026.08.24-14:57:04.562[31m error[39m [caliper] [monitor-docker] 	Error reading monitor statistics: TypeError: Cannot read properties of null (reading 'length')
2026.08.24-14:57:06.638[31m error[39m [caliper] [monitor-docker] 	Error reading monitor statistics: TypeError: Cannot read properties of null (reading 'length')
2026.08.24-14:57:06.955[32m info [39m [caliper] [default-observer] 	[write-measurement-5-tps Round 1 Transaction Info] - Submitted: 586 Succ: 580 Fail:0 Unfinished:6
2026.08.24-14:57:08.737[31m error[39m [caliper] [monitor-docker] 	Error reading monitor statistics: TypeError: Cannot read properties of null (reading 'length')
2026.08.24-14:57:10.827[31m error[39m [caliper] [monitor-docker] 	Error reading monitor statistics: TypeError: Cannot read properties of null (reading 'length')
2026.08.24-14:57:11.956[32m info [39m [caliper] [default-observer] 	[write-measurement-5-tps Round 1 Transaction Info] - Submitted: 602 Succ: 602 Fail:0 Unfinished:0
2026.08.24-14:57:12.229[32m info [39m [caliper] [connectors/peer-gateway/PeerGateway] 	disconnecting gateway for user io.krishnan
2026.08.24-14:57:12.229[32m info [39m [caliper] [connectors/peer-gateway/PeerGateway] 	disconnecting gateway for user io.krishnan
2026.08.24-14:57:12.229[32m info [39m [caliper] [connectors/peer-gateway/PeerGateway] 	disconnecting gateway for user _AuditMSP_aud.qureshi
2026.08.24-14:57:12.229[32m info [39m [caliper] [connectors/peer-gateway/PeerGateway] 	disconnecting gateway for user _AuditMSP_aud.qureshi
2026.08.24-14:57:12.229[32m info [39m [caliper] [connectors/peer-gateway/PeerGateway] 	disconnecting gRpc client at peer PoliceMSP_localhost:7051
2026.08.24-14:57:12.229[32m info [39m [caliper] [connectors/peer-gateway/PeerGateway] 	disconnecting gRpc client at peer PoliceMSP_localhost:7051
2026.08.24-14:57:12.229[32m info [39m [caliper] [connectors/peer-gateway/PeerGateway] 	disconnecting gRpc client at peer AuditMSP_localhost:11051
2026.08.24-14:57:12.230[32m info [39m [caliper] [worker-message-handler] 	Worker#0 finished Round#1
2026.08.24-14:57:12.230[32m info [39m [caliper] [connectors/peer-gateway/PeerGateway] 	disconnecting gRpc client at peer AuditMSP_localhost:11051
2026.08.24-14:57:12.230[32m info [39m [caliper] [worker-message-handler] 	Worker#1 finished Round#1
2026.08.24-14:57:12.901[31m error[39m [caliper] [monitor-docker] 	Error reading monitor statistics: TypeError: Cannot read properties of null (reading 'length')
2026.08.24-14:57:14.994[31m error[39m [caliper] [monitor-docker] 	Error reading monitor statistics: TypeError: Cannot read properties of null (reading 'length')
2026.08.24-14:57:17.086[31m error[39m [caliper] [monitor-docker] 	Error reading monitor statistics: TypeError: Cannot read properties of null (reading 'length')
2026.08.24-14:57:17.231[32m info [39m [caliper] [default-observer] 	Resetting txCount indicator count
2026.08.24-14:57:17.232[32m info [39m [caliper] [report-builder] 	### Test result ###
2026.08.24-14:57:17.233[32m info [39m [caliper] [report-builder] 	
+-------------------------+------+------+-----------------+-----------------+-----------------+-----------------+------------------+
| Name                    | Succ | Fail | Send Rate (TPS) | Max Latency (s) | Min Latency (s) | Avg Latency (s) | Throughput (TPS) |
|-------------------------|------|------|-----------------|-----------------|-----------------|-----------------|------------------|
| write-measurement-5-tps | 602  | 0    | 5.0             | 2.09            | 0.05            | 0.90            | 4.9              |
+-------------------------+------+------+-----------------+-----------------+-----------------+-----------------+------------------+

2026.08.24-14:57:17.238[32m info [39m [caliper] [report-builder] 	### docker resource stats ###'
2026.08.24-14:57:17.241[32m info [39m [caliper] [report-builder] 	
+----------------------------------------------------------------------------------------------------------------------+-----------+-----------+------------------+------------------+-----------------+------------------+-----------------+---------------+
| Name                                                                                                                 | CPU%(max) | CPU%(avg) | Memory(max) [MB] | Memory(avg) [MB] | Traffic In [MB] | Traffic Out [MB] | Disc Write [MB] | Disc Read [B] |
|----------------------------------------------------------------------------------------------------------------------|-----------|-----------|------------------|------------------|-----------------|------------------|-----------------|---------------|
| /caliper-prometheus                                                                                                  | 0.01375   | 0.005625  | 41.3             | 41.3             | 1.58            | 0.0933           | 1.02            | 0.00          |
|----------------------------------------------------------------------------------------------------------------------|-----------|-----------|------------------|------------------|-----------------|------------------|-----------------|---------------|
| /dev-peer0.forensics.example.com-crimerecords_2.3-97784f7fb69353014f85563171b6ed3e2b9c6a32f1c765c7e59f0979532de512   | 0.029375  | 0.011875  | 55.6             | 54.1             | 1.88            | 1.52             | 0.00            | 0.00          |
|----------------------------------------------------------------------------------------------------------------------|-----------|-----------|------------------|------------------|-----------------|------------------|-----------------|---------------|
| /dev-peer0.police.example.com-crimerecords_2.3-97784f7fb69353014f85563171b6ed3e2b9c6a32f1c765c7e59f0979532de512      | 0.053125  | 0.019375  | 60.8             | 59.8             | 3.56            | 2.86             | 0.00            | 0.00          |
|----------------------------------------------------------------------------------------------------------------------|-----------|-----------|------------------|------------------|-----------------|------------------|-----------------|---------------|
| /dev-peer0.prosecution.example.com-crimerecords_2.3-97784f7fb69353014f85563171b6ed3e2b9c6a32f1c765c7e59f0979532de512 | 0.0425    | 0.011875  | 56.6             | 55.4             | 1.76            | 1.41             | 0.00            | 0.00          |
|----------------------------------------------------------------------------------------------------------------------|-----------|-----------|------------------|------------------|-----------------|------------------|-----------------|---------------|
| /dev-peer0.audit.example.com-crimerecords_2.3-97784f7fb69353014f85563171b6ed3e2b9c6a32f1c765c7e59f0979532de512       | 0.040625  | 0.011875  | 56.2             | 54.7             | 1.84            | 1.48             | 0.00            | 0.00          |
|----------------------------------------------------------------------------------------------------------------------|-----------|-----------|------------------|------------------|-----------------|------------------|-----------------|---------------|
| /dev-peer0.court.example.com-crimerecords_2.3-97784f7fb69353014f85563171b6ed3e2b9c6a32f1c765c7e59f0979532de512       | 0.03625   | 0.0125    | 55.3             | 54.4             | 1.70            | 1.37             | 0.00            | 0.00          |
|----------------------------------------------------------------------------------------------------------------------|-----------|-----------|------------------|------------------|-----------------|------------------|-----------------|---------------|
| /peer0.audit.example.com                                                                                             | 0.06875   | 0.0275    | 97.9             | 94.5             | 8.88            | 5.95             | 6.77            | 0.00          |
|----------------------------------------------------------------------------------------------------------------------|-----------|-----------|------------------|------------------|-----------------|------------------|-----------------|---------------|
| /peer0.court.example.com                                                                                             | 0.058125  | 0.0275    | 101              | 95.2             | 8.72            | 5.67             | 6.77            | 0.00          |
|----------------------------------------------------------------------------------------------------------------------|-----------|-----------|------------------|------------------|-----------------|------------------|-----------------|---------------|
| /peer0.prosecution.example.com                                                                                       | 0.0525    | 0.0275    | 95.3             | 92.9             | 8.79            | 5.82             | 6.77            | 0.00          |
|----------------------------------------------------------------------------------------------------------------------|-----------|-----------|------------------|------------------|-----------------|------------------|-----------------|---------------|
| /peer0.police.example.com                                                                                            | 0.07875   | 0.046875  | 103              | 99.3             | 24.6            | 20.1             | 6.77            | 0.00          |
|----------------------------------------------------------------------------------------------------------------------|-----------|-----------|------------------|------------------|-----------------|------------------|-----------------|---------------|
| /peer0.forensics.example.com                                                                                         | 0.059375  | 0.028125  | 96.4             | 92.8             | 8.94            | 6.03             | 6.77            | 0.00          |
|----------------------------------------------------------------------------------------------------------------------|-----------|-----------|------------------|------------------|-----------------|------------------|-----------------|---------------|
| /couchdb-audit                                                                                                       | 0.121875  | 0.01875   | 69.7             | 66.9             | 1.35            | 0.472            | 5.84            | 0.00          |
|----------------------------------------------------------------------------------------------------------------------|-----------|-----------|------------------|------------------|-----------------|------------------|-----------------|---------------|
| /couchdb-court                                                                                                       | 0.120625  | 0.019375  | 71.5             | 68.8             | 1.35            | 0.472            | 5.84            | 0.00          |
|----------------------------------------------------------------------------------------------------------------------|-----------|-----------|------------------|------------------|-----------------|------------------|-----------------|---------------|
| /couchdb-prosecution                                                                                                 | 0.121875  | 0.019375  | 70.4             | 68.0             | 1.35            | 0.472            | 5.84            | 0.00          |
|----------------------------------------------------------------------------------------------------------------------|-----------|-----------|------------------|------------------|-----------------|------------------|-----------------|---------------|
| /couchdb-forensics                                                                                                   | 0.123125  | 0.019375  | 71.0             | 68.5             | 1.35            | 0.472            | 5.84            | 0.00          |
|----------------------------------------------------------------------------------------------------------------------|-----------|-----------|------------------|------------------|-----------------|------------------|-----------------|---------------|
| /couchdb-police                                                                                                      | 0.12125   | 0.019375  | 73.3             | 71.1             | 1.35            | 0.472            | 5.84            | 0.00          |
|----------------------------------------------------------------------------------------------------------------------|-----------|-----------|------------------|------------------|-----------------|------------------|-----------------|---------------|
| /orderer.example.com                                                                                                 | 0.01625   | 0.006875  | 54.6             | 48.1             | 6.01            | 28.5             | 11.8            | 0.00          |
|----------------------------------------------------------------------------------------------------------------------|-----------|-----------|------------------|------------------|-----------------|------------------|-----------------|---------------|
| /ca_police                                                                                                           | 0.001875  | 0         | 9.37             | 9.37             | 0.00            | 0.00             | -               | -             |
|----------------------------------------------------------------------------------------------------------------------|-----------|-----------|------------------|------------------|-----------------|------------------|-----------------|---------------|
| /ca_forensics                                                                                                        | NaN       | NaN       | -                | -                | -               | -                | -               | -             |
|----------------------------------------------------------------------------------------------------------------------|-----------|-----------|------------------|------------------|-----------------|------------------|-----------------|---------------|
| /ca_orderer                                                                                                          | NaN       | NaN       | -                | -                | -               | -                | -               | -             |
|----------------------------------------------------------------------------------------------------------------------|-----------|-----------|------------------|------------------|-----------------|------------------|-----------------|---------------|
| /ca_court                                                                                                            | NaN       | NaN       | -                | -                | -               | -                | -               | -             |
|----------------------------------------------------------------------------------------------------------------------|-----------|-----------|------------------|------------------|-----------------|------------------|-----------------|---------------|
| /ca_audit                                                                                                            | NaN       | NaN       | -                | -                | -               | -                | -               | -             |
|----------------------------------------------------------------------------------------------------------------------|-----------|-----------|------------------|------------------|-----------------|------------------|-----------------|---------------|
| /ca_prosecution                                                                                                      | NaN       | NaN       | -                | -                | -               | -                | -               | -             |
+----------------------------------------------------------------------------------------------------------------------+-----------+-----------+------------------+------------------+-----------------+------------------+-----------------+---------------+

2026.08.24-14:57:17.263[32m info [39m [caliper] [report-builder] 	### prometheus resource stats ###'
2026.08.24-14:57:17.264[32m info [39m [caliper] [report-builder] 	
+--------------------------------------------------+-------------------------------------------------------------------------------------------------------------------------------------------------------------------------------------------------------------------------------------------------------------------------------------------------+------------------------------------+--------+
| Metric                                           | Prometheus Query                                                                                                                                                                                                                                                                                | Name                               | Value  |
|--------------------------------------------------|-------------------------------------------------------------------------------------------------------------------------------------------------------------------------------------------------------------------------------------------------------------------------------------------------|------------------------------------|--------|
| Process resident memory (MiB, max)               | process_resident_memory_bytes{job=~"fabric-.*"}                                                                                                                                                                                                                                                 | orderer.example.com:9443           | 75.0   |
|--------------------------------------------------|-------------------------------------------------------------------------------------------------------------------------------------------------------------------------------------------------------------------------------------------------------------------------------------------------|------------------------------------|--------|
|                                                  |                                                                                                                                                                                                                                                                                                 | peer0.audit.example.com:9448       | 129    |
|--------------------------------------------------|-------------------------------------------------------------------------------------------------------------------------------------------------------------------------------------------------------------------------------------------------------------------------------------------------|------------------------------------|--------|
|                                                  |                                                                                                                                                                                                                                                                                                 | peer0.court.example.com:9447       | 132    |
|--------------------------------------------------|-------------------------------------------------------------------------------------------------------------------------------------------------------------------------------------------------------------------------------------------------------------------------------------------------|------------------------------------|--------|
|                                                  |                                                                                                                                                                                                                                                                                                 | peer0.forensics.example.com:9445   | 128    |
|--------------------------------------------------|-------------------------------------------------------------------------------------------------------------------------------------------------------------------------------------------------------------------------------------------------------------------------------------------------|------------------------------------|--------|
|                                                  |                                                                                                                                                                                                                                                                                                 | peer0.police.example.com:9444      | 133    |
|--------------------------------------------------|-------------------------------------------------------------------------------------------------------------------------------------------------------------------------------------------------------------------------------------------------------------------------------------------------|------------------------------------|--------|
|                                                  |                                                                                                                                                                                                                                                                                                 | peer0.prosecution.example.com:9446 | 126    |
|--------------------------------------------------|-------------------------------------------------------------------------------------------------------------------------------------------------------------------------------------------------------------------------------------------------------------------------------------------------|------------------------------------|--------|
| Process CPU rate (percent, max)                  | rate(process_cpu_seconds_total{job=~"fabric-.*"}[1m])                                                                                                                                                                                                                                           | orderer.example.com:9443           | 1.20   |
|--------------------------------------------------|-------------------------------------------------------------------------------------------------------------------------------------------------------------------------------------------------------------------------------------------------------------------------------------------------|------------------------------------|--------|
|                                                  |                                                                                                                                                                                                                                                                                                 | peer0.audit.example.com:9448       | 4.78   |
|--------------------------------------------------|-------------------------------------------------------------------------------------------------------------------------------------------------------------------------------------------------------------------------------------------------------------------------------------------------|------------------------------------|--------|
|                                                  |                                                                                                                                                                                                                                                                                                 | peer0.court.example.com:9447       | 4.75   |
|--------------------------------------------------|-------------------------------------------------------------------------------------------------------------------------------------------------------------------------------------------------------------------------------------------------------------------------------------------------|------------------------------------|--------|
|                                                  |                                                                                                                                                                                                                                                                                                 | peer0.forensics.example.com:9445   | 5.02   |
|--------------------------------------------------|-------------------------------------------------------------------------------------------------------------------------------------------------------------------------------------------------------------------------------------------------------------------------------------------------|------------------------------------|--------|
|                                                  |                                                                                                                                                                                                                                                                                                 | peer0.police.example.com:9444      | 8.04   |
|--------------------------------------------------|-------------------------------------------------------------------------------------------------------------------------------------------------------------------------------------------------------------------------------------------------------------------------------------------------|------------------------------------|--------|
|                                                  |                                                                                                                                                                                                                                                                                                 | peer0.prosecution.example.com:9446 | 4.76   |
|--------------------------------------------------|-------------------------------------------------------------------------------------------------------------------------------------------------------------------------------------------------------------------------------------------------------------------------------------------------|------------------------------------|--------|
| Crimerecords endorsement duration (seconds, avg) | sum by (instance) (rate(endorser_proposal_duration_sum{job=~"fabric-.*",channel="crimechannel",chaincode="crimerecords",success="true"}[1m])) / sum by (instance) (rate(endorser_proposal_duration_count{job=~"fabric-.*",channel="crimechannel",chaincode="crimerecords",success="true"}[1m])) | peer0.audit.example.com:9448       | 0.0135 |
|--------------------------------------------------|-------------------------------------------------------------------------------------------------------------------------------------------------------------------------------------------------------------------------------------------------------------------------------------------------|------------------------------------|--------|
|                                                  |                                                                                                                                                                                                                                                                                                 | peer0.court.example.com:9447       | 0.0138 |
|--------------------------------------------------|-------------------------------------------------------------------------------------------------------------------------------------------------------------------------------------------------------------------------------------------------------------------------------------------------|------------------------------------|--------|
|                                                  |                                                                                                                                                                                                                                                                                                 | peer0.forensics.example.com:9445   | 0.0134 |
|--------------------------------------------------|-------------------------------------------------------------------------------------------------------------------------------------------------------------------------------------------------------------------------------------------------------------------------------------------------|------------------------------------|--------|
|                                                  |                                                                                                                                                                                                                                                                                                 | peer0.police.example.com:9444      | 0.0137 |
|--------------------------------------------------|-------------------------------------------------------------------------------------------------------------------------------------------------------------------------------------------------------------------------------------------------------------------------------------------------|------------------------------------|--------|
|                                                  |                                                                                                                                                                                                                                                                                                 | peer0.prosecution.example.com:9446 | 0.0138 |
|--------------------------------------------------|-------------------------------------------------------------------------------------------------------------------------------------------------------------------------------------------------------------------------------------------------------------------------------------------------|------------------------------------|--------|
| Ledger height (blocks, max)                      | ledger_blockchain_height{job=~"fabric-.*",channel="crimechannel"}                                                                                                                                                                                                                               | orderer.example.com:9443           | 107    |
|--------------------------------------------------|-------------------------------------------------------------------------------------------------------------------------------------------------------------------------------------------------------------------------------------------------------------------------------------------------|------------------------------------|--------|
|                                                  |                                                                                                                                                                                                                                                                                                 | peer0.audit.example.com:9448       | 107    |
|--------------------------------------------------|-------------------------------------------------------------------------------------------------------------------------------------------------------------------------------------------------------------------------------------------------------------------------------------------------|------------------------------------|--------|
|                                                  |                                                                                                                                                                                                                                                                                                 | peer0.court.example.com:9447       | 107    |
|--------------------------------------------------|-------------------------------------------------------------------------------------------------------------------------------------------------------------------------------------------------------------------------------------------------------------------------------------------------|------------------------------------|--------|
|                                                  |                                                                                                                                                                                                                                                                                                 | peer0.forensics.example.com:9445   | 107    |
|--------------------------------------------------|-------------------------------------------------------------------------------------------------------------------------------------------------------------------------------------------------------------------------------------------------------------------------------------------------|------------------------------------|--------|
|                                                  |                                                                                                                                                                                                                                                                                                 | peer0.police.example.com:9444      | 107    |
|--------------------------------------------------|-------------------------------------------------------------------------------------------------------------------------------------------------------------------------------------------------------------------------------------------------------------------------------------------------|------------------------------------|--------|
|                                                  |                                                                                                                                                                                                                                                                                                 | peer0.prosecution.example.com:9446 | 107    |
+--------------------------------------------------+-------------------------------------------------------------------------------------------------------------------------------------------------------------------------------------------------------------------------------------------------------------------------------------------------+------------------------------------+--------+

2026.08.24-14:57:17.264[32m info [39m [caliper] [round-orchestrator] 	Finished round 2 (write-measurement-5-tps) in 122.125 seconds
2026.08.24-14:57:17.265[32m info [39m [caliper] [monitor.js] 	Stopping all monitors
2026.08.24-14:57:17.366[32m info [39m [caliper] [report-builder] 	### All test results ###
2026.08.24-14:57:17.367[32m info [39m [caliper] [report-builder] 	
+-------------------------+------+------+-----------------+-----------------+-----------------+-----------------+------------------+
| Name                    | Succ | Fail | Send Rate (TPS) | Max Latency (s) | Min Latency (s) | Avg Latency (s) | Throughput (TPS) |
|-------------------------|------|------|-----------------|-----------------|-----------------|-----------------|------------------|
| write-warmup-1-tps      | 18   | 0    | 1.1             | 2.11            | 0.08            | 1.53            | 1.0              |
|-------------------------|------|------|-----------------|-----------------|-----------------|-----------------|------------------|
| write-measurement-5-tps | 602  | 0    | 5.0             | 2.09            | 0.05            | 0.90            | 4.9              |
+-------------------------+------+------+-----------------+-----------------+-----------------+-----------------+------------------+

2026.08.24-14:57:17.377[32m info [39m [caliper] [report-builder] 	Generated report with path /Users/venkatrayudu/Workspace/XAI workspace/crime-records-network/experiments/runs/2026-08-24T09-24-35-112Z_caliper_write/caliper-report.html
2026.08.24-14:57:17.377[32m info [39m [caliper] [monitor.js] 	Stopping all monitors
2026.08.24-14:57:17.377[32m info [39m [caliper] [worker-orchestrator] 	Sending exit message to connected workers
2026.08.24-14:57:17.377[32m info [39m [caliper] [round-orchestrator] 	Benchmark finished in 161.904 seconds. Total rounds: 2. Successful rounds: 2. Failed rounds: 0.
2026.08.24-14:57:17.377[32m info [39m [caliper] [caliper-engine] 	Skipping end command due to benchmark flow conditioning
2026.08.24-14:57:17.377[32m info [39m [caliper] [cli-launch-manager] 	Benchmark successfully finished!
2026.08.24-14:57:17.377[32m info [39m [caliper] [worker-message-handler] 	Worker#1 is exiting
2026.08.24-14:57:17.378[32m info [39m [caliper] [worker-message-handler] 	Worker#0 is exiting
