2026.08.24-15:47:02.368[32m info [39m [caliper] [cli-launch-manager] 	Set workspace path: /Users/venkatrayudu/Workspace/XAI workspace/crime-records-network/benchmarks/caliper
2026.08.24-15:47:02.369[32m info [39m [caliper] [cli-launch-manager] 	Set benchmark configuration path: /Users/venkatrayudu/Workspace/XAI workspace/crime-records-network/experiments/runs/2026-08-24T10-17-02-255Z_caliper_latency-query-count/caliper-executed-benchmark.yaml
2026.08.24-15:47:02.369[32m info [39m [caliper] [cli-launch-manager] 	Set network configuration path: /Users/venkatrayudu/Workspace/XAI workspace/crime-records-network/benchmarks/caliper/generated/network-config.json
2026.08.24-15:47:02.369[32m info [39m [caliper] [cli-launch-manager] 	Set SUT type: fabric
2026.08.24-15:47:02.377[32m info [39m [caliper] [benchmark-validator] 	No observer specified, will default to `none`
2026.08.24-15:47:02.377[32m info [39m [caliper] [caliper-engine] 	Starting benchmark flow
2026.08.24-15:47:02.377[32m info [39m [caliper] [caliper-engine] 	Skipping start commands due to benchmark flow conditioning
2026.08.24-15:47:02.377[32m info [39m [caliper] [caliper-engine] 	Skipping initialization phase due to benchmark flow conditioning
2026.08.24-15:47:02.377[32m info [39m [caliper] [caliper-engine] 	Skipping install smart contract phase due to benchmark flow conditioning
2026.08.24-15:47:02.423[32m info [39m [caliper] [FabricConnectorFactory] 	Initializing peer gateway connector compatible with installed fabric-gateway SDK: 1.7.1
2026.08.24-15:47:02.430[32m info [39m [caliper] [IdentityManager] 	Adding io.krishnan (admin=false) as io.krishnan for organization PoliceMSP
2026.08.24-15:47:02.431[32m info [39m [caliper] [IdentityManager] 	Adding insp.rathore (admin=false) as insp.rathore for organization PoliceMSP
2026.08.24-15:47:02.431[32m info [39m [caliper] [IdentityManager] 	Adding insp.singh (admin=false) as insp.singh for organization PoliceMSP
2026.08.24-15:47:02.431[32m info [39m [caliper] [IdentityManager] 	Adding const.verma (admin=false) as const.verma for organization PoliceMSP
2026.08.24-15:47:02.432[32m info [39m [caliper] [IdentityManager] 	Adding insp.sharma (admin=false) as insp.sharma for organization PoliceMSP
2026.08.24-15:47:02.432[32m info [39m [caliper] [IdentityManager] 	Adding aud.qureshi (admin=false) as _AuditMSP_aud.qureshi for organization AuditMSP
2026.08.24-15:47:02.433[32m info [39m [caliper] [monitor.js] 	Attempting to create resource monitor of type prometheus
2026.08.24-15:47:02.433[32m info [39m [caliper] [default-observer] 	Observer interval set to 5000 milliseconds
2026.08.24-15:47:02.435[32m info [39m [caliper] [round-orchestrator] 	Preparing worker connections
2026.08.24-15:47:02.435[32m info [39m [caliper] [worker-orchestrator] 	Launching worker 1 of 2
2026.08.24-15:47:02.436[32m info [39m [caliper] [worker-orchestrator] 	Launching worker 2 of 2
2026.08.24-15:47:02.436[32m info [39m [caliper] [worker-orchestrator] 	Messenger not configured, entering configure phase...
2026.08.24-15:47:02.436[32m info [39m [caliper] [worker-orchestrator] 	No existing workers detected, entering worker launch phase...
2026.08.24-15:47:02.437[32m info [39m [caliper] [worker-orchestrator] 	Waiting for 2 workers to be connected...
2026.08.24-15:47:02.544[32m info [39m [caliper] [cli-launch-worker] 	Set workspace path: /Users/venkatrayudu/Workspace/XAI workspace/crime-records-network/benchmarks/caliper
2026.08.24-15:47:02.544[32m info [39m [caliper] [cli-launch-worker] 	Set benchmark configuration path: /Users/venkatrayudu/Workspace/XAI workspace/crime-records-network/experiments/runs/2026-08-24T10-17-02-255Z_caliper_latency-query-count/caliper-executed-benchmark.yaml
2026.08.24-15:47:02.544[32m info [39m [caliper] [cli-launch-worker] 	Set network configuration path: /Users/venkatrayudu/Workspace/XAI workspace/crime-records-network/benchmarks/caliper/generated/network-config.json
2026.08.24-15:47:02.544[32m info [39m [caliper] [cli-launch-worker] 	Set SUT type: fabric
2026.08.24-15:47:02.544[32m info [39m [caliper] [cli-launch-worker] 	Set workspace path: /Users/venkatrayudu/Workspace/XAI workspace/crime-records-network/benchmarks/caliper
2026.08.24-15:47:02.545[32m info [39m [caliper] [cli-launch-worker] 	Set benchmark configuration path: /Users/venkatrayudu/Workspace/XAI workspace/crime-records-network/experiments/runs/2026-08-24T10-17-02-255Z_caliper_latency-query-count/caliper-executed-benchmark.yaml
2026.08.24-15:47:02.545[32m info [39m [caliper] [cli-launch-worker] 	Set network configuration path: /Users/venkatrayudu/Workspace/XAI workspace/crime-records-network/benchmarks/caliper/generated/network-config.json
2026.08.24-15:47:02.545[32m info [39m [caliper] [cli-launch-worker] 	Set SUT type: fabric
2026.08.24-15:47:02.559[32m info [39m [caliper] [worker-orchestrator] 	2 workers connected, progressing to worker assignment phase.
2026.08.24-15:47:02.559[32m info [39m [caliper] [worker-orchestrator] 	Workers currently unassigned, awaiting index assignment...
2026.08.24-15:47:02.560[32m info [39m [caliper] [worker-orchestrator] 	Waiting for 2 workers to be assigned...
2026.08.24-15:47:02.562[32m info [39m [caliper] [worker-orchestrator] 	2 workers assigned, progressing to worker initialization phase.
2026.08.24-15:47:02.562[32m info [39m [caliper] [worker-orchestrator] 	Waiting for 2 workers to be ready...
2026.08.24-15:47:02.562[32m info [39m [caliper] [worker-message-handler] 	Initializing Worker#0...
2026.08.24-15:47:02.563[32m info [39m [caliper] [worker-message-handler] 	Initializing Worker#1...
2026.08.24-15:47:02.609[32m info [39m [caliper] [FabricConnectorFactory] 	Initializing peer gateway connector compatible with installed fabric-gateway SDK: 1.7.1
2026.08.24-15:47:02.609[32m info [39m [caliper] [FabricConnectorFactory] 	Initializing peer gateway connector compatible with installed fabric-gateway SDK: 1.7.1
2026.08.24-15:47:02.611[32m info [39m [caliper] [IdentityManager] 	Adding io.krishnan (admin=false) as io.krishnan for organization PoliceMSP
2026.08.24-15:47:02.611[32m info [39m [caliper] [IdentityManager] 	Adding io.krishnan (admin=false) as io.krishnan for organization PoliceMSP
2026.08.24-15:47:02.611[32m info [39m [caliper] [IdentityManager] 	Adding insp.rathore (admin=false) as insp.rathore for organization PoliceMSP
2026.08.24-15:47:02.611[32m info [39m [caliper] [IdentityManager] 	Adding insp.rathore (admin=false) as insp.rathore for organization PoliceMSP
2026.08.24-15:47:02.611[32m info [39m [caliper] [IdentityManager] 	Adding insp.singh (admin=false) as insp.singh for organization PoliceMSP
2026.08.24-15:47:02.611[32m info [39m [caliper] [IdentityManager] 	Adding insp.singh (admin=false) as insp.singh for organization PoliceMSP
2026.08.24-15:47:02.612[32m info [39m [caliper] [IdentityManager] 	Adding const.verma (admin=false) as const.verma for organization PoliceMSP
2026.08.24-15:47:02.612[32m info [39m [caliper] [IdentityManager] 	Adding const.verma (admin=false) as const.verma for organization PoliceMSP
2026.08.24-15:47:02.612[32m info [39m [caliper] [IdentityManager] 	Adding insp.sharma (admin=false) as insp.sharma for organization PoliceMSP
2026.08.24-15:47:02.612[32m info [39m [caliper] [IdentityManager] 	Adding insp.sharma (admin=false) as insp.sharma for organization PoliceMSP
2026.08.24-15:47:02.613[32m info [39m [caliper] [IdentityManager] 	Adding aud.qureshi (admin=false) as _AuditMSP_aud.qureshi for organization AuditMSP
2026.08.24-15:47:02.613[32m info [39m [caliper] [IdentityManager] 	Adding aud.qureshi (admin=false) as _AuditMSP_aud.qureshi for organization AuditMSP
2026.08.24-15:47:02.615[32m info [39m [caliper] [worker-message-handler] 	Worker#1 initialized
2026.08.24-15:47:02.615[32m info [39m [caliper] [worker-message-handler] 	Worker#0 initialized
2026.08.24-15:47:02.615[32m info [39m [caliper] [worker-orchestrator] 	2 workers ready, progressing to test preparation phase.
2026.08.24-15:47:02.615[32m info [39m [caliper] [round-orchestrator] 	Started round 1 (query-count-warmup)
2026.08.24-15:47:02.616[32m info [39m [caliper] [worker-message-handler] 	Preparing Worker#0 for Round#0
2026.08.24-15:47:02.616[32m info [39m [caliper] [worker-message-handler] 	Preparing Worker#1 for Round#0
2026.08.24-15:47:02.625[32m info [39m [caliper] [connectors/peer-gateway/PeerGateway] 	Generating contract map for user io.krishnan
2026.08.24-15:47:02.625[32m info [39m [caliper] [connectors/peer-gateway/PeerGateway] 	Generating contract map for user io.krishnan
2026.08.24-15:47:02.625[32m info [39m [caliper] [connectors/peer-gateway/PeerGateway] 	Generating contract map for user insp.rathore
2026.08.24-15:47:02.625[32m info [39m [caliper] [connectors/peer-gateway/PeerGateway] 	Generating contract map for user insp.rathore
2026.08.24-15:47:02.625[32m info [39m [caliper] [connectors/peer-gateway/PeerGateway] 	Generating contract map for user insp.singh
2026.08.24-15:47:02.625[32m info [39m [caliper] [connectors/peer-gateway/PeerGateway] 	Generating contract map for user insp.singh
2026.08.24-15:47:02.626[32m info [39m [caliper] [connectors/peer-gateway/PeerGateway] 	Generating contract map for user const.verma
2026.08.24-15:47:02.626[32m info [39m [caliper] [connectors/peer-gateway/PeerGateway] 	Generating contract map for user const.verma
2026.08.24-15:47:02.626[32m info [39m [caliper] [connectors/peer-gateway/PeerGateway] 	Generating contract map for user insp.sharma
2026.08.24-15:47:02.626[32m info [39m [caliper] [connectors/peer-gateway/PeerGateway] 	Generating contract map for user insp.sharma
2026.08.24-15:47:02.628[32m info [39m [caliper] [connectors/peer-gateway/PeerGateway] 	Generating contract map for user _AuditMSP_aud.qureshi
2026.08.24-15:47:02.628[32m info [39m [caliper] [connectors/peer-gateway/PeerGateway] 	Generating contract map for user _AuditMSP_aud.qureshi
2026.08.24-15:47:02.628[32m info [39m [caliper] [caliper-worker] 	Info: worker 1 prepare test phase for round 0 is starting...
2026.08.24-15:47:02.628[32m info [39m [caliper] [caliper-worker] 	Info: worker 0 prepare test phase for round 0 is starting...
2026.08.24-15:47:02.630[32m info [39m [caliper] [connectors/peer-gateway/PeerGateway] 	disconnecting gateway for user io.krishnan
2026.08.24-15:47:02.630[32m info [39m [caliper] [connectors/peer-gateway/PeerGateway] 	disconnecting gateway for user io.krishnan
2026.08.24-15:47:02.630[32m info [39m [caliper] [connectors/peer-gateway/PeerGateway] 	disconnecting gateway for user insp.rathore
2026.08.24-15:47:02.630[32m info [39m [caliper] [connectors/peer-gateway/PeerGateway] 	disconnecting gateway for user insp.singh
2026.08.24-15:47:02.630[32m info [39m [caliper] [connectors/peer-gateway/PeerGateway] 	disconnecting gateway for user insp.rathore
2026.08.24-15:47:02.630[32m info [39m [caliper] [connectors/peer-gateway/PeerGateway] 	disconnecting gateway for user const.verma
2026.08.24-15:47:02.630[32m info [39m [caliper] [connectors/peer-gateway/PeerGateway] 	disconnecting gateway for user insp.singh
2026.08.24-15:47:02.630[32m info [39m [caliper] [connectors/peer-gateway/PeerGateway] 	disconnecting gateway for user insp.sharma
2026.08.24-15:47:02.630[32m info [39m [caliper] [connectors/peer-gateway/PeerGateway] 	disconnecting gateway for user const.verma
2026.08.24-15:47:02.630[32m info [39m [caliper] [connectors/peer-gateway/PeerGateway] 	disconnecting gateway for user _AuditMSP_aud.qureshi
2026.08.24-15:47:02.630[32m info [39m [caliper] [connectors/peer-gateway/PeerGateway] 	disconnecting gateway for user insp.sharma
2026.08.24-15:47:02.630[32m info [39m [caliper] [connectors/peer-gateway/PeerGateway] 	disconnecting gateway for user _AuditMSP_aud.qureshi
2026.08.24-15:47:02.630[32m info [39m [caliper] [connectors/peer-gateway/PeerGateway] 	disconnecting gRpc client at peer PoliceMSP_localhost:7051
2026.08.24-15:47:02.630[32m info [39m [caliper] [connectors/peer-gateway/PeerGateway] 	disconnecting gRpc client at peer PoliceMSP_localhost:7051
2026.08.24-15:47:02.630[32m info [39m [caliper] [connectors/peer-gateway/PeerGateway] 	disconnecting gRpc client at peer AuditMSP_localhost:11051
2026.08.24-15:47:02.630[32m info [39m [caliper] [connectors/peer-gateway/PeerGateway] 	disconnecting gRpc client at peer AuditMSP_localhost:11051
2026.08.24-15:47:02.630[32m info [39m [caliper] [caliper-worker] 	Info: worker 1 prepare test phase for round 0 is completed
2026.08.24-15:47:02.630[32m info [39m [caliper] [caliper-worker] 	Info: worker 0 prepare test phase for round 0 is completed
2026.08.24-15:47:02.630[32m info [39m [caliper] [worker-message-handler] 	Worker#1 prepared for Round#0
2026.08.24-15:47:02.630[32m info [39m [caliper] [worker-message-handler] 	Worker#0 prepared for Round#0
2026.08.24-15:47:02.630[32m info [39m [caliper] [worker-orchestrator] 	2 workers prepared, progressing to test phase.
2026.08.24-15:47:02.631[32m info [39m [caliper] [round-orchestrator] 	Monitors successfully started
2026.08.24-15:47:02.631[32m info [39m [caliper] [worker-message-handler] 	Worker#0 is starting Round#0
2026.08.24-15:47:02.631[32m info [39m [caliper] [worker-message-handler] 	Worker#1 is starting Round#0
2026.08.24-15:47:02.632[32m info [39m [caliper] [connectors/peer-gateway/PeerGateway] 	Generating contract map for user io.krishnan
2026.08.24-15:47:02.632[32m info [39m [caliper] [connectors/peer-gateway/PeerGateway] 	Generating contract map for user io.krishnan
2026.08.24-15:47:02.632[32m info [39m [caliper] [connectors/peer-gateway/PeerGateway] 	Generating contract map for user insp.rathore
2026.08.24-15:47:02.632[32m info [39m [caliper] [connectors/peer-gateway/PeerGateway] 	Generating contract map for user insp.rathore
2026.08.24-15:47:02.633[32m info [39m [caliper] [connectors/peer-gateway/PeerGateway] 	Generating contract map for user insp.singh
2026.08.24-15:47:02.633[32m info [39m [caliper] [connectors/peer-gateway/PeerGateway] 	Generating contract map for user insp.singh
2026.08.24-15:47:02.633[32m info [39m [caliper] [connectors/peer-gateway/PeerGateway] 	Generating contract map for user const.verma
2026.08.24-15:47:02.633[32m info [39m [caliper] [connectors/peer-gateway/PeerGateway] 	Generating contract map for user const.verma
2026.08.24-15:47:02.633[32m info [39m [caliper] [connectors/peer-gateway/PeerGateway] 	Generating contract map for user insp.sharma
2026.08.24-15:47:02.633[32m info [39m [caliper] [connectors/peer-gateway/PeerGateway] 	Generating contract map for user insp.sharma
2026.08.24-15:47:02.634[32m info [39m [caliper] [connectors/peer-gateway/PeerGateway] 	Generating contract map for user _AuditMSP_aud.qureshi
2026.08.24-15:47:02.634[32m info [39m [caliper] [connectors/peer-gateway/PeerGateway] 	Generating contract map for user _AuditMSP_aud.qureshi
2026.08.24-15:47:02.635[32m info [39m [caliper] [caliper-worker] 	Worker #1 starting workload loop
2026.08.24-15:47:02.635[32m info [39m [caliper] [caliper-worker] 	Worker #0 starting workload loop
CALIPER_TX_LATENCY {"workerIndex":0,"roundIndex":0,"roundLabel":"query-count-warmup","transactionId":"48e52ef753094f7a6124fe9ba1939697475900ce74da69f3cc483bbaca72ff66","status":"success","startEpochMs":1787566622638,"endEpochMs":1787566623412,"latencyMs":774}
CALIPER_TX_LATENCY {"workerIndex":1,"roundIndex":0,"roundLabel":"query-count-warmup","transactionId":"dd07fbdc7845723826c9d981f27ce64949409d097e7fef72178ddf5a1a2387cd","status":"success","startEpochMs":1787566622638,"endEpochMs":1787566623412,"latencyMs":774}
CALIPER_TX_LATENCY {"workerIndex":0,"roundIndex":0,"roundLabel":"query-count-warmup","transactionId":"f1fb107227540b4e490a796db0f2b90778089f6dc7999fee7d628468628838fd","status":"success","startEpochMs":1787566623636,"endEpochMs":1787566624346,"latencyMs":710}
CALIPER_TX_LATENCY {"workerIndex":1,"roundIndex":0,"roundLabel":"query-count-warmup","transactionId":"c5aa665dec3837149e69ae943a9834b5982a6571f9de98a1e94582b033fde7d0","status":"success","startEpochMs":1787566623637,"endEpochMs":1787566624346,"latencyMs":709}
CALIPER_TX_LATENCY {"workerIndex":0,"roundIndex":0,"roundLabel":"query-count-warmup","transactionId":"222c8f0a0b29b4c93dde097d51fd9a5d6d4a2b747213d943b115fbd3ebc417a1","status":"success","startEpochMs":1787566624636,"endEpochMs":1787566625365,"latencyMs":729}
CALIPER_TX_LATENCY {"workerIndex":1,"roundIndex":0,"roundLabel":"query-count-warmup","transactionId":"a1a80f89ce07f9b3ae6274534b7f69a2501f900d90c72f76535e0c6201648068","status":"success","startEpochMs":1787566624636,"endEpochMs":1787566625365,"latencyMs":729}
CALIPER_TX_LATENCY {"workerIndex":1,"roundIndex":0,"roundLabel":"query-count-warmup","transactionId":"45f679fc1609afc7919878e073652707f93ee03b7607fec7e20808bdf3ad5dfa","status":"success","startEpochMs":1787566625637,"endEpochMs":1787566626366,"latencyMs":729}
CALIPER_TX_LATENCY {"workerIndex":0,"roundIndex":0,"roundLabel":"query-count-warmup","transactionId":"ba966d1fd4d47c93fd64313cba173cab3225d3f8d01bdb9e8e97d24375fe462e","status":"success","startEpochMs":1787566625637,"endEpochMs":1787566626367,"latencyMs":730}
CALIPER_TX_LATENCY {"workerIndex":1,"roundIndex":0,"roundLabel":"query-count-warmup","transactionId":"c2059c86773c4fbe342e55f4d5c1787bb5f1ea257bc3e4f40d1021f9bcecb061","status":"success","startEpochMs":1787566626637,"endEpochMs":1787566627365,"latencyMs":728}
CALIPER_TX_LATENCY {"workerIndex":0,"roundIndex":0,"roundLabel":"query-count-warmup","transactionId":"d3cc23830b781ce51bee156ee9c63ac825a7948a0ca797fc7ef3f0013f7f7f70","status":"success","startEpochMs":1787566626635,"endEpochMs":1787566627365,"latencyMs":730}
2026.08.24-15:47:07.646[32m info [39m [caliper] [default-observer] 	[query-count-warmup Round 0 Transaction Info] - Submitted: 10 Succ: 8 Fail:0 Unfinished:2
CALIPER_TX_LATENCY {"workerIndex":1,"roundIndex":0,"roundLabel":"query-count-warmup","transactionId":"20473ccc7f185be80415bb7902def36477c2583dfc12af2b9391d6200cf04303","status":"success","startEpochMs":1787566627637,"endEpochMs":1787566628362,"latencyMs":725}
CALIPER_TX_LATENCY {"workerIndex":0,"roundIndex":0,"roundLabel":"query-count-warmup","transactionId":"3c87c41437eb210ff9324abfe1e7d206d587cc106eb98953edd5451209f3d7d4","status":"success","startEpochMs":1787566627637,"endEpochMs":1787566628362,"latencyMs":725}
CALIPER_TX_LATENCY {"workerIndex":0,"roundIndex":0,"roundLabel":"query-count-warmup","transactionId":"c88910f0f967e287d5d357535d15ef75136137687b8af95156eae80da308ae74","status":"success","startEpochMs":1787566628635,"endEpochMs":1787566629369,"latencyMs":734}
CALIPER_TX_LATENCY {"workerIndex":1,"roundIndex":0,"roundLabel":"query-count-warmup","transactionId":"7b5ea51be7bea2264c3d3f17ef4436de3fd83b8cb5e537857ac4538629ccc2a1","status":"success","startEpochMs":1787566628636,"endEpochMs":1787566629370,"latencyMs":734}
CALIPER_TX_LATENCY {"workerIndex":0,"roundIndex":0,"roundLabel":"query-count-warmup","transactionId":"46a1790435b657dbef121c05b8d9230997ad2357af379c25e8cdab15e31e4cd5","status":"success","startEpochMs":1787566629638,"endEpochMs":1787566630354,"latencyMs":716}
CALIPER_TX_LATENCY {"workerIndex":1,"roundIndex":0,"roundLabel":"query-count-warmup","transactionId":"c8f03b830b0a79a6c880718583a37e44f261bff6e3cb1ddd1e236989ebde5bfc","status":"success","startEpochMs":1787566629638,"endEpochMs":1787566630355,"latencyMs":717}
CALIPER_TX_LATENCY {"workerIndex":0,"roundIndex":0,"roundLabel":"query-count-warmup","transactionId":"05f50589afebfa6088eec5f174f960ef3026ff5c976e4270321af464a5279e06","status":"success","startEpochMs":1787566630637,"endEpochMs":1787566631372,"latencyMs":735}
CALIPER_TX_LATENCY {"workerIndex":1,"roundIndex":0,"roundLabel":"query-count-warmup","transactionId":"e0f56fe9b53ad474487ca4caf9d4537f26d1be11a95ed415b2366a956602c739","status":"success","startEpochMs":1787566630636,"endEpochMs":1787566631372,"latencyMs":736}
CALIPER_TX_LATENCY {"workerIndex":0,"roundIndex":0,"roundLabel":"query-count-warmup","transactionId":"a9ec471fce1f0e46996eced1afae40314911d08786c863c93dbeab0ba4b69c24","status":"success","startEpochMs":1787566631636,"endEpochMs":1787566632365,"latencyMs":729}
CALIPER_TX_LATENCY {"workerIndex":1,"roundIndex":0,"roundLabel":"query-count-warmup","transactionId":"34f4d6cd40adb505933c08e1895d917c952c6c8af42f9e3b689e15d000917e0c","status":"success","startEpochMs":1787566631636,"endEpochMs":1787566632365,"latencyMs":729}
2026.08.24-15:47:12.633[32m info [39m [caliper] [default-observer] 	[query-count-warmup Round 0 Transaction Info] - Submitted: 20 Succ: 18 Fail:0 Unfinished:2
CALIPER_TX_LATENCY {"workerIndex":1,"roundIndex":0,"roundLabel":"query-count-warmup","transactionId":"37a65e02e008342c8d793674148371dc1edd80d00e2e144c232dbeca073d2c7d","status":"success","startEpochMs":1787566632636,"endEpochMs":1787566633361,"latencyMs":725}
CALIPER_TX_LATENCY {"workerIndex":0,"roundIndex":0,"roundLabel":"query-count-warmup","transactionId":"00c314219fb1c13ae936ca44d73b58058bf96a20c2ca7721bd7a9c9a82e32aa8","status":"success","startEpochMs":1787566632636,"endEpochMs":1787566633361,"latencyMs":725}
2026.08.24-15:47:14.449[32m info [39m [caliper] [connectors/peer-gateway/PeerGateway] 	disconnecting gateway for user io.krishnan
2026.08.24-15:47:14.449[32m info [39m [caliper] [connectors/peer-gateway/PeerGateway] 	disconnecting gateway for user io.krishnan
2026.08.24-15:47:14.449[32m info [39m [caliper] [connectors/peer-gateway/PeerGateway] 	disconnecting gateway for user insp.rathore
2026.08.24-15:47:14.449[32m info [39m [caliper] [connectors/peer-gateway/PeerGateway] 	disconnecting gateway for user insp.rathore
2026.08.24-15:47:14.449[32m info [39m [caliper] [connectors/peer-gateway/PeerGateway] 	disconnecting gateway for user insp.singh
2026.08.24-15:47:14.449[32m info [39m [caliper] [connectors/peer-gateway/PeerGateway] 	disconnecting gateway for user insp.singh
2026.08.24-15:47:14.449[32m info [39m [caliper] [connectors/peer-gateway/PeerGateway] 	disconnecting gateway for user const.verma
2026.08.24-15:47:14.449[32m info [39m [caliper] [connectors/peer-gateway/PeerGateway] 	disconnecting gateway for user const.verma
2026.08.24-15:47:14.449[32m info [39m [caliper] [connectors/peer-gateway/PeerGateway] 	disconnecting gateway for user insp.sharma
2026.08.24-15:47:14.449[32m info [39m [caliper] [connectors/peer-gateway/PeerGateway] 	disconnecting gateway for user insp.sharma
2026.08.24-15:47:14.449[32m info [39m [caliper] [connectors/peer-gateway/PeerGateway] 	disconnecting gateway for user _AuditMSP_aud.qureshi
2026.08.24-15:47:14.449[32m info [39m [caliper] [connectors/peer-gateway/PeerGateway] 	disconnecting gRpc client at peer PoliceMSP_localhost:7051
2026.08.24-15:47:14.449[32m info [39m [caliper] [connectors/peer-gateway/PeerGateway] 	disconnecting gateway for user _AuditMSP_aud.qureshi
2026.08.24-15:47:14.449[32m info [39m [caliper] [connectors/peer-gateway/PeerGateway] 	disconnecting gRpc client at peer PoliceMSP_localhost:7051
2026.08.24-15:47:14.450[32m info [39m [caliper] [connectors/peer-gateway/PeerGateway] 	disconnecting gRpc client at peer AuditMSP_localhost:11051
2026.08.24-15:47:14.450[32m info [39m [caliper] [connectors/peer-gateway/PeerGateway] 	disconnecting gRpc client at peer AuditMSP_localhost:11051
2026.08.24-15:47:14.450[32m info [39m [caliper] [worker-message-handler] 	Worker#1 finished Round#0
2026.08.24-15:47:14.450[32m info [39m [caliper] [worker-message-handler] 	Worker#0 finished Round#0
2026.08.24-15:47:19.455[32m info [39m [caliper] [default-observer] 	Resetting txCount indicator count
2026.08.24-15:47:19.456[32m info [39m [caliper] [report-builder] 	### Test result ###
2026.08.24-15:47:19.459[32m info [39m [caliper] [report-builder] 	
+--------------------+------+------+-----------------+-----------------+-----------------+-----------------+------------------+
| Name               | Succ | Fail | Send Rate (TPS) | Max Latency (s) | Min Latency (s) | Avg Latency (s) | Throughput (TPS) |
|--------------------|------|------|-----------------|-----------------|-----------------|-----------------|------------------|
| query-count-warmup | 22   | 0    | 2.2             | 0.77            | 0.71            | 0.73            | 2.1              |
+--------------------+------+------+-----------------+-----------------+-----------------+-----------------+------------------+

2026.08.24-15:47:19.483[32m info [39m [caliper] [report-builder] 	### prometheus resource stats ###'
2026.08.24-15:47:19.486[32m info [39m [caliper] [report-builder] 	
+--------------------------------------------------+-------------------------------------------------------------------------------------------------------------------------------------------------------------------------------------------------------------------------------------------------------------------------------------------------+------------------------------------+-------+
| Metric                                           | Prometheus Query                                                                                                                                                                                                                                                                                | Name                               | Value |
|--------------------------------------------------|-------------------------------------------------------------------------------------------------------------------------------------------------------------------------------------------------------------------------------------------------------------------------------------------------|------------------------------------|-------|
| Process resident memory (MiB, max)               | process_resident_memory_bytes{job=~"fabric-.*"}                                                                                                                                                                                                                                                 | orderer.example.com:9443           | 63.4  |
|--------------------------------------------------|-------------------------------------------------------------------------------------------------------------------------------------------------------------------------------------------------------------------------------------------------------------------------------------------------|------------------------------------|-------|
|                                                  |                                                                                                                                                                                                                                                                                                 | peer0.audit.example.com:9448       | 135   |
|--------------------------------------------------|-------------------------------------------------------------------------------------------------------------------------------------------------------------------------------------------------------------------------------------------------------------------------------------------------|------------------------------------|-------|
|                                                  |                                                                                                                                                                                                                                                                                                 | peer0.court.example.com:9447       | 134   |
|--------------------------------------------------|-------------------------------------------------------------------------------------------------------------------------------------------------------------------------------------------------------------------------------------------------------------------------------------------------|------------------------------------|-------|
|                                                  |                                                                                                                                                                                                                                                                                                 | peer0.forensics.example.com:9445   | 135   |
|--------------------------------------------------|-------------------------------------------------------------------------------------------------------------------------------------------------------------------------------------------------------------------------------------------------------------------------------------------------|------------------------------------|-------|
|                                                  |                                                                                                                                                                                                                                                                                                 | peer0.police.example.com:9444      | 146   |
|--------------------------------------------------|-------------------------------------------------------------------------------------------------------------------------------------------------------------------------------------------------------------------------------------------------------------------------------------------------|------------------------------------|-------|
|                                                  |                                                                                                                                                                                                                                                                                                 | peer0.prosecution.example.com:9446 | 133   |
|--------------------------------------------------|-------------------------------------------------------------------------------------------------------------------------------------------------------------------------------------------------------------------------------------------------------------------------------------------------|------------------------------------|-------|
| Process CPU rate (percent, max)                  | rate(process_cpu_seconds_total{job=~"fabric-.*"}[1m])                                                                                                                                                                                                                                           | orderer.example.com:9443           | 0.236 |
|--------------------------------------------------|-------------------------------------------------------------------------------------------------------------------------------------------------------------------------------------------------------------------------------------------------------------------------------------------------|------------------------------------|-------|
|                                                  |                                                                                                                                                                                                                                                                                                 | peer0.audit.example.com:9448       | 2.80  |
|--------------------------------------------------|-------------------------------------------------------------------------------------------------------------------------------------------------------------------------------------------------------------------------------------------------------------------------------------------------|------------------------------------|-------|
|                                                  |                                                                                                                                                                                                                                                                                                 | peer0.court.example.com:9447       | 2.85  |
|--------------------------------------------------|-------------------------------------------------------------------------------------------------------------------------------------------------------------------------------------------------------------------------------------------------------------------------------------------------|------------------------------------|-------|
|                                                  |                                                                                                                                                                                                                                                                                                 | peer0.forensics.example.com:9445   | 2.91  |
|--------------------------------------------------|-------------------------------------------------------------------------------------------------------------------------------------------------------------------------------------------------------------------------------------------------------------------------------------------------|------------------------------------|-------|
|                                                  |                                                                                                                                                                                                                                                                                                 | peer0.police.example.com:9444      | 3.00  |
|--------------------------------------------------|-------------------------------------------------------------------------------------------------------------------------------------------------------------------------------------------------------------------------------------------------------------------------------------------------|------------------------------------|-------|
|                                                  |                                                                                                                                                                                                                                                                                                 | peer0.prosecution.example.com:9446 | 2.80  |
|--------------------------------------------------|-------------------------------------------------------------------------------------------------------------------------------------------------------------------------------------------------------------------------------------------------------------------------------------------------|------------------------------------|-------|
| Crimerecords endorsement duration (seconds, avg) | sum by (instance) (rate(endorser_proposal_duration_sum{job=~"fabric-.*",channel="crimechannel",chaincode="crimerecords",success="true"}[1m])) / sum by (instance) (rate(endorser_proposal_duration_count{job=~"fabric-.*",channel="crimechannel",chaincode="crimerecords",success="true"}[1m])) | peer0.audit.example.com:9448       | NaN   |
|--------------------------------------------------|-------------------------------------------------------------------------------------------------------------------------------------------------------------------------------------------------------------------------------------------------------------------------------------------------|------------------------------------|-------|
|                                                  |                                                                                                                                                                                                                                                                                                 | peer0.court.example.com:9447       | NaN   |
|--------------------------------------------------|-------------------------------------------------------------------------------------------------------------------------------------------------------------------------------------------------------------------------------------------------------------------------------------------------|------------------------------------|-------|
|                                                  |                                                                                                                                                                                                                                                                                                 | peer0.forensics.example.com:9445   | NaN   |
|--------------------------------------------------|-------------------------------------------------------------------------------------------------------------------------------------------------------------------------------------------------------------------------------------------------------------------------------------------------|------------------------------------|-------|
|                                                  |                                                                                                                                                                                                                                                                                                 | peer0.police.example.com:9444      | NaN   |
|--------------------------------------------------|-------------------------------------------------------------------------------------------------------------------------------------------------------------------------------------------------------------------------------------------------------------------------------------------------|------------------------------------|-------|
|                                                  |                                                                                                                                                                                                                                                                                                 | peer0.prosecution.example.com:9446 | NaN   |
|--------------------------------------------------|-------------------------------------------------------------------------------------------------------------------------------------------------------------------------------------------------------------------------------------------------------------------------------------------------|------------------------------------|-------|
| Ledger height (blocks, max)                      | ledger_blockchain_height{job=~"fabric-.*",channel="crimechannel"}                                                                                                                                                                                                                               | orderer.example.com:9443           | 583   |
|--------------------------------------------------|-------------------------------------------------------------------------------------------------------------------------------------------------------------------------------------------------------------------------------------------------------------------------------------------------|------------------------------------|-------|
|                                                  |                                                                                                                                                                                                                                                                                                 | peer0.audit.example.com:9448       | 583   |
|--------------------------------------------------|-------------------------------------------------------------------------------------------------------------------------------------------------------------------------------------------------------------------------------------------------------------------------------------------------|------------------------------------|-------|
|                                                  |                                                                                                                                                                                                                                                                                                 | peer0.court.example.com:9447       | 583   |
|--------------------------------------------------|-------------------------------------------------------------------------------------------------------------------------------------------------------------------------------------------------------------------------------------------------------------------------------------------------|------------------------------------|-------|
|                                                  |                                                                                                                                                                                                                                                                                                 | peer0.forensics.example.com:9445   | 583   |
|--------------------------------------------------|-------------------------------------------------------------------------------------------------------------------------------------------------------------------------------------------------------------------------------------------------------------------------------------------------|------------------------------------|-------|
|                                                  |                                                                                                                                                                                                                                                                                                 | peer0.police.example.com:9444      | 583   |
|--------------------------------------------------|-------------------------------------------------------------------------------------------------------------------------------------------------------------------------------------------------------------------------------------------------------------------------------------------------|------------------------------------|-------|
|                                                  |                                                                                                                                                                                                                                                                                                 | peer0.prosecution.example.com:9446 | 583   |
+--------------------------------------------------+-------------------------------------------------------------------------------------------------------------------------------------------------------------------------------------------------------------------------------------------------------------------------------------------------+------------------------------------+-------+

2026.08.24-15:47:19.486[32m info [39m [caliper] [round-orchestrator] 	Finished round 1 (query-count-warmup) in 10.812 seconds
2026.08.24-15:47:19.486[32m info [39m [caliper] [monitor.js] 	Stopping all monitors
2026.08.24-15:47:19.486[32m info [39m [caliper] [round-orchestrator] 	Waiting 5 seconds for the next round...
2026.08.24-15:47:24.486[32m info [39m [caliper] [round-orchestrator] 	Started round 2 (query-count-1)
2026.08.24-15:47:24.486[32m info [39m [caliper] [worker-message-handler] 	Preparing Worker#0 for Round#1
2026.08.24-15:47:24.486[32m info [39m [caliper] [worker-message-handler] 	Preparing Worker#1 for Round#1
2026.08.24-15:47:24.488[32m info [39m [caliper] [connectors/peer-gateway/PeerGateway] 	Generating contract map for user io.krishnan
2026.08.24-15:47:24.488[32m info [39m [caliper] [connectors/peer-gateway/PeerGateway] 	Generating contract map for user io.krishnan
2026.08.24-15:47:24.488[32m info [39m [caliper] [connectors/peer-gateway/PeerGateway] 	Generating contract map for user insp.rathore
2026.08.24-15:47:24.488[32m info [39m [caliper] [connectors/peer-gateway/PeerGateway] 	Generating contract map for user insp.rathore
2026.08.24-15:47:24.488[32m info [39m [caliper] [connectors/peer-gateway/PeerGateway] 	Generating contract map for user insp.singh
2026.08.24-15:47:24.488[32m info [39m [caliper] [connectors/peer-gateway/PeerGateway] 	Generating contract map for user insp.singh
2026.08.24-15:47:24.488[32m info [39m [caliper] [connectors/peer-gateway/PeerGateway] 	Generating contract map for user const.verma
2026.08.24-15:47:24.488[32m info [39m [caliper] [connectors/peer-gateway/PeerGateway] 	Generating contract map for user const.verma
2026.08.24-15:47:24.488[32m info [39m [caliper] [connectors/peer-gateway/PeerGateway] 	Generating contract map for user insp.sharma
2026.08.24-15:47:24.488[32m info [39m [caliper] [connectors/peer-gateway/PeerGateway] 	Generating contract map for user insp.sharma
2026.08.24-15:47:24.489[32m info [39m [caliper] [connectors/peer-gateway/PeerGateway] 	Generating contract map for user _AuditMSP_aud.qureshi
2026.08.24-15:47:24.489[32m info [39m [caliper] [caliper-worker] 	Info: worker 1 prepare test phase for round 1 is starting...
2026.08.24-15:47:24.489[32m info [39m [caliper] [connectors/peer-gateway/PeerGateway] 	Generating contract map for user _AuditMSP_aud.qureshi
2026.08.24-15:47:24.489[32m info [39m [caliper] [caliper-worker] 	Info: worker 0 prepare test phase for round 1 is starting...
2026.08.24-15:47:24.490[32m info [39m [caliper] [connectors/peer-gateway/PeerGateway] 	disconnecting gateway for user io.krishnan
2026.08.24-15:47:24.490[32m info [39m [caliper] [connectors/peer-gateway/PeerGateway] 	disconnecting gateway for user insp.rathore
2026.08.24-15:47:24.490[32m info [39m [caliper] [connectors/peer-gateway/PeerGateway] 	disconnecting gateway for user insp.singh
2026.08.24-15:47:24.490[32m info [39m [caliper] [connectors/peer-gateway/PeerGateway] 	disconnecting gateway for user const.verma
2026.08.24-15:47:24.490[32m info [39m [caliper] [connectors/peer-gateway/PeerGateway] 	disconnecting gateway for user insp.sharma
2026.08.24-15:47:24.490[32m info [39m [caliper] [connectors/peer-gateway/PeerGateway] 	disconnecting gateway for user _AuditMSP_aud.qureshi
2026.08.24-15:47:24.490[32m info [39m [caliper] [connectors/peer-gateway/PeerGateway] 	disconnecting gRpc client at peer PoliceMSP_localhost:7051
2026.08.24-15:47:24.490[32m info [39m [caliper] [connectors/peer-gateway/PeerGateway] 	disconnecting gRpc client at peer AuditMSP_localhost:11051
2026.08.24-15:47:24.490[32m info [39m [caliper] [connectors/peer-gateway/PeerGateway] 	disconnecting gateway for user io.krishnan
2026.08.24-15:47:24.490[32m info [39m [caliper] [connectors/peer-gateway/PeerGateway] 	disconnecting gateway for user insp.rathore
2026.08.24-15:47:24.490[32m info [39m [caliper] [caliper-worker] 	Info: worker 1 prepare test phase for round 1 is completed
2026.08.24-15:47:24.490[32m info [39m [caliper] [connectors/peer-gateway/PeerGateway] 	disconnecting gateway for user insp.singh
2026.08.24-15:47:24.490[32m info [39m [caliper] [worker-message-handler] 	Worker#1 prepared for Round#1
2026.08.24-15:47:24.490[32m info [39m [caliper] [connectors/peer-gateway/PeerGateway] 	disconnecting gateway for user const.verma
2026.08.24-15:47:24.490[32m info [39m [caliper] [connectors/peer-gateway/PeerGateway] 	disconnecting gateway for user insp.sharma
2026.08.24-15:47:24.490[32m info [39m [caliper] [connectors/peer-gateway/PeerGateway] 	disconnecting gateway for user _AuditMSP_aud.qureshi
2026.08.24-15:47:24.490[32m info [39m [caliper] [connectors/peer-gateway/PeerGateway] 	disconnecting gRpc client at peer PoliceMSP_localhost:7051
2026.08.24-15:47:24.490[32m info [39m [caliper] [connectors/peer-gateway/PeerGateway] 	disconnecting gRpc client at peer AuditMSP_localhost:11051
2026.08.24-15:47:24.491[32m info [39m [caliper] [caliper-worker] 	Info: worker 0 prepare test phase for round 1 is completed
2026.08.24-15:47:24.491[32m info [39m [caliper] [worker-message-handler] 	Worker#0 prepared for Round#1
2026.08.24-15:47:24.491[32m info [39m [caliper] [worker-orchestrator] 	2 workers prepared, progressing to test phase.
2026.08.24-15:47:24.491[32m info [39m [caliper] [round-orchestrator] 	Monitors successfully started
2026.08.24-15:47:24.491[32m info [39m [caliper] [worker-message-handler] 	Worker#0 is starting Round#1
2026.08.24-15:47:24.491[32m info [39m [caliper] [worker-message-handler] 	Worker#1 is starting Round#1
2026.08.24-15:47:24.492[32m info [39m [caliper] [connectors/peer-gateway/PeerGateway] 	Generating contract map for user io.krishnan
2026.08.24-15:47:24.492[32m info [39m [caliper] [connectors/peer-gateway/PeerGateway] 	Generating contract map for user io.krishnan
2026.08.24-15:47:24.492[32m info [39m [caliper] [connectors/peer-gateway/PeerGateway] 	Generating contract map for user insp.rathore
2026.08.24-15:47:24.492[32m info [39m [caliper] [connectors/peer-gateway/PeerGateway] 	Generating contract map for user insp.rathore
2026.08.24-15:47:24.492[32m info [39m [caliper] [connectors/peer-gateway/PeerGateway] 	Generating contract map for user insp.singh
2026.08.24-15:47:24.492[32m info [39m [caliper] [connectors/peer-gateway/PeerGateway] 	Generating contract map for user insp.singh
2026.08.24-15:47:24.492[32m info [39m [caliper] [connectors/peer-gateway/PeerGateway] 	Generating contract map for user const.verma
2026.08.24-15:47:24.492[32m info [39m [caliper] [connectors/peer-gateway/PeerGateway] 	Generating contract map for user const.verma
2026.08.24-15:47:24.492[32m info [39m [caliper] [connectors/peer-gateway/PeerGateway] 	Generating contract map for user insp.sharma
2026.08.24-15:47:24.492[32m info [39m [caliper] [connectors/peer-gateway/PeerGateway] 	Generating contract map for user insp.sharma
2026.08.24-15:47:24.493[32m info [39m [caliper] [connectors/peer-gateway/PeerGateway] 	Generating contract map for user _AuditMSP_aud.qureshi
2026.08.24-15:47:24.493[32m info [39m [caliper] [caliper-worker] 	Worker #0 starting workload loop
2026.08.24-15:47:24.493[32m info [39m [caliper] [connectors/peer-gateway/PeerGateway] 	Generating contract map for user _AuditMSP_aud.qureshi
2026.08.24-15:47:24.494[32m info [39m [caliper] [caliper-worker] 	Worker #1 starting workload loop
CALIPER_TX_LATENCY {"workerIndex":1,"roundIndex":1,"roundLabel":"query-count-1","transactionId":"dad60ddb3140f5c8a86ddf6863e0775ff9b059c9df76c05dd89352e9d606308d","status":"success","startEpochMs":1787566644495,"endEpochMs":1787566645247,"latencyMs":752}
CALIPER_TX_LATENCY {"workerIndex":0,"roundIndex":1,"roundLabel":"query-count-1","transactionId":"6cb4905509d71fd572ecede3af61d21a740699880f60907c7f17cf4c68a6898f","status":"success","startEpochMs":1787566644495,"endEpochMs":1787566645247,"latencyMs":752}
CALIPER_TX_LATENCY {"workerIndex":1,"roundIndex":1,"roundLabel":"query-count-1","transactionId":"be68b427d98cd934e34230fd8588c07a2b361edfa09a697ed0bb55893ba7e143","status":"success","startEpochMs":1787566646495,"endEpochMs":1787566647234,"latencyMs":739}
CALIPER_TX_LATENCY {"workerIndex":0,"roundIndex":1,"roundLabel":"query-count-1","transactionId":"bab39891c4c3baaf9be652a9a884dda0c5d024d4d2e9f68cf1eb72586126d4c6","status":"success","startEpochMs":1787566646495,"endEpochMs":1787566647234,"latencyMs":739}
CALIPER_TX_LATENCY {"workerIndex":0,"roundIndex":1,"roundLabel":"query-count-1","transactionId":"94700ab9387261757c87a2627d62af8fcbec10073803aea5a912586ccff2b0c8","status":"success","startEpochMs":1787566648494,"endEpochMs":1787566649219,"latencyMs":725}
CALIPER_TX_LATENCY {"workerIndex":1,"roundIndex":1,"roundLabel":"query-count-1","transactionId":"e9443947fb457a03d743602e1ab0f3282c31b9436a5226c007e244d41413fb32","status":"success","startEpochMs":1787566648494,"endEpochMs":1787566649219,"latencyMs":725}
2026.08.24-15:47:29.492[32m info [39m [caliper] [default-observer] 	[query-count-1 Round 1 Transaction Info] - Submitted: 6 Succ: 4 Fail:0 Unfinished:2
CALIPER_TX_LATENCY {"workerIndex":1,"roundIndex":1,"roundLabel":"query-count-1","transactionId":"91e8a83a7fa97ca665ed5594a89aa3639b78eb48cf3c5346de9cd053b01754fe","status":"success","startEpochMs":1787566650495,"endEpochMs":1787566651241,"latencyMs":746}
CALIPER_TX_LATENCY {"workerIndex":0,"roundIndex":1,"roundLabel":"query-count-1","transactionId":"1ffe5285c166a51723dc804967afd1d92d8cffc9dfb10f2c8da15bda68888ce5","status":"success","startEpochMs":1787566650495,"endEpochMs":1787566651241,"latencyMs":746}
CALIPER_TX_LATENCY {"workerIndex":1,"roundIndex":1,"roundLabel":"query-count-1","transactionId":"dfbd8f3b8c096799955e859959dc80d80f0fa54df628cc426c2c325ca7ae16bc","status":"success","startEpochMs":1787566652495,"endEpochMs":1787566653229,"latencyMs":734}
CALIPER_TX_LATENCY {"workerIndex":0,"roundIndex":1,"roundLabel":"query-count-1","transactionId":"868f52e5781b48450dcf849a05e01eae5f0418bac0c654126c09325c500f7246","status":"success","startEpochMs":1787566652495,"endEpochMs":1787566653229,"latencyMs":734}
2026.08.24-15:47:34.493[32m info [39m [caliper] [default-observer] 	[query-count-1 Round 1 Transaction Info] - Submitted: 10 Succ: 10 Fail:0 Unfinished:0
CALIPER_TX_LATENCY {"workerIndex":0,"roundIndex":1,"roundLabel":"query-count-1","transactionId":"6b94363a1e782cdfe276b8bd22bdb3ca78251161cae215fe51b3e3255bc36332","status":"success","startEpochMs":1787566654495,"endEpochMs":1787566655230,"latencyMs":735}
CALIPER_TX_LATENCY {"workerIndex":1,"roundIndex":1,"roundLabel":"query-count-1","transactionId":"f3b3ac5bb6e392b01124f7a8d2e9a2af6b402866a5953cb83081edffcf888319","status":"success","startEpochMs":1787566654495,"endEpochMs":1787566655230,"latencyMs":735}
CALIPER_TX_LATENCY {"workerIndex":1,"roundIndex":1,"roundLabel":"query-count-1","transactionId":"617e380ed8d5afbe28347b4f2d093c5a6c33274c57b5ca500c40bc59d0d233be","status":"success","startEpochMs":1787566656494,"endEpochMs":1787566657235,"latencyMs":741}
CALIPER_TX_LATENCY {"workerIndex":0,"roundIndex":1,"roundLabel":"query-count-1","transactionId":"a0793740dd145659a2e67edc663bcee4bca6c4779cda825b33e191b92cca6535","status":"success","startEpochMs":1787566656495,"endEpochMs":1787566657235,"latencyMs":740}
CALIPER_TX_LATENCY {"workerIndex":1,"roundIndex":1,"roundLabel":"query-count-1","transactionId":"008e5e491d4cf39b56e0a3c4c6f5c675f6f3d1317289c571a5a7db4d6fab4978","status":"success","startEpochMs":1787566658494,"endEpochMs":1787566659239,"latencyMs":745}
CALIPER_TX_LATENCY {"workerIndex":0,"roundIndex":1,"roundLabel":"query-count-1","transactionId":"3760f60ff97ecb69eeefc625bccd6d95ee51df0ab6c5fea3604459e8f0ff079b","status":"success","startEpochMs":1787566658494,"endEpochMs":1787566659239,"latencyMs":745}
2026.08.24-15:47:39.495[32m info [39m [caliper] [default-observer] 	[query-count-1 Round 1 Transaction Info] - Submitted: 16 Succ: 14 Fail:0 Unfinished:2
CALIPER_TX_LATENCY {"workerIndex":1,"roundIndex":1,"roundLabel":"query-count-1","transactionId":"f478c34cd1fd4ced6c5c2a6df4e5512120c554db7a09f757157dd17913288d47","status":"success","startEpochMs":1787566660495,"endEpochMs":1787566661186,"latencyMs":691}
CALIPER_TX_LATENCY {"workerIndex":0,"roundIndex":1,"roundLabel":"query-count-1","transactionId":"cb65895f9c08b237ea05c9d5df890873caefb377a74ec6a52a9130e28599c8ae","status":"success","startEpochMs":1787566660493,"endEpochMs":1787566661186,"latencyMs":693}
CALIPER_TX_LATENCY {"workerIndex":1,"roundIndex":1,"roundLabel":"query-count-1","transactionId":"4b812bf8759471245ddc0267cf26432a8c97954d07c4581f1a4da576538bde40","status":"success","startEpochMs":1787566662496,"endEpochMs":1787566663234,"latencyMs":738}
CALIPER_TX_LATENCY {"workerIndex":0,"roundIndex":1,"roundLabel":"query-count-1","transactionId":"8b5fc1e63e9aed4ccbd83e668af4d34c968dca50ab7501ee5fb8ea0673c38da9","status":"success","startEpochMs":1787566662496,"endEpochMs":1787566663235,"latencyMs":739}
2026.08.24-15:47:44.496[32m info [39m [caliper] [default-observer] 	[query-count-1 Round 1 Transaction Info] - Submitted: 20 Succ: 20 Fail:0 Unfinished:0
CALIPER_TX_LATENCY {"workerIndex":0,"roundIndex":1,"roundLabel":"query-count-1","transactionId":"b4de0963549c232dfe959eb61a3f2569164bbe1505cbbdb31a2bb2a45e12709f","status":"success","startEpochMs":1787566664495,"endEpochMs":1787566665213,"latencyMs":718}
CALIPER_TX_LATENCY {"workerIndex":1,"roundIndex":1,"roundLabel":"query-count-1","transactionId":"29de6e0d5294113390c719de4ccf99ee4bbbbc71ffac74ec398a215c3916f2ac","status":"success","startEpochMs":1787566664496,"endEpochMs":1787566665214,"latencyMs":718}
CALIPER_TX_LATENCY {"workerIndex":1,"roundIndex":1,"roundLabel":"query-count-1","transactionId":"65415f4fafd01a13de7bc57dddad2784715df4ed0fddd59a05b86e486c367e9e","status":"success","startEpochMs":1787566666495,"endEpochMs":1787566667230,"latencyMs":735}
CALIPER_TX_LATENCY {"workerIndex":0,"roundIndex":1,"roundLabel":"query-count-1","transactionId":"05f3161b92ae4f52409c961fb98e45c894bb534fcc6457c1558ab9319a2bc4d5","status":"success","startEpochMs":1787566666495,"endEpochMs":1787566667230,"latencyMs":735}
CALIPER_TX_LATENCY {"workerIndex":0,"roundIndex":1,"roundLabel":"query-count-1","transactionId":"d14922b97035b6cef181ded2e05b036b8adf05b54a44bd67bb8a9d056f2e86d5","status":"success","startEpochMs":1787566668495,"endEpochMs":1787566669232,"latencyMs":737}
CALIPER_TX_LATENCY {"workerIndex":1,"roundIndex":1,"roundLabel":"query-count-1","transactionId":"845a49fba33033da5271510fc92fbb5da38872cae029632160f78976c7fc19dd","status":"success","startEpochMs":1787566668495,"endEpochMs":1787566669231,"latencyMs":736}
2026.08.24-15:47:49.496[32m info [39m [caliper] [default-observer] 	[query-count-1 Round 1 Transaction Info] - Submitted: 26 Succ: 24 Fail:0 Unfinished:2
CALIPER_TX_LATENCY {"workerIndex":1,"roundIndex":1,"roundLabel":"query-count-1","transactionId":"fd98cf66c0d4f163d977c74d8fd076587a8ffc525b343f466e0c38d968904e96","status":"success","startEpochMs":1787566670495,"endEpochMs":1787566671223,"latencyMs":728}
CALIPER_TX_LATENCY {"workerIndex":0,"roundIndex":1,"roundLabel":"query-count-1","transactionId":"988c6aaaedac75488dbfd30e3c6f154468b459793996158ad28d22403f08aaa7","status":"success","startEpochMs":1787566670495,"endEpochMs":1787566671223,"latencyMs":728}
CALIPER_TX_LATENCY {"workerIndex":0,"roundIndex":1,"roundLabel":"query-count-1","transactionId":"3cd815e49abb993c57c14a2f041d36845e866affdea49652b4f652475c8492f1","status":"success","startEpochMs":1787566672495,"endEpochMs":1787566673236,"latencyMs":741}
CALIPER_TX_LATENCY {"workerIndex":1,"roundIndex":1,"roundLabel":"query-count-1","transactionId":"76fcb36b085de03a6f13c1b6373306991d8b8480378a64bad930454da91e53f1","status":"success","startEpochMs":1787566672495,"endEpochMs":1787566673236,"latencyMs":741}
2026.08.24-15:47:54.497[32m info [39m [caliper] [default-observer] 	[query-count-1 Round 1 Transaction Info] - Submitted: 30 Succ: 30 Fail:0 Unfinished:0
CALIPER_TX_LATENCY {"workerIndex":0,"roundIndex":1,"roundLabel":"query-count-1","transactionId":"dd31e47ce485253dd7ee1093ad6bfd2d4b737fc5e99c7c976ebb875fcf8fd665","status":"success","startEpochMs":1787566674495,"endEpochMs":1787566675232,"latencyMs":737}
CALIPER_TX_LATENCY {"workerIndex":1,"roundIndex":1,"roundLabel":"query-count-1","transactionId":"25aca9d4ef87ea5b3a96b95674439f04e94ad682f12fc809da392f35e96f085f","status":"success","startEpochMs":1787566674495,"endEpochMs":1787566675232,"latencyMs":737}
CALIPER_TX_LATENCY {"workerIndex":1,"roundIndex":1,"roundLabel":"query-count-1","transactionId":"caa08c8c9da916d46dafa2e54c05994df5295b953afa94bd1d5aa9e67711982d","status":"success","startEpochMs":1787566676495,"endEpochMs":1787566677221,"latencyMs":726}
CALIPER_TX_LATENCY {"workerIndex":0,"roundIndex":1,"roundLabel":"query-count-1","transactionId":"f9d5755118484c3b7d10bd654f551fb94a79892af881ae5fd34699fdce68a84f","status":"success","startEpochMs":1787566676495,"endEpochMs":1787566677221,"latencyMs":726}
CALIPER_TX_LATENCY {"workerIndex":0,"roundIndex":1,"roundLabel":"query-count-1","transactionId":"1f343159a5fb6f5f25ec0b5fc4c79eab6cb11215ee6ed65aa9fbe9733de2162b","status":"success","startEpochMs":1787566678495,"endEpochMs":1787566679223,"latencyMs":728}
CALIPER_TX_LATENCY {"workerIndex":1,"roundIndex":1,"roundLabel":"query-count-1","transactionId":"79ad5665dd9492269c3678fbfb76cc97dbfd2c577981e1abd558ad1f15d77eaa","status":"success","startEpochMs":1787566678495,"endEpochMs":1787566679223,"latencyMs":728}
2026.08.24-15:47:59.499[32m info [39m [caliper] [default-observer] 	[query-count-1 Round 1 Transaction Info] - Submitted: 36 Succ: 34 Fail:0 Unfinished:2
CALIPER_TX_LATENCY {"workerIndex":1,"roundIndex":1,"roundLabel":"query-count-1","transactionId":"d50bfd898b1e1f071ddad06c8045f0d61fb3422d2c407d4e1432b5c6e8960cf5","status":"success","startEpochMs":1787566680496,"endEpochMs":1787566681246,"latencyMs":750}
CALIPER_TX_LATENCY {"workerIndex":0,"roundIndex":1,"roundLabel":"query-count-1","transactionId":"4278dda631a7226cf3ae85b251c546bf7f7ef49d6792ff9185069dcb42244dc2","status":"success","startEpochMs":1787566680495,"endEpochMs":1787566681246,"latencyMs":751}
CALIPER_TX_LATENCY {"workerIndex":1,"roundIndex":1,"roundLabel":"query-count-1","transactionId":"3dd275d8c5449c95966ed25aaaac3673c4fbe5c34d5ba60b3605cb4d5078db41","status":"success","startEpochMs":1787566682494,"endEpochMs":1787566683224,"latencyMs":730}
CALIPER_TX_LATENCY {"workerIndex":0,"roundIndex":1,"roundLabel":"query-count-1","transactionId":"b950837069a67f84b731ddf46277aa78d6b4e9401c086d8cffef8c3cb922ec56","status":"success","startEpochMs":1787566682495,"endEpochMs":1787566683224,"latencyMs":729}
2026.08.24-15:48:04.500[32m info [39m [caliper] [default-observer] 	[query-count-1 Round 1 Transaction Info] - Submitted: 40 Succ: 40 Fail:0 Unfinished:0
CALIPER_TX_LATENCY {"workerIndex":0,"roundIndex":1,"roundLabel":"query-count-1","transactionId":"2d9b359c73ff01ee9979894736b05355a589840958a2ccbf61310918148d7a6b","status":"success","startEpochMs":1787566684495,"endEpochMs":1787566685215,"latencyMs":720}
CALIPER_TX_LATENCY {"workerIndex":1,"roundIndex":1,"roundLabel":"query-count-1","transactionId":"fcb857acf6772a13227c972278cffb99a46dd336d939f26e35f676980fcd9f61","status":"success","startEpochMs":1787566684495,"endEpochMs":1787566685215,"latencyMs":720}
CALIPER_TX_LATENCY {"workerIndex":0,"roundIndex":1,"roundLabel":"query-count-1","transactionId":"42ff97b87b129b56b4f7b41216f82a47fbe5e1503315ce216b38e262267efc79","status":"success","startEpochMs":1787566686496,"endEpochMs":1787566687242,"latencyMs":746}
CALIPER_TX_LATENCY {"workerIndex":1,"roundIndex":1,"roundLabel":"query-count-1","transactionId":"3d02ca45fe59103f8943712930a90f891a94183b3733656952f68cd9e6f69ccd","status":"success","startEpochMs":1787566686496,"endEpochMs":1787566687242,"latencyMs":746}
CALIPER_TX_LATENCY {"workerIndex":0,"roundIndex":1,"roundLabel":"query-count-1","transactionId":"61b766054202b51843eff2457320724c0d03b32e0941de34ff54b72a1dc3dd93","status":"success","startEpochMs":1787566688495,"endEpochMs":1787566689212,"latencyMs":717}
CALIPER_TX_LATENCY {"workerIndex":1,"roundIndex":1,"roundLabel":"query-count-1","transactionId":"9d7b6a0cf0f8491a7d5bf94d59e854033dbb190b2d17a245b5a4a845800063af","status":"success","startEpochMs":1787566688494,"endEpochMs":1787566689212,"latencyMs":718}
2026.08.24-15:48:09.500[32m info [39m [caliper] [default-observer] 	[query-count-1 Round 1 Transaction Info] - Submitted: 46 Succ: 44 Fail:0 Unfinished:2
CALIPER_TX_LATENCY {"workerIndex":0,"roundIndex":1,"roundLabel":"query-count-1","transactionId":"7c62c6d4a883ff669d1d0ba736f4af7bb88b67018cdfb526be177d7b648beb1b","status":"success","startEpochMs":1787566690495,"endEpochMs":1787566691226,"latencyMs":731}
CALIPER_TX_LATENCY {"workerIndex":1,"roundIndex":1,"roundLabel":"query-count-1","transactionId":"00cb3845f8af066f70029cfd81fe45fda367405fbf826b7c33deb898d75ff4c8","status":"success","startEpochMs":1787566690495,"endEpochMs":1787566691227,"latencyMs":732}
2026.08.24-15:48:12.305[32m info [39m [caliper] [connectors/peer-gateway/PeerGateway] 	disconnecting gateway for user io.krishnan
2026.08.24-15:48:12.305[32m info [39m [caliper] [connectors/peer-gateway/PeerGateway] 	disconnecting gateway for user insp.rathore
2026.08.24-15:48:12.305[32m info [39m [caliper] [connectors/peer-gateway/PeerGateway] 	disconnecting gateway for user insp.singh
2026.08.24-15:48:12.305[32m info [39m [caliper] [connectors/peer-gateway/PeerGateway] 	disconnecting gateway for user const.verma
2026.08.24-15:48:12.305[32m info [39m [caliper] [connectors/peer-gateway/PeerGateway] 	disconnecting gateway for user insp.sharma
2026.08.24-15:48:12.305[32m info [39m [caliper] [connectors/peer-gateway/PeerGateway] 	disconnecting gateway for user _AuditMSP_aud.qureshi
2026.08.24-15:48:12.305[32m info [39m [caliper] [connectors/peer-gateway/PeerGateway] 	disconnecting gRpc client at peer PoliceMSP_localhost:7051
2026.08.24-15:48:12.306[32m info [39m [caliper] [connectors/peer-gateway/PeerGateway] 	disconnecting gRpc client at peer AuditMSP_localhost:11051
2026.08.24-15:48:12.306[32m info [39m [caliper] [worker-message-handler] 	Worker#0 finished Round#1
2026.08.24-15:48:12.306[32m info [39m [caliper] [connectors/peer-gateway/PeerGateway] 	disconnecting gateway for user io.krishnan
2026.08.24-15:48:12.306[32m info [39m [caliper] [connectors/peer-gateway/PeerGateway] 	disconnecting gateway for user insp.rathore
2026.08.24-15:48:12.306[32m info [39m [caliper] [connectors/peer-gateway/PeerGateway] 	disconnecting gateway for user insp.singh
2026.08.24-15:48:12.306[32m info [39m [caliper] [connectors/peer-gateway/PeerGateway] 	disconnecting gateway for user const.verma
2026.08.24-15:48:12.306[32m info [39m [caliper] [connectors/peer-gateway/PeerGateway] 	disconnecting gateway for user insp.sharma
2026.08.24-15:48:12.306[32m info [39m [caliper] [connectors/peer-gateway/PeerGateway] 	disconnecting gateway for user _AuditMSP_aud.qureshi
2026.08.24-15:48:12.306[32m info [39m [caliper] [connectors/peer-gateway/PeerGateway] 	disconnecting gRpc client at peer PoliceMSP_localhost:7051
2026.08.24-15:48:12.307[32m info [39m [caliper] [connectors/peer-gateway/PeerGateway] 	disconnecting gRpc client at peer AuditMSP_localhost:11051
2026.08.24-15:48:12.307[32m info [39m [caliper] [worker-message-handler] 	Worker#1 finished Round#1
2026.08.24-15:48:17.308[32m info [39m [caliper] [default-observer] 	Resetting txCount indicator count
2026.08.24-15:48:17.309[32m info [39m [caliper] [report-builder] 	### Test result ###
2026.08.24-15:48:17.309[32m info [39m [caliper] [report-builder] 	
+---------------+------+------+-----------------+-----------------+-----------------+-----------------+------------------+
| Name          | Succ | Fail | Send Rate (TPS) | Max Latency (s) | Min Latency (s) | Avg Latency (s) | Throughput (TPS) |
|---------------|------|------|-----------------|-----------------|-----------------|-----------------|------------------|
| query-count-1 | 48   | 0    | 1.0             | 0.75            | 0.69            | 0.73            | 1.0              |
+---------------+------+------+-----------------+-----------------+-----------------+-----------------+------------------+

2026.08.24-15:48:17.329[32m info [39m [caliper] [report-builder] 	### prometheus resource stats ###'
2026.08.24-15:48:17.331[32m info [39m [caliper] [report-builder] 	
+--------------------------------------------------+-------------------------------------------------------------------------------------------------------------------------------------------------------------------------------------------------------------------------------------------------------------------------------------------------+------------------------------------+-------+
| Metric                                           | Prometheus Query                                                                                                                                                                                                                                                                                | Name                               | Value |
|--------------------------------------------------|-------------------------------------------------------------------------------------------------------------------------------------------------------------------------------------------------------------------------------------------------------------------------------------------------|------------------------------------|-------|
| Process resident memory (MiB, max)               | process_resident_memory_bytes{job=~"fabric-.*"}                                                                                                                                                                                                                                                 | orderer.example.com:9443           | 64.0  |
|--------------------------------------------------|-------------------------------------------------------------------------------------------------------------------------------------------------------------------------------------------------------------------------------------------------------------------------------------------------|------------------------------------|-------|
|                                                  |                                                                                                                                                                                                                                                                                                 | peer0.audit.example.com:9448       | 135   |
|--------------------------------------------------|-------------------------------------------------------------------------------------------------------------------------------------------------------------------------------------------------------------------------------------------------------------------------------------------------|------------------------------------|-------|
|                                                  |                                                                                                                                                                                                                                                                                                 | peer0.court.example.com:9447       | 134   |
|--------------------------------------------------|-------------------------------------------------------------------------------------------------------------------------------------------------------------------------------------------------------------------------------------------------------------------------------------------------|------------------------------------|-------|
|                                                  |                                                                                                                                                                                                                                                                                                 | peer0.forensics.example.com:9445   | 135   |
|--------------------------------------------------|-------------------------------------------------------------------------------------------------------------------------------------------------------------------------------------------------------------------------------------------------------------------------------------------------|------------------------------------|-------|
|                                                  |                                                                                                                                                                                                                                                                                                 | peer0.police.example.com:9444      | 147   |
|--------------------------------------------------|-------------------------------------------------------------------------------------------------------------------------------------------------------------------------------------------------------------------------------------------------------------------------------------------------|------------------------------------|-------|
|                                                  |                                                                                                                                                                                                                                                                                                 | peer0.prosecution.example.com:9446 | 133   |
|--------------------------------------------------|-------------------------------------------------------------------------------------------------------------------------------------------------------------------------------------------------------------------------------------------------------------------------------------------------|------------------------------------|-------|
| Process CPU rate (percent, max)                  | rate(process_cpu_seconds_total{job=~"fabric-.*"}[1m])                                                                                                                                                                                                                                           | orderer.example.com:9443           | 0.200 |
|--------------------------------------------------|-------------------------------------------------------------------------------------------------------------------------------------------------------------------------------------------------------------------------------------------------------------------------------------------------|------------------------------------|-------|
|                                                  |                                                                                                                                                                                                                                                                                                 | peer0.audit.example.com:9448       | 2.42  |
|--------------------------------------------------|-------------------------------------------------------------------------------------------------------------------------------------------------------------------------------------------------------------------------------------------------------------------------------------------------|------------------------------------|-------|
|                                                  |                                                                                                                                                                                                                                                                                                 | peer0.court.example.com:9447       | 2.40  |
|--------------------------------------------------|-------------------------------------------------------------------------------------------------------------------------------------------------------------------------------------------------------------------------------------------------------------------------------------------------|------------------------------------|-------|
|                                                  |                                                                                                                                                                                                                                                                                                 | peer0.forensics.example.com:9445   | 2.51  |
|--------------------------------------------------|-------------------------------------------------------------------------------------------------------------------------------------------------------------------------------------------------------------------------------------------------------------------------------------------------|------------------------------------|-------|
|                                                  |                                                                                                                                                                                                                                                                                                 | peer0.police.example.com:9444      | 2.71  |
|--------------------------------------------------|-------------------------------------------------------------------------------------------------------------------------------------------------------------------------------------------------------------------------------------------------------------------------------------------------|------------------------------------|-------|
|                                                  |                                                                                                                                                                                                                                                                                                 | peer0.prosecution.example.com:9446 | 2.35  |
|--------------------------------------------------|-------------------------------------------------------------------------------------------------------------------------------------------------------------------------------------------------------------------------------------------------------------------------------------------------|------------------------------------|-------|
| Crimerecords endorsement duration (seconds, avg) | sum by (instance) (rate(endorser_proposal_duration_sum{job=~"fabric-.*",channel="crimechannel",chaincode="crimerecords",success="true"}[1m])) / sum by (instance) (rate(endorser_proposal_duration_count{job=~"fabric-.*",channel="crimechannel",chaincode="crimerecords",success="true"}[1m])) | peer0.audit.example.com:9448       | NaN   |
|--------------------------------------------------|-------------------------------------------------------------------------------------------------------------------------------------------------------------------------------------------------------------------------------------------------------------------------------------------------|------------------------------------|-------|
|                                                  |                                                                                                                                                                                                                                                                                                 | peer0.court.example.com:9447       | NaN   |
|--------------------------------------------------|-------------------------------------------------------------------------------------------------------------------------------------------------------------------------------------------------------------------------------------------------------------------------------------------------|------------------------------------|-------|
|                                                  |                                                                                                                                                                                                                                                                                                 | peer0.forensics.example.com:9445   | NaN   |
|--------------------------------------------------|-------------------------------------------------------------------------------------------------------------------------------------------------------------------------------------------------------------------------------------------------------------------------------------------------|------------------------------------|-------|
|                                                  |                                                                                                                                                                                                                                                                                                 | peer0.police.example.com:9444      | 0.724 |
|--------------------------------------------------|-------------------------------------------------------------------------------------------------------------------------------------------------------------------------------------------------------------------------------------------------------------------------------------------------|------------------------------------|-------|
|                                                  |                                                                                                                                                                                                                                                                                                 | peer0.prosecution.example.com:9446 | NaN   |
|--------------------------------------------------|-------------------------------------------------------------------------------------------------------------------------------------------------------------------------------------------------------------------------------------------------------------------------------------------------|------------------------------------|-------|
| Ledger height (blocks, max)                      | ledger_blockchain_height{job=~"fabric-.*",channel="crimechannel"}                                                                                                                                                                                                                               | orderer.example.com:9443           | 583   |
|--------------------------------------------------|-------------------------------------------------------------------------------------------------------------------------------------------------------------------------------------------------------------------------------------------------------------------------------------------------|------------------------------------|-------|
|                                                  |                                                                                                                                                                                                                                                                                                 | peer0.audit.example.com:9448       | 583   |
|--------------------------------------------------|-------------------------------------------------------------------------------------------------------------------------------------------------------------------------------------------------------------------------------------------------------------------------------------------------|------------------------------------|-------|
|                                                  |                                                                                                                                                                                                                                                                                                 | peer0.court.example.com:9447       | 583   |
|--------------------------------------------------|-------------------------------------------------------------------------------------------------------------------------------------------------------------------------------------------------------------------------------------------------------------------------------------------------|------------------------------------|-------|
|                                                  |                                                                                                                                                                                                                                                                                                 | peer0.forensics.example.com:9445   | 583   |
|--------------------------------------------------|-------------------------------------------------------------------------------------------------------------------------------------------------------------------------------------------------------------------------------------------------------------------------------------------------|------------------------------------|-------|
|                                                  |                                                                                                                                                                                                                                                                                                 | peer0.police.example.com:9444      | 583   |
|--------------------------------------------------|-------------------------------------------------------------------------------------------------------------------------------------------------------------------------------------------------------------------------------------------------------------------------------------------------|------------------------------------|-------|
|                                                  |                                                                                                                                                                                                                                                                                                 | peer0.prosecution.example.com:9446 | 583   |
+--------------------------------------------------+-------------------------------------------------------------------------------------------------------------------------------------------------------------------------------------------------------------------------------------------------------------------------------------------------+------------------------------------+-------+

2026.08.24-15:48:17.332[32m info [39m [caliper] [round-orchestrator] 	Finished round 2 (query-count-1) in 46.812 seconds
2026.08.24-15:48:17.332[32m info [39m [caliper] [monitor.js] 	Stopping all monitors
2026.08.24-15:48:17.332[32m info [39m [caliper] [round-orchestrator] 	Waiting 5 seconds for the next round...
2026.08.24-15:48:22.331[32m info [39m [caliper] [round-orchestrator] 	Started round 3 (query-count-2)
2026.08.24-15:48:22.332[32m info [39m [caliper] [worker-message-handler] 	Preparing Worker#0 for Round#2
2026.08.24-15:48:22.332[32m info [39m [caliper] [worker-message-handler] 	Preparing Worker#1 for Round#2
2026.08.24-15:48:22.337[32m info [39m [caliper] [connectors/peer-gateway/PeerGateway] 	Generating contract map for user io.krishnan
2026.08.24-15:48:22.337[32m info [39m [caliper] [connectors/peer-gateway/PeerGateway] 	Generating contract map for user io.krishnan
2026.08.24-15:48:22.337[32m info [39m [caliper] [connectors/peer-gateway/PeerGateway] 	Generating contract map for user insp.rathore
2026.08.24-15:48:22.337[32m info [39m [caliper] [connectors/peer-gateway/PeerGateway] 	Generating contract map for user insp.rathore
2026.08.24-15:48:22.337[32m info [39m [caliper] [connectors/peer-gateway/PeerGateway] 	Generating contract map for user insp.singh
2026.08.24-15:48:22.337[32m info [39m [caliper] [connectors/peer-gateway/PeerGateway] 	Generating contract map for user insp.singh
2026.08.24-15:48:22.337[32m info [39m [caliper] [connectors/peer-gateway/PeerGateway] 	Generating contract map for user const.verma
2026.08.24-15:48:22.337[32m info [39m [caliper] [connectors/peer-gateway/PeerGateway] 	Generating contract map for user const.verma
2026.08.24-15:48:22.338[32m info [39m [caliper] [connectors/peer-gateway/PeerGateway] 	Generating contract map for user insp.sharma
2026.08.24-15:48:22.338[32m info [39m [caliper] [connectors/peer-gateway/PeerGateway] 	Generating contract map for user insp.sharma
2026.08.24-15:48:22.341[32m info [39m [caliper] [connectors/peer-gateway/PeerGateway] 	Generating contract map for user _AuditMSP_aud.qureshi
2026.08.24-15:48:22.341[32m info [39m [caliper] [connectors/peer-gateway/PeerGateway] 	Generating contract map for user _AuditMSP_aud.qureshi
2026.08.24-15:48:22.341[32m info [39m [caliper] [caliper-worker] 	Info: worker 0 prepare test phase for round 2 is starting...
2026.08.24-15:48:22.341[32m info [39m [caliper] [caliper-worker] 	Info: worker 1 prepare test phase for round 2 is starting...
2026.08.24-15:48:22.342[32m info [39m [caliper] [connectors/peer-gateway/PeerGateway] 	disconnecting gateway for user io.krishnan
2026.08.24-15:48:22.342[32m info [39m [caliper] [connectors/peer-gateway/PeerGateway] 	disconnecting gateway for user io.krishnan
2026.08.24-15:48:22.342[32m info [39m [caliper] [connectors/peer-gateway/PeerGateway] 	disconnecting gateway for user insp.rathore
2026.08.24-15:48:22.342[32m info [39m [caliper] [connectors/peer-gateway/PeerGateway] 	disconnecting gateway for user insp.rathore
2026.08.24-15:48:22.342[32m info [39m [caliper] [connectors/peer-gateway/PeerGateway] 	disconnecting gateway for user insp.singh
2026.08.24-15:48:22.342[32m info [39m [caliper] [connectors/peer-gateway/PeerGateway] 	disconnecting gateway for user insp.singh
2026.08.24-15:48:22.342[32m info [39m [caliper] [connectors/peer-gateway/PeerGateway] 	disconnecting gateway for user const.verma
2026.08.24-15:48:22.342[32m info [39m [caliper] [connectors/peer-gateway/PeerGateway] 	disconnecting gateway for user const.verma
2026.08.24-15:48:22.342[32m info [39m [caliper] [connectors/peer-gateway/PeerGateway] 	disconnecting gateway for user insp.sharma
2026.08.24-15:48:22.342[32m info [39m [caliper] [connectors/peer-gateway/PeerGateway] 	disconnecting gateway for user insp.sharma
2026.08.24-15:48:22.342[32m info [39m [caliper] [connectors/peer-gateway/PeerGateway] 	disconnecting gateway for user _AuditMSP_aud.qureshi
2026.08.24-15:48:22.342[32m info [39m [caliper] [connectors/peer-gateway/PeerGateway] 	disconnecting gateway for user _AuditMSP_aud.qureshi
2026.08.24-15:48:22.342[32m info [39m [caliper] [connectors/peer-gateway/PeerGateway] 	disconnecting gRpc client at peer PoliceMSP_localhost:7051
2026.08.24-15:48:22.342[32m info [39m [caliper] [connectors/peer-gateway/PeerGateway] 	disconnecting gRpc client at peer PoliceMSP_localhost:7051
2026.08.24-15:48:22.343[32m info [39m [caliper] [connectors/peer-gateway/PeerGateway] 	disconnecting gRpc client at peer AuditMSP_localhost:11051
2026.08.24-15:48:22.343[32m info [39m [caliper] [caliper-worker] 	Info: worker 0 prepare test phase for round 2 is completed
2026.08.24-15:48:22.343[32m info [39m [caliper] [worker-message-handler] 	Worker#0 prepared for Round#2
2026.08.24-15:48:22.343[32m info [39m [caliper] [connectors/peer-gateway/PeerGateway] 	disconnecting gRpc client at peer AuditMSP_localhost:11051
2026.08.24-15:48:22.343[32m info [39m [caliper] [caliper-worker] 	Info: worker 1 prepare test phase for round 2 is completed
2026.08.24-15:48:22.343[32m info [39m [caliper] [worker-message-handler] 	Worker#1 prepared for Round#2
2026.08.24-15:48:22.343[32m info [39m [caliper] [worker-orchestrator] 	2 workers prepared, progressing to test phase.
2026.08.24-15:48:22.343[32m info [39m [caliper] [round-orchestrator] 	Monitors successfully started
2026.08.24-15:48:22.344[32m info [39m [caliper] [worker-message-handler] 	Worker#1 is starting Round#2
2026.08.24-15:48:22.344[32m info [39m [caliper] [worker-message-handler] 	Worker#0 is starting Round#2
2026.08.24-15:48:22.346[32m info [39m [caliper] [connectors/peer-gateway/PeerGateway] 	Generating contract map for user io.krishnan
2026.08.24-15:48:22.346[32m info [39m [caliper] [connectors/peer-gateway/PeerGateway] 	Generating contract map for user io.krishnan
2026.08.24-15:48:22.346[32m info [39m [caliper] [connectors/peer-gateway/PeerGateway] 	Generating contract map for user insp.rathore
2026.08.24-15:48:22.346[32m info [39m [caliper] [connectors/peer-gateway/PeerGateway] 	Generating contract map for user insp.rathore
2026.08.24-15:48:22.346[32m info [39m [caliper] [connectors/peer-gateway/PeerGateway] 	Generating contract map for user insp.singh
2026.08.24-15:48:22.346[32m info [39m [caliper] [connectors/peer-gateway/PeerGateway] 	Generating contract map for user insp.singh
2026.08.24-15:48:22.346[32m info [39m [caliper] [connectors/peer-gateway/PeerGateway] 	Generating contract map for user const.verma
2026.08.24-15:48:22.346[32m info [39m [caliper] [connectors/peer-gateway/PeerGateway] 	Generating contract map for user const.verma
2026.08.24-15:48:22.346[32m info [39m [caliper] [connectors/peer-gateway/PeerGateway] 	Generating contract map for user insp.sharma
2026.08.24-15:48:22.346[32m info [39m [caliper] [connectors/peer-gateway/PeerGateway] 	Generating contract map for user insp.sharma
2026.08.24-15:48:22.348[32m info [39m [caliper] [connectors/peer-gateway/PeerGateway] 	Generating contract map for user _AuditMSP_aud.qureshi
2026.08.24-15:48:22.348[32m info [39m [caliper] [connectors/peer-gateway/PeerGateway] 	Generating contract map for user _AuditMSP_aud.qureshi
2026.08.24-15:48:22.348[32m info [39m [caliper] [caliper-worker] 	Worker #1 starting workload loop
2026.08.24-15:48:22.348[32m info [39m [caliper] [caliper-worker] 	Worker #0 starting workload loop
CALIPER_TX_LATENCY {"workerIndex":0,"roundIndex":2,"roundLabel":"query-count-2","transactionId":"21513391c6017512cbe3cb55b7dda459870e27bc6b33fb02a1271afa80bf29b5","status":"success","startEpochMs":1787566702350,"endEpochMs":1787566703068,"latencyMs":718}
CALIPER_TX_LATENCY {"workerIndex":1,"roundIndex":2,"roundLabel":"query-count-2","transactionId":"c706ec39e4545ab4beb1b631974129924ee8b742fb46121ea8c97cec6aa04289","status":"success","startEpochMs":1787566702350,"endEpochMs":1787566703069,"latencyMs":719}
CALIPER_TX_LATENCY {"workerIndex":0,"roundIndex":2,"roundLabel":"query-count-2","transactionId":"798ba0df3b691dc80f3ec3b4a69e0285a65d9111dfe346c9b9281cae90ca2657","status":"success","startEpochMs":1787566704351,"endEpochMs":1787566705088,"latencyMs":737}
CALIPER_TX_LATENCY {"workerIndex":1,"roundIndex":2,"roundLabel":"query-count-2","transactionId":"f8d258e51204c72edeb5602a255c104972b7f62fde1b4a628883e35a60b07450","status":"success","startEpochMs":1787566704351,"endEpochMs":1787566705088,"latencyMs":737}
CALIPER_TX_LATENCY {"workerIndex":0,"roundIndex":2,"roundLabel":"query-count-2","transactionId":"1d27b45f94c15739c1d634e80ad53ae268491c3e072d08304048aa887e519309","status":"success","startEpochMs":1787566706350,"endEpochMs":1787566707084,"latencyMs":734}
CALIPER_TX_LATENCY {"workerIndex":1,"roundIndex":2,"roundLabel":"query-count-2","transactionId":"929d4746ed79fb05bf3cea233da96b1ce3674012bfaa4e8feeee48873b6db88f","status":"success","startEpochMs":1787566706349,"endEpochMs":1787566707084,"latencyMs":735}
2026.08.24-15:48:27.344[32m info [39m [caliper] [default-observer] 	[query-count-2 Round 2 Transaction Info] - Submitted: 6 Succ: 4 Fail:0 Unfinished:2
CALIPER_TX_LATENCY {"workerIndex":0,"roundIndex":2,"roundLabel":"query-count-2","transactionId":"c2abb92e602ea1b8605c2c15a67db6d090a49b851b6a4c9ac17ffc6ae3321cc0","status":"success","startEpochMs":1787566708350,"endEpochMs":1787566709096,"latencyMs":746}
CALIPER_TX_LATENCY {"workerIndex":1,"roundIndex":2,"roundLabel":"query-count-2","transactionId":"a64651e3d8b647f67ae60a2474b17ec0956b48c4e883694e8b6cd8561d6e76f0","status":"success","startEpochMs":1787566708350,"endEpochMs":1787566709096,"latencyMs":746}
CALIPER_TX_LATENCY {"workerIndex":1,"roundIndex":2,"roundLabel":"query-count-2","transactionId":"1a1b59379c41f88c88e56a050af501bf36e405f23147e7dcbb72245e23eb04ea","status":"success","startEpochMs":1787566710349,"endEpochMs":1787566711079,"latencyMs":730}
CALIPER_TX_LATENCY {"workerIndex":0,"roundIndex":2,"roundLabel":"query-count-2","transactionId":"be0be0e85f6dfabaa8644a6369b409e53b8f6cff357c3a43a9a89de39b96ffe8","status":"success","startEpochMs":1787566710349,"endEpochMs":1787566711080,"latencyMs":731}
2026.08.24-15:48:32.346[32m info [39m [caliper] [default-observer] 	[query-count-2 Round 2 Transaction Info] - Submitted: 10 Succ: 10 Fail:0 Unfinished:0
CALIPER_TX_LATENCY {"workerIndex":0,"roundIndex":2,"roundLabel":"query-count-2","transactionId":"0a5ff5889c96ea14195c8f3ec483d44288a3dd3345a917ecd43ab8dfd985e999","status":"success","startEpochMs":1787566712350,"endEpochMs":1787566713089,"latencyMs":739}
CALIPER_TX_LATENCY {"workerIndex":1,"roundIndex":2,"roundLabel":"query-count-2","transactionId":"1d85f3347803d99d6d611c95ba7691259d741a261a3a80fe634d43a476027e0d","status":"success","startEpochMs":1787566712350,"endEpochMs":1787566713089,"latencyMs":739}
CALIPER_TX_LATENCY {"workerIndex":0,"roundIndex":2,"roundLabel":"query-count-2","transactionId":"76d7b94b1c3fbf16ed348ba76ea9ce870f6d6bb59b8d8439db761d6b48cd96c8","status":"success","startEpochMs":1787566714349,"endEpochMs":1787566715103,"latencyMs":754}
CALIPER_TX_LATENCY {"workerIndex":1,"roundIndex":2,"roundLabel":"query-count-2","transactionId":"89e43f984477dc11f99c32b99585426dc1cebbf0c7434428097cc8e78addb7fa","status":"success","startEpochMs":1787566714349,"endEpochMs":1787566715103,"latencyMs":754}
CALIPER_TX_LATENCY {"workerIndex":1,"roundIndex":2,"roundLabel":"query-count-2","transactionId":"a06775a09982a99351e14ac9a352af68f2ae2865630863f976d5b33923b3caa3","status":"success","startEpochMs":1787566716349,"endEpochMs":1787566717088,"latencyMs":739}
CALIPER_TX_LATENCY {"workerIndex":0,"roundIndex":2,"roundLabel":"query-count-2","transactionId":"ee858045a601a070df1e0ad976892eca30dc2fbc18cf1a22c9d92de6727d60e9","status":"success","startEpochMs":1787566716350,"endEpochMs":1787566717089,"latencyMs":739}
2026.08.24-15:48:37.347[32m info [39m [caliper] [default-observer] 	[query-count-2 Round 2 Transaction Info] - Submitted: 16 Succ: 14 Fail:0 Unfinished:2
CALIPER_TX_LATENCY {"workerIndex":1,"roundIndex":2,"roundLabel":"query-count-2","transactionId":"58c98979c58c0c034faa420e8609c4cb4b79876394df4c47e02454e6e6c424cc","status":"success","startEpochMs":1787566718350,"endEpochMs":1787566719088,"latencyMs":738}
CALIPER_TX_LATENCY {"workerIndex":0,"roundIndex":2,"roundLabel":"query-count-2","transactionId":"ec24cb6efff6963b47fbfb29a36095a72320acf6b93a193435eff7056a0dcc84","status":"success","startEpochMs":1787566718350,"endEpochMs":1787566719088,"latencyMs":738}
CALIPER_TX_LATENCY {"workerIndex":0,"roundIndex":2,"roundLabel":"query-count-2","transactionId":"e9a79158dc12c97761ad03562b022b94e113a49620915fb0f171bf55bcdb0683","status":"success","startEpochMs":1787566720350,"endEpochMs":1787566721102,"latencyMs":752}
CALIPER_TX_LATENCY {"workerIndex":1,"roundIndex":2,"roundLabel":"query-count-2","transactionId":"ce2851139c537a009706d4e82fb76a0f66b1ceb135a20da46c2bea9963f0109b","status":"success","startEpochMs":1787566720350,"endEpochMs":1787566721103,"latencyMs":753}
2026.08.24-15:48:42.347[32m info [39m [caliper] [default-observer] 	[query-count-2 Round 2 Transaction Info] - Submitted: 20 Succ: 20 Fail:0 Unfinished:0
CALIPER_TX_LATENCY {"workerIndex":1,"roundIndex":2,"roundLabel":"query-count-2","transactionId":"79174bb11ab224e16d278a1e0d9b88ec6382fff4e758a6b1e33e0d1825e8258b","status":"success","startEpochMs":1787566722349,"endEpochMs":1787566723079,"latencyMs":730}
CALIPER_TX_LATENCY {"workerIndex":0,"roundIndex":2,"roundLabel":"query-count-2","transactionId":"fc6124fd859e5e652caa6daf1ca26de257b3d89facf5e10d10853cb3427ca072","status":"success","startEpochMs":1787566722349,"endEpochMs":1787566723080,"latencyMs":731}
CALIPER_TX_LATENCY {"workerIndex":0,"roundIndex":2,"roundLabel":"query-count-2","transactionId":"69b9ea9e164ef671bb44516af90a01f90dcc7ad50fe0fcb7c23efabf0937afce","status":"success","startEpochMs":1787566724350,"endEpochMs":1787566725086,"latencyMs":736}
CALIPER_TX_LATENCY {"workerIndex":1,"roundIndex":2,"roundLabel":"query-count-2","transactionId":"5eefca585740cda007a423c2e8a8f1590fcea3492f5d0cf40d9a6ff025a7edfc","status":"success","startEpochMs":1787566724349,"endEpochMs":1787566725086,"latencyMs":737}
CALIPER_TX_LATENCY {"workerIndex":1,"roundIndex":2,"roundLabel":"query-count-2","transactionId":"351d173ca149321b737a0701e29fcb7f86d5feae1da29ca668196f659b3cf194","status":"success","startEpochMs":1787566726349,"endEpochMs":1787566727109,"latencyMs":760}
CALIPER_TX_LATENCY {"workerIndex":0,"roundIndex":2,"roundLabel":"query-count-2","transactionId":"824948d9d6f8d46729de294823c03e03a3acfc7cdb3793a61066add00fd4f42c","status":"success","startEpochMs":1787566726350,"endEpochMs":1787566727109,"latencyMs":759}
2026.08.24-15:48:47.349[32m info [39m [caliper] [default-observer] 	[query-count-2 Round 2 Transaction Info] - Submitted: 26 Succ: 24 Fail:0 Unfinished:2
CALIPER_TX_LATENCY {"workerIndex":1,"roundIndex":2,"roundLabel":"query-count-2","transactionId":"af666f8001d2dfef7cff77ccffbd66f25c3ae527a9961d611502fd665faacfca","status":"success","startEpochMs":1787566728348,"endEpochMs":1787566729082,"latencyMs":734}
CALIPER_TX_LATENCY {"workerIndex":0,"roundIndex":2,"roundLabel":"query-count-2","transactionId":"30a7f7ded4c79c8a4c6c2fa6534713d400885b377b41de5c0d81b60c0aaaa8c2","status":"success","startEpochMs":1787566728349,"endEpochMs":1787566729082,"latencyMs":733}
CALIPER_TX_LATENCY {"workerIndex":0,"roundIndex":2,"roundLabel":"query-count-2","transactionId":"46c120244e20c81faf55df9e2a94c2273192d2523b6362258ad9e28151a7563f","status":"success","startEpochMs":1787566730349,"endEpochMs":1787566731092,"latencyMs":743}
CALIPER_TX_LATENCY {"workerIndex":1,"roundIndex":2,"roundLabel":"query-count-2","transactionId":"34936bf599cf014db4bb7424be67d4fffffe5a17429e203fb18f5640227d469e","status":"success","startEpochMs":1787566730350,"endEpochMs":1787566731092,"latencyMs":742}
2026.08.24-15:48:52.350[32m info [39m [caliper] [default-observer] 	[query-count-2 Round 2 Transaction Info] - Submitted: 30 Succ: 30 Fail:0 Unfinished:0
CALIPER_TX_LATENCY {"workerIndex":0,"roundIndex":2,"roundLabel":"query-count-2","transactionId":"31b44ce843a3bbb52e27b502348576f3248dfd7f844fe64d0273528c2dc5165c","status":"success","startEpochMs":1787566732349,"endEpochMs":1787566733098,"latencyMs":749}
CALIPER_TX_LATENCY {"workerIndex":1,"roundIndex":2,"roundLabel":"query-count-2","transactionId":"471d3895c00b83d245b8b4be86236436498dfd8cf9ac3e8ad176c779bb8b3178","status":"success","startEpochMs":1787566732349,"endEpochMs":1787566733099,"latencyMs":750}
CALIPER_TX_LATENCY {"workerIndex":0,"roundIndex":2,"roundLabel":"query-count-2","transactionId":"6c738854fd30af9b06a4d36db00be6a386b01d3c6d3677be96b156879ebc74ac","status":"success","startEpochMs":1787566734350,"endEpochMs":1787566735093,"latencyMs":743}
CALIPER_TX_LATENCY {"workerIndex":1,"roundIndex":2,"roundLabel":"query-count-2","transactionId":"25ab94976557de71c4b197ca87285837b942e0b4546d46d21974cf8c1019a76b","status":"success","startEpochMs":1787566734350,"endEpochMs":1787566735095,"latencyMs":745}
CALIPER_TX_LATENCY {"workerIndex":0,"roundIndex":2,"roundLabel":"query-count-2","transactionId":"6ed0ab23d7f2502fa19abe3fab7786fcc0afa14d9ca7018318d9375b9dbd7c1b","status":"success","startEpochMs":1787566736349,"endEpochMs":1787566737136,"latencyMs":787}
CALIPER_TX_LATENCY {"workerIndex":1,"roundIndex":2,"roundLabel":"query-count-2","transactionId":"ed3d97941a31a3da6edcfcbd0462b4f42c09354e95098f8e1949c8c80d86b175","status":"success","startEpochMs":1787566736349,"endEpochMs":1787566737136,"latencyMs":787}
2026.08.24-15:48:57.352[32m info [39m [caliper] [default-observer] 	[query-count-2 Round 2 Transaction Info] - Submitted: 36 Succ: 34 Fail:0 Unfinished:2
CALIPER_TX_LATENCY {"workerIndex":0,"roundIndex":2,"roundLabel":"query-count-2","transactionId":"e88e18e3a331d52ca6bac4e1556d446be88a0d5b595205d3cbf8fac5c355867d","status":"success","startEpochMs":1787566738348,"endEpochMs":1787566739124,"latencyMs":776}
CALIPER_TX_LATENCY {"workerIndex":1,"roundIndex":2,"roundLabel":"query-count-2","transactionId":"f5d8136b273d4797e8f50ead96b220692d3f9bbbd379a85abc81be72e80238e5","status":"success","startEpochMs":1787566738350,"endEpochMs":1787566739124,"latencyMs":774}
CALIPER_TX_LATENCY {"workerIndex":0,"roundIndex":2,"roundLabel":"query-count-2","transactionId":"242c3dc89db2ab3a4b4d46e6c8493c8573b51e8228129fb42e638faa7e568aeb","status":"success","startEpochMs":1787566740351,"endEpochMs":1787566741126,"latencyMs":775}
CALIPER_TX_LATENCY {"workerIndex":1,"roundIndex":2,"roundLabel":"query-count-2","transactionId":"8414d0462e3c625c575fad0bcbd9f60cb6b41e30a2098b6adfe71f2a1c571840","status":"success","startEpochMs":1787566740351,"endEpochMs":1787566741126,"latencyMs":775}
2026.08.24-15:49:02.352[32m info [39m [caliper] [default-observer] 	[query-count-2 Round 2 Transaction Info] - Submitted: 40 Succ: 40 Fail:0 Unfinished:0
CALIPER_TX_LATENCY {"workerIndex":0,"roundIndex":2,"roundLabel":"query-count-2","transactionId":"ef631399f59752aeb5f83fc9898a50513bbd48b75d2922e4599ff28bac8e3e1d","status":"success","startEpochMs":1787566742349,"endEpochMs":1787566743076,"latencyMs":727}
CALIPER_TX_LATENCY {"workerIndex":1,"roundIndex":2,"roundLabel":"query-count-2","transactionId":"82603a4a623496b4e5a282750b13a07363589792218f2c4b2dc947294de0eb70","status":"success","startEpochMs":1787566742349,"endEpochMs":1787566743078,"latencyMs":729}
CALIPER_TX_LATENCY {"workerIndex":1,"roundIndex":2,"roundLabel":"query-count-2","transactionId":"dc30e268963b7b199075b9e7bbaed1ef3b1881f37d72c26a8e1e4cc54727d8ad","status":"success","startEpochMs":1787566744352,"endEpochMs":1787566745244,"latencyMs":892}
