2026.08.24-15:20:59.535[32m info [39m [caliper] [cli-launch-manager] 	Set workspace path: /Users/venkatrayudu/Workspace/XAI workspace/crime-records-network/benchmarks/caliper
2026.08.24-15:20:59.535[32m info [39m [caliper] [cli-launch-manager] 	Set benchmark configuration path: /Users/venkatrayudu/Workspace/XAI workspace/crime-records-network/experiments/runs/2026-08-24T09-50-59-422Z_caliper_latency-clients-4/caliper-executed-benchmark.yaml
2026.08.24-15:20:59.535[32m info [39m [caliper] [cli-launch-manager] 	Set network configuration path: /Users/venkatrayudu/Workspace/XAI workspace/crime-records-network/benchmarks/caliper/generated/network-config.json
2026.08.24-15:20:59.535[32m info [39m [caliper] [cli-launch-manager] 	Set SUT type: fabric
2026.08.24-15:20:59.543[32m info [39m [caliper] [benchmark-validator] 	No observer specified, will default to `none`
2026.08.24-15:20:59.544[32m info [39m [caliper] [caliper-engine] 	Starting benchmark flow
2026.08.24-15:20:59.544[32m info [39m [caliper] [caliper-engine] 	Skipping start commands due to benchmark flow conditioning
2026.08.24-15:20:59.544[32m info [39m [caliper] [caliper-engine] 	Skipping initialization phase due to benchmark flow conditioning
2026.08.24-15:20:59.544[32m info [39m [caliper] [caliper-engine] 	Skipping install smart contract phase due to benchmark flow conditioning
2026.08.24-15:20:59.586[32m info [39m [caliper] [FabricConnectorFactory] 	Initializing peer gateway connector compatible with installed fabric-gateway SDK: 1.7.1
2026.08.24-15:20:59.593[32m info [39m [caliper] [IdentityManager] 	Adding io.krishnan (admin=false) as io.krishnan for organization PoliceMSP
2026.08.24-15:20:59.594[32m info [39m [caliper] [IdentityManager] 	Adding insp.rathore (admin=false) as insp.rathore for organization PoliceMSP
2026.08.24-15:20:59.594[32m info [39m [caliper] [IdentityManager] 	Adding insp.singh (admin=false) as insp.singh for organization PoliceMSP
2026.08.24-15:20:59.594[32m info [39m [caliper] [IdentityManager] 	Adding const.verma (admin=false) as const.verma for organization PoliceMSP
2026.08.24-15:20:59.595[32m info [39m [caliper] [IdentityManager] 	Adding insp.sharma (admin=false) as insp.sharma for organization PoliceMSP
2026.08.24-15:20:59.595[32m info [39m [caliper] [IdentityManager] 	Adding aud.qureshi (admin=false) as _AuditMSP_aud.qureshi for organization AuditMSP
2026.08.24-15:20:59.596[32m info [39m [caliper] [monitor.js] 	Attempting to create resource monitor of type prometheus
2026.08.24-15:20:59.596[32m info [39m [caliper] [default-observer] 	Observer interval set to 5000 milliseconds
2026.08.24-15:20:59.597[32m info [39m [caliper] [round-orchestrator] 	Preparing worker connections
2026.08.24-15:20:59.598[32m info [39m [caliper] [worker-orchestrator] 	Launching worker 1 of 4
2026.08.24-15:20:59.599[32m info [39m [caliper] [worker-orchestrator] 	Launching worker 2 of 4
2026.08.24-15:20:59.599[32m info [39m [caliper] [worker-orchestrator] 	Launching worker 3 of 4
2026.08.24-15:20:59.600[32m info [39m [caliper] [worker-orchestrator] 	Launching worker 4 of 4
2026.08.24-15:20:59.600[32m info [39m [caliper] [worker-orchestrator] 	Messenger not configured, entering configure phase...
2026.08.24-15:20:59.600[32m info [39m [caliper] [worker-orchestrator] 	No existing workers detected, entering worker launch phase...
2026.08.24-15:20:59.600[32m info [39m [caliper] [worker-orchestrator] 	Waiting for 4 workers to be connected...
2026.08.24-15:20:59.719[32m info [39m [caliper] [cli-launch-worker] 	Set workspace path: /Users/venkatrayudu/Workspace/XAI workspace/crime-records-network/benchmarks/caliper
2026.08.24-15:20:59.719[32m info [39m [caliper] [cli-launch-worker] 	Set workspace path: /Users/venkatrayudu/Workspace/XAI workspace/crime-records-network/benchmarks/caliper
2026.08.24-15:20:59.720[32m info [39m [caliper] [cli-launch-worker] 	Set benchmark configuration path: /Users/venkatrayudu/Workspace/XAI workspace/crime-records-network/experiments/runs/2026-08-24T09-50-59-422Z_caliper_latency-clients-4/caliper-executed-benchmark.yaml
2026.08.24-15:20:59.720[32m info [39m [caliper] [cli-launch-worker] 	Set network configuration path: /Users/venkatrayudu/Workspace/XAI workspace/crime-records-network/benchmarks/caliper/generated/network-config.json
2026.08.24-15:20:59.720[32m info [39m [caliper] [cli-launch-worker] 	Set benchmark configuration path: /Users/venkatrayudu/Workspace/XAI workspace/crime-records-network/experiments/runs/2026-08-24T09-50-59-422Z_caliper_latency-clients-4/caliper-executed-benchmark.yaml
2026.08.24-15:20:59.720[32m info [39m [caliper] [cli-launch-worker] 	Set SUT type: fabric
2026.08.24-15:20:59.720[32m info [39m [caliper] [cli-launch-worker] 	Set network configuration path: /Users/venkatrayudu/Workspace/XAI workspace/crime-records-network/benchmarks/caliper/generated/network-config.json
2026.08.24-15:20:59.720[32m info [39m [caliper] [cli-launch-worker] 	Set SUT type: fabric
2026.08.24-15:20:59.720[32m info [39m [caliper] [cli-launch-worker] 	Set workspace path: /Users/venkatrayudu/Workspace/XAI workspace/crime-records-network/benchmarks/caliper
2026.08.24-15:20:59.720[32m info [39m [caliper] [cli-launch-worker] 	Set benchmark configuration path: /Users/venkatrayudu/Workspace/XAI workspace/crime-records-network/experiments/runs/2026-08-24T09-50-59-422Z_caliper_latency-clients-4/caliper-executed-benchmark.yaml
2026.08.24-15:20:59.720[32m info [39m [caliper] [cli-launch-worker] 	Set network configuration path: /Users/venkatrayudu/Workspace/XAI workspace/crime-records-network/benchmarks/caliper/generated/network-config.json
2026.08.24-15:20:59.721[32m info [39m [caliper] [cli-launch-worker] 	Set SUT type: fabric
2026.08.24-15:20:59.721[32m info [39m [caliper] [cli-launch-worker] 	Set workspace path: /Users/venkatrayudu/Workspace/XAI workspace/crime-records-network/benchmarks/caliper
2026.08.24-15:20:59.722[32m info [39m [caliper] [cli-launch-worker] 	Set benchmark configuration path: /Users/venkatrayudu/Workspace/XAI workspace/crime-records-network/experiments/runs/2026-08-24T09-50-59-422Z_caliper_latency-clients-4/caliper-executed-benchmark.yaml
2026.08.24-15:20:59.722[32m info [39m [caliper] [cli-launch-worker] 	Set network configuration path: /Users/venkatrayudu/Workspace/XAI workspace/crime-records-network/benchmarks/caliper/generated/network-config.json
2026.08.24-15:20:59.722[32m info [39m [caliper] [cli-launch-worker] 	Set SUT type: fabric
2026.08.24-15:20:59.736[32m info [39m [caliper] [worker-orchestrator] 	4 workers connected, progressing to worker assignment phase.
2026.08.24-15:20:59.736[32m info [39m [caliper] [worker-orchestrator] 	Workers currently unassigned, awaiting index assignment...
2026.08.24-15:20:59.736[32m info [39m [caliper] [worker-orchestrator] 	Waiting for 4 workers to be assigned...
2026.08.24-15:20:59.739[32m info [39m [caliper] [worker-orchestrator] 	4 workers assigned, progressing to worker initialization phase.
2026.08.24-15:20:59.739[32m info [39m [caliper] [worker-orchestrator] 	Waiting for 4 workers to be ready...
2026.08.24-15:20:59.740[32m info [39m [caliper] [worker-message-handler] 	Initializing Worker#3...
2026.08.24-15:20:59.740[32m info [39m [caliper] [worker-message-handler] 	Initializing Worker#1...
2026.08.24-15:20:59.740[32m info [39m [caliper] [worker-message-handler] 	Initializing Worker#0...
2026.08.24-15:20:59.740[32m info [39m [caliper] [worker-message-handler] 	Initializing Worker#2...
2026.08.24-15:20:59.790[32m info [39m [caliper] [FabricConnectorFactory] 	Initializing peer gateway connector compatible with installed fabric-gateway SDK: 1.7.1
2026.08.24-15:20:59.790[32m info [39m [caliper] [FabricConnectorFactory] 	Initializing peer gateway connector compatible with installed fabric-gateway SDK: 1.7.1
2026.08.24-15:20:59.790[32m info [39m [caliper] [FabricConnectorFactory] 	Initializing peer gateway connector compatible with installed fabric-gateway SDK: 1.7.1
2026.08.24-15:20:59.790[32m info [39m [caliper] [FabricConnectorFactory] 	Initializing peer gateway connector compatible with installed fabric-gateway SDK: 1.7.1
2026.08.24-15:20:59.792[32m info [39m [caliper] [IdentityManager] 	Adding io.krishnan (admin=false) as io.krishnan for organization PoliceMSP
2026.08.24-15:20:59.792[32m info [39m [caliper] [IdentityManager] 	Adding io.krishnan (admin=false) as io.krishnan for organization PoliceMSP
2026.08.24-15:20:59.792[32m info [39m [caliper] [IdentityManager] 	Adding io.krishnan (admin=false) as io.krishnan for organization PoliceMSP
2026.08.24-15:20:59.792[32m info [39m [caliper] [IdentityManager] 	Adding insp.rathore (admin=false) as insp.rathore for organization PoliceMSP
2026.08.24-15:20:59.793[32m info [39m [caliper] [IdentityManager] 	Adding insp.rathore (admin=false) as insp.rathore for organization PoliceMSP
2026.08.24-15:20:59.793[32m info [39m [caliper] [IdentityManager] 	Adding io.krishnan (admin=false) as io.krishnan for organization PoliceMSP
2026.08.24-15:20:59.793[32m info [39m [caliper] [IdentityManager] 	Adding insp.rathore (admin=false) as insp.rathore for organization PoliceMSP
2026.08.24-15:20:59.793[32m info [39m [caliper] [IdentityManager] 	Adding insp.singh (admin=false) as insp.singh for organization PoliceMSP
2026.08.24-15:20:59.793[32m info [39m [caliper] [IdentityManager] 	Adding insp.singh (admin=false) as insp.singh for organization PoliceMSP
2026.08.24-15:20:59.793[32m info [39m [caliper] [IdentityManager] 	Adding insp.rathore (admin=false) as insp.rathore for organization PoliceMSP
2026.08.24-15:20:59.793[32m info [39m [caliper] [IdentityManager] 	Adding insp.singh (admin=false) as insp.singh for organization PoliceMSP
2026.08.24-15:20:59.793[32m info [39m [caliper] [IdentityManager] 	Adding const.verma (admin=false) as const.verma for organization PoliceMSP
2026.08.24-15:20:59.793[32m info [39m [caliper] [IdentityManager] 	Adding insp.singh (admin=false) as insp.singh for organization PoliceMSP
2026.08.24-15:20:59.793[32m info [39m [caliper] [IdentityManager] 	Adding const.verma (admin=false) as const.verma for organization PoliceMSP
2026.08.24-15:20:59.794[32m info [39m [caliper] [IdentityManager] 	Adding const.verma (admin=false) as const.verma for organization PoliceMSP
2026.08.24-15:20:59.794[32m info [39m [caliper] [IdentityManager] 	Adding const.verma (admin=false) as const.verma for organization PoliceMSP
2026.08.24-15:20:59.794[32m info [39m [caliper] [IdentityManager] 	Adding insp.sharma (admin=false) as insp.sharma for organization PoliceMSP
2026.08.24-15:20:59.794[32m info [39m [caliper] [IdentityManager] 	Adding insp.sharma (admin=false) as insp.sharma for organization PoliceMSP
2026.08.24-15:20:59.794[32m info [39m [caliper] [IdentityManager] 	Adding insp.sharma (admin=false) as insp.sharma for organization PoliceMSP
2026.08.24-15:20:59.794[32m info [39m [caliper] [IdentityManager] 	Adding insp.sharma (admin=false) as insp.sharma for organization PoliceMSP
2026.08.24-15:20:59.794[32m info [39m [caliper] [IdentityManager] 	Adding aud.qureshi (admin=false) as _AuditMSP_aud.qureshi for organization AuditMSP
2026.08.24-15:20:59.794[32m info [39m [caliper] [IdentityManager] 	Adding aud.qureshi (admin=false) as _AuditMSP_aud.qureshi for organization AuditMSP
2026.08.24-15:20:59.795[32m info [39m [caliper] [IdentityManager] 	Adding aud.qureshi (admin=false) as _AuditMSP_aud.qureshi for organization AuditMSP
2026.08.24-15:20:59.795[32m info [39m [caliper] [IdentityManager] 	Adding aud.qureshi (admin=false) as _AuditMSP_aud.qureshi for organization AuditMSP
2026.08.24-15:20:59.796[32m info [39m [caliper] [worker-message-handler] 	Worker#2 initialized
2026.08.24-15:20:59.796[32m info [39m [caliper] [worker-message-handler] 	Worker#1 initialized
2026.08.24-15:20:59.797[32m info [39m [caliper] [worker-message-handler] 	Worker#0 initialized
2026.08.24-15:20:59.797[32m info [39m [caliper] [worker-message-handler] 	Worker#3 initialized
2026.08.24-15:20:59.797[32m info [39m [caliper] [worker-orchestrator] 	4 workers ready, progressing to test preparation phase.
2026.08.24-15:20:59.797[32m info [39m [caliper] [round-orchestrator] 	Started round 1 (clients-4-warmup)
2026.08.24-15:20:59.797[32m info [39m [caliper] [worker-message-handler] 	Preparing Worker#0 for Round#0
2026.08.24-15:20:59.797[32m info [39m [caliper] [worker-message-handler] 	Preparing Worker#1 for Round#0
2026.08.24-15:20:59.798[32m info [39m [caliper] [worker-message-handler] 	Preparing Worker#3 for Round#0
2026.08.24-15:20:59.798[32m info [39m [caliper] [worker-message-handler] 	Preparing Worker#2 for Round#0
2026.08.24-15:20:59.806[32m info [39m [caliper] [connectors/peer-gateway/PeerGateway] 	Generating contract map for user io.krishnan
2026.08.24-15:20:59.807[32m info [39m [caliper] [connectors/peer-gateway/PeerGateway] 	Generating contract map for user io.krishnan
2026.08.24-15:20:59.807[32m info [39m [caliper] [connectors/peer-gateway/PeerGateway] 	Generating contract map for user io.krishnan
2026.08.24-15:20:59.807[32m info [39m [caliper] [connectors/peer-gateway/PeerGateway] 	Generating contract map for user io.krishnan
2026.08.24-15:20:59.807[32m info [39m [caliper] [connectors/peer-gateway/PeerGateway] 	Generating contract map for user insp.rathore
2026.08.24-15:20:59.807[32m info [39m [caliper] [connectors/peer-gateway/PeerGateway] 	Generating contract map for user insp.rathore
2026.08.24-15:20:59.807[32m info [39m [caliper] [connectors/peer-gateway/PeerGateway] 	Generating contract map for user insp.rathore
2026.08.24-15:20:59.807[32m info [39m [caliper] [connectors/peer-gateway/PeerGateway] 	Generating contract map for user insp.rathore
2026.08.24-15:20:59.807[32m info [39m [caliper] [connectors/peer-gateway/PeerGateway] 	Generating contract map for user insp.singh
2026.08.24-15:20:59.807[32m info [39m [caliper] [connectors/peer-gateway/PeerGateway] 	Generating contract map for user insp.singh
2026.08.24-15:20:59.807[32m info [39m [caliper] [connectors/peer-gateway/PeerGateway] 	Generating contract map for user insp.singh
2026.08.24-15:20:59.807[32m info [39m [caliper] [connectors/peer-gateway/PeerGateway] 	Generating contract map for user const.verma
2026.08.24-15:20:59.807[32m info [39m [caliper] [connectors/peer-gateway/PeerGateway] 	Generating contract map for user const.verma
2026.08.24-15:20:59.807[32m info [39m [caliper] [connectors/peer-gateway/PeerGateway] 	Generating contract map for user insp.singh
2026.08.24-15:20:59.807[32m info [39m [caliper] [connectors/peer-gateway/PeerGateway] 	Generating contract map for user const.verma
2026.08.24-15:20:59.807[32m info [39m [caliper] [connectors/peer-gateway/PeerGateway] 	Generating contract map for user const.verma
2026.08.24-15:20:59.807[32m info [39m [caliper] [connectors/peer-gateway/PeerGateway] 	Generating contract map for user insp.sharma
2026.08.24-15:20:59.807[32m info [39m [caliper] [connectors/peer-gateway/PeerGateway] 	Generating contract map for user insp.sharma
2026.08.24-15:20:59.808[32m info [39m [caliper] [connectors/peer-gateway/PeerGateway] 	Generating contract map for user insp.sharma
2026.08.24-15:20:59.808[32m info [39m [caliper] [connectors/peer-gateway/PeerGateway] 	Generating contract map for user insp.sharma
2026.08.24-15:20:59.810[32m info [39m [caliper] [connectors/peer-gateway/PeerGateway] 	Generating contract map for user _AuditMSP_aud.qureshi
2026.08.24-15:20:59.810[32m info [39m [caliper] [connectors/peer-gateway/PeerGateway] 	Generating contract map for user _AuditMSP_aud.qureshi
2026.08.24-15:20:59.810[32m info [39m [caliper] [caliper-worker] 	Info: worker 1 prepare test phase for round 0 is starting...
2026.08.24-15:20:59.810[32m info [39m [caliper] [caliper-worker] 	Info: worker 0 prepare test phase for round 0 is starting...
2026.08.24-15:20:59.810[32m info [39m [caliper] [connectors/peer-gateway/PeerGateway] 	Generating contract map for user _AuditMSP_aud.qureshi
2026.08.24-15:20:59.810[32m info [39m [caliper] [caliper-worker] 	Info: worker 3 prepare test phase for round 0 is starting...
2026.08.24-15:20:59.810[32m info [39m [caliper] [connectors/peer-gateway/PeerGateway] 	Generating contract map for user _AuditMSP_aud.qureshi
2026.08.24-15:20:59.810[32m info [39m [caliper] [caliper-worker] 	Info: worker 2 prepare test phase for round 0 is starting...
2026.08.24-15:20:59.810[32m info [39m [caliper] [connectors/peer-gateway/PeerGateway] 	disconnecting gateway for user io.krishnan
2026.08.24-15:20:59.810[32m info [39m [caliper] [connectors/peer-gateway/PeerGateway] 	disconnecting gateway for user insp.rathore
2026.08.24-15:20:59.810[32m info [39m [caliper] [connectors/peer-gateway/PeerGateway] 	disconnecting gateway for user insp.singh
2026.08.24-15:20:59.810[32m info [39m [caliper] [connectors/peer-gateway/PeerGateway] 	disconnecting gateway for user const.verma
2026.08.24-15:20:59.810[32m info [39m [caliper] [connectors/peer-gateway/PeerGateway] 	disconnecting gateway for user insp.sharma
2026.08.24-15:20:59.810[32m info [39m [caliper] [connectors/peer-gateway/PeerGateway] 	disconnecting gateway for user _AuditMSP_aud.qureshi
2026.08.24-15:20:59.810[32m info [39m [caliper] [connectors/peer-gateway/PeerGateway] 	disconnecting gRpc client at peer PoliceMSP_localhost:7051
2026.08.24-15:20:59.810[32m info [39m [caliper] [connectors/peer-gateway/PeerGateway] 	disconnecting gRpc client at peer AuditMSP_localhost:11051
2026.08.24-15:20:59.811[32m info [39m [caliper] [caliper-worker] 	Info: worker 3 prepare test phase for round 0 is completed
2026.08.24-15:20:59.811[32m info [39m [caliper] [worker-message-handler] 	Worker#3 prepared for Round#0
2026.08.24-15:20:59.811[32m info [39m [caliper] [connectors/peer-gateway/PeerGateway] 	disconnecting gateway for user io.krishnan
2026.08.24-15:20:59.811[32m info [39m [caliper] [connectors/peer-gateway/PeerGateway] 	disconnecting gateway for user io.krishnan
2026.08.24-15:20:59.811[32m info [39m [caliper] [connectors/peer-gateway/PeerGateway] 	disconnecting gateway for user insp.rathore
2026.08.24-15:20:59.811[32m info [39m [caliper] [connectors/peer-gateway/PeerGateway] 	disconnecting gateway for user insp.rathore
2026.08.24-15:20:59.811[32m info [39m [caliper] [connectors/peer-gateway/PeerGateway] 	disconnecting gateway for user insp.singh
2026.08.24-15:20:59.811[32m info [39m [caliper] [connectors/peer-gateway/PeerGateway] 	disconnecting gateway for user insp.singh
2026.08.24-15:20:59.811[32m info [39m [caliper] [connectors/peer-gateway/PeerGateway] 	disconnecting gateway for user const.verma
2026.08.24-15:20:59.811[32m info [39m [caliper] [connectors/peer-gateway/PeerGateway] 	disconnecting gateway for user const.verma
2026.08.24-15:20:59.811[32m info [39m [caliper] [connectors/peer-gateway/PeerGateway] 	disconnecting gateway for user insp.sharma
2026.08.24-15:20:59.811[32m info [39m [caliper] [connectors/peer-gateway/PeerGateway] 	disconnecting gateway for user insp.sharma
2026.08.24-15:20:59.811[32m info [39m [caliper] [connectors/peer-gateway/PeerGateway] 	disconnecting gateway for user _AuditMSP_aud.qureshi
2026.08.24-15:20:59.811[32m info [39m [caliper] [connectors/peer-gateway/PeerGateway] 	disconnecting gateway for user _AuditMSP_aud.qureshi
2026.08.24-15:20:59.811[32m info [39m [caliper] [connectors/peer-gateway/PeerGateway] 	disconnecting gRpc client at peer PoliceMSP_localhost:7051
2026.08.24-15:20:59.811[32m info [39m [caliper] [connectors/peer-gateway/PeerGateway] 	disconnecting gRpc client at peer PoliceMSP_localhost:7051
2026.08.24-15:20:59.811[32m info [39m [caliper] [connectors/peer-gateway/PeerGateway] 	disconnecting gateway for user io.krishnan
2026.08.24-15:20:59.811[32m info [39m [caliper] [connectors/peer-gateway/PeerGateway] 	disconnecting gateway for user insp.rathore
2026.08.24-15:20:59.811[32m info [39m [caliper] [connectors/peer-gateway/PeerGateway] 	disconnecting gateway for user insp.singh
2026.08.24-15:20:59.811[32m info [39m [caliper] [connectors/peer-gateway/PeerGateway] 	disconnecting gateway for user const.verma
2026.08.24-15:20:59.812[32m info [39m [caliper] [connectors/peer-gateway/PeerGateway] 	disconnecting gateway for user insp.sharma
2026.08.24-15:20:59.812[32m info [39m [caliper] [connectors/peer-gateway/PeerGateway] 	disconnecting gRpc client at peer AuditMSP_localhost:11051
2026.08.24-15:20:59.812[32m info [39m [caliper] [connectors/peer-gateway/PeerGateway] 	disconnecting gateway for user _AuditMSP_aud.qureshi
2026.08.24-15:20:59.812[32m info [39m [caliper] [connectors/peer-gateway/PeerGateway] 	disconnecting gRpc client at peer AuditMSP_localhost:11051
2026.08.24-15:20:59.812[32m info [39m [caliper] [connectors/peer-gateway/PeerGateway] 	disconnecting gRpc client at peer PoliceMSP_localhost:7051
2026.08.24-15:20:59.812[32m info [39m [caliper] [caliper-worker] 	Info: worker 0 prepare test phase for round 0 is completed
2026.08.24-15:20:59.812[32m info [39m [caliper] [caliper-worker] 	Info: worker 1 prepare test phase for round 0 is completed
2026.08.24-15:20:59.812[32m info [39m [caliper] [worker-message-handler] 	Worker#0 prepared for Round#0
2026.08.24-15:20:59.812[32m info [39m [caliper] [worker-message-handler] 	Worker#1 prepared for Round#0
2026.08.24-15:20:59.812[32m info [39m [caliper] [connectors/peer-gateway/PeerGateway] 	disconnecting gRpc client at peer AuditMSP_localhost:11051
2026.08.24-15:20:59.812[32m info [39m [caliper] [caliper-worker] 	Info: worker 2 prepare test phase for round 0 is completed
2026.08.24-15:20:59.812[32m info [39m [caliper] [worker-message-handler] 	Worker#2 prepared for Round#0
2026.08.24-15:20:59.812[32m info [39m [caliper] [worker-orchestrator] 	4 workers prepared, progressing to test phase.
2026.08.24-15:20:59.812[32m info [39m [caliper] [round-orchestrator] 	Monitors successfully started
2026.08.24-15:20:59.812[32m info [39m [caliper] [worker-message-handler] 	Worker#0 is starting Round#0
2026.08.24-15:20:59.812[32m info [39m [caliper] [worker-message-handler] 	Worker#1 is starting Round#0
2026.08.24-15:20:59.812[32m info [39m [caliper] [worker-message-handler] 	Worker#3 is starting Round#0
2026.08.24-15:20:59.812[32m info [39m [caliper] [worker-message-handler] 	Worker#2 is starting Round#0
2026.08.24-15:20:59.814[32m info [39m [caliper] [connectors/peer-gateway/PeerGateway] 	Generating contract map for user io.krishnan
2026.08.24-15:20:59.814[32m info [39m [caliper] [connectors/peer-gateway/PeerGateway] 	Generating contract map for user io.krishnan
2026.08.24-15:20:59.814[32m info [39m [caliper] [connectors/peer-gateway/PeerGateway] 	Generating contract map for user io.krishnan
2026.08.24-15:20:59.814[32m info [39m [caliper] [connectors/peer-gateway/PeerGateway] 	Generating contract map for user io.krishnan
2026.08.24-15:20:59.814[32m info [39m [caliper] [connectors/peer-gateway/PeerGateway] 	Generating contract map for user insp.rathore
2026.08.24-15:20:59.814[32m info [39m [caliper] [connectors/peer-gateway/PeerGateway] 	Generating contract map for user insp.rathore
2026.08.24-15:20:59.814[32m info [39m [caliper] [connectors/peer-gateway/PeerGateway] 	Generating contract map for user insp.rathore
2026.08.24-15:20:59.814[32m info [39m [caliper] [connectors/peer-gateway/PeerGateway] 	Generating contract map for user insp.rathore
2026.08.24-15:20:59.814[32m info [39m [caliper] [connectors/peer-gateway/PeerGateway] 	Generating contract map for user insp.singh
2026.08.24-15:20:59.814[32m info [39m [caliper] [connectors/peer-gateway/PeerGateway] 	Generating contract map for user insp.singh
2026.08.24-15:20:59.814[32m info [39m [caliper] [connectors/peer-gateway/PeerGateway] 	Generating contract map for user insp.singh
2026.08.24-15:20:59.814[32m info [39m [caliper] [connectors/peer-gateway/PeerGateway] 	Generating contract map for user insp.singh
2026.08.24-15:20:59.814[32m info [39m [caliper] [connectors/peer-gateway/PeerGateway] 	Generating contract map for user const.verma
2026.08.24-15:20:59.815[32m info [39m [caliper] [connectors/peer-gateway/PeerGateway] 	Generating contract map for user const.verma
2026.08.24-15:20:59.815[32m info [39m [caliper] [connectors/peer-gateway/PeerGateway] 	Generating contract map for user const.verma
2026.08.24-15:20:59.815[32m info [39m [caliper] [connectors/peer-gateway/PeerGateway] 	Generating contract map for user insp.sharma
2026.08.24-15:20:59.815[32m info [39m [caliper] [connectors/peer-gateway/PeerGateway] 	Generating contract map for user const.verma
2026.08.24-15:20:59.815[32m info [39m [caliper] [connectors/peer-gateway/PeerGateway] 	Generating contract map for user insp.sharma
2026.08.24-15:20:59.815[32m info [39m [caliper] [connectors/peer-gateway/PeerGateway] 	Generating contract map for user insp.sharma
2026.08.24-15:20:59.815[32m info [39m [caliper] [connectors/peer-gateway/PeerGateway] 	Generating contract map for user insp.sharma
2026.08.24-15:20:59.816[32m info [39m [caliper] [connectors/peer-gateway/PeerGateway] 	Generating contract map for user _AuditMSP_aud.qureshi
2026.08.24-15:20:59.816[32m info [39m [caliper] [connectors/peer-gateway/PeerGateway] 	Generating contract map for user _AuditMSP_aud.qureshi
2026.08.24-15:20:59.816[32m info [39m [caliper] [connectors/peer-gateway/PeerGateway] 	Generating contract map for user _AuditMSP_aud.qureshi
2026.08.24-15:20:59.816[32m info [39m [caliper] [connectors/peer-gateway/PeerGateway] 	Generating contract map for user _AuditMSP_aud.qureshi
2026.08.24-15:20:59.816[32m info [39m [caliper] [caliper-worker] 	Worker #0 starting workload loop
2026.08.24-15:20:59.816[32m info [39m [caliper] [caliper-worker] 	Worker #3 starting workload loop
2026.08.24-15:20:59.816[32m info [39m [caliper] [caliper-worker] 	Worker #1 starting workload loop
2026.08.24-15:20:59.816[32m info [39m [caliper] [caliper-worker] 	Worker #2 starting workload loop
CALIPER_TX_LATENCY {"workerIndex":1,"roundIndex":0,"roundLabel":"clients-4-warmup","transactionId":"02cd972737ff9af3d6f7476be394bdc68f92fb01494bd63397872297abd69692","status":"success","startEpochMs":1787565059819,"endEpochMs":1787565059877,"latencyMs":58}
CALIPER_TX_LATENCY {"workerIndex":2,"roundIndex":0,"roundLabel":"clients-4-warmup","transactionId":"692208ed599a8252199e529e7e3418e125e9718c1783dfae41bb6c0cc80a0f70","status":"success","startEpochMs":1787565059819,"endEpochMs":1787565059877,"latencyMs":58}
CALIPER_TX_LATENCY {"workerIndex":3,"roundIndex":0,"roundLabel":"clients-4-warmup","transactionId":"e6659242db77a8614aeff0a76c9f698579e4797a2724e102d344738bc64919eb","status":"success","startEpochMs":1787565059819,"endEpochMs":1787565059879,"latencyMs":60}
CALIPER_TX_LATENCY {"workerIndex":0,"roundIndex":0,"roundLabel":"clients-4-warmup","transactionId":"5bb9df74006ce09d7a6cc281e89436d0d0ab142e27cd0e25ee026066ff6b558a","status":"success","startEpochMs":1787565059819,"endEpochMs":1787565059879,"latencyMs":60}
CALIPER_TX_LATENCY {"workerIndex":2,"roundIndex":0,"roundLabel":"clients-4-warmup","transactionId":"3fd57ed1b4991674f1ddf24f939aa2e842d24231318fbaf1e0cffc68faf4666f","status":"success","startEpochMs":1787565060818,"endEpochMs":1787565060831,"latencyMs":13}
CALIPER_TX_LATENCY {"workerIndex":3,"roundIndex":0,"roundLabel":"clients-4-warmup","transactionId":"0087b4d81d41a861b9c6e51bc4dd7d8e2b69c7058bc393af7fe9a6b5b8fda6a8","status":"success","startEpochMs":1787565060818,"endEpochMs":1787565060831,"latencyMs":13}
CALIPER_TX_LATENCY {"workerIndex":1,"roundIndex":0,"roundLabel":"clients-4-warmup","transactionId":"042213598209cca73a4e69642ee332868578675d9c298f3f4a039815d00e3b59","status":"success","startEpochMs":1787565060818,"endEpochMs":1787565060831,"latencyMs":13}
CALIPER_TX_LATENCY {"workerIndex":0,"roundIndex":0,"roundLabel":"clients-4-warmup","transactionId":"bb1d0377c384a98bf93d218d54ae6d3e1575fb1d6fc928349506cf7b29b1d673","status":"success","startEpochMs":1787565060818,"endEpochMs":1787565060831,"latencyMs":13}
CALIPER_TX_LATENCY {"workerIndex":3,"roundIndex":0,"roundLabel":"clients-4-warmup","transactionId":"ba72dce732edea3956115c5712b87f316c2ddc9b787dba5b4926e099646a473c","status":"success","startEpochMs":1787565061820,"endEpochMs":1787565061841,"latencyMs":21}
CALIPER_TX_LATENCY {"workerIndex":1,"roundIndex":0,"roundLabel":"clients-4-warmup","transactionId":"2dc0ebb9e02e31abb3fdc6c17d77955ffaf3eac1332d2d6a54fc0fc24a82707e","status":"success","startEpochMs":1787565061820,"endEpochMs":1787565061841,"latencyMs":21}
CALIPER_TX_LATENCY {"workerIndex":0,"roundIndex":0,"roundLabel":"clients-4-warmup","transactionId":"97af2e53406cfcee0ec7eaa4bac3717bd46385a979960c6a3b97ec49dbdee6b2","status":"success","startEpochMs":1787565061820,"endEpochMs":1787565061841,"latencyMs":21}
CALIPER_TX_LATENCY {"workerIndex":2,"roundIndex":0,"roundLabel":"clients-4-warmup","transactionId":"104c9206ac55454efecc998e4deec20a5cfda66030482d606751dd932857f88f","status":"success","startEpochMs":1787565061820,"endEpochMs":1787565061841,"latencyMs":21}
CALIPER_TX_LATENCY {"workerIndex":0,"roundIndex":0,"roundLabel":"clients-4-warmup","transactionId":"1c0b33a3a3e6b52a9a58753c46345f94259e58e42130e47736d0a5ef175546f5","status":"success","startEpochMs":1787565062818,"endEpochMs":1787565062839,"latencyMs":21}
CALIPER_TX_LATENCY {"workerIndex":3,"roundIndex":0,"roundLabel":"clients-4-warmup","transactionId":"557e10d66327aab026a903abb9d2b8b067e4cfeb124fe540490c8ec280b4fc5f","status":"success","startEpochMs":1787565062818,"endEpochMs":1787565062840,"latencyMs":22}
CALIPER_TX_LATENCY {"workerIndex":2,"roundIndex":0,"roundLabel":"clients-4-warmup","transactionId":"cf4ec29a4c78fe466e0465d37c0c44d6dbbc786153d54c50f2b09034b3c371d6","status":"success","startEpochMs":1787565062818,"endEpochMs":1787565062840,"latencyMs":22}
CALIPER_TX_LATENCY {"workerIndex":1,"roundIndex":0,"roundLabel":"clients-4-warmup","transactionId":"ac78f2dfcbd4e054eaf8d7b77de977b6078ff5f8d6185508edafb419c0b78d7a","status":"success","startEpochMs":1787565062818,"endEpochMs":1787565062840,"latencyMs":22}
CALIPER_TX_LATENCY {"workerIndex":3,"roundIndex":0,"roundLabel":"clients-4-warmup","transactionId":"653d72a83c34c09ec30cc99dbfb68c7fbea240d6b383cbac9fc651e126e7ee77","status":"success","startEpochMs":1787565063820,"endEpochMs":1787565063842,"latencyMs":22}
CALIPER_TX_LATENCY {"workerIndex":2,"roundIndex":0,"roundLabel":"clients-4-warmup","transactionId":"4a2f5b3b803938891df5629d1e2449762abf24b3eede1bad25c94f4110f02ef4","status":"success","startEpochMs":1787565063820,"endEpochMs":1787565063843,"latencyMs":23}
CALIPER_TX_LATENCY {"workerIndex":0,"roundIndex":0,"roundLabel":"clients-4-warmup","transactionId":"a30ac60b949374209d57acf10038426b1023ceeaae4248f6f0721ef9ef386176","status":"success","startEpochMs":1787565063820,"endEpochMs":1787565063843,"latencyMs":23}
CALIPER_TX_LATENCY {"workerIndex":1,"roundIndex":0,"roundLabel":"clients-4-warmup","transactionId":"648ff08f6b933d1b6c6f2c52465e7d1a0ca6bcd76919a559b82a8fe60a4a7e91","status":"success","startEpochMs":1787565063821,"endEpochMs":1787565063843,"latencyMs":22}
2026.08.24-15:21:04.826[32m info [39m [caliper] [default-observer] 	[clients-4-warmup Round 0 Transaction Info] - Submitted: 20 Succ: 16 Fail:0 Unfinished:4
CALIPER_TX_LATENCY {"workerIndex":2,"roundIndex":0,"roundLabel":"clients-4-warmup","transactionId":"53ed2b9909e35df740643f95b6949621fef2fe04ad1a7ee0c548975d64335834","status":"success","startEpochMs":1787565064819,"endEpochMs":1787565064838,"latencyMs":19}
CALIPER_TX_LATENCY {"workerIndex":1,"roundIndex":0,"roundLabel":"clients-4-warmup","transactionId":"01dfa6a059fdef1db22c075c123bc40661a2fdea01993563289f44c45c6e1b0e","status":"success","startEpochMs":1787565064818,"endEpochMs":1787565064838,"latencyMs":20}
CALIPER_TX_LATENCY {"workerIndex":3,"roundIndex":0,"roundLabel":"clients-4-warmup","transactionId":"cea848dc5e8ec8b8418a9f271b99921688fdb377657c43c3772b646a8810a7c5","status":"success","startEpochMs":1787565064818,"endEpochMs":1787565064839,"latencyMs":21}
CALIPER_TX_LATENCY {"workerIndex":0,"roundIndex":0,"roundLabel":"clients-4-warmup","transactionId":"2f27a85c77eaac601228f278c9d2f0c3d6540b1e520c0270d356d852576f01f1","status":"success","startEpochMs":1787565064819,"endEpochMs":1787565064839,"latencyMs":20}
CALIPER_TX_LATENCY {"workerIndex":0,"roundIndex":0,"roundLabel":"clients-4-warmup","transactionId":"96348fc52bde1a74e1f3ac868ae29b06c6b5fea773072ad1b25107bcd0d0d7d6","status":"success","startEpochMs":1787565065821,"endEpochMs":1787565065839,"latencyMs":18}
CALIPER_TX_LATENCY {"workerIndex":1,"roundIndex":0,"roundLabel":"clients-4-warmup","transactionId":"b9a6d1225a7973d090657eccd932ec4e4ab7d4e161f2f79da231659a26fc95db","status":"success","startEpochMs":1787565065822,"endEpochMs":1787565065839,"latencyMs":17}
CALIPER_TX_LATENCY {"workerIndex":3,"roundIndex":0,"roundLabel":"clients-4-warmup","transactionId":"656c4010a30d559942ef0861c87c49b54543cbea0a1651d837760e99c15dc169","status":"success","startEpochMs":1787565065821,"endEpochMs":1787565065839,"latencyMs":18}
CALIPER_TX_LATENCY {"workerIndex":2,"roundIndex":0,"roundLabel":"clients-4-warmup","transactionId":"86bff6618c4139c53663bfe655047b706d316a96e5b0494ad7e456298a2463fb","status":"success","startEpochMs":1787565065822,"endEpochMs":1787565065839,"latencyMs":17}
CALIPER_TX_LATENCY {"workerIndex":3,"roundIndex":0,"roundLabel":"clients-4-warmup","transactionId":"d9c66e947d92f4ff004b93e6aa394b7d31d1f84d3e823bdfc0df3878f7f8c85f","status":"success","startEpochMs":1787565066821,"endEpochMs":1787565066837,"latencyMs":16}
CALIPER_TX_LATENCY {"workerIndex":1,"roundIndex":0,"roundLabel":"clients-4-warmup","transactionId":"bae5cbb94e15d983c6f9313a44d28301b6ee9d55042dad2e1618a3e1d83e5edb","status":"success","startEpochMs":1787565066821,"endEpochMs":1787565066837,"latencyMs":16}
CALIPER_TX_LATENCY {"workerIndex":2,"roundIndex":0,"roundLabel":"clients-4-warmup","transactionId":"d8f8fbe3b91f9b05a9ffe68eb9ec0cb2bf6e2e5cc66aec73806c75377d2b0f7e","status":"success","startEpochMs":1787565066821,"endEpochMs":1787565066837,"latencyMs":16}
CALIPER_TX_LATENCY {"workerIndex":0,"roundIndex":0,"roundLabel":"clients-4-warmup","transactionId":"39986a9c0cd9038ebcb89a96ee8b585fe7bcab209768826f9b993854944e9cae","status":"success","startEpochMs":1787565066821,"endEpochMs":1787565066838,"latencyMs":17}
CALIPER_TX_LATENCY {"workerIndex":3,"roundIndex":0,"roundLabel":"clients-4-warmup","transactionId":"008ad78d290ce0c77f8aff4aa492dddfc1dc14555ecb87308b99a70451c8103f","status":"success","startEpochMs":1787565067819,"endEpochMs":1787565067840,"latencyMs":21}
CALIPER_TX_LATENCY {"workerIndex":0,"roundIndex":0,"roundLabel":"clients-4-warmup","transactionId":"40f73a883187cd25c3bfab0a01eeacd7d475dfd24bb8261f15a230e1046c513c","status":"success","startEpochMs":1787565067819,"endEpochMs":1787565067840,"latencyMs":21}
CALIPER_TX_LATENCY {"workerIndex":2,"roundIndex":0,"roundLabel":"clients-4-warmup","transactionId":"0e674a56a10f83425e02c20f96ebb41443253f9f3ef0cb1a5ab71b8f38b72bd5","status":"success","startEpochMs":1787565067819,"endEpochMs":1787565067840,"latencyMs":21}
CALIPER_TX_LATENCY {"workerIndex":1,"roundIndex":0,"roundLabel":"clients-4-warmup","transactionId":"ef833d70943fd93b7bcaa7791a38654830cf68ae8c90dcbb5bab0e88a1d51a3d","status":"success","startEpochMs":1787565067819,"endEpochMs":1787565067841,"latencyMs":22}
CALIPER_TX_LATENCY {"workerIndex":3,"roundIndex":0,"roundLabel":"clients-4-warmup","transactionId":"3b759dbd9a0dc71e4837c3ea6fc6cef7d12cd2a9ee03bdead64a763846a7ce48","status":"success","startEpochMs":1787565068818,"endEpochMs":1787565068839,"latencyMs":21}
CALIPER_TX_LATENCY {"workerIndex":0,"roundIndex":0,"roundLabel":"clients-4-warmup","transactionId":"b0845d606c506d2637d8897e6741c7e30580fe1446bbb0f5821a8abe9aa83635","status":"success","startEpochMs":1787565068818,"endEpochMs":1787565068839,"latencyMs":21}
CALIPER_TX_LATENCY {"workerIndex":1,"roundIndex":0,"roundLabel":"clients-4-warmup","transactionId":"bca398a30af0f54f09e7f8e428c038bab527a5a837f11e94e07bf2a9ec5f5443","status":"success","startEpochMs":1787565068818,"endEpochMs":1787565068840,"latencyMs":22}
CALIPER_TX_LATENCY {"workerIndex":2,"roundIndex":0,"roundLabel":"clients-4-warmup","transactionId":"40af36b32280ba633f85d696e933ca7187ca19d06e0a5361dd587bf3883dbcba","status":"success","startEpochMs":1787565068818,"endEpochMs":1787565068840,"latencyMs":22}
2026.08.24-15:21:09.814[32m info [39m [caliper] [default-observer] 	[clients-4-warmup Round 0 Transaction Info] - Submitted: 40 Succ: 36 Fail:0 Unfinished:4
CALIPER_TX_LATENCY {"workerIndex":0,"roundIndex":0,"roundLabel":"clients-4-warmup","transactionId":"8a33b43ab46aa59b6b7081eceb25dff239892c48947a99a1d819df0875b4ef2c","status":"success","startEpochMs":1787565069822,"endEpochMs":1787565069840,"latencyMs":18}
CALIPER_TX_LATENCY {"workerIndex":2,"roundIndex":0,"roundLabel":"clients-4-warmup","transactionId":"8859480afb69c6d6d0d62054cd9aeee504cb709c52c5fdee20bb4a42d4310015","status":"success","startEpochMs":1787565069821,"endEpochMs":1787565069840,"latencyMs":19}
CALIPER_TX_LATENCY {"workerIndex":1,"roundIndex":0,"roundLabel":"clients-4-warmup","transactionId":"10a34b416878704e41e3dff41c56f7c64599e1fe357acee4670c52ca42398b5c","status":"success","startEpochMs":1787565069820,"endEpochMs":1787565069840,"latencyMs":20}
CALIPER_TX_LATENCY {"workerIndex":3,"roundIndex":0,"roundLabel":"clients-4-warmup","transactionId":"67ec84dbb61f104f102f33287c0e5d60cc84377a088cdea1063169adac379965","status":"success","startEpochMs":1787565069821,"endEpochMs":1787565069840,"latencyMs":19}
2026.08.24-15:21:10.927[32m info [39m [caliper] [connectors/peer-gateway/PeerGateway] 	disconnecting gateway for user io.krishnan
2026.08.24-15:21:10.927[32m info [39m [caliper] [connectors/peer-gateway/PeerGateway] 	disconnecting gateway for user insp.rathore
2026.08.24-15:21:10.927[32m info [39m [caliper] [connectors/peer-gateway/PeerGateway] 	disconnecting gateway for user io.krishnan
2026.08.24-15:21:10.927[32m info [39m [caliper] [connectors/peer-gateway/PeerGateway] 	disconnecting gateway for user insp.singh
2026.08.24-15:21:10.927[32m info [39m [caliper] [connectors/peer-gateway/PeerGateway] 	disconnecting gateway for user const.verma
2026.08.24-15:21:10.927[32m info [39m [caliper] [connectors/peer-gateway/PeerGateway] 	disconnecting gateway for user insp.rathore
2026.08.24-15:21:10.927[32m info [39m [caliper] [connectors/peer-gateway/PeerGateway] 	disconnecting gateway for user insp.sharma
2026.08.24-15:21:10.927[32m info [39m [caliper] [connectors/peer-gateway/PeerGateway] 	disconnecting gateway for user insp.singh
2026.08.24-15:21:10.927[32m info [39m [caliper] [connectors/peer-gateway/PeerGateway] 	disconnecting gateway for user _AuditMSP_aud.qureshi
2026.08.24-15:21:10.927[32m info [39m [caliper] [connectors/peer-gateway/PeerGateway] 	disconnecting gateway for user const.verma
2026.08.24-15:21:10.927[32m info [39m [caliper] [connectors/peer-gateway/PeerGateway] 	disconnecting gRpc client at peer PoliceMSP_localhost:7051
2026.08.24-15:21:10.927[32m info [39m [caliper] [connectors/peer-gateway/PeerGateway] 	disconnecting gateway for user insp.sharma
2026.08.24-15:21:10.927[32m info [39m [caliper] [connectors/peer-gateway/PeerGateway] 	disconnecting gateway for user _AuditMSP_aud.qureshi
2026.08.24-15:21:10.927[32m info [39m [caliper] [connectors/peer-gateway/PeerGateway] 	disconnecting gRpc client at peer PoliceMSP_localhost:7051
2026.08.24-15:21:10.927[32m info [39m [caliper] [connectors/peer-gateway/PeerGateway] 	disconnecting gateway for user io.krishnan
2026.08.24-15:21:10.928[32m info [39m [caliper] [connectors/peer-gateway/PeerGateway] 	disconnecting gateway for user insp.rathore
2026.08.24-15:21:10.928[32m info [39m [caliper] [connectors/peer-gateway/PeerGateway] 	disconnecting gateway for user insp.singh
2026.08.24-15:21:10.928[32m info [39m [caliper] [connectors/peer-gateway/PeerGateway] 	disconnecting gateway for user const.verma
2026.08.24-15:21:10.928[32m info [39m [caliper] [connectors/peer-gateway/PeerGateway] 	disconnecting gateway for user insp.sharma
2026.08.24-15:21:10.928[32m info [39m [caliper] [connectors/peer-gateway/PeerGateway] 	disconnecting gateway for user _AuditMSP_aud.qureshi
2026.08.24-15:21:10.928[32m info [39m [caliper] [connectors/peer-gateway/PeerGateway] 	disconnecting gRpc client at peer PoliceMSP_localhost:7051
2026.08.24-15:21:10.928[32m info [39m [caliper] [connectors/peer-gateway/PeerGateway] 	disconnecting gRpc client at peer AuditMSP_localhost:11051
2026.08.24-15:21:10.928[32m info [39m [caliper] [connectors/peer-gateway/PeerGateway] 	disconnecting gateway for user io.krishnan
2026.08.24-15:21:10.928[32m info [39m [caliper] [connectors/peer-gateway/PeerGateway] 	disconnecting gRpc client at peer AuditMSP_localhost:11051
2026.08.24-15:21:10.928[32m info [39m [caliper] [worker-message-handler] 	Worker#3 finished Round#0
2026.08.24-15:21:10.928[32m info [39m [caliper] [connectors/peer-gateway/PeerGateway] 	disconnecting gateway for user insp.rathore
2026.08.24-15:21:10.928[32m info [39m [caliper] [connectors/peer-gateway/PeerGateway] 	disconnecting gateway for user insp.singh
2026.08.24-15:21:10.928[32m info [39m [caliper] [worker-message-handler] 	Worker#2 finished Round#0
2026.08.24-15:21:10.928[32m info [39m [caliper] [connectors/peer-gateway/PeerGateway] 	disconnecting gateway for user const.verma
2026.08.24-15:21:10.928[32m info [39m [caliper] [connectors/peer-gateway/PeerGateway] 	disconnecting gateway for user insp.sharma
2026.08.24-15:21:10.928[32m info [39m [caliper] [connectors/peer-gateway/PeerGateway] 	disconnecting gateway for user _AuditMSP_aud.qureshi
2026.08.24-15:21:10.928[32m info [39m [caliper] [connectors/peer-gateway/PeerGateway] 	disconnecting gRpc client at peer PoliceMSP_localhost:7051
2026.08.24-15:21:10.928[32m info [39m [caliper] [connectors/peer-gateway/PeerGateway] 	disconnecting gRpc client at peer AuditMSP_localhost:11051
2026.08.24-15:21:10.928[32m info [39m [caliper] [worker-message-handler] 	Worker#0 finished Round#0
2026.08.24-15:21:10.928[32m info [39m [caliper] [connectors/peer-gateway/PeerGateway] 	disconnecting gRpc client at peer AuditMSP_localhost:11051
2026.08.24-15:21:10.928[32m info [39m [caliper] [worker-message-handler] 	Worker#1 finished Round#0
2026.08.24-15:21:15.931[32m info [39m [caliper] [default-observer] 	Resetting txCount indicator count
2026.08.24-15:21:15.934[32m info [39m [caliper] [report-builder] 	### Test result ###
2026.08.24-15:21:15.939[32m info [39m [caliper] [report-builder] 	
+------------------+------+------+-----------------+-----------------+-----------------+-----------------+------------------+
| Name             | Succ | Fail | Send Rate (TPS) | Max Latency (s) | Min Latency (s) | Avg Latency (s) | Throughput (TPS) |
|------------------|------|------|-----------------|-----------------|-----------------|-----------------|------------------|
| clients-4-warmup | 44   | 0    | 4.4             | 0.06            | 0.01            | 0.02            | 4.4              |
+------------------+------+------+-----------------+-----------------+-----------------+-----------------+------------------+

2026.08.24-15:21:15.963[32m info [39m [caliper] [report-builder] 	### prometheus resource stats ###'
2026.08.24-15:21:15.966[32m info [39m [caliper] [report-builder] 	
+--------------------------------------------------+-------------------------------------------------------------------------------------------------------------------------------------------------------------------------------------------------------------------------------------------------------------------------------------------------+------------------------------------+---------+
| Metric                                           | Prometheus Query                                                                                                                                                                                                                                                                                | Name                               | Value   |
|--------------------------------------------------|-------------------------------------------------------------------------------------------------------------------------------------------------------------------------------------------------------------------------------------------------------------------------------------------------|------------------------------------|---------|
| Process resident memory (MiB, max)               | process_resident_memory_bytes{job=~"fabric-.*"}                                                                                                                                                                                                                                                 | orderer.example.com:9443           | 61.0    |
|--------------------------------------------------|-------------------------------------------------------------------------------------------------------------------------------------------------------------------------------------------------------------------------------------------------------------------------------------------------|------------------------------------|---------|
|                                                  |                                                                                                                                                                                                                                                                                                 | peer0.audit.example.com:9448       | 132     |
|--------------------------------------------------|-------------------------------------------------------------------------------------------------------------------------------------------------------------------------------------------------------------------------------------------------------------------------------------------------|------------------------------------|---------|
|                                                  |                                                                                                                                                                                                                                                                                                 | peer0.court.example.com:9447       | 132     |
|--------------------------------------------------|-------------------------------------------------------------------------------------------------------------------------------------------------------------------------------------------------------------------------------------------------------------------------------------------------|------------------------------------|---------|
|                                                  |                                                                                                                                                                                                                                                                                                 | peer0.forensics.example.com:9445   | 131     |
|--------------------------------------------------|-------------------------------------------------------------------------------------------------------------------------------------------------------------------------------------------------------------------------------------------------------------------------------------------------|------------------------------------|---------|
|                                                  |                                                                                                                                                                                                                                                                                                 | peer0.police.example.com:9444      | 139     |
|--------------------------------------------------|-------------------------------------------------------------------------------------------------------------------------------------------------------------------------------------------------------------------------------------------------------------------------------------------------|------------------------------------|---------|
|                                                  |                                                                                                                                                                                                                                                                                                 | peer0.prosecution.example.com:9446 | 128     |
|--------------------------------------------------|-------------------------------------------------------------------------------------------------------------------------------------------------------------------------------------------------------------------------------------------------------------------------------------------------|------------------------------------|---------|
| Process CPU rate (percent, max)                  | rate(process_cpu_seconds_total{job=~"fabric-.*"}[1m])                                                                                                                                                                                                                                           | orderer.example.com:9443           | 0.255   |
|--------------------------------------------------|-------------------------------------------------------------------------------------------------------------------------------------------------------------------------------------------------------------------------------------------------------------------------------------------------|------------------------------------|---------|
|                                                  |                                                                                                                                                                                                                                                                                                 | peer0.audit.example.com:9448       | 3.24    |
|--------------------------------------------------|-------------------------------------------------------------------------------------------------------------------------------------------------------------------------------------------------------------------------------------------------------------------------------------------------|------------------------------------|---------|
|                                                  |                                                                                                                                                                                                                                                                                                 | peer0.court.example.com:9447       | 3.35    |
|--------------------------------------------------|-------------------------------------------------------------------------------------------------------------------------------------------------------------------------------------------------------------------------------------------------------------------------------------------------|------------------------------------|---------|
|                                                  |                                                                                                                                                                                                                                                                                                 | peer0.forensics.example.com:9445   | 3.18    |
|--------------------------------------------------|-------------------------------------------------------------------------------------------------------------------------------------------------------------------------------------------------------------------------------------------------------------------------------------------------|------------------------------------|---------|
|                                                  |                                                                                                                                                                                                                                                                                                 | peer0.police.example.com:9444      | 4.05    |
|--------------------------------------------------|-------------------------------------------------------------------------------------------------------------------------------------------------------------------------------------------------------------------------------------------------------------------------------------------------|------------------------------------|---------|
|                                                  |                                                                                                                                                                                                                                                                                                 | peer0.prosecution.example.com:9446 | 3.11    |
|--------------------------------------------------|-------------------------------------------------------------------------------------------------------------------------------------------------------------------------------------------------------------------------------------------------------------------------------------------------|------------------------------------|---------|
| Crimerecords endorsement duration (seconds, avg) | sum by (instance) (rate(endorser_proposal_duration_sum{job=~"fabric-.*",channel="crimechannel",chaincode="crimerecords",success="true"}[1m])) / sum by (instance) (rate(endorser_proposal_duration_count{job=~"fabric-.*",channel="crimechannel",chaincode="crimerecords",success="true"}[1m])) | peer0.audit.example.com:9448       | NaN     |
|--------------------------------------------------|-------------------------------------------------------------------------------------------------------------------------------------------------------------------------------------------------------------------------------------------------------------------------------------------------|------------------------------------|---------|
|                                                  |                                                                                                                                                                                                                                                                                                 | peer0.court.example.com:9447       | NaN     |
|--------------------------------------------------|-------------------------------------------------------------------------------------------------------------------------------------------------------------------------------------------------------------------------------------------------------------------------------------------------|------------------------------------|---------|
|                                                  |                                                                                                                                                                                                                                                                                                 | peer0.forensics.example.com:9445   | NaN     |
|--------------------------------------------------|-------------------------------------------------------------------------------------------------------------------------------------------------------------------------------------------------------------------------------------------------------------------------------------------------|------------------------------------|---------|
|                                                  |                                                                                                                                                                                                                                                                                                 | peer0.police.example.com:9444      | 0.00789 |
|--------------------------------------------------|-------------------------------------------------------------------------------------------------------------------------------------------------------------------------------------------------------------------------------------------------------------------------------------------------|------------------------------------|---------|
|                                                  |                                                                                                                                                                                                                                                                                                 | peer0.prosecution.example.com:9446 | NaN     |
|--------------------------------------------------|-------------------------------------------------------------------------------------------------------------------------------------------------------------------------------------------------------------------------------------------------------------------------------------------------|------------------------------------|---------|
| Ledger height (blocks, max)                      | ledger_blockchain_height{job=~"fabric-.*",channel="crimechannel"}                                                                                                                                                                                                                               | orderer.example.com:9443           | 375     |
|--------------------------------------------------|-------------------------------------------------------------------------------------------------------------------------------------------------------------------------------------------------------------------------------------------------------------------------------------------------|------------------------------------|---------|
|                                                  |                                                                                                                                                                                                                                                                                                 | peer0.audit.example.com:9448       | 375     |
|--------------------------------------------------|-------------------------------------------------------------------------------------------------------------------------------------------------------------------------------------------------------------------------------------------------------------------------------------------------|------------------------------------|---------|
|                                                  |                                                                                                                                                                                                                                                                                                 | peer0.court.example.com:9447       | 375     |
|--------------------------------------------------|-------------------------------------------------------------------------------------------------------------------------------------------------------------------------------------------------------------------------------------------------------------------------------------------------|------------------------------------|---------|
|                                                  |                                                                                                                                                                                                                                                                                                 | peer0.forensics.example.com:9445   | 375     |
|--------------------------------------------------|-------------------------------------------------------------------------------------------------------------------------------------------------------------------------------------------------------------------------------------------------------------------------------------------------|------------------------------------|---------|
|                                                  |                                                                                                                                                                                                                                                                                                 | peer0.police.example.com:9444      | 375     |
|--------------------------------------------------|-------------------------------------------------------------------------------------------------------------------------------------------------------------------------------------------------------------------------------------------------------------------------------------------------|------------------------------------|---------|
|                                                  |                                                                                                                                                                                                                                                                                                 | peer0.prosecution.example.com:9446 | 375     |
+--------------------------------------------------+-------------------------------------------------------------------------------------------------------------------------------------------------------------------------------------------------------------------------------------------------------------------------------------------------+------------------------------------+---------+

2026.08.24-15:21:15.966[32m info [39m [caliper] [round-orchestrator] 	Finished round 1 (clients-4-warmup) in 10.11 seconds
2026.08.24-15:21:15.966[32m info [39m [caliper] [monitor.js] 	Stopping all monitors
2026.08.24-15:21:15.966[32m info [39m [caliper] [round-orchestrator] 	Waiting 5 seconds for the next round...
2026.08.24-15:21:20.966[32m info [39m [caliper] [round-orchestrator] 	Started round 2 (clients-4-read)
2026.08.24-15:21:20.968[32m info [39m [caliper] [worker-message-handler] 	Preparing Worker#1 for Round#1
2026.08.24-15:21:20.968[32m info [39m [caliper] [worker-message-handler] 	Preparing Worker#0 for Round#1
2026.08.24-15:21:20.969[32m info [39m [caliper] [worker-message-handler] 	Preparing Worker#2 for Round#1
2026.08.24-15:21:20.970[32m info [39m [caliper] [worker-message-handler] 	Preparing Worker#3 for Round#1
2026.08.24-15:21:20.973[32m info [39m [caliper] [connectors/peer-gateway/PeerGateway] 	Generating contract map for user io.krishnan
2026.08.24-15:21:20.973[32m info [39m [caliper] [connectors/peer-gateway/PeerGateway] 	Generating contract map for user io.krishnan
2026.08.24-15:21:20.973[32m info [39m [caliper] [connectors/peer-gateway/PeerGateway] 	Generating contract map for user io.krishnan
2026.08.24-15:21:20.973[32m info [39m [caliper] [connectors/peer-gateway/PeerGateway] 	Generating contract map for user io.krishnan
2026.08.24-15:21:20.973[32m info [39m [caliper] [connectors/peer-gateway/PeerGateway] 	Generating contract map for user insp.rathore
2026.08.24-15:21:20.973[32m info [39m [caliper] [connectors/peer-gateway/PeerGateway] 	Generating contract map for user insp.rathore
2026.08.24-15:21:20.973[32m info [39m [caliper] [connectors/peer-gateway/PeerGateway] 	Generating contract map for user insp.rathore
2026.08.24-15:21:20.973[32m info [39m [caliper] [connectors/peer-gateway/PeerGateway] 	Generating contract map for user insp.singh
2026.08.24-15:21:20.973[32m info [39m [caliper] [connectors/peer-gateway/PeerGateway] 	Generating contract map for user insp.rathore
2026.08.24-15:21:20.973[32m info [39m [caliper] [connectors/peer-gateway/PeerGateway] 	Generating contract map for user insp.singh
2026.08.24-15:21:20.974[32m info [39m [caliper] [connectors/peer-gateway/PeerGateway] 	Generating contract map for user const.verma
2026.08.24-15:21:20.974[32m info [39m [caliper] [connectors/peer-gateway/PeerGateway] 	Generating contract map for user insp.singh
2026.08.24-15:21:20.974[32m info [39m [caliper] [connectors/peer-gateway/PeerGateway] 	Generating contract map for user insp.singh
2026.08.24-15:21:20.974[32m info [39m [caliper] [connectors/peer-gateway/PeerGateway] 	Generating contract map for user const.verma
2026.08.24-15:21:20.974[32m info [39m [caliper] [connectors/peer-gateway/PeerGateway] 	Generating contract map for user const.verma
2026.08.24-15:21:20.974[32m info [39m [caliper] [connectors/peer-gateway/PeerGateway] 	Generating contract map for user const.verma
2026.08.24-15:21:20.974[32m info [39m [caliper] [connectors/peer-gateway/PeerGateway] 	Generating contract map for user insp.sharma
2026.08.24-15:21:20.974[32m info [39m [caliper] [connectors/peer-gateway/PeerGateway] 	Generating contract map for user insp.sharma
2026.08.24-15:21:20.974[32m info [39m [caliper] [connectors/peer-gateway/PeerGateway] 	Generating contract map for user insp.sharma
2026.08.24-15:21:20.974[32m info [39m [caliper] [connectors/peer-gateway/PeerGateway] 	Generating contract map for user insp.sharma
2026.08.24-15:21:20.976[32m info [39m [caliper] [connectors/peer-gateway/PeerGateway] 	Generating contract map for user _AuditMSP_aud.qureshi
2026.08.24-15:21:20.976[32m info [39m [caliper] [connectors/peer-gateway/PeerGateway] 	Generating contract map for user _AuditMSP_aud.qureshi
2026.08.24-15:21:20.976[32m info [39m [caliper] [connectors/peer-gateway/PeerGateway] 	Generating contract map for user _AuditMSP_aud.qureshi
2026.08.24-15:21:20.976[32m info [39m [caliper] [connectors/peer-gateway/PeerGateway] 	Generating contract map for user _AuditMSP_aud.qureshi
2026.08.24-15:21:20.977[32m info [39m [caliper] [caliper-worker] 	Info: worker 1 prepare test phase for round 1 is starting...
2026.08.24-15:21:20.977[32m info [39m [caliper] [caliper-worker] 	Info: worker 0 prepare test phase for round 1 is starting...
2026.08.24-15:21:20.977[32m info [39m [caliper] [caliper-worker] 	Info: worker 2 prepare test phase for round 1 is starting...
2026.08.24-15:21:20.977[32m info [39m [caliper] [caliper-worker] 	Info: worker 3 prepare test phase for round 1 is starting...
2026.08.24-15:21:20.978[32m info [39m [caliper] [connectors/peer-gateway/PeerGateway] 	disconnecting gateway for user io.krishnan
2026.08.24-15:21:20.978[32m info [39m [caliper] [connectors/peer-gateway/PeerGateway] 	disconnecting gateway for user io.krishnan
2026.08.24-15:21:20.978[32m info [39m [caliper] [connectors/peer-gateway/PeerGateway] 	disconnecting gateway for user insp.rathore
2026.08.24-15:21:20.978[32m info [39m [caliper] [connectors/peer-gateway/PeerGateway] 	disconnecting gateway for user insp.rathore
2026.08.24-15:21:20.978[32m info [39m [caliper] [connectors/peer-gateway/PeerGateway] 	disconnecting gateway for user io.krishnan
2026.08.24-15:21:20.978[32m info [39m [caliper] [connectors/peer-gateway/PeerGateway] 	disconnecting gateway for user insp.singh
2026.08.24-15:21:20.978[32m info [39m [caliper] [connectors/peer-gateway/PeerGateway] 	disconnecting gateway for user insp.singh
2026.08.24-15:21:20.978[32m info [39m [caliper] [connectors/peer-gateway/PeerGateway] 	disconnecting gateway for user const.verma
2026.08.24-15:21:20.978[32m info [39m [caliper] [connectors/peer-gateway/PeerGateway] 	disconnecting gateway for user const.verma
2026.08.24-15:21:20.978[32m info [39m [caliper] [connectors/peer-gateway/PeerGateway] 	disconnecting gateway for user insp.sharma
2026.08.24-15:21:20.978[32m info [39m [caliper] [connectors/peer-gateway/PeerGateway] 	disconnecting gateway for user insp.rathore
2026.08.24-15:21:20.978[32m info [39m [caliper] [connectors/peer-gateway/PeerGateway] 	disconnecting gateway for user io.krishnan
2026.08.24-15:21:20.978[32m info [39m [caliper] [connectors/peer-gateway/PeerGateway] 	disconnecting gateway for user _AuditMSP_aud.qureshi
2026.08.24-15:21:20.978[32m info [39m [caliper] [connectors/peer-gateway/PeerGateway] 	disconnecting gateway for user insp.sharma
2026.08.24-15:21:20.978[32m info [39m [caliper] [connectors/peer-gateway/PeerGateway] 	disconnecting gateway for user insp.singh
2026.08.24-15:21:20.978[32m info [39m [caliper] [connectors/peer-gateway/PeerGateway] 	disconnecting gRpc client at peer PoliceMSP_localhost:7051
2026.08.24-15:21:20.978[32m info [39m [caliper] [connectors/peer-gateway/PeerGateway] 	disconnecting gateway for user _AuditMSP_aud.qureshi
2026.08.24-15:21:20.978[32m info [39m [caliper] [connectors/peer-gateway/PeerGateway] 	disconnecting gateway for user const.verma
2026.08.24-15:21:20.978[32m info [39m [caliper] [connectors/peer-gateway/PeerGateway] 	disconnecting gRpc client at peer PoliceMSP_localhost:7051
2026.08.24-15:21:20.978[32m info [39m [caliper] [connectors/peer-gateway/PeerGateway] 	disconnecting gateway for user insp.rathore
2026.08.24-15:21:20.978[32m info [39m [caliper] [connectors/peer-gateway/PeerGateway] 	disconnecting gateway for user insp.sharma
2026.08.24-15:21:20.978[32m info [39m [caliper] [connectors/peer-gateway/PeerGateway] 	disconnecting gateway for user _AuditMSP_aud.qureshi
2026.08.24-15:21:20.978[32m info [39m [caliper] [connectors/peer-gateway/PeerGateway] 	disconnecting gateway for user insp.singh
2026.08.24-15:21:20.978[32m info [39m [caliper] [connectors/peer-gateway/PeerGateway] 	disconnecting gRpc client at peer AuditMSP_localhost:11051
2026.08.24-15:21:20.978[32m info [39m [caliper] [connectors/peer-gateway/PeerGateway] 	disconnecting gRpc client at peer PoliceMSP_localhost:7051
2026.08.24-15:21:20.978[32m info [39m [caliper] [connectors/peer-gateway/PeerGateway] 	disconnecting gateway for user const.verma
2026.08.24-15:21:20.978[32m info [39m [caliper] [connectors/peer-gateway/PeerGateway] 	disconnecting gRpc client at peer AuditMSP_localhost:11051
2026.08.24-15:21:20.978[32m info [39m [caliper] [connectors/peer-gateway/PeerGateway] 	disconnecting gateway for user insp.sharma
2026.08.24-15:21:20.978[32m info [39m [caliper] [connectors/peer-gateway/PeerGateway] 	disconnecting gateway for user _AuditMSP_aud.qureshi
2026.08.24-15:21:20.978[32m info [39m [caliper] [connectors/peer-gateway/PeerGateway] 	disconnecting gRpc client at peer AuditMSP_localhost:11051
2026.08.24-15:21:20.978[32m info [39m [caliper] [connectors/peer-gateway/PeerGateway] 	disconnecting gRpc client at peer PoliceMSP_localhost:7051
2026.08.24-15:21:20.978[32m info [39m [caliper] [connectors/peer-gateway/PeerGateway] 	disconnecting gRpc client at peer AuditMSP_localhost:11051
2026.08.24-15:21:20.978[32m info [39m [caliper] [caliper-worker] 	Info: worker 3 prepare test phase for round 1 is completed
2026.08.24-15:21:20.978[32m info [39m [caliper] [caliper-worker] 	Info: worker 0 prepare test phase for round 1 is completed
2026.08.24-15:21:20.978[32m info [39m [caliper] [worker-message-handler] 	Worker#3 prepared for Round#1
2026.08.24-15:21:20.978[32m info [39m [caliper] [worker-message-handler] 	Worker#0 prepared for Round#1
2026.08.24-15:21:20.978[32m info [39m [caliper] [caliper-worker] 	Info: worker 2 prepare test phase for round 1 is completed
2026.08.24-15:21:20.978[32m info [39m [caliper] [worker-message-handler] 	Worker#2 prepared for Round#1
2026.08.24-15:21:20.979[32m info [39m [caliper] [caliper-worker] 	Info: worker 1 prepare test phase for round 1 is completed
2026.08.24-15:21:20.979[32m info [39m [caliper] [worker-message-handler] 	Worker#1 prepared for Round#1
2026.08.24-15:21:20.979[32m info [39m [caliper] [worker-orchestrator] 	4 workers prepared, progressing to test phase.
2026.08.24-15:21:20.979[32m info [39m [caliper] [round-orchestrator] 	Monitors successfully started
2026.08.24-15:21:20.980[32m info [39m [caliper] [worker-message-handler] 	Worker#0 is starting Round#1
2026.08.24-15:21:20.980[32m info [39m [caliper] [worker-message-handler] 	Worker#1 is starting Round#1
2026.08.24-15:21:20.980[32m info [39m [caliper] [worker-message-handler] 	Worker#2 is starting Round#1
2026.08.24-15:21:20.980[32m info [39m [caliper] [worker-message-handler] 	Worker#3 is starting Round#1
2026.08.24-15:21:20.982[32m info [39m [caliper] [connectors/peer-gateway/PeerGateway] 	Generating contract map for user io.krishnan
2026.08.24-15:21:20.982[32m info [39m [caliper] [connectors/peer-gateway/PeerGateway] 	Generating contract map for user io.krishnan
2026.08.24-15:21:20.982[32m info [39m [caliper] [connectors/peer-gateway/PeerGateway] 	Generating contract map for user io.krishnan
2026.08.24-15:21:20.982[32m info [39m [caliper] [connectors/peer-gateway/PeerGateway] 	Generating contract map for user insp.rathore
2026.08.24-15:21:20.982[32m info [39m [caliper] [connectors/peer-gateway/PeerGateway] 	Generating contract map for user io.krishnan
2026.08.24-15:21:20.982[32m info [39m [caliper] [connectors/peer-gateway/PeerGateway] 	Generating contract map for user insp.rathore
2026.08.24-15:21:20.982[32m info [39m [caliper] [connectors/peer-gateway/PeerGateway] 	Generating contract map for user insp.rathore
2026.08.24-15:21:20.982[32m info [39m [caliper] [connectors/peer-gateway/PeerGateway] 	Generating contract map for user insp.rathore
2026.08.24-15:21:20.982[32m info [39m [caliper] [connectors/peer-gateway/PeerGateway] 	Generating contract map for user insp.singh
2026.08.24-15:21:20.983[32m info [39m [caliper] [connectors/peer-gateway/PeerGateway] 	Generating contract map for user insp.singh
2026.08.24-15:21:20.983[32m info [39m [caliper] [connectors/peer-gateway/PeerGateway] 	Generating contract map for user insp.singh
2026.08.24-15:21:20.983[32m info [39m [caliper] [connectors/peer-gateway/PeerGateway] 	Generating contract map for user insp.singh
2026.08.24-15:21:20.983[32m info [39m [caliper] [connectors/peer-gateway/PeerGateway] 	Generating contract map for user const.verma
2026.08.24-15:21:20.983[32m info [39m [caliper] [connectors/peer-gateway/PeerGateway] 	Generating contract map for user const.verma
2026.08.24-15:21:20.983[32m info [39m [caliper] [connectors/peer-gateway/PeerGateway] 	Generating contract map for user const.verma
2026.08.24-15:21:20.983[32m info [39m [caliper] [connectors/peer-gateway/PeerGateway] 	Generating contract map for user insp.sharma
2026.08.24-15:21:20.983[32m info [39m [caliper] [connectors/peer-gateway/PeerGateway] 	Generating contract map for user insp.sharma
2026.08.24-15:21:20.983[32m info [39m [caliper] [connectors/peer-gateway/PeerGateway] 	Generating contract map for user const.verma
2026.08.24-15:21:20.983[32m info [39m [caliper] [connectors/peer-gateway/PeerGateway] 	Generating contract map for user insp.sharma
2026.08.24-15:21:20.983[32m info [39m [caliper] [connectors/peer-gateway/PeerGateway] 	Generating contract map for user insp.sharma
2026.08.24-15:21:20.985[32m info [39m [caliper] [connectors/peer-gateway/PeerGateway] 	Generating contract map for user _AuditMSP_aud.qureshi
2026.08.24-15:21:20.985[32m info [39m [caliper] [connectors/peer-gateway/PeerGateway] 	Generating contract map for user _AuditMSP_aud.qureshi
2026.08.24-15:21:20.985[32m info [39m [caliper] [connectors/peer-gateway/PeerGateway] 	Generating contract map for user _AuditMSP_aud.qureshi
2026.08.24-15:21:20.985[32m info [39m [caliper] [caliper-worker] 	Worker #0 starting workload loop
2026.08.24-15:21:20.985[32m info [39m [caliper] [caliper-worker] 	Worker #1 starting workload loop
2026.08.24-15:21:20.985[32m info [39m [caliper] [caliper-worker] 	Worker #2 starting workload loop
2026.08.24-15:21:20.985[32m info [39m [caliper] [connectors/peer-gateway/PeerGateway] 	Generating contract map for user _AuditMSP_aud.qureshi
2026.08.24-15:21:20.985[32m info [39m [caliper] [caliper-worker] 	Worker #3 starting workload loop
CALIPER_TX_LATENCY {"workerIndex":1,"roundIndex":1,"roundLabel":"clients-4-read","transactionId":"6fcd00082c9843027486107ef09c0bb4bed574eeadc8ff42c9a3e77bc027ff7e","status":"success","startEpochMs":1787565080987,"endEpochMs":1787565081019,"latencyMs":32}
CALIPER_TX_LATENCY {"workerIndex":2,"roundIndex":1,"roundLabel":"clients-4-read","transactionId":"6270aedf793deba84a70361bb67595c2ff540e8a3d7eef8f4164099a7612af7a","status":"success","startEpochMs":1787565080987,"endEpochMs":1787565081019,"latencyMs":32}
CALIPER_TX_LATENCY {"workerIndex":0,"roundIndex":1,"roundLabel":"clients-4-read","transactionId":"286366c0b481fc42f69b4cf9f42f08042693946da712761824a65b1500736b7a","status":"success","startEpochMs":1787565080987,"endEpochMs":1787565081019,"latencyMs":32}
CALIPER_TX_LATENCY {"workerIndex":3,"roundIndex":1,"roundLabel":"clients-4-read","transactionId":"a11485b02a2b3f3c719bc9ecdd1cbd6ec0393c3a19d32bbee08e6f8f666cbf38","status":"success","startEpochMs":1787565080988,"endEpochMs":1787565081020,"latencyMs":32}
CALIPER_TX_LATENCY {"workerIndex":3,"roundIndex":1,"roundLabel":"clients-4-read","transactionId":"90c6fe5579308cfb26eb805f78d16df50fe8c7c5d09c5bbe83258cdbde819323","status":"success","startEpochMs":1787565081987,"endEpochMs":1787565082009,"latencyMs":22}
CALIPER_TX_LATENCY {"workerIndex":0,"roundIndex":1,"roundLabel":"clients-4-read","transactionId":"5409493187b17849df3220fa4800e2b58189dcf7a78736985fb2b54e4a281cab","status":"success","startEpochMs":1787565081987,"endEpochMs":1787565082009,"latencyMs":22}
CALIPER_TX_LATENCY {"workerIndex":1,"roundIndex":1,"roundLabel":"clients-4-read","transactionId":"73948333a9379ecbdcfa9d90dd7074ef9106972268c375c835ccd7ec17a72011","status":"success","startEpochMs":1787565081987,"endEpochMs":1787565082009,"latencyMs":22}
CALIPER_TX_LATENCY {"workerIndex":2,"roundIndex":1,"roundLabel":"clients-4-read","transactionId":"4e93c4634fed7932bb93b06e8c4e9bb8d719c26a2a6670b620c1e3ba90ba4ff4","status":"success","startEpochMs":1787565081987,"endEpochMs":1787565082009,"latencyMs":22}
CALIPER_TX_LATENCY {"workerIndex":3,"roundIndex":1,"roundLabel":"clients-4-read","transactionId":"b636cb6953bbf2395fa9b6b9433383f6abf76d3ef2763d6b6e58a8491809e38b","status":"success","startEpochMs":1787565082987,"endEpochMs":1787565083006,"latencyMs":19}
CALIPER_TX_LATENCY {"workerIndex":1,"roundIndex":1,"roundLabel":"clients-4-read","transactionId":"3ed19e807fc731d5ec98223597ebd8959f4332d84575cc25d31f2651812dd012","status":"success","startEpochMs":1787565082987,"endEpochMs":1787565083006,"latencyMs":19}
CALIPER_TX_LATENCY {"workerIndex":0,"roundIndex":1,"roundLabel":"clients-4-read","transactionId":"9fa4df6ba4194086692fd93cbd5bf9457c4267c7de951bec1f5ca5d8452782a3","status":"success","startEpochMs":1787565082987,"endEpochMs":1787565083006,"latencyMs":19}
CALIPER_TX_LATENCY {"workerIndex":2,"roundIndex":1,"roundLabel":"clients-4-read","transactionId":"17c2c15927804c3da644da0b01e82436a4d09a2a81fb127dc129d05893103567","status":"success","startEpochMs":1787565082987,"endEpochMs":1787565083006,"latencyMs":19}
CALIPER_TX_LATENCY {"workerIndex":3,"roundIndex":1,"roundLabel":"clients-4-read","transactionId":"c14a2a1537bdebb216b4d7e41e7f008c3f47c405a9a922c74edc6d4ce7446ced","status":"success","startEpochMs":1787565083987,"endEpochMs":1787565084007,"latencyMs":20}
CALIPER_TX_LATENCY {"workerIndex":0,"roundIndex":1,"roundLabel":"clients-4-read","transactionId":"8ae3ed2a217a3dd31de63d4f8aabfbcafcb2923e38e5a503ce77b1305e23ed4e","status":"success","startEpochMs":1787565083986,"endEpochMs":1787565084008,"latencyMs":22}
CALIPER_TX_LATENCY {"workerIndex":1,"roundIndex":1,"roundLabel":"clients-4-read","transactionId":"b8d76bf8a0170e16f2f135def4af58efba5cb44b10cc7ad72133d41e9db711b1","status":"success","startEpochMs":1787565083986,"endEpochMs":1787565084008,"latencyMs":22}
CALIPER_TX_LATENCY {"workerIndex":2,"roundIndex":1,"roundLabel":"clients-4-read","transactionId":"916f829ec11a3b6ecd033476fd2ad663ff0639f9220c82eb280975a05a982103","status":"success","startEpochMs":1787565083986,"endEpochMs":1787565084008,"latencyMs":22}
CALIPER_TX_LATENCY {"workerIndex":2,"roundIndex":1,"roundLabel":"clients-4-read","transactionId":"c1289685823f02230557e79070df7df1d10bcb78688adbf9770d551e8e4113a6","status":"success","startEpochMs":1787565084986,"endEpochMs":1787565085006,"latencyMs":20}
CALIPER_TX_LATENCY {"workerIndex":0,"roundIndex":1,"roundLabel":"clients-4-read","transactionId":"8071e9cdedc365647f07557cd5f9588812b7220360a8325d1d91aced7bcd3ced","status":"success","startEpochMs":1787565084986,"endEpochMs":1787565085006,"latencyMs":20}
CALIPER_TX_LATENCY {"workerIndex":1,"roundIndex":1,"roundLabel":"clients-4-read","transactionId":"47cac6266986b1c12495a1de061c6675fa10e37c97e3cf08f0f8c3e52707fec3","status":"success","startEpochMs":1787565084987,"endEpochMs":1787565085006,"latencyMs":19}
CALIPER_TX_LATENCY {"workerIndex":3,"roundIndex":1,"roundLabel":"clients-4-read","transactionId":"2d1ae2ad50e352c0628a6a2d6cf09ac9e0779b0ea9f2fa20ca9b3be248e11496","status":"success","startEpochMs":1787565084989,"endEpochMs":1787565085006,"latencyMs":17}
2026.08.24-15:21:25.982[32m info [39m [caliper] [default-observer] 	[clients-4-read Round 1 Transaction Info] - Submitted: 19 Succ: 16 Fail:0 Unfinished:3
CALIPER_TX_LATENCY {"workerIndex":3,"roundIndex":1,"roundLabel":"clients-4-read","transactionId":"cea31bd521aac5ae0953771108682a67967a54a91dc45a68e79ba00b3b6c2d7b","status":"success","startEpochMs":1787565085987,"endEpochMs":1787565086008,"latencyMs":21}
CALIPER_TX_LATENCY {"workerIndex":1,"roundIndex":1,"roundLabel":"clients-4-read","transactionId":"481bdb87708707a79f8326be39b935f2856488f81bb87dd91158ae80f8d9bb2b","status":"success","startEpochMs":1787565085987,"endEpochMs":1787565086008,"latencyMs":21}
CALIPER_TX_LATENCY {"workerIndex":0,"roundIndex":1,"roundLabel":"clients-4-read","transactionId":"e8d23e170f7a69a56526082d51bade3af0f657568040a646f5c8be9c779b30b1","status":"success","startEpochMs":1787565085987,"endEpochMs":1787565086009,"latencyMs":22}
CALIPER_TX_LATENCY {"workerIndex":2,"roundIndex":1,"roundLabel":"clients-4-read","transactionId":"6b1d69a5116d2f523de5d36971f66056075abbcba707f533942a1d0e5a8d472e","status":"success","startEpochMs":1787565085987,"endEpochMs":1787565086009,"latencyMs":22}
CALIPER_TX_LATENCY {"workerIndex":1,"roundIndex":1,"roundLabel":"clients-4-read","transactionId":"22f4a73236f3aefc9f926caedb849471e74627deb92605612b24d0ac2939b074","status":"success","startEpochMs":1787565086987,"endEpochMs":1787565087011,"latencyMs":24}
CALIPER_TX_LATENCY {"workerIndex":0,"roundIndex":1,"roundLabel":"clients-4-read","transactionId":"361f50d69b6566d8adf0d5e09e525e898c3d2f1e8bb6f6664ba16d3718cfef40","status":"success","startEpochMs":1787565086987,"endEpochMs":1787565087011,"latencyMs":24}
CALIPER_TX_LATENCY {"workerIndex":2,"roundIndex":1,"roundLabel":"clients-4-read","transactionId":"8fc1b098365f23e7ffeae9b51942587381523717cce58f08f10f9e00cff413a0","status":"success","startEpochMs":1787565086987,"endEpochMs":1787565087012,"latencyMs":25}
CALIPER_TX_LATENCY {"workerIndex":3,"roundIndex":1,"roundLabel":"clients-4-read","transactionId":"8c79acd060eb752c6e1ea39275c9ec00be615672a4e904fda26a1771000ba499","status":"success","startEpochMs":1787565086989,"endEpochMs":1787565087012,"latencyMs":23}
CALIPER_TX_LATENCY {"workerIndex":0,"roundIndex":1,"roundLabel":"clients-4-read","transactionId":"c6c88735060c547860d849f1914f541f1b981ccd9189426e16f94a59397ab8c7","status":"success","startEpochMs":1787565087986,"endEpochMs":1787565088006,"latencyMs":20}
CALIPER_TX_LATENCY {"workerIndex":1,"roundIndex":1,"roundLabel":"clients-4-read","transactionId":"4cf8b3cc58912a7b7c796bb1fb61e4b8f4de9c9e37062b8bb6bf98792f53e072","status":"success","startEpochMs":1787565087986,"endEpochMs":1787565088006,"latencyMs":20}
CALIPER_TX_LATENCY {"workerIndex":3,"roundIndex":1,"roundLabel":"clients-4-read","transactionId":"774252e3d282d7b5eb4eee2c1a8a9dc2973fc3bd0998651e851986e979f55966","status":"success","startEpochMs":1787565087986,"endEpochMs":1787565088006,"latencyMs":20}
CALIPER_TX_LATENCY {"workerIndex":2,"roundIndex":1,"roundLabel":"clients-4-read","transactionId":"2502ab9dc7b74c265272bdbdf55160da453cd171611706998cfbf4ae73357516","status":"success","startEpochMs":1787565087988,"endEpochMs":1787565088006,"latencyMs":18}
CALIPER_TX_LATENCY {"workerIndex":0,"roundIndex":1,"roundLabel":"clients-4-read","transactionId":"ec2e63b80e76ef1e47e6a9e4565e9d2fa952174b1afb95fabc73ab4115614414","status":"success","startEpochMs":1787565088988,"endEpochMs":1787565089006,"latencyMs":18}
CALIPER_TX_LATENCY {"workerIndex":2,"roundIndex":1,"roundLabel":"clients-4-read","transactionId":"4f9ec33166463ae8481bc2ea1e26c02a424bce327603abc9d866af5727dff29b","status":"success","startEpochMs":1787565088987,"endEpochMs":1787565089006,"latencyMs":19}
CALIPER_TX_LATENCY {"workerIndex":3,"roundIndex":1,"roundLabel":"clients-4-read","transactionId":"3b10b220f2fca5dd9322347c41de9f12f2d50829bfc5fa008f45faacb79e7692","status":"success","startEpochMs":1787565088988,"endEpochMs":1787565089006,"latencyMs":18}
CALIPER_TX_LATENCY {"workerIndex":1,"roundIndex":1,"roundLabel":"clients-4-read","transactionId":"7660bd72d1645b7b7f95d3c7de094fb2d8c53a8e334fe22ce3d65eaac6ea564a","status":"success","startEpochMs":1787565088988,"endEpochMs":1787565089006,"latencyMs":18}
CALIPER_TX_LATENCY {"workerIndex":0,"roundIndex":1,"roundLabel":"clients-4-read","transactionId":"21f0898d94187f158cabca29e0225ff0bd83458c951d4ca848bf0756293e0026","status":"success","startEpochMs":1787565089986,"endEpochMs":1787565090005,"latencyMs":19}
CALIPER_TX_LATENCY {"workerIndex":3,"roundIndex":1,"roundLabel":"clients-4-read","transactionId":"0911077e740b5b99b40c25379e3adc601a9e4480454d3447d19cf35dfc96ec25","status":"success","startEpochMs":1787565089987,"endEpochMs":1787565090005,"latencyMs":18}
CALIPER_TX_LATENCY {"workerIndex":1,"roundIndex":1,"roundLabel":"clients-4-read","transactionId":"595e16792177661452828b70a49cb0da8cb9e78f466a6528d08d8576435dc985","status":"success","startEpochMs":1787565089987,"endEpochMs":1787565090005,"latencyMs":18}
CALIPER_TX_LATENCY {"workerIndex":2,"roundIndex":1,"roundLabel":"clients-4-read","transactionId":"9bffae1c86213571af5ccba9c96ac8b6b752a57915d5b37efca44f3b80f2b423","status":"success","startEpochMs":1787565089987,"endEpochMs":1787565090005,"latencyMs":18}
2026.08.24-15:21:30.981[32m info [39m [caliper] [default-observer] 	[clients-4-read Round 1 Transaction Info] - Submitted: 40 Succ: 36 Fail:0 Unfinished:4
CALIPER_TX_LATENCY {"workerIndex":3,"roundIndex":1,"roundLabel":"clients-4-read","transactionId":"ce4afad2850039533395622c8b0df180750c7251c4414a7493156af83f31331b","status":"success","startEpochMs":1787565090986,"endEpochMs":1787565091010,"latencyMs":24}
CALIPER_TX_LATENCY {"workerIndex":1,"roundIndex":1,"roundLabel":"clients-4-read","transactionId":"a0c13b27dd3b139ac0d1cc9cdf175807e1a04528b68cae228019a9d57ccec5ec","status":"success","startEpochMs":1787565090986,"endEpochMs":1787565091010,"latencyMs":24}
CALIPER_TX_LATENCY {"workerIndex":2,"roundIndex":1,"roundLabel":"clients-4-read","transactionId":"97c870b73385d6b74812ee5fbf442dfd714f285a19e7bf2be731d2bf2543d727","status":"success","startEpochMs":1787565090986,"endEpochMs":1787565091010,"latencyMs":24}
CALIPER_TX_LATENCY {"workerIndex":0,"roundIndex":1,"roundLabel":"clients-4-read","transactionId":"02ef9c1e628b363598c2a3a40675f982e55dcceba2f790468a9b50b7901c0a14","status":"success","startEpochMs":1787565090987,"endEpochMs":1787565091010,"latencyMs":23}
CALIPER_TX_LATENCY {"workerIndex":1,"roundIndex":1,"roundLabel":"clients-4-read","transactionId":"66ea984b0a05f4475781380f767edca9c57d8705e9042245058d78682156916c","status":"success","startEpochMs":1787565091988,"endEpochMs":1787565092010,"latencyMs":22}
CALIPER_TX_LATENCY {"workerIndex":2,"roundIndex":1,"roundLabel":"clients-4-read","transactionId":"e4cef5c6f8a78f1250a2df5427b020e7e94e83de33cc7c52b3ded5c1de36f768","status":"success","startEpochMs":1787565091988,"endEpochMs":1787565092010,"latencyMs":22}
CALIPER_TX_LATENCY {"workerIndex":0,"roundIndex":1,"roundLabel":"clients-4-read","transactionId":"7e7b56967545f1bbdde15405cfd0a837d35a804cf05ede88bf7cb242da24d57e","status":"success","startEpochMs":1787565091988,"endEpochMs":1787565092010,"latencyMs":22}
CALIPER_TX_LATENCY {"workerIndex":3,"roundIndex":1,"roundLabel":"clients-4-read","transactionId":"9ada406028b199a84e103f8e160fa33fefe90f5e092934fe96995c77ecef94e9","status":"success","startEpochMs":1787565091988,"endEpochMs":1787565092010,"latencyMs":22}
CALIPER_TX_LATENCY {"workerIndex":3,"roundIndex":1,"roundLabel":"clients-4-read","transactionId":"638abcb3012c259ebed169fada8b3a81b80d77b55eb713a3090fb46d17ad1e96","status":"success","startEpochMs":1787565092986,"endEpochMs":1787565093004,"latencyMs":18}
CALIPER_TX_LATENCY {"workerIndex":0,"roundIndex":1,"roundLabel":"clients-4-read","transactionId":"9bac7dd3003da96ff004919699d1b2327ccf4271e8883faaf9a04a2fe8da898f","status":"success","startEpochMs":1787565092986,"endEpochMs":1787565093004,"latencyMs":18}
CALIPER_TX_LATENCY {"workerIndex":1,"roundIndex":1,"roundLabel":"clients-4-read","transactionId":"590a8aba98ebd521739339e935998363231462dd92db8852074c267d4b5918df","status":"success","startEpochMs":1787565092986,"endEpochMs":1787565093004,"latencyMs":18}
CALIPER_TX_LATENCY {"workerIndex":2,"roundIndex":1,"roundLabel":"clients-4-read","transactionId":"12690a0baf8927355369450915c74969b4e644e585f3b17505ad99f5623e1c1b","status":"success","startEpochMs":1787565092986,"endEpochMs":1787565093004,"latencyMs":18}
CALIPER_TX_LATENCY {"workerIndex":1,"roundIndex":1,"roundLabel":"clients-4-read","transactionId":"08cd3992360249954d83bab7c8e1dc8a94a4b41cd68d407cb2d5185984f5d5e6","status":"success","startEpochMs":1787565093987,"endEpochMs":1787565094009,"latencyMs":22}
CALIPER_TX_LATENCY {"workerIndex":0,"roundIndex":1,"roundLabel":"clients-4-read","transactionId":"9feabc8e795cc032576c552e5fbab2d9135e734971210a60a395b7ef565a11a0","status":"success","startEpochMs":1787565093986,"endEpochMs":1787565094009,"latencyMs":23}
CALIPER_TX_LATENCY {"workerIndex":2,"roundIndex":1,"roundLabel":"clients-4-read","transactionId":"93a1167b6cd1d8d1385b13efe865922f7fabf33e15582197f7c63a0d25425ad1","status":"success","startEpochMs":1787565093987,"endEpochMs":1787565094009,"latencyMs":22}
CALIPER_TX_LATENCY {"workerIndex":3,"roundIndex":1,"roundLabel":"clients-4-read","transactionId":"bec338674718d49d33ffb5fdeeb73a61e9b59d9eba66521594f499ccff3663bf","status":"success","startEpochMs":1787565093987,"endEpochMs":1787565094009,"latencyMs":22}
CALIPER_TX_LATENCY {"workerIndex":2,"roundIndex":1,"roundLabel":"clients-4-read","transactionId":"238a8577de7dc77e30f2ace276da2986b62cf76eb4aabbe897f43d9f2c1a4019","status":"success","startEpochMs":1787565094986,"endEpochMs":1787565095002,"latencyMs":16}
CALIPER_TX_LATENCY {"workerIndex":1,"roundIndex":1,"roundLabel":"clients-4-read","transactionId":"38f6f3cf2f11e1d71e433417d3d8545f762c3b4304d816fdddf0a3e0162e7aff","status":"success","startEpochMs":1787565094986,"endEpochMs":1787565095001,"latencyMs":15}
CALIPER_TX_LATENCY {"workerIndex":3,"roundIndex":1,"roundLabel":"clients-4-read","transactionId":"f64ed96cdeeced0b3d3e1f4025e1e28a1ddd01c92d8cfdba64215a750c1545e7","status":"success","startEpochMs":1787565094987,"endEpochMs":1787565095002,"latencyMs":15}
CALIPER_TX_LATENCY {"workerIndex":0,"roundIndex":1,"roundLabel":"clients-4-read","transactionId":"0d00583bd6705b3c73fe74a1eddf244eb5b1e363a4cdecbff21d8de3342dd582","status":"success","startEpochMs":1787565094986,"endEpochMs":1787565095002,"latencyMs":16}
2026.08.24-15:21:35.982[32m info [39m [caliper] [default-observer] 	[clients-4-read Round 1 Transaction Info] - Submitted: 60 Succ: 56 Fail:0 Unfinished:4
CALIPER_TX_LATENCY {"workerIndex":3,"roundIndex":1,"roundLabel":"clients-4-read","transactionId":"85ee84c7bc8d211cb44f9614f8e988b0c5b568234eda349181125d39db222e62","status":"success","startEpochMs":1787565095986,"endEpochMs":1787565096003,"latencyMs":17}
CALIPER_TX_LATENCY {"workerIndex":1,"roundIndex":1,"roundLabel":"clients-4-read","transactionId":"ea005d11c1f661698a13f33656a975aa93bc93779c80027d6adfbca778738834","status":"success","startEpochMs":1787565095987,"endEpochMs":1787565096003,"latencyMs":16}
CALIPER_TX_LATENCY {"workerIndex":0,"roundIndex":1,"roundLabel":"clients-4-read","transactionId":"371e13f7b0a2d1d4401e21bb59d2384ce67fdc954f07fd39a26906021e74d5fa","status":"success","startEpochMs":1787565095987,"endEpochMs":1787565096003,"latencyMs":16}
CALIPER_TX_LATENCY {"workerIndex":2,"roundIndex":1,"roundLabel":"clients-4-read","transactionId":"dbe8a768cab9bbd3c17254d81b9516223db1709c6d9aef888cef8b80f03b76f3","status":"success","startEpochMs":1787565095987,"endEpochMs":1787565096003,"latencyMs":16}
CALIPER_TX_LATENCY {"workerIndex":1,"roundIndex":1,"roundLabel":"clients-4-read","transactionId":"3fcc7f029c72eed4f365ac7d68e66e939d30e00ff0ba819cffdbb54e84009160","status":"success","startEpochMs":1787565096987,"endEpochMs":1787565097005,"latencyMs":18}
CALIPER_TX_LATENCY {"workerIndex":2,"roundIndex":1,"roundLabel":"clients-4-read","transactionId":"44d4d871a2ea622187501c8c393f760b271928fab465a5d3cfa3409d2ce13976","status":"success","startEpochMs":1787565096986,"endEpochMs":1787565097005,"latencyMs":19}
CALIPER_TX_LATENCY {"workerIndex":3,"roundIndex":1,"roundLabel":"clients-4-read","transactionId":"b33be119d05857608ea9c5fafa40ca12bf50905f59507761b8cf1da4c92818b2","status":"success","startEpochMs":1787565096986,"endEpochMs":1787565097005,"latencyMs":19}
CALIPER_TX_LATENCY {"workerIndex":0,"roundIndex":1,"roundLabel":"clients-4-read","transactionId":"b68481533a97b0b8f6811119304b0bec3a14e533927653e19265174ee160d137","status":"success","startEpochMs":1787565096987,"endEpochMs":1787565097005,"latencyMs":18}
CALIPER_TX_LATENCY {"workerIndex":0,"roundIndex":1,"roundLabel":"clients-4-read","transactionId":"485b1d1b7ff602015d243535ea7b89a63a283eccf90442c387f2fb474bd3664c","status":"success","startEpochMs":1787565097987,"endEpochMs":1787565097996,"latencyMs":9}
CALIPER_TX_LATENCY {"workerIndex":3,"roundIndex":1,"roundLabel":"clients-4-read","transactionId":"6382124a446bcae756aaedbce501142a79c4f52ddcb22cde6d019ce14b4bda1d","status":"success","startEpochMs":1787565097988,"endEpochMs":1787565097996,"latencyMs":8}
CALIPER_TX_LATENCY {"workerIndex":1,"roundIndex":1,"roundLabel":"clients-4-read","transactionId":"358b48bac9809d631166dbc962be16ae7244327e630cd94fb91ee3100947f9f1","status":"success","startEpochMs":1787565097987,"endEpochMs":1787565097996,"latencyMs":9}
CALIPER_TX_LATENCY {"workerIndex":2,"roundIndex":1,"roundLabel":"clients-4-read","transactionId":"f68ab9c166cacc8ffbba5e703c830f972e0b61615e985699b596b9f8a6271403","status":"success","startEpochMs":1787565097988,"endEpochMs":1787565097997,"latencyMs":9}
CALIPER_TX_LATENCY {"workerIndex":3,"roundIndex":1,"roundLabel":"clients-4-read","transactionId":"cecc4ffd2bbaa27c54a34f0e162a37edeba3309f7fad2f2e7f1dd1884c3a710b","status":"success","startEpochMs":1787565098987,"endEpochMs":1787565099005,"latencyMs":18}
CALIPER_TX_LATENCY {"workerIndex":1,"roundIndex":1,"roundLabel":"clients-4-read","transactionId":"878dac892fab7adb782318794670238697d70a8d8ba79d8c49ae088ff93928e7","status":"success","startEpochMs":1787565098986,"endEpochMs":1787565099005,"latencyMs":19}
CALIPER_TX_LATENCY {"workerIndex":2,"roundIndex":1,"roundLabel":"clients-4-read","transactionId":"7633c9ff3c6c9c72c09b5e40ba2aa9e89226c876d600f78d5e687b45ed3d7fdd","status":"success","startEpochMs":1787565098987,"endEpochMs":1787565099005,"latencyMs":18}
CALIPER_TX_LATENCY {"workerIndex":0,"roundIndex":1,"roundLabel":"clients-4-read","transactionId":"e545c55c86893edbf8d4b6de1392b33fef612b4498cc15c4c9b29a2a4e816d23","status":"success","startEpochMs":1787565098987,"endEpochMs":1787565099005,"latencyMs":18}
CALIPER_TX_LATENCY {"workerIndex":2,"roundIndex":1,"roundLabel":"clients-4-read","transactionId":"001b49b8e0f21f97cbe5f917c0bab5b6b0792525bc521259ee6f7b025d7585db","status":"success","startEpochMs":1787565099992,"endEpochMs":1787565100015,"latencyMs":23}
CALIPER_TX_LATENCY {"workerIndex":0,"roundIndex":1,"roundLabel":"clients-4-read","transactionId":"6fa6ee62b545b6b72c0abebfdbcb50c20899231e490d6ddce2de8230e1ee963a","status":"success","startEpochMs":1787565099987,"endEpochMs":1787565100015,"latencyMs":28}
CALIPER_TX_LATENCY {"workerIndex":1,"roundIndex":1,"roundLabel":"clients-4-read","transactionId":"b5c49a07ad3b81b669b84a3d22208f19cb3daab0b5ebfc11d66505eba9c45565","status":"success","startEpochMs":1787565099987,"endEpochMs":1787565100015,"latencyMs":28}
CALIPER_TX_LATENCY {"workerIndex":3,"roundIndex":1,"roundLabel":"clients-4-read","transactionId":"e750a2351d073ab7378ce93a9984874d025c952e03019fd3d11f58c43923ecf1","status":"success","startEpochMs":1787565099987,"endEpochMs":1787565100017,"latencyMs":30}
2026.08.24-15:21:40.983[32m info [39m [caliper] [default-observer] 	[clients-4-read Round 1 Transaction Info] - Submitted: 80 Succ: 76 Fail:0 Unfinished:4
CALIPER_TX_LATENCY {"workerIndex":1,"roundIndex":1,"roundLabel":"clients-4-read","transactionId":"ac86c2db7512d24dbdf74ca504727ea35f8e7fda788cc07f4fb4493952f53692","status":"success","startEpochMs":1787565100986,"endEpochMs":1787565100998,"latencyMs":12}
CALIPER_TX_LATENCY {"workerIndex":0,"roundIndex":1,"roundLabel":"clients-4-read","transactionId":"caa22595d25c87ec793db78e15387c92e85c7015c9d8dc609f4b52424f3c8761","status":"success","startEpochMs":1787565100986,"endEpochMs":1787565100999,"latencyMs":13}
CALIPER_TX_LATENCY {"workerIndex":2,"roundIndex":1,"roundLabel":"clients-4-read","transactionId":"ec63b87f5bc95ea7e5ddc10dacf84200bd46d0c39f72acb9ac42ac33c75b50de","status":"success","startEpochMs":1787565100986,"endEpochMs":1787565100999,"latencyMs":13}
CALIPER_TX_LATENCY {"workerIndex":3,"roundIndex":1,"roundLabel":"clients-4-read","transactionId":"a68e76e9521d6ca59c823b218662150aef254fd5a14fab53f32e4f7972c2091c","status":"success","startEpochMs":1787565100987,"endEpochMs":1787565101000,"latencyMs":13}
CALIPER_TX_LATENCY {"workerIndex":1,"roundIndex":1,"roundLabel":"clients-4-read","transactionId":"c36ab49f315360d1b3f499bcc2113d7fff6557d55d4dda11ad8aa5dc088a3515","status":"success","startEpochMs":1787565101994,"endEpochMs":1787565102011,"latencyMs":17}
CALIPER_TX_LATENCY {"workerIndex":0,"roundIndex":1,"roundLabel":"clients-4-read","transactionId":"aba45ecc1db2036e83a44e6fcd453b60fa7887717398a41179ccf3dbcbbbb613","status":"success","startEpochMs":1787565101987,"endEpochMs":1787565102011,"latencyMs":24}
CALIPER_TX_LATENCY {"workerIndex":2,"roundIndex":1,"roundLabel":"clients-4-read","transactionId":"83bf6f6f03f68a60aeb045f8deb872bd2bf7a24851e1c7151b3c0b6d9903e752","status":"success","startEpochMs":1787565101988,"endEpochMs":1787565102011,"latencyMs":23}
CALIPER_TX_LATENCY {"workerIndex":3,"roundIndex":1,"roundLabel":"clients-4-read","transactionId":"d201183bbcc5a3bf6ecf949f31bb3e31542a25dce565ca1ddd2cec78276f1c4e","status":"success","startEpochMs":1787565101988,"endEpochMs":1787565102011,"latencyMs":23}
CALIPER_TX_LATENCY {"workerIndex":1,"roundIndex":1,"roundLabel":"clients-4-read","transactionId":"99f4e2c68ad0e07e61d792d73666af986f095b2ada3827211c4ed706bc352a52","status":"success","startEpochMs":1787565102987,"endEpochMs":1787565103006,"latencyMs":19}
CALIPER_TX_LATENCY {"workerIndex":2,"roundIndex":1,"roundLabel":"clients-4-read","transactionId":"8f4c4625efee031d5d3ec1734da2b3ca6cf8cdb739a9d89286e240d42bf207c8","status":"success","startEpochMs":1787565102987,"endEpochMs":1787565103006,"latencyMs":19}
CALIPER_TX_LATENCY {"workerIndex":3,"roundIndex":1,"roundLabel":"clients-4-read","transactionId":"85633053965d7b98178f91c57433e7f98acebb7b2df0f9a291c3423b86fa6268","status":"success","startEpochMs":1787565102987,"endEpochMs":1787565103006,"latencyMs":19}
CALIPER_TX_LATENCY {"workerIndex":0,"roundIndex":1,"roundLabel":"clients-4-read","transactionId":"48f557438e2d0c52bff31150cdd1cb2d3dfc700c8284582e489f0ce0ff6b0e52","status":"success","startEpochMs":1787565102986,"endEpochMs":1787565103007,"latencyMs":21}
CALIPER_TX_LATENCY {"workerIndex":2,"roundIndex":1,"roundLabel":"clients-4-read","transactionId":"83e095ff271147c1f4aa226cad4112cb4b8e0d9fc9c63c3ec1c731f9fcc61e2e","status":"success","startEpochMs":1787565103987,"endEpochMs":1787565104009,"latencyMs":22}
CALIPER_TX_LATENCY {"workerIndex":0,"roundIndex":1,"roundLabel":"clients-4-read","transactionId":"c343e580412a919c859382a9768091290c5cc4df76dcfead904c456a8ae3a319","status":"success","startEpochMs":1787565103988,"endEpochMs":1787565104009,"latencyMs":21}
CALIPER_TX_LATENCY {"workerIndex":1,"roundIndex":1,"roundLabel":"clients-4-read","transactionId":"68d1541ebbd580f6ab896ec1246379c403ed2edccbe0c7d62d5868577c700f21","status":"success","startEpochMs":1787565103988,"endEpochMs":1787565104009,"latencyMs":21}
CALIPER_TX_LATENCY {"workerIndex":3,"roundIndex":1,"roundLabel":"clients-4-read","transactionId":"8ca1707a427dec6e8bc7ba0b924efd5f2bc6417456e1477dc9c4021363f12aaf","status":"success","startEpochMs":1787565103988,"endEpochMs":1787565104009,"latencyMs":21}
CALIPER_TX_LATENCY {"workerIndex":3,"roundIndex":1,"roundLabel":"clients-4-read","transactionId":"b3057c6732d5a932dbf63bb407b9039f497f4e1251bf40f14e661bbb8b7e60cc","status":"success","startEpochMs":1787565104986,"endEpochMs":1787565105006,"latencyMs":20}
CALIPER_TX_LATENCY {"workerIndex":2,"roundIndex":1,"roundLabel":"clients-4-read","transactionId":"4ce02cc447317902c3178bda97970e826de1b0e13642a129bf5cf74c1395f345","status":"success","startEpochMs":1787565104986,"endEpochMs":1787565105006,"latencyMs":20}
CALIPER_TX_LATENCY {"workerIndex":0,"roundIndex":1,"roundLabel":"clients-4-read","transactionId":"c0f6a47e35003514f4f7f4c9a1ffeddf144700a5f8d12b64155a31bfa93f564a","status":"success","startEpochMs":1787565104987,"endEpochMs":1787565105006,"latencyMs":19}
CALIPER_TX_LATENCY {"workerIndex":1,"roundIndex":1,"roundLabel":"clients-4-read","transactionId":"2e0984ca8173fb0dc49399035728469c25744e362b1d71c3e7e7c633fde3943f","status":"success","startEpochMs":1787565104986,"endEpochMs":1787565105006,"latencyMs":20}
2026.08.24-15:21:45.984[32m info [39m [caliper] [default-observer] 	[clients-4-read Round 1 Transaction Info] - Submitted: 100 Succ: 96 Fail:0 Unfinished:4
CALIPER_TX_LATENCY {"workerIndex":0,"roundIndex":1,"roundLabel":"clients-4-read","transactionId":"f4ccfd4556fa35e3755cde6c9ed4940d34dbc0c0c9595fb8a03ddfdbf6e8c5af","status":"success","startEpochMs":1787565105990,"endEpochMs":1787565106007,"latencyMs":17}
CALIPER_TX_LATENCY {"workerIndex":3,"roundIndex":1,"roundLabel":"clients-4-read","transactionId":"923fc3475df6898d91972768fb317c33132525aaccbd60e525e6b8d3daae6273","status":"success","startEpochMs":1787565105988,"endEpochMs":1787565106007,"latencyMs":19}
CALIPER_TX_LATENCY {"workerIndex":1,"roundIndex":1,"roundLabel":"clients-4-read","transactionId":"fdf4c9c4fb8424acb24cf96f29fab080a547d417f023e6f75cc3649f8fedfb63","status":"success","startEpochMs":1787565105988,"endEpochMs":1787565106007,"latencyMs":19}
CALIPER_TX_LATENCY {"workerIndex":2,"roundIndex":1,"roundLabel":"clients-4-read","transactionId":"e78db749987239c30d3f6d31362da71beb0e3fbd0715ce68ba0f9fd39e41607f","status":"success","startEpochMs":1787565105988,"endEpochMs":1787565106007,"latencyMs":19}
CALIPER_TX_LATENCY {"workerIndex":0,"roundIndex":1,"roundLabel":"clients-4-read","transactionId":"55ded96439602522605516ff4df1e9dfe7904f2a1e2b62803f27178593933a6b","status":"success","startEpochMs":1787565106988,"endEpochMs":1787565107001,"latencyMs":13}
CALIPER_TX_LATENCY {"workerIndex":2,"roundIndex":1,"roundLabel":"clients-4-read","transactionId":"83dead279d37cc0e448abadb457de39b655d0f9c6d4102c48cb7388a07b7bc93","status":"success","startEpochMs":1787565106987,"endEpochMs":1787565107001,"latencyMs":14}
CALIPER_TX_LATENCY {"workerIndex":1,"roundIndex":1,"roundLabel":"clients-4-read","transactionId":"88f7a2b1739bd3f378ac8e4e16383d22fa9ca2af279c0ea1700420597f32d062","status":"success","startEpochMs":1787565106992,"endEpochMs":1787565107001,"latencyMs":9}
CALIPER_TX_LATENCY {"workerIndex":3,"roundIndex":1,"roundLabel":"clients-4-read","transactionId":"04d20ad3aa4cbe411c158e50f81694bbd292e8089b9f3f931dc73c0bb1684ce6","status":"success","startEpochMs":1787565106987,"endEpochMs":1787565107001,"latencyMs":14}
CALIPER_TX_LATENCY {"workerIndex":2,"roundIndex":1,"roundLabel":"clients-4-read","transactionId":"b5d58fb361ec21d3319e9462b8d8cc79052e46b7e5d8678ff750a1914b82e8fb","status":"success","startEpochMs":1787565107987,"endEpochMs":1787565108024,"latencyMs":37}
CALIPER_TX_LATENCY {"workerIndex":0,"roundIndex":1,"roundLabel":"clients-4-read","transactionId":"c79e7490d092847ecf0584880a887095a97ae86cdbc4038be37014c3f7047461","status":"success","startEpochMs":1787565107988,"endEpochMs":1787565108024,"latencyMs":36}
CALIPER_TX_LATENCY {"workerIndex":1,"roundIndex":1,"roundLabel":"clients-4-read","transactionId":"5dbc61f9d2b1165c293e05c5b2bf2f5d39d7e4e92e562ee95f550b5a719b4af0","status":"success","startEpochMs":1787565107987,"endEpochMs":1787565108024,"latencyMs":37}
CALIPER_TX_LATENCY {"workerIndex":3,"roundIndex":1,"roundLabel":"clients-4-read","transactionId":"37af41106d0be6673ad38e1046865e32ede99b21e7529bc61e4ed95c09d3106f","status":"success","startEpochMs":1787565107987,"endEpochMs":1787565108025,"latencyMs":38}
CALIPER_TX_LATENCY {"workerIndex":0,"roundIndex":1,"roundLabel":"clients-4-read","transactionId":"f5f4d9bf43c9fad6bac8f0f29ce5ebc1e7404361eaf2dafe8637651fd33aa5bc","status":"success","startEpochMs":1787565108987,"endEpochMs":1787565109006,"latencyMs":19}
CALIPER_TX_LATENCY {"workerIndex":3,"roundIndex":1,"roundLabel":"clients-4-read","transactionId":"2b43398e5d7d44eb51fca61b98e2a794f436aee08fd0eb8aa7bdaf6db81876e6","status":"success","startEpochMs":1787565108987,"endEpochMs":1787565109006,"latencyMs":19}
CALIPER_TX_LATENCY {"workerIndex":1,"roundIndex":1,"roundLabel":"clients-4-read","transactionId":"9b6864804f452326e80d66a4256b589d35b3a1da7aebbcfacddbb1488a7a708f","status":"success","startEpochMs":1787565108988,"endEpochMs":1787565109006,"latencyMs":18}
CALIPER_TX_LATENCY {"workerIndex":2,"roundIndex":1,"roundLabel":"clients-4-read","transactionId":"9663b48725c09b8a083e1e883711bff56e4d607f7aec5c10b18a8247ed9fbcf6","status":"success","startEpochMs":1787565108988,"endEpochMs":1787565109008,"latencyMs":20}
CALIPER_TX_LATENCY {"workerIndex":0,"roundIndex":1,"roundLabel":"clients-4-read","transactionId":"2e57b6ee1abd482fb14d76ebb69cf638adb5758613774720ef417252a55b653d","status":"success","startEpochMs":1787565109987,"endEpochMs":1787565110001,"latencyMs":14}
CALIPER_TX_LATENCY {"workerIndex":2,"roundIndex":1,"roundLabel":"clients-4-read","transactionId":"5faec9194c90eb6bdf9cc024702d9ea22bf0b1addff4dc620e61f0eb214a651d","status":"success","startEpochMs":1787565109986,"endEpochMs":1787565110001,"latencyMs":15}
CALIPER_TX_LATENCY {"workerIndex":1,"roundIndex":1,"roundLabel":"clients-4-read","transactionId":"1c6a638e5594edbbcd3c424382df166e80304cb2cefbf7097efda37ff2f1e3eb","status":"success","startEpochMs":1787565109985,"endEpochMs":1787565110001,"latencyMs":16}
CALIPER_TX_LATENCY {"workerIndex":3,"roundIndex":1,"roundLabel":"clients-4-read","transactionId":"1e42ebd486e5bb3d5dbc0c50fb381f42dde9a4da5cc113b38aca7d65943532af","status":"success","startEpochMs":1787565109987,"endEpochMs":1787565110001,"latencyMs":14}
2026.08.24-15:21:50.986[32m info [39m [caliper] [default-observer] 	[clients-4-read Round 1 Transaction Info] - Submitted: 120 Succ: 117 Fail:0 Unfinished:3
CALIPER_TX_LATENCY {"workerIndex":0,"roundIndex":1,"roundLabel":"clients-4-read","transactionId":"a59b1a17410b82c5ffd422dd657b470851bccab42e775830a24a5420088de5f6","status":"success","startEpochMs":1787565110986,"endEpochMs":1787565111003,"latencyMs":17}
CALIPER_TX_LATENCY {"workerIndex":1,"roundIndex":1,"roundLabel":"clients-4-read","transactionId":"a900876d6088dc46754efb1ce79f921b8f10e58a36a31f3fb2d82fd19116ba1c","status":"success","startEpochMs":1787565110986,"endEpochMs":1787565111003,"latencyMs":17}
CALIPER_TX_LATENCY {"workerIndex":2,"roundIndex":1,"roundLabel":"clients-4-read","transactionId":"4e867f4eea158ee7a1ac0a107a35bc42e46c0e389583c51090dd2abddaa83ef7","status":"success","startEpochMs":1787565110986,"endEpochMs":1787565111004,"latencyMs":18}
CALIPER_TX_LATENCY {"workerIndex":3,"roundIndex":1,"roundLabel":"clients-4-read","transactionId":"180315133281efe5925c224b30f18e8fe7a59bd5bcae8b85eb872208dff470a2","status":"success","startEpochMs":1787565110987,"endEpochMs":1787565111004,"latencyMs":17}
CALIPER_TX_LATENCY {"workerIndex":1,"roundIndex":1,"roundLabel":"clients-4-read","transactionId":"ab8b6a0e882592b448763ce4b101b7e68414b21ff16c575a9b2e70245ad64d2f","status":"success","startEpochMs":1787565111986,"endEpochMs":1787565111998,"latencyMs":12}
CALIPER_TX_LATENCY {"workerIndex":0,"roundIndex":1,"roundLabel":"clients-4-read","transactionId":"90d83c603b554c3ef93cb3a5709e3eaa38b4b557957ce45b70bb9c8297e6a1c5","status":"success","startEpochMs":1787565111986,"endEpochMs":1787565111998,"latencyMs":12}
CALIPER_TX_LATENCY {"workerIndex":3,"roundIndex":1,"roundLabel":"clients-4-read","transactionId":"1fce2b69c3fb783cd38dece41661c6c18d09cd13b89b71cc3fd99927f1325cfd","status":"success","startEpochMs":1787565111986,"endEpochMs":1787565111998,"latencyMs":12}
CALIPER_TX_LATENCY {"workerIndex":2,"roundIndex":1,"roundLabel":"clients-4-read","transactionId":"7e382abb9d6663cc4b792e4fd78d66942debd9a3ee4699d43facc46dfe6b5fed","status":"success","startEpochMs":1787565111986,"endEpochMs":1787565111998,"latencyMs":12}
CALIPER_TX_LATENCY {"workerIndex":2,"roundIndex":1,"roundLabel":"clients-4-read","transactionId":"db6c927a49d53debd10c66e2aed8a7936a991041a758586bd209b88531933245","status":"success","startEpochMs":1787565112986,"endEpochMs":1787565113005,"latencyMs":19}
CALIPER_TX_LATENCY {"workerIndex":3,"roundIndex":1,"roundLabel":"clients-4-read","transactionId":"06bd3d55deedcef4774509c1994c0b12fbc730a0ae6bcf0e15e003be8e0e2114","status":"success","startEpochMs":1787565112987,"endEpochMs":1787565113005,"latencyMs":18}
CALIPER_TX_LATENCY {"workerIndex":1,"roundIndex":1,"roundLabel":"clients-4-read","transactionId":"2b3881e8b0f76048a0ce6eb14c3c0b73a59c827b3b9961262ca649fecc2704b2","status":"success","startEpochMs":1787565112986,"endEpochMs":1787565113005,"latencyMs":19}
CALIPER_TX_LATENCY {"workerIndex":0,"roundIndex":1,"roundLabel":"clients-4-read","transactionId":"d3cb4ff9fb21c7c39a6e6670e296623bb556c5d4d98eaa81d6d86fa11050eedb","status":"success","startEpochMs":1787565112986,"endEpochMs":1787565113005,"latencyMs":19}
CALIPER_TX_LATENCY {"workerIndex":1,"roundIndex":1,"roundLabel":"clients-4-read","transactionId":"d0e7164b637927c1f3f9eb157fa1b85d1631648b4eab557f348576b5e8a7462e","status":"success","startEpochMs":1787565113986,"endEpochMs":1787565114002,"latencyMs":16}
CALIPER_TX_LATENCY {"workerIndex":3,"roundIndex":1,"roundLabel":"clients-4-read","transactionId":"c182387d35c5f097624666e9baf9c625d4e172619377dd3838975f2086dd8a69","status":"success","startEpochMs":1787565113987,"endEpochMs":1787565114002,"latencyMs":15}
CALIPER_TX_LATENCY {"workerIndex":2,"roundIndex":1,"roundLabel":"clients-4-read","transactionId":"05b4aef149ff1d5874b2fc9a1b199e0f76f9b9473d6ad735512d9eafe76e0c13","status":"success","startEpochMs":1787565113986,"endEpochMs":1787565114002,"latencyMs":16}
CALIPER_TX_LATENCY {"workerIndex":0,"roundIndex":1,"roundLabel":"clients-4-read","transactionId":"3962a144457d06664b1e5b99c0ff32ca751337cddf7fec4fa8a8965144c858ea","status":"success","startEpochMs":1787565113986,"endEpochMs":1787565114002,"latencyMs":16}
CALIPER_TX_LATENCY {"workerIndex":2,"roundIndex":1,"roundLabel":"clients-4-read","transactionId":"c1275336cfda651fb01a4fd4eecd27d0de6cf899dba33ff388752ac685fb8a38","status":"success","startEpochMs":1787565114987,"endEpochMs":1787565115005,"latencyMs":18}
CALIPER_TX_LATENCY {"workerIndex":0,"roundIndex":1,"roundLabel":"clients-4-read","transactionId":"7f4db4856432f231cdf7e101d02c01a4ec5b403c2f74451b9145d37bbb6dbea0","status":"success","startEpochMs":1787565114987,"endEpochMs":1787565115006,"latencyMs":19}
CALIPER_TX_LATENCY {"workerIndex":3,"roundIndex":1,"roundLabel":"clients-4-read","transactionId":"425c3c05438a72fc0c00510c092c62597bc26b9485660c4afbf5d608fa047ab7","status":"success","startEpochMs":1787565114988,"endEpochMs":1787565115007,"latencyMs":19}
CALIPER_TX_LATENCY {"workerIndex":1,"roundIndex":1,"roundLabel":"clients-4-read","transactionId":"1ea1bb72b708cf9da06eaaae9e93249f71083d8a65ab548f4346cb5a0feb49c6","status":"success","startEpochMs":1787565114987,"endEpochMs":1787565115007,"latencyMs":20}
2026.08.24-15:21:55.986[32m info [39m [caliper] [default-observer] 	[clients-4-read Round 1 Transaction Info] - Submitted: 140 Succ: 137 Fail:0 Unfinished:3
CALIPER_TX_LATENCY {"workerIndex":1,"roundIndex":1,"roundLabel":"clients-4-read","transactionId":"ee4ca840f025a13455e2754a8869d39ecc01cf3ef2f5820c63e82d3a7a88961b","status":"success","startEpochMs":1787565115987,"endEpochMs":1787565116006,"latencyMs":19}
CALIPER_TX_LATENCY {"workerIndex":2,"roundIndex":1,"roundLabel":"clients-4-read","transactionId":"9b0638ca3f8d1b57b72b115c36eed74e2c0b1f1ee842ff82f80df4b7c9ba36d1","status":"success","startEpochMs":1787565115987,"endEpochMs":1787565116006,"latencyMs":19}
CALIPER_TX_LATENCY {"workerIndex":0,"roundIndex":1,"roundLabel":"clients-4-read","transactionId":"786207603551e7ab6d9139f01fa6869a2e3fab6bcdb36708a6b14839c23a6905","status":"success","startEpochMs":1787565115988,"endEpochMs":1787565116007,"latencyMs":19}
CALIPER_TX_LATENCY {"workerIndex":3,"roundIndex":1,"roundLabel":"clients-4-read","transactionId":"e47db11b07930e2c8a4c2ed2db95de20e635d657ffa1769569ed9a2ce9e87030","status":"success","startEpochMs":1787565115986,"endEpochMs":1787565116007,"latencyMs":21}
CALIPER_TX_LATENCY {"workerIndex":2,"roundIndex":1,"roundLabel":"clients-4-read","transactionId":"bb86dbc6bff4c79eb9c28f5f858378db0b9e3bb8dfdb32b98d26225c67a179bf","status":"success","startEpochMs":1787565116988,"endEpochMs":1787565117003,"latencyMs":15}
CALIPER_TX_LATENCY {"workerIndex":3,"roundIndex":1,"roundLabel":"clients-4-read","transactionId":"ea0fe3bd480e4317bdd6b07745898abf5d4a1c25ffeb4f85640aaf4beb132ae9","status":"success","startEpochMs":1787565116986,"endEpochMs":1787565117003,"latencyMs":17}
CALIPER_TX_LATENCY {"workerIndex":1,"roundIndex":1,"roundLabel":"clients-4-read","transactionId":"81bb258fcbf3b9b50baaa1b725062a9112ca367d44b286a8cf2c6957bb0a307d","status":"success","startEpochMs":1787565116986,"endEpochMs":1787565117003,"latencyMs":17}
CALIPER_TX_LATENCY {"workerIndex":0,"roundIndex":1,"roundLabel":"clients-4-read","transactionId":"0f14a31dd8220d35adcdcf922eb507f380f3b4d18b04cc1dc02b2193b20b0a04","status":"success","startEpochMs":1787565116986,"endEpochMs":1787565117003,"latencyMs":17}
CALIPER_TX_LATENCY {"workerIndex":0,"roundIndex":1,"roundLabel":"clients-4-read","transactionId":"2e80d9c4742e2934884d52512ec90703e5bb8f02e3eca847b49a3a62473cf244","status":"success","startEpochMs":1787565117987,"endEpochMs":1787565118004,"latencyMs":17}
CALIPER_TX_LATENCY {"workerIndex":2,"roundIndex":1,"roundLabel":"clients-4-read","transactionId":"ea3a4832d528019cebbcfa10f03ba711f873c267dbb9f224f9b1bc430471d0c9","status":"success","startEpochMs":1787565117986,"endEpochMs":1787565118004,"latencyMs":18}
CALIPER_TX_LATENCY {"workerIndex":1,"roundIndex":1,"roundLabel":"clients-4-read","transactionId":"64f446ccf3ebe50f7bf75884b97ab27615af68362f37e465b6922564b7f6abfb","status":"success","startEpochMs":1787565117987,"endEpochMs":1787565118004,"latencyMs":17}
CALIPER_TX_LATENCY {"workerIndex":3,"roundIndex":1,"roundLabel":"clients-4-read","transactionId":"814d370edee30af902693f0b3cfab0987662f7dfb71c3265a985fa860e187460","status":"success","startEpochMs":1787565117986,"endEpochMs":1787565118004,"latencyMs":18}
CALIPER_TX_LATENCY {"workerIndex":2,"roundIndex":1,"roundLabel":"clients-4-read","transactionId":"7cb4d24257fb987e57f7c5e1feecf6d00d77cad5ac21e2dabc4aaa179315d523","status":"success","startEpochMs":1787565118988,"endEpochMs":1787565119009,"latencyMs":21}
CALIPER_TX_LATENCY {"workerIndex":3,"roundIndex":1,"roundLabel":"clients-4-read","transactionId":"5a5e4a09e06d4ab3f6bf7357ae470abdb530ec5debad9da7471808645c08f39f","status":"success","startEpochMs":1787565118988,"endEpochMs":1787565119009,"latencyMs":21}
CALIPER_TX_LATENCY {"workerIndex":0,"roundIndex":1,"roundLabel":"clients-4-read","transactionId":"92dbea3e074156d70ba2e1e5101555ecbf2bec1c5633de9145da9d971496927c","status":"success","startEpochMs":1787565118987,"endEpochMs":1787565119009,"latencyMs":22}
CALIPER_TX_LATENCY {"workerIndex":1,"roundIndex":1,"roundLabel":"clients-4-read","transactionId":"213aaf6e8de8d98f0b2cee357047b9ab47a2e8e76bbd6353df088bca30c5c036","status":"success","startEpochMs":1787565118988,"endEpochMs":1787565119009,"latencyMs":21}
CALIPER_TX_LATENCY {"workerIndex":1,"roundIndex":1,"roundLabel":"clients-4-read","transactionId":"777084cccd919ed04ae5c80831c5383b3dccea3c7689f67a1bc048c16dcc67b3","status":"success","startEpochMs":1787565119986,"endEpochMs":1787565120009,"latencyMs":23}
CALIPER_TX_LATENCY {"workerIndex":0,"roundIndex":1,"roundLabel":"clients-4-read","transactionId":"457dda3f0d1c8cf71c5cbdde60e05ca13c67b2ab60643acc916e65d354d89cc4","status":"success","startEpochMs":1787565119986,"endEpochMs":1787565120009,"latencyMs":23}
CALIPER_TX_LATENCY {"workerIndex":3,"roundIndex":1,"roundLabel":"clients-4-read","transactionId":"fa6aaa405ce3a69f2837d15328826042c43fd2704b9fc1ceec73675d76fa34a5","status":"success","startEpochMs":1787565119988,"endEpochMs":1787565120009,"latencyMs":21}
CALIPER_TX_LATENCY {"workerIndex":2,"roundIndex":1,"roundLabel":"clients-4-read","transactionId":"99d42a9fbe10f2670cdbdeb138aea0d07260ac0efe16cd987d54a3bd1837a42d","status":"success","startEpochMs":1787565119986,"endEpochMs":1787565120009,"latencyMs":23}
2026.08.24-15:22:00.989[32m info [39m [caliper] [default-observer] 	[clients-4-read Round 1 Transaction Info] - Submitted: 160 Succ: 157 Fail:0 Unfinished:3
CALIPER_TX_LATENCY {"workerIndex":2,"roundIndex":1,"roundLabel":"clients-4-read","transactionId":"393adc015927a4becd4eb91898cf6350cd1228e232bab8f514c579474b9fee14","status":"success","startEpochMs":1787565120987,"endEpochMs":1787565121007,"latencyMs":20}
CALIPER_TX_LATENCY {"workerIndex":3,"roundIndex":1,"roundLabel":"clients-4-read","transactionId":"898f3fb3c137376eaee3f3a4760efe29f1d832d89b7f133219b5772dfade212d","status":"success","startEpochMs":1787565120990,"endEpochMs":1787565121007,"latencyMs":17}
CALIPER_TX_LATENCY {"workerIndex":1,"roundIndex":1,"roundLabel":"clients-4-read","transactionId":"3553ee3ac53ade8cd701aba5b9ea27c48b18e32c2e3b1591165e621a1fd4d986","status":"success","startEpochMs":1787565120987,"endEpochMs":1787565121007,"latencyMs":20}
CALIPER_TX_LATENCY {"workerIndex":0,"roundIndex":1,"roundLabel":"clients-4-read","transactionId":"a2863c802b51a4083edd56356cceb509bec2f2b0d959eda481d2d052e7a6db6d","status":"success","startEpochMs":1787565120987,"endEpochMs":1787565121007,"latencyMs":20}
CALIPER_TX_LATENCY {"workerIndex":3,"roundIndex":1,"roundLabel":"clients-4-read","transactionId":"7b60d74297ef7bd278754254680402b3b0f9786086056cd967e8e909a334f012","status":"success","startEpochMs":1787565121986,"endEpochMs":1787565121996,"latencyMs":10}
CALIPER_TX_LATENCY {"workerIndex":2,"roundIndex":1,"roundLabel":"clients-4-read","transactionId":"dd554ecadcd245ee79bc39113ab789ebfda51a5db275dc6b90d4c008912ad288","status":"success","startEpochMs":1787565121986,"endEpochMs":1787565121996,"latencyMs":10}
CALIPER_TX_LATENCY {"workerIndex":1,"roundIndex":1,"roundLabel":"clients-4-read","transactionId":"41faba55ffdab0597fb3228ed044a0a499d9600e8534571e3b37578fb3fa8372","status":"success","startEpochMs":1787565121986,"endEpochMs":1787565121996,"latencyMs":10}
CALIPER_TX_LATENCY {"workerIndex":0,"roundIndex":1,"roundLabel":"clients-4-read","transactionId":"34828664a136a483556a150430edb7fb102aafb87c7da62b4be551727c1eb4da","status":"success","startEpochMs":1787565121986,"endEpochMs":1787565121997,"latencyMs":11}
CALIPER_TX_LATENCY {"workerIndex":3,"roundIndex":1,"roundLabel":"clients-4-read","transactionId":"f002bf528545aefe3b8eb2d5bc8cb74617cb3b12efdd213337f4d6b988f73e62","status":"success","startEpochMs":1787565122987,"endEpochMs":1787565123002,"latencyMs":15}
CALIPER_TX_LATENCY {"workerIndex":1,"roundIndex":1,"roundLabel":"clients-4-read","transactionId":"bf1a2ac0b1dad9f5af69e0d5c652c95945ef2b5e01d3f6bd3f8ab289ed7a30e3","status":"success","startEpochMs":1787565122987,"endEpochMs":1787565123003,"latencyMs":16}
CALIPER_TX_LATENCY {"workerIndex":0,"roundIndex":1,"roundLabel":"clients-4-read","transactionId":"c1c88163bc2db4eea035a793ab3bb512c2d3e92e908472e364f0be3092d04c4b","status":"success","startEpochMs":1787565122986,"endEpochMs":1787565123003,"latencyMs":17}
CALIPER_TX_LATENCY {"workerIndex":2,"roundIndex":1,"roundLabel":"clients-4-read","transactionId":"5a35a3f4d46355723be84a82f0e9b39e039b9fe2c98aa69c9a5e017221ca1cba","status":"success","startEpochMs":1787565122987,"endEpochMs":1787565123003,"latencyMs":16}
CALIPER_TX_LATENCY {"workerIndex":0,"roundIndex":1,"roundLabel":"clients-4-read","transactionId":"4b1fcc69e22f6d7a451a107ad3346aeaeef846edc217d4548b963b415a7bf392","status":"success","startEpochMs":1787565123986,"endEpochMs":1787565124006,"latencyMs":20}
CALIPER_TX_LATENCY {"workerIndex":1,"roundIndex":1,"roundLabel":"clients-4-read","transactionId":"6028b7459d69ee567734bb887ca12ee1bf2f001644f0931621c1bb564e10c5be","status":"success","startEpochMs":1787565123986,"endEpochMs":1787565124006,"latencyMs":20}
CALIPER_TX_LATENCY {"workerIndex":2,"roundIndex":1,"roundLabel":"clients-4-read","transactionId":"985f2e6151bbed369fd16fb5cd068a02f8713ca9e822c97580f1edb26f67c0d1","status":"success","startEpochMs":1787565123986,"endEpochMs":1787565124006,"latencyMs":20}
CALIPER_TX_LATENCY {"workerIndex":3,"roundIndex":1,"roundLabel":"clients-4-read","transactionId":"a8648580154c5650a272bdb0c88f71865fe380469fc941483e33a17ede5e9e79","status":"success","startEpochMs":1787565123986,"endEpochMs":1787565124006,"latencyMs":20}
CALIPER_TX_LATENCY {"workerIndex":3,"roundIndex":1,"roundLabel":"clients-4-read","transactionId":"196df11e58e0070dde1a5424ab138c8063cf002c3a4628bdc667060f0ac60852","status":"success","startEpochMs":1787565124987,"endEpochMs":1787565125008,"latencyMs":21}
CALIPER_TX_LATENCY {"workerIndex":2,"roundIndex":1,"roundLabel":"clients-4-read","transactionId":"4828ab120d20d339d8f8fc2f557d7286d294c717cc0b3de7f50c0c746f45678c","status":"success","startEpochMs":1787565124988,"endEpochMs":1787565125008,"latencyMs":20}
CALIPER_TX_LATENCY {"workerIndex":1,"roundIndex":1,"roundLabel":"clients-4-read","transactionId":"e4be64cf9682b56b4caf7a3f9983de03ac695eb89645fea6114c62eede1a780e","status":"success","startEpochMs":1787565124986,"endEpochMs":1787565125008,"latencyMs":22}
CALIPER_TX_LATENCY {"workerIndex":0,"roundIndex":1,"roundLabel":"clients-4-read","transactionId":"9bcdc07315df69c0c180c5e4323b0c4931fd3c76cc3955111f9bb00c0ca6ad8b","status":"success","startEpochMs":1787565124988,"endEpochMs":1787565125008,"latencyMs":20}
2026.08.24-15:22:05.992[32m info [39m [caliper] [default-observer] 	[clients-4-read Round 1 Transaction Info] - Submitted: 180 Succ: 180 Fail:0 Unfinished:0
CALIPER_TX_LATENCY {"workerIndex":3,"roundIndex":1,"roundLabel":"clients-4-read","transactionId":"d6a5492650202f09c569272f4afbaf89e5f2279349c88025eba6fe5d0091b180","status":"success","startEpochMs":1787565125986,"endEpochMs":1787565126005,"latencyMs":19}
CALIPER_TX_LATENCY {"workerIndex":1,"roundIndex":1,"roundLabel":"clients-4-read","transactionId":"9a4d468ea1bab8ad2db78ae8e99a3fcf1999e66ba2e110af8901785a78836802","status":"success","startEpochMs":1787565125987,"endEpochMs":1787565126005,"latencyMs":18}
CALIPER_TX_LATENCY {"workerIndex":2,"roundIndex":1,"roundLabel":"clients-4-read","transactionId":"04b690871720fcdfa1b578d474b18d0e463217f0144167f7c38faf0abaee721a","status":"success","startEpochMs":1787565125986,"endEpochMs":1787565126005,"latencyMs":19}
CALIPER_TX_LATENCY {"workerIndex":0,"roundIndex":1,"roundLabel":"clients-4-read","transactionId":"5860c73e860ed3d1a564dc1a5e669ad6f2ca778ffe73d7bc251c3c004da4b4c2","status":"success","startEpochMs":1787565125986,"endEpochMs":1787565126005,"latencyMs":19}
2026.08.24-15:22:07.090[32m info [39m [caliper] [connectors/peer-gateway/PeerGateway] 	disconnecting gateway for user io.krishnan
2026.08.24-15:22:07.090[32m info [39m [caliper] [connectors/peer-gateway/PeerGateway] 	disconnecting gateway for user insp.rathore
2026.08.24-15:22:07.090[32m info [39m [caliper] [connectors/peer-gateway/PeerGateway] 	disconnecting gateway for user insp.singh
2026.08.24-15:22:07.090[32m info [39m [caliper] [connectors/peer-gateway/PeerGateway] 	disconnecting gateway for user const.verma
2026.08.24-15:22:07.090[32m info [39m [caliper] [connectors/peer-gateway/PeerGateway] 	disconnecting gateway for user insp.sharma
2026.08.24-15:22:07.090[32m info [39m [caliper] [connectors/peer-gateway/PeerGateway] 	disconnecting gateway for user _AuditMSP_aud.qureshi
2026.08.24-15:22:07.090[32m info [39m [caliper] [connectors/peer-gateway/PeerGateway] 	disconnecting gateway for user io.krishnan
2026.08.24-15:22:07.090[32m info [39m [caliper] [connectors/peer-gateway/PeerGateway] 	disconnecting gateway for user io.krishnan
2026.08.24-15:22:07.090[32m info [39m [caliper] [connectors/peer-gateway/PeerGateway] 	disconnecting gRpc client at peer PoliceMSP_localhost:7051
2026.08.24-15:22:07.090[32m info [39m [caliper] [connectors/peer-gateway/PeerGateway] 	disconnecting gateway for user insp.rathore
2026.08.24-15:22:07.090[32m info [39m [caliper] [connectors/peer-gateway/PeerGateway] 	disconnecting gateway for user insp.singh
2026.08.24-15:22:07.090[32m info [39m [caliper] [connectors/peer-gateway/PeerGateway] 	disconnecting gateway for user const.verma
2026.08.24-15:22:07.090[32m info [39m [caliper] [connectors/peer-gateway/PeerGateway] 	disconnecting gateway for user insp.rathore
2026.08.24-15:22:07.090[32m info [39m [caliper] [connectors/peer-gateway/PeerGateway] 	disconnecting gateway for user insp.sharma
2026.08.24-15:22:07.090[32m info [39m [caliper] [connectors/peer-gateway/PeerGateway] 	disconnecting gateway for user _AuditMSP_aud.qureshi
2026.08.24-15:22:07.090[32m info [39m [caliper] [connectors/peer-gateway/PeerGateway] 	disconnecting gRpc client at peer PoliceMSP_localhost:7051
2026.08.24-15:22:07.090[32m info [39m [caliper] [connectors/peer-gateway/PeerGateway] 	disconnecting gateway for user insp.singh
2026.08.24-15:22:07.090[32m info [39m [caliper] [connectors/peer-gateway/PeerGateway] 	disconnecting gRpc client at peer AuditMSP_localhost:11051
2026.08.24-15:22:07.090[32m info [39m [caliper] [connectors/peer-gateway/PeerGateway] 	disconnecting gateway for user const.verma
2026.08.24-15:22:07.090[32m info [39m [caliper] [worker-message-handler] 	Worker#0 finished Round#1
2026.08.24-15:22:07.090[32m info [39m [caliper] [connectors/peer-gateway/PeerGateway] 	disconnecting gateway for user insp.sharma
2026.08.24-15:22:07.090[32m info [39m [caliper] [connectors/peer-gateway/PeerGateway] 	disconnecting gateway for user _AuditMSP_aud.qureshi
2026.08.24-15:22:07.090[32m info [39m [caliper] [connectors/peer-gateway/PeerGateway] 	disconnecting gRpc client at peer AuditMSP_localhost:11051
2026.08.24-15:22:07.091[32m info [39m [caliper] [worker-message-handler] 	Worker#3 finished Round#1
2026.08.24-15:22:07.091[32m info [39m [caliper] [connectors/peer-gateway/PeerGateway] 	disconnecting gRpc client at peer PoliceMSP_localhost:7051
2026.08.24-15:22:07.091[32m info [39m [caliper] [connectors/peer-gateway/PeerGateway] 	disconnecting gRpc client at peer AuditMSP_localhost:11051
2026.08.24-15:22:07.091[32m info [39m [caliper] [worker-message-handler] 	Worker#2 finished Round#1
2026.08.24-15:22:07.091[32m info [39m [caliper] [connectors/peer-gateway/PeerGateway] 	disconnecting gateway for user io.krishnan
2026.08.24-15:22:07.091[32m info [39m [caliper] [connectors/peer-gateway/PeerGateway] 	disconnecting gateway for user insp.rathore
2026.08.24-15:22:07.091[32m info [39m [caliper] [connectors/peer-gateway/PeerGateway] 	disconnecting gateway for user insp.singh
2026.08.24-15:22:07.091[32m info [39m [caliper] [connectors/peer-gateway/PeerGateway] 	disconnecting gateway for user const.verma
2026.08.24-15:22:07.091[32m info [39m [caliper] [connectors/peer-gateway/PeerGateway] 	disconnecting gateway for user insp.sharma
2026.08.24-15:22:07.091[32m info [39m [caliper] [connectors/peer-gateway/PeerGateway] 	disconnecting gateway for user _AuditMSP_aud.qureshi
2026.08.24-15:22:07.091[32m info [39m [caliper] [connectors/peer-gateway/PeerGateway] 	disconnecting gRpc client at peer PoliceMSP_localhost:7051
2026.08.24-15:22:07.092[32m info [39m [caliper] [connectors/peer-gateway/PeerGateway] 	disconnecting gRpc client at peer AuditMSP_localhost:11051
2026.08.24-15:22:07.092[32m info [39m [caliper] [worker-message-handler] 	Worker#1 finished Round#1
2026.08.24-15:22:12.094[32m info [39m [caliper] [default-observer] 	Resetting txCount indicator count
2026.08.24-15:22:12.094[32m info [39m [caliper] [report-builder] 	### Test result ###
2026.08.24-15:22:12.095[32m info [39m [caliper] [report-builder] 	
+----------------+------+------+-----------------+-----------------+-----------------+-----------------+------------------+
| Name           | Succ | Fail | Send Rate (TPS) | Max Latency (s) | Min Latency (s) | Avg Latency (s) | Throughput (TPS) |
|----------------|------|------|-----------------|-----------------|-----------------|-----------------|------------------|
| clients-4-read | 184  | 0    | 4.1             | 0.04            | 0.01            | 0.02            | 4.1              |
+----------------+------+------+-----------------+-----------------+-----------------+-----------------+------------------+

2026.08.24-15:22:12.120[32m info [39m [caliper] [report-builder] 	### prometheus resource stats ###'
2026.08.24-15:22:12.122[32m info [39m [caliper] [report-builder] 	
+--------------------------------------------------+-------------------------------------------------------------------------------------------------------------------------------------------------------------------------------------------------------------------------------------------------------------------------------------------------+------------------------------------+--------+
| Metric                                           | Prometheus Query                                                                                                                                                                                                                                                                                | Name                               | Value  |
|--------------------------------------------------|-------------------------------------------------------------------------------------------------------------------------------------------------------------------------------------------------------------------------------------------------------------------------------------------------|------------------------------------|--------|
| Process resident memory (MiB, max)               | process_resident_memory_bytes{job=~"fabric-.*"}                                                                                                                                                                                                                                                 | orderer.example.com:9443           | 61.0   |
|--------------------------------------------------|-------------------------------------------------------------------------------------------------------------------------------------------------------------------------------------------------------------------------------------------------------------------------------------------------|------------------------------------|--------|
|                                                  |                                                                                                                                                                                                                                                                                                 | peer0.audit.example.com:9448       | 132    |
|--------------------------------------------------|-------------------------------------------------------------------------------------------------------------------------------------------------------------------------------------------------------------------------------------------------------------------------------------------------|------------------------------------|--------|
|                                                  |                                                                                                                                                                                                                                                                                                 | peer0.court.example.com:9447       | 132    |
|--------------------------------------------------|-------------------------------------------------------------------------------------------------------------------------------------------------------------------------------------------------------------------------------------------------------------------------------------------------|------------------------------------|--------|
|                                                  |                                                                                                                                                                                                                                                                                                 | peer0.forensics.example.com:9445   | 131    |
|--------------------------------------------------|-------------------------------------------------------------------------------------------------------------------------------------------------------------------------------------------------------------------------------------------------------------------------------------------------|------------------------------------|--------|
|                                                  |                                                                                                                                                                                                                                                                                                 | peer0.police.example.com:9444      | 139    |
|--------------------------------------------------|-------------------------------------------------------------------------------------------------------------------------------------------------------------------------------------------------------------------------------------------------------------------------------------------------|------------------------------------|--------|
|                                                  |                                                                                                                                                                                                                                                                                                 | peer0.prosecution.example.com:9446 | 128    |
|--------------------------------------------------|-------------------------------------------------------------------------------------------------------------------------------------------------------------------------------------------------------------------------------------------------------------------------------------------------|------------------------------------|--------|
| Process CPU rate (percent, max)                  | rate(process_cpu_seconds_total{job=~"fabric-.*"}[1m])                                                                                                                                                                                                                                           | orderer.example.com:9443           | 0.273  |
|--------------------------------------------------|-------------------------------------------------------------------------------------------------------------------------------------------------------------------------------------------------------------------------------------------------------------------------------------------------|------------------------------------|--------|
|                                                  |                                                                                                                                                                                                                                                                                                 | peer0.audit.example.com:9448       | 3.29   |
|--------------------------------------------------|-------------------------------------------------------------------------------------------------------------------------------------------------------------------------------------------------------------------------------------------------------------------------------------------------|------------------------------------|--------|
|                                                  |                                                                                                                                                                                                                                                                                                 | peer0.court.example.com:9447       | 3.36   |
|--------------------------------------------------|-------------------------------------------------------------------------------------------------------------------------------------------------------------------------------------------------------------------------------------------------------------------------------------------------|------------------------------------|--------|
|                                                  |                                                                                                                                                                                                                                                                                                 | peer0.forensics.example.com:9445   | 3.31   |
|--------------------------------------------------|-------------------------------------------------------------------------------------------------------------------------------------------------------------------------------------------------------------------------------------------------------------------------------------------------|------------------------------------|--------|
|                                                  |                                                                                                                                                                                                                                                                                                 | peer0.police.example.com:9444      | 4.29   |
|--------------------------------------------------|-------------------------------------------------------------------------------------------------------------------------------------------------------------------------------------------------------------------------------------------------------------------------------------------------|------------------------------------|--------|
|                                                  |                                                                                                                                                                                                                                                                                                 | peer0.prosecution.example.com:9446 | 3.09   |
|--------------------------------------------------|-------------------------------------------------------------------------------------------------------------------------------------------------------------------------------------------------------------------------------------------------------------------------------------------------|------------------------------------|--------|
| Crimerecords endorsement duration (seconds, avg) | sum by (instance) (rate(endorser_proposal_duration_sum{job=~"fabric-.*",channel="crimechannel",chaincode="crimerecords",success="true"}[1m])) / sum by (instance) (rate(endorser_proposal_duration_count{job=~"fabric-.*",channel="crimechannel",chaincode="crimerecords",success="true"}[1m])) | peer0.audit.example.com:9448       | NaN    |
|--------------------------------------------------|-------------------------------------------------------------------------------------------------------------------------------------------------------------------------------------------------------------------------------------------------------------------------------------------------|------------------------------------|--------|
|                                                  |                                                                                                                                                                                                                                                                                                 | peer0.court.example.com:9447       | NaN    |
|--------------------------------------------------|-------------------------------------------------------------------------------------------------------------------------------------------------------------------------------------------------------------------------------------------------------------------------------------------------|------------------------------------|--------|
|                                                  |                                                                                                                                                                                                                                                                                                 | peer0.forensics.example.com:9445   | NaN    |
|--------------------------------------------------|-------------------------------------------------------------------------------------------------------------------------------------------------------------------------------------------------------------------------------------------------------------------------------------------------|------------------------------------|--------|
|                                                  |                                                                                                                                                                                                                                                                                                 | peer0.police.example.com:9444      | 0.0106 |
|--------------------------------------------------|-------------------------------------------------------------------------------------------------------------------------------------------------------------------------------------------------------------------------------------------------------------------------------------------------|------------------------------------|--------|
|                                                  |                                                                                                                                                                                                                                                                                                 | peer0.prosecution.example.com:9446 | NaN    |
|--------------------------------------------------|-------------------------------------------------------------------------------------------------------------------------------------------------------------------------------------------------------------------------------------------------------------------------------------------------|------------------------------------|--------|
| Ledger height (blocks, max)                      | ledger_blockchain_height{job=~"fabric-.*",channel="crimechannel"}                                                                                                                                                                                                                               | orderer.example.com:9443           | 375    |
|--------------------------------------------------|-------------------------------------------------------------------------------------------------------------------------------------------------------------------------------------------------------------------------------------------------------------------------------------------------|------------------------------------|--------|
|                                                  |                                                                                                                                                                                                                                                                                                 | peer0.audit.example.com:9448       | 375    |
|--------------------------------------------------|-------------------------------------------------------------------------------------------------------------------------------------------------------------------------------------------------------------------------------------------------------------------------------------------------|------------------------------------|--------|
|                                                  |                                                                                                                                                                                                                                                                                                 | peer0.court.example.com:9447       | 375    |
|--------------------------------------------------|-------------------------------------------------------------------------------------------------------------------------------------------------------------------------------------------------------------------------------------------------------------------------------------------------|------------------------------------|--------|
|                                                  |                                                                                                                                                                                                                                                                                                 | peer0.forensics.example.com:9445   | 375    |
|--------------------------------------------------|-------------------------------------------------------------------------------------------------------------------------------------------------------------------------------------------------------------------------------------------------------------------------------------------------|------------------------------------|--------|
|                                                  |                                                                                                                                                                                                                                                                                                 | peer0.police.example.com:9444      | 375    |
|--------------------------------------------------|-------------------------------------------------------------------------------------------------------------------------------------------------------------------------------------------------------------------------------------------------------------------------------------------------|------------------------------------|--------|
|                                                  |                                                                                                                                                                                                                                                                                                 | peer0.prosecution.example.com:9446 | 375    |
+--------------------------------------------------+-------------------------------------------------------------------------------------------------------------------------------------------------------------------------------------------------------------------------------------------------------------------------------------------------+------------------------------------+--------+

2026.08.24-15:22:12.123[32m info [39m [caliper] [round-orchestrator] 	Finished round 2 (clients-4-read) in 45.105 seconds
2026.08.24-15:22:12.123[32m info [39m [caliper] [monitor.js] 	Stopping all monitors
2026.08.24-15:22:12.123[32m info [39m [caliper] [report-builder] 	### All test results ###
2026.08.24-15:22:12.124[32m info [39m [caliper] [report-builder] 	
+------------------+------+------+-----------------+-----------------+-----------------+-----------------+------------------+
| Name             | Succ | Fail | Send Rate (TPS) | Max Latency (s) | Min Latency (s) | Avg Latency (s) | Throughput (TPS) |
|------------------|------|------|-----------------|-----------------|-----------------|-----------------|------------------|
| clients-4-warmup | 44   | 0    | 4.4             | 0.06            | 0.01            | 0.02            | 4.4              |
|------------------|------|------|-----------------|-----------------|-----------------|-----------------|------------------|
| clients-4-read   | 184  | 0    | 4.1             | 0.04            | 0.01            | 0.02            | 4.1              |
+------------------+------+------+-----------------+-----------------+-----------------+-----------------+------------------+

2026.08.24-15:22:12.131[32m info [39m [caliper] [report-builder] 	Generated report with path /Users/venkatrayudu/Workspace/XAI workspace/crime-records-network/experiments/runs/2026-08-24T09-50-59-422Z_caliper_latency-clients-4/caliper-report.html
2026.08.24-15:22:12.131[32m info [39m [caliper] [monitor.js] 	Stopping all monitors
2026.08.24-15:22:12.131[32m info [39m [caliper] [worker-orchestrator] 	Sending exit message to connected workers
2026.08.24-15:22:12.131[32m info [39m [caliper] [round-orchestrator] 	Benchmark finished in 72.334 seconds. Total rounds: 2. Successful rounds: 2. Failed rounds: 0.
2026.08.24-15:22:12.131[32m info [39m [caliper] [caliper-engine] 	Skipping end command due to benchmark flow conditioning
2026.08.24-15:22:12.131[32m info [39m [caliper] [cli-launch-manager] 	Benchmark successfully finished!
2026.08.24-15:22:12.132[32m info [39m [caliper] [worker-message-handler] 	Worker#2 is exiting
2026.08.24-15:22:12.132[32m info [39m [caliper] [worker-message-handler] 	Worker#3 is exiting
2026.08.24-15:22:12.132[32m info [39m [caliper] [worker-message-handler] 	Worker#0 is exiting
2026.08.24-15:22:12.132[32m info [39m [caliper] [worker-message-handler] 	Worker#1 is exiting
