epoch_s,machine,container,cpu_cores,mem_bytes
1790343930.619,m4,dias-backend,0.0000,95598673.92
1790343930.619,m4,prometheus,0.0085,110519910.4
1790343930.619,m4,cadvisor-m4,0.0000,27430748.16
1790343930.619,m4,node-exporter-m4,0.0000,10375659.52
1790343930.616,m1,dev-peer0.police.example.com-diasrecords_2.3-adc3472e0c7f6d13d4110347673ef872d67a85cc3bf855bedad93020a127f59f,0.0000,83812679.68
1790343930.616,m1,peer0.police.example.com,0.0203,221878681.6
1790343930.616,m1,couchdb-police,0.0062,98188656.64
1790343930.616,m1,orderer1.example.com,0.0037,69719818.24
1790343930.616,m1,cadvisor-m1,0.0012,26549944.32
1790343930.616,m1,node-exporter-m1,0.0117,9899606.016
1790343930.616,m1,ca-orderer,0.0000,8765046.784
1790343930.616,m1,ca-police,0.0000,9351200.768
1790343930.619,m3,dev-peer0.audit.example.com-diasrecords_2.3-adc3472e0c7f6d13d4110347673ef872d67a85cc3bf855bedad93020a127f59f,0.0000,55857643.52
1790343930.619,m3,dev-peer0.court.example.com-diasrecords_2.3-adc3472e0c7f6d13d4110347673ef872d67a85cc3bf855bedad93020a127f59f,0.0000,79146516.48
1790343930.619,m3,peer0.court.example.com,0.0276,213490073.6
1790343930.619,m3,peer0.audit.example.com,0.0312,207722905.6
1790343930.619,m3,couchdb-court,0.0034,86895493.12
1790343930.619,m3,couchdb-audit,0.0035,153092096.0
1790343930.619,m3,orderer3.example.com,0.0042,53466890.24
1790343930.619,m3,node-exporter-m3,0.0000,20971520.0
1790343930.619,m3,cadvisor-m3,0.0000,39415971.84
1790343930.619,m3,ca-court,0.0000,9022996.48
1790343930.619,m3,ca-audit,0.0000,8929673.216
1790343930.616,m2,dev-peer0.prosecution.example.com-diasrecords_2.3-adc3472e0c7f6d13d4110347673ef872d67a85cc3bf855bedad93020a127f59f,0.0001,76986449.92
1790343930.616,m2,dev-peer0.forensics.example.com-diasrecords_2.3-adc3472e0c7f6d13d4110347673ef872d67a85cc3bf855bedad93020a127f59f,0.0000,78255226.88
1790343930.616,m2,peer0.forensics.example.com,0.0255,201012019.2
1790343930.616,m2,peer0.prosecution.example.com,0.0293,204891750.4
1790343930.616,m2,couchdb-forensics,0.0029,99205775.36
1790343930.616,m2,couchdb-prosecution,0.0037,87986012.16
1790343930.616,m2,orderer2.example.com,0.0030,62799216.64
1790343930.616,m2,node-exporter-m2,0.0000,10141827.072
1790343930.616,m2,cadvisor-m2,0.0000,26791116.8
1790343930.616,m2,ca-forensics,0.0000,9215934.464
1790343930.616,m2,ca-prosecution,0.0000,9064939.52
1790343935.628,m4,dias-backend,0.0000,95598673.92
1790343935.628,m4,prometheus,0.0071,110624768.0
1790343935.628,m4,cadvisor-m4,0.0000,26916945.92
1790343935.628,m4,node-exporter-m4,0.0000,10375659.52
1790343935.622,m1,dev-peer0.police.example.com-diasrecords_2.3-adc3472e0c7f6d13d4110347673ef872d67a85cc3bf855bedad93020a127f59f,0.0000,83812679.68
1790343935.622,m1,peer0.police.example.com,0.0089,221878681.6
1790343935.622,m1,couchdb-police,0.0274,98345943.04
1790343935.622,m1,orderer1.example.com,0.0025,69950504.96
1790343935.622,m1,cadvisor-m1,0.0000,26434600.96
1790343935.622,m1,node-exporter-m1,0.0093,9899606.016
1790343935.622,m1,ca-orderer,0.0000,8765046.784
1790343935.622,m1,ca-police,0.0000,9351200.768
1790343935.623,m2,dev-peer0.prosecution.example.com-diasrecords_2.3-adc3472e0c7f6d13d4110347673ef872d67a85cc3bf855bedad93020a127f59f,0.0000,76986449.92
1790343935.623,m2,dev-peer0.forensics.example.com-diasrecords_2.3-adc3472e0c7f6d13d4110347673ef872d67a85cc3bf855bedad93020a127f59f,0.0000,78255226.88
1790343935.623,m2,peer0.forensics.example.com,0.0090,200907161.6
1790343935.623,m2,peer0.prosecution.example.com,0.0108,199858585.6
1790343935.623,m2,couchdb-forensics,0.0226,99530833.92
1790343935.623,m2,couchdb-prosecution,0.0240,88206213.12
1790343935.623,m2,orderer2.example.com,0.0025,63050874.88
1790343935.623,m2,node-exporter-m2,0.0000,10006560.768
1790343935.623,m2,cadvisor-m2,0.0000,26287800.32
1790343935.623,m2,ca-forensics,0.0000,9215934.464
1790343935.623,m2,ca-prosecution,0.0000,9064939.52
1790343935.626,m3,dev-peer0.audit.example.com-diasrecords_2.3-adc3472e0c7f6d13d4110347673ef872d67a85cc3bf855bedad93020a127f59f,0.0000,55857643.52
1790343935.626,m3,dev-peer0.court.example.com-diasrecords_2.3-adc3472e0c7f6d13d4110347673ef872d67a85cc3bf855bedad93020a127f59f,0.0000,78894858.24
1790343935.626,m3,peer0.court.example.com,0.0091,212965785.6
1790343935.626,m3,peer0.audit.example.com,0.0107,207198617.6
1790343935.626,m3,couchdb-court,0.0239,86811607.04
1790343935.626,m3,couchdb-audit,0.0219,153511526.4
1790343935.626,m3,orderer3.example.com,0.0027,53718548.48
1790343935.626,m3,node-exporter-m3,0.0000,20898119.68
1790343935.626,m3,cadvisor-m3,0.0000,39426457.6
1790343935.626,m3,ca-court,0.0000,9022996.48
1790343935.626,m3,ca-audit,0.0000,8929673.216
1790343940.625,m4,dias-backend,0.0000,95598673.92
1790343940.625,m4,prometheus,0.0094,110519910.4
1790343940.625,m4,cadvisor-m4,0.0000,27179089.92
1790343940.625,m4,node-exporter-m4,0.0000,10375659.52
1790343940.622,m1,dev-peer0.police.example.com-diasrecords_2.3-adc3472e0c7f6d13d4110347673ef872d67a85cc3bf855bedad93020a127f59f,0.0000,83812679.68
1790343940.622,m1,peer0.police.example.com,0.0211,221564108.8
1790343940.622,m1,couchdb-police,0.0072,98429829.12
1790343940.622,m1,orderer1.example.com,0.0046,69971476.48
1790343940.622,m1,cadvisor-m1,0.0000,26686259.2
1790343940.622,m1,node-exporter-m1,0.0141,10423894.016
1790343940.622,m1,ca-orderer,0.0000,8765046.784
1790343940.622,m1,ca-police,0.0000,9351200.768
1790343940.624,m2,dev-peer0.prosecution.example.com-diasrecords_2.3-adc3472e0c7f6d13d4110347673ef872d67a85cc3bf855bedad93020a127f59f,0.0001,76986449.92
1790343940.624,m2,dev-peer0.forensics.example.com-diasrecords_2.3-adc3472e0c7f6d13d4110347673ef872d67a85cc3bf855bedad93020a127f59f,0.0000,78255226.88
1790343940.624,m2,peer0.forensics.example.com,0.0156,201221734.4
1790343940.624,m2,peer0.prosecution.example.com,0.0217,200382873.6
1790343940.624,m2,couchdb-forensics,0.0034,99090432.0
1790343940.624,m2,couchdb-prosecution,0.0046,87986012.16
1790343940.624,m2,orderer2.example.com,0.0034,63313018.88
1790343940.624,m2,node-exporter-m2,0.0000,10506731.52
1790343940.624,m2,cadvisor-m2,0.0000,26539458.56
1790343940.624,m2,ca-forensics,0.0000,9215934.464
1790343940.624,m2,ca-prosecution,0.0000,9064939.52
1790343940.625,m3,dev-peer0.audit.example.com-diasrecords_2.3-adc3472e0c7f6d13d4110347673ef872d67a85cc3bf855bedad93020a127f59f,0.0000,55857643.52
1790343940.625,m3,dev-peer0.court.example.com-diasrecords_2.3-adc3472e0c7f6d13d4110347673ef872d67a85cc3bf855bedad93020a127f59f,0.0000,78894858.24
1790343940.625,m3,peer0.court.example.com,0.0207,213280358.4
1790343940.625,m3,peer0.audit.example.com,0.0148,207198617.6
1790343940.625,m3,couchdb-court,0.0037,86780149.76
1790343940.625,m3,couchdb-audit,0.0041,153511526.4
1790343940.625,m3,orderer3.example.com,0.0032,53204746.24
1790343940.625,m3,node-exporter-m3,0.0000,20929576.96
1790343940.625,m3,cadvisor-m3,0.0000,39678115.84
1790343940.625,m3,ca-court,0.0000,9022996.48
1790343940.625,m3,ca-audit,0.0000,8929673.216
1790343945.643,m4,dias-backend,0.0000,95598673.92
1790343945.643,m4,prometheus,0.0076,110834483.2
1790343945.643,m4,cadvisor-m4,0.0000,27179089.92
1790343945.643,m4,node-exporter-m4,0.0000,10146021.376
1790343945.628,m1,dev-peer0.police.example.com-diasrecords_2.3-adc3472e0c7f6d13d4110347673ef872d67a85cc3bf855bedad93020a127f59f,0.0000,83812679.68
1790343945.628,m1,peer0.police.example.com,0.0273,221878681.6
1790343945.628,m1,couchdb-police,0.0074,98408857.6
1790343945.628,m1,orderer1.example.com,0.0053,69971476.48
1790343945.628,m1,cadvisor-m1,0.0000,26686259.2
1790343945.628,m1,node-exporter-m1,0.0117,10260316.16
1790343945.628,m1,ca-orderer,0.0000,8765046.784
1790343945.628,m1,ca-police,0.0000,9351200.768
1790343945.637,m3,dev-peer0.audit.example.com-diasrecords_2.3-adc3472e0c7f6d13d4110347673ef872d67a85cc3bf855bedad93020a127f59f,0.0000,55857643.52
1790343945.637,m3,dev-peer0.court.example.com-diasrecords_2.3-adc3472e0c7f6d13d4110347673ef872d67a85cc3bf855bedad93020a127f59f,0.0000,78894858.24
1790343945.637,m3,peer0.court.example.com,0.0151,213175500.8
1790343945.637,m3,peer0.audit.example.com,0.0160,207513190.4
1790343945.637,m3,couchdb-court,0.0041,86727720.96
1790343945.637,m3,couchdb-audit,0.0228,153092096.0
1790343945.637,m3,orderer3.example.com,0.0031,53456404.48
1790343945.637,m3,node-exporter-m3,0.0000,20929576.96
1790343945.637,m3,cadvisor-m3,0.0000,39164313.6
1790343945.637,m3,ca-court,0.0000,9022996.48
1790343945.637,m3,ca-audit,0.0000,8929673.216
1790343945.633,m2,dev-peer0.prosecution.example.com-diasrecords_2.3-adc3472e0c7f6d13d4110347673ef872d67a85cc3bf855bedad93020a127f59f,0.0000,76986449.92
1790343945.633,m2,dev-peer0.forensics.example.com-diasrecords_2.3-adc3472e0c7f6d13d4110347673ef872d67a85cc3bf855bedad93020a127f59f,0.0000,78255226.88
1790343945.633,m2,peer0.forensics.example.com,0.0159,201221734.4
1790343945.633,m2,peer0.prosecution.example.com,0.0170,199858585.6
1790343945.633,m2,couchdb-forensics,0.0045,99352576.0
1790343945.633,m2,couchdb-prosecution,0.0047,88174755.84
1790343945.633,m2,orderer2.example.com,0.0042,62809702.4
1790343945.633,m2,node-exporter-m2,0.0000,9842982.912
1790343945.633,m2,cadvisor-m2,0.0000,26287800.32
1790343945.633,m2,ca-forensics,0.0000,9215934.464
1790343945.633,m2,ca-prosecution,0.0000,9064939.52
1790343950.637,m4,dias-backend,0.0000,95598673.92
1790343950.637,m4,prometheus,0.0083,110729625.6
1790343950.637,m4,cadvisor-m4,0.0000,27179089.92
1790343950.637,m4,node-exporter-m4,0.0000,10403971.072
1790343950.633,m1,dev-peer0.police.example.com-diasrecords_2.3-adc3472e0c7f6d13d4110347673ef872d67a85cc3bf855bedad93020a127f59f,0.0000,83812679.68
1790343950.633,m1,peer0.police.example.com,0.0179,221668966.4
1790343950.633,m1,couchdb-police,0.0279,98241085.44
1790343950.633,m1,orderer1.example.com,0.0067,69751275.52
1790343950.633,m1,cadvisor-m1,0.0000,26665287.68
1790343950.633,m1,node-exporter-m1,0.0088,10333716.48
1790343950.633,m1,ca-orderer,0.0000,8765046.784
1790343950.633,m1,ca-police,0.0000,9351200.768
1790343950.633,m3,dev-peer0.audit.example.com-diasrecords_2.3-adc3472e0c7f6d13d4110347673ef872d67a85cc3bf855bedad93020a127f59f,0.0000,55857643.52
1790343950.633,m3,dev-peer0.court.example.com-diasrecords_2.3-adc3472e0c7f6d13d4110347673ef872d67a85cc3bf855bedad93020a127f59f,0.0000,78894858.24
1790343950.633,m3,peer0.court.example.com,0.0221,213175500.8
1790343950.633,m3,peer0.audit.example.com,0.0295,206988902.4
1790343950.633,m3,couchdb-court,0.0246,86853550.08
1790343950.633,m3,couchdb-audit,0.0244,153406668.8
1790343950.633,m3,orderer3.example.com,0.0047,53456404.48
1790343950.633,m3,node-exporter-m3,0.0000,20929576.96
1790343950.633,m3,cadvisor-m3,0.0000,39164313.6
1790343950.633,m3,ca-court,0.0000,9022996.48
1790343950.633,m3,ca-audit,0.0000,8929673.216
1790343950.633,m2,dev-peer0.prosecution.example.com-diasrecords_2.3-adc3472e0c7f6d13d4110347673ef872d67a85cc3bf855bedad93020a127f59f,0.0001,76986449.92
1790343950.633,m2,dev-peer0.forensics.example.com-diasrecords_2.3-adc3472e0c7f6d13d4110347673ef872d67a85cc3bf855bedad93020a127f59f,0.0000,78255226.88
1790343950.633,m2,peer0.forensics.example.com,0.0181,200697446.4
1790343950.633,m2,peer0.prosecution.example.com,0.0192,200592588.8
1790343950.633,m2,couchdb-forensics,0.0234,99237232.64
1790343950.633,m2,couchdb-prosecution,0.0241,88111841.28
1790343950.633,m2,orderer2.example.com,0.0044,62820188.16
1790343950.633,m2,node-exporter-m2,0.0000,9842982.912
1790343950.633,m2,cadvisor-m2,0.0000,26277314.56
1790343950.633,m2,ca-forensics,0.0000,9215934.464
1790343950.633,m2,ca-prosecution,0.0000,9064939.52
1790343955.640,m4,dias-backend,0.0000,95598673.92
1790343955.640,m4,prometheus,0.0051,111149056.0
1790343955.640,m4,cadvisor-m4,0.0000,26906460.16
1790343955.640,m4,node-exporter-m4,0.0000,10391388.16
1790343955.636,m1,dev-peer0.police.example.com-diasrecords_2.3-adc3472e0c7f6d13d4110347673ef872d67a85cc3bf855bedad93020a127f59f,0.0000,83812679.68
1790343955.636,m1,peer0.police.example.com,0.0132,221668966.4
1790343955.636,m1,couchdb-police,0.0066,98010398.72
1790343955.636,m1,orderer1.example.com,0.0037,69751275.52
1790343955.636,m1,cadvisor-m1,0.0006,26916945.92
1790343955.636,m1,node-exporter-m1,0.0117,10622074.88
1790343955.636,m1,ca-orderer,0.0000,8765046.784
1790343955.636,m1,ca-police,0.0000,9351200.768
1790343955.636,m2,dev-peer0.prosecution.example.com-diasrecords_2.3-adc3472e0c7f6d13d4110347673ef872d67a85cc3bf855bedad93020a127f59f,0.0000,76986449.92
1790343955.636,m2,dev-peer0.forensics.example.com-diasrecords_2.3-adc3472e0c7f6d13d4110347673ef872d67a85cc3bf855bedad93020a127f59f,0.0000,78255226.88
1790343955.636,m2,peer0.forensics.example.com,0.0260,200907161.6
1790343955.636,m2,peer0.prosecution.example.com,0.0128,200382873.6
1790343955.636,m2,couchdb-forensics,0.0048,99310632.96
1790343955.636,m2,couchdb-prosecution,0.0053,87986012.16
1790343955.636,m2,orderer2.example.com,0.0032,63061360.64
1790343955.636,m2,node-exporter-m2,0.0000,10129244.16
1790343955.636,m2,cadvisor-m2,0.0007,27053260.8
1790343955.636,m2,ca-forensics,0.0000,9215934.464
1790343955.636,m2,ca-prosecution,0.0000,9064939.52
1790343955.638,m3,dev-peer0.audit.example.com-diasrecords_2.3-adc3472e0c7f6d13d4110347673ef872d67a85cc3bf855bedad93020a127f59f,0.0000,55857643.52
1790343955.638,m3,dev-peer0.court.example.com-diasrecords_2.3-adc3472e0c7f6d13d4110347673ef872d67a85cc3bf855bedad93020a127f59f,0.0000,78894858.24
1790343955.638,m3,peer0.court.example.com,0.0112,213175500.8
1790343955.638,m3,peer0.audit.example.com,0.0132,207513190.4
1790343955.638,m3,couchdb-court,0.0039,86696263.68
1790343955.638,m3,couchdb-audit,0.0050,152987238.4
1790343955.638,m3,orderer3.example.com,0.0035,53718548.48
1790343955.638,m3,node-exporter-m3,0.0000,20929576.96
1790343955.638,m3,cadvisor-m3,0.0000,39688601.6
1790343955.638,m3,ca-court,0.0000,9022996.48
1790343955.638,m3,ca-audit,0.0000,8929673.216
1790343960.644,m4,dias-backend,0.0000,95598673.92
1790343960.644,m4,prometheus,0.0082,111883059.2
1790343960.644,m4,cadvisor-m4,0.0000,26906460.16
1790343960.644,m4,node-exporter-m4,0.0000,10653532.16
1790343960.641,m1,dev-peer0.police.example.com-diasrecords_2.3-adc3472e0c7f6d13d4110347673ef872d67a85cc3bf855bedad93020a127f59f,0.0000,83812679.68
1790343960.641,m1,peer0.police.example.com,0.0126,222717542.4
1790343960.641,m1,couchdb-police,0.0292,98324971.52
1790343960.641,m1,orderer1.example.com,0.0054,69258444.8
1790343960.641,m1,cadvisor-m1,0.0000,26665287.68
1790343960.641,m1,node-exporter-m1,0.0105,10174332.928
1790343960.641,m1,ca-orderer,0.0000,8765046.784
1790343960.641,m1,ca-police,0.0000,9351200.768
1790343960.642,m3,dev-peer0.audit.example.com-diasrecords_2.3-adc3472e0c7f6d13d4110347673ef872d67a85cc3bf855bedad93020a127f59f,0.0000,55857643.52
1790343960.642,m3,dev-peer0.court.example.com-diasrecords_2.3-adc3472e0c7f6d13d4110347673ef872d67a85cc3bf855bedad93020a127f59f,0.0000,78894858.24
1790343960.642,m3,peer0.court.example.com,0.0181,213385216.0
1790343960.642,m3,peer0.audit.example.com,0.0150,207198617.6
1790343960.642,m3,couchdb-court,0.0031,86801121.28
1790343960.642,m3,couchdb-audit,0.0040,153406668.8
1790343960.642,m3,orderer3.example.com,0.0043,53456404.48
1790343960.642,m3,node-exporter-m3,0.0000,21265121.28
1790343960.642,m3,cadvisor-m3,0.0000,39164313.6
1790343960.642,m3,ca-court,0.0000,9022996.48
1790343960.642,m3,ca-audit,0.0000,8929673.216
1790343960.641,m2,dev-peer0.prosecution.example.com-diasrecords_2.3-adc3472e0c7f6d13d4110347673ef872d67a85cc3bf855bedad93020a127f59f,0.0002,76986449.92
1790343960.641,m2,dev-peer0.forensics.example.com-diasrecords_2.3-adc3472e0c7f6d13d4110347673ef872d67a85cc3bf855bedad93020a127f59f,0.0000,78255226.88
1790343960.641,m2,peer0.forensics.example.com,0.0174,201221734.4
1790343960.641,m2,peer0.prosecution.example.com,0.0176,200382873.6
1790343960.641,m2,couchdb-forensics,0.0027,99352576.0
1790343960.641,m2,couchdb-prosecution,0.0043,88101355.52
1790343960.641,m2,orderer2.example.com,0.0041,63061360.64
1790343960.641,m2,node-exporter-m2,0.0000,9641656.32
1790343960.641,m2,cadvisor-m2,0.0000,26277314.56
1790343960.641,m2,ca-forensics,0.0000,9215934.464
1790343960.641,m2,ca-prosecution,0.0000,9064939.52
1790343965.654,m4,dias-backend,0.0000,95598673.92
1790343965.654,m4,prometheus,0.0098,112302489.6
1790343965.654,m4,cadvisor-m4,0.0000,26906460.16
1790343965.654,m4,node-exporter-m4,0.0000,10643046.4
1790343965.648,m1,dev-peer0.police.example.com-diasrecords_2.3-adc3472e0c7f6d13d4110347673ef872d67a85cc3bf855bedad93020a127f59f,0.0000,83812679.68
1790343965.648,m1,peer0.police.example.com,0.0253,222402969.6
1790343965.648,m1,couchdb-police,0.0256,98408857.6
1790343965.648,m1,orderer1.example.com,0.0058,69499617.28
1790343965.648,m1,cadvisor-m1,0.0010,26927431.68
1790343965.648,m1,node-exporter-m1,0.0140,9965666.304
1790343965.648,m1,ca-orderer,0.0000,8765046.784
1790343965.648,m1,ca-police,0.0000,9351200.768
1790343965.653,m3,dev-peer0.audit.example.com-diasrecords_2.3-adc3472e0c7f6d13d4110347673ef872d67a85cc3bf855bedad93020a127f59f,0.0000,55857643.52
1790343965.653,m3,dev-peer0.court.example.com-diasrecords_2.3-adc3472e0c7f6d13d4110347673ef872d67a85cc3bf855bedad93020a127f59f,0.0000,78894858.24
1790343965.653,m3,peer0.court.example.com,0.0147,213280358.4
1790343965.653,m3,peer0.audit.example.com,0.0159,207198617.6
1790343965.653,m3,couchdb-court,0.0241,87262494.72
1790343965.653,m3,couchdb-audit,0.0227,153301811.2
1790343965.653,m3,orderer3.example.com,0.0036,53204746.24
1790343965.653,m3,node-exporter-m3,0.0000,21359493.12
1790343965.653,m3,cadvisor-m3,0.0000,39164313.6
1790343965.653,m3,ca-court,0.0000,9022996.48
1790343965.653,m3,ca-audit,0.0000,8929673.216
1790343965.653,m2,dev-peer0.prosecution.example.com-diasrecords_2.3-adc3472e0c7f6d13d4110347673ef872d67a85cc3bf855bedad93020a127f59f,0.0000,76986449.92
1790343965.653,m2,dev-peer0.forensics.example.com-diasrecords_2.3-adc3472e0c7f6d13d4110347673ef872d67a85cc3bf855bedad93020a127f59f,0.0000,78255226.88
1790343965.653,m2,peer0.forensics.example.com,0.0162,200697446.4
1790343965.653,m2,peer0.prosecution.example.com,0.0148,199858585.6
1790343965.653,m2,couchdb-forensics,0.0225,99237232.64
1790343965.653,m2,couchdb-prosecution,0.0210,88415928.32
1790343965.653,m2,orderer2.example.com,0.0044,62809702.4
1790343965.653,m2,node-exporter-m2,0.0000,9641656.32
1790343965.653,m2,cadvisor-m2,0.0000,26277314.56
1790343965.653,m2,ca-forensics,0.0000,9215934.464
1790343965.653,m2,ca-prosecution,0.0000,9064939.52
1790343970.651,m4,dias-backend,0.0000,95598673.92
1790343970.651,m4,prometheus,0.0073,112197632.0
1790343970.651,m4,cadvisor-m4,0.0000,26906460.16
1790343970.651,m4,node-exporter-m4,0.0000,10391388.16
1790343970.648,m1,dev-peer0.police.example.com-diasrecords_2.3-adc3472e0c7f6d13d4110347673ef872d67a85cc3bf855bedad93020a127f59f,0.0000,83812679.68
1790343970.648,m1,peer0.police.example.com,0.0251,222402969.6
1790343970.648,m1,couchdb-police,0.0058,98157199.36
1790343970.648,m1,orderer1.example.com,0.0048,69981962.24
1790343970.648,m1,cadvisor-m1,0.0000,26927431.68
1790343970.648,m1,node-exporter-m1,0.0098,9957277.696
1790343970.648,m1,ca-orderer,0.0000,8765046.784
1790343970.648,m1,ca-police,0.0000,9351200.768
1790343970.651,m2,dev-peer0.prosecution.example.com-diasrecords_2.3-adc3472e0c7f6d13d4110347673ef872d67a85cc3bf855bedad93020a127f59f,0.0003,76986449.92
1790343970.651,m2,dev-peer0.forensics.example.com-diasrecords_2.3-adc3472e0c7f6d13d4110347673ef872d67a85cc3bf855bedad93020a127f59f,0.0000,78255226.88
1790343970.651,m2,peer0.forensics.example.com,0.0292,201012019.2
1790343970.651,m2,peer0.prosecution.example.com,0.0298,200382873.6
1790343970.651,m2,couchdb-forensics,0.0031,99069460.48
1790343970.651,m2,couchdb-prosecution,0.0168,88101355.52
1790343970.651,m2,orderer2.example.com,0.0036,63061360.64
1790343970.651,m2,node-exporter-m2,0.0000,9641656.32
1790343970.651,m2,cadvisor-m2,0.0000,26528972.8
1790343970.651,m2,ca-forensics,0.0000,9215934.464
1790343970.651,m2,ca-prosecution,0.0000,9064939.52
1790343970.651,m3,dev-peer0.audit.example.com-diasrecords_2.3-adc3472e0c7f6d13d4110347673ef872d67a85cc3bf855bedad93020a127f59f,0.0000,55857643.52
1790343970.651,m3,dev-peer0.court.example.com-diasrecords_2.3-adc3472e0c7f6d13d4110347673ef872d67a85cc3bf855bedad93020a127f59f,0.0000,78894858.24
1790343970.651,m3,peer0.court.example.com,0.0140,213804646.4
1790343970.651,m3,peer0.audit.example.com,0.0291,207408332.8
1790343970.651,m3,couchdb-court,0.0037,86696263.68
1790343970.651,m3,couchdb-audit,0.0042,153092096.0
1790343970.651,m3,orderer3.example.com,0.0029,53194260.48
1790343970.651,m3,node-exporter-m3,0.0000,21034434.56
1790343970.651,m3,cadvisor-m3,0.0000,39426457.6
1790343970.651,m3,ca-court,0.0000,9022996.48
1790343970.651,m3,ca-audit,0.0000,8929673.216
1790343975.659,m4,dias-backend,0.0000,95598673.92
1790343975.659,m4,prometheus,0.0057,112407347.2
1790343975.659,m4,cadvisor-m4,0.0005,26906460.16
1790343975.659,m4,node-exporter-m4,0.0000,10653532.16
1790343975.654,m1,dev-peer0.police.example.com-diasrecords_2.3-adc3472e0c7f6d13d4110347673ef872d67a85cc3bf855bedad93020a127f59f,0.0000,83812679.68
1790343975.654,m1,peer0.police.example.com,0.0094,222298112.0
1790343975.654,m1,couchdb-police,0.0257,98471772.16
1790343975.654,m1,orderer1.example.com,0.0021,69761761.28
1790343975.654,m1,cadvisor-m1,0.0000,26675773.44
1790343975.654,m1,node-exporter-m1,0.0101,9957277.696
1790343975.654,m1,ca-orderer,0.0000,8765046.784
1790343975.654,m1,ca-police,0.0000,9351200.768
1790343975.658,m3,dev-peer0.audit.example.com-diasrecords_2.3-adc3472e0c7f6d13d4110347673ef872d67a85cc3bf855bedad93020a127f59f,0.0000,55857643.52
1790343975.658,m3,dev-peer0.court.example.com-diasrecords_2.3-adc3472e0c7f6d13d4110347673ef872d67a85cc3bf855bedad93020a127f59f,0.0000,78894858.24
1790343975.658,m3,peer0.court.example.com,0.0096,213699788.8
1790343975.658,m3,peer0.audit.example.com,0.0104,206988902.4
1790343975.658,m3,couchdb-court,0.0232,86905978.88
1790343975.658,m3,couchdb-audit,0.0220,153301811.2
1790343975.658,m3,orderer3.example.com,0.0017,53194260.48
1790343975.658,m3,node-exporter-m3,0.0000,21044920.32
1790343975.658,m3,cadvisor-m3,0.0000,39426457.6
1790343975.658,m3,ca-court,0.0000,9022996.48
1790343975.658,m3,ca-audit,0.0000,8929673.216
1790343975.656,m2,dev-peer0.prosecution.example.com-diasrecords_2.3-adc3472e0c7f6d13d4110347673ef872d67a85cc3bf855bedad93020a127f59f,0.0000,76986449.92
1790343975.656,m2,dev-peer0.forensics.example.com-diasrecords_2.3-adc3472e0c7f6d13d4110347673ef872d67a85cc3bf855bedad93020a127f59f,0.0000,78255226.88
1790343975.656,m2,peer0.forensics.example.com,0.0099,200697446.4
1790343975.656,m2,peer0.prosecution.example.com,0.0108,200173158.4
1790343975.656,m2,couchdb-forensics,0.0224,99153346.56
1790343975.656,m2,couchdb-prosecution,0.0213,88227184.64
1790343975.656,m2,orderer2.example.com,0.0036,63050874.88
1790343975.656,m2,node-exporter-m2,0.0000,10150215.68
1790343975.656,m2,cadvisor-m2,0.0000,26528972.8
1790343975.656,m2,ca-forensics,0.0000,9215934.464
1790343975.656,m2,ca-prosecution,0.0000,9064939.52
1790343980.659,m4,dias-backend,0.0000,95598673.92
1790343980.659,m4,prometheus,0.0083,112617062.4
1790343980.659,m4,cadvisor-m4,0.0000,26906460.16
1790343980.659,m4,node-exporter-m4,0.0000,10395582.464
1790343980.655,m1,dev-peer0.police.example.com-diasrecords_2.3-adc3472e0c7f6d13d4110347673ef872d67a85cc3bf855bedad93020a127f59f,0.0000,83812679.68
1790343980.655,m1,peer0.police.example.com,0.0169,222298112.0
1790343980.655,m1,couchdb-police,0.0059,98136227.84
1790343980.655,m1,orderer1.example.com,0.0037,69740789.76
1790343980.655,m1,cadvisor-m1,0.0025,26937917.44
1790343980.655,m1,node-exporter-m1,0.0091,9768534.016
1790343980.655,m1,ca-orderer,0.0007,8765046.784
1790343980.655,m1,ca-police,0.0026,9351200.768
1790343980.655,m2,dev-peer0.prosecution.example.com-diasrecords_2.3-adc3472e0c7f6d13d4110347673ef872d67a85cc3bf855bedad93020a127f59f,0.0003,76986449.92
1790343980.655,m2,dev-peer0.forensics.example.com-diasrecords_2.3-adc3472e0c7f6d13d4110347673ef872d67a85cc3bf855bedad93020a127f59f,0.0000,78255226.88
1790343980.655,m2,peer0.forensics.example.com,0.0208,201221734.4
1790343980.655,m2,peer0.prosecution.example.com,0.0139,200592588.8
1790343980.655,m2,couchdb-forensics,0.0052,99121889.28
1790343980.655,m2,couchdb-prosecution,0.0052,88027955.2
1790343980.655,m2,orderer2.example.com,0.0036,63302533.12
1790343980.655,m2,node-exporter-m2,0.0000,10354688.0
1790343980.655,m2,cadvisor-m2,0.0000,26528972.8
1790343980.655,m2,ca-forensics,0.0011,9215934.464
1790343980.655,m2,ca-prosecution,0.0006,9064939.52
1790343980.657,m3,dev-peer0.audit.example.com-diasrecords_2.3-adc3472e0c7f6d13d4110347673ef872d67a85cc3bf855bedad93020a127f59f,0.0000,55857643.52
1790343980.657,m3,dev-peer0.court.example.com-diasrecords_2.3-adc3472e0c7f6d13d4110347673ef872d67a85cc3bf855bedad93020a127f59f,0.0000,78894858.24
1790343980.657,m3,peer0.court.example.com,0.0222,213280358.4
1790343980.657,m3,peer0.audit.example.com,0.0152,208247193.6
1790343980.657,m3,couchdb-court,0.0055,86696263.68
1790343980.657,m3,couchdb-audit,0.0068,153406668.8
1790343980.657,m3,orderer3.example.com,0.0035,53456404.48
1790343980.657,m3,node-exporter-m3,0.0000,21034434.56
1790343980.657,m3,cadvisor-m3,0.0000,39415971.84
1790343980.657,m3,ca-court,0.0000,9022996.48
1790343980.657,m3,ca-audit,0.0000,8929673.216
1790343985.656,m4,dias-backend,0.0000,95598673.92
1790343985.656,m4,prometheus,0.0080,112617062.4
1790343985.656,m4,cadvisor-m4,0.0000,26528972.8
1790343985.656,m4,node-exporter-m4,0.0000,9883877.376
1790343985.656,m4,dias-m4-dias-backend-run-212d94c57dfe,0.0003,48821698.56
1790343985.656,m1,dev-peer0.police.example.com-diasrecords_2.3-adc3472e0c7f6d13d4110347673ef872d67a85cc3bf855bedad93020a127f59f,0.0000,84242595.84
1790343985.656,m1,peer0.police.example.com,0.0289,222507827.2
1790343985.656,m1,couchdb-police,0.0058,99038003.2
1790343985.656,m1,orderer1.example.com,0.0033,71177338.88
1790343985.656,m1,cadvisor-m1,0.0000,26413629.44
1790343985.656,m1,node-exporter-m1,0.0083,9899606.016
1790343985.656,m1,ca-orderer,0.0000,8765046.784
1790343985.656,m1,ca-police,0.0000,9351200.768
1790343985.656,m3,dev-peer0.audit.example.com-diasrecords_2.3-adc3472e0c7f6d13d4110347673ef872d67a85cc3bf855bedad93020a127f59f,0.0000,56035901.44
1790343985.656,m3,dev-peer0.court.example.com-diasrecords_2.3-adc3472e0c7f6d13d4110347673ef872d67a85cc3bf855bedad93020a127f59f,0.0000,79104573.44
1790343985.656,m3,peer0.court.example.com,0.0154,213490073.6
1790343985.656,m3,peer0.audit.example.com,0.0197,207932620.8
1790343985.656,m3,couchdb-court,0.0094,88342528.0
1790343985.656,m3,couchdb-audit,0.0083,154350387.2
1790343985.656,m3,orderer3.example.com,0.0027,53320089.6
1790343985.656,m3,node-exporter-m3,0.0000,21296578.56
1790343985.656,m3,cadvisor-m3,0.0000,39164313.6
1790343985.656,m3,ca-court,0.0000,9022996.48
1790343985.656,m3,ca-audit,0.0000,8929673.216
1790343985.656,m2,dev-peer0.prosecution.example.com-diasrecords_2.3-adc3472e0c7f6d13d4110347673ef872d67a85cc3bf855bedad93020a127f59f,0.0000,77007421.44
1790343985.656,m2,dev-peer0.forensics.example.com-diasrecords_2.3-adc3472e0c7f6d13d4110347673ef872d67a85cc3bf855bedad93020a127f59f,0.0062,78716600.32
1790343985.656,m2,peer0.forensics.example.com,0.0205,201221734.4
1790343985.656,m2,peer0.prosecution.example.com,0.0205,200907161.6
1790343985.656,m2,couchdb-forensics,0.0045,100013178.88
1790343985.656,m2,couchdb-prosecution,0.0032,88908759.04
1790343985.656,m2,orderer2.example.com,0.0027,63323504.64
1790343985.656,m2,node-exporter-m2,0.0000,10039066.624
1790343985.656,m2,cadvisor-m2,0.0000,26277314.56
1790343985.656,m2,ca-forensics,0.0000,9215934.464
1790343985.656,m2,ca-prosecution,0.0000,9064939.52
1790343990.663,m4,loadgen-reuse-smoke,0.0036,37130076.16
1790343990.663,m4,dias-backend,0.0008,96164904.96
1790343990.663,m4,prometheus,0.0050,112407347.2
1790343990.663,m4,cadvisor-m4,0.0000,26759659.52
1790343990.663,m4,node-exporter-m4,0.0000,9761193.984
1790343990.659,m1,dev-peer0.police.example.com-diasrecords_2.3-adc3472e0c7f6d13d4110347673ef872d67a85cc3bf855bedad93020a127f59f,0.0000,84263567.36
1790343990.659,m1,peer0.police.example.com,0.0296,222507827.2
1790343990.659,m1,couchdb-police,0.0250,99845406.72
1790343990.659,m1,orderer1.example.com,0.0051,73452748.8
1790343990.659,m1,cadvisor-m1,0.0000,26707230.72
1790343990.659,m1,node-exporter-m1,0.0083,9993977.856
1790343990.659,m1,ca-orderer,0.0000,8765046.784
1790343990.659,m1,ca-police,0.0000,9351200.768
1790343990.660,m2,dev-peer0.prosecution.example.com-diasrecords_2.3-adc3472e0c7f6d13d4110347673ef872d67a85cc3bf855bedad93020a127f59f,0.0001,77017907.2
1790343990.660,m2,dev-peer0.forensics.example.com-diasrecords_2.3-adc3472e0c7f6d13d4110347673ef872d67a85cc3bf855bedad93020a127f59f,0.0000,78255226.88
1790343990.660,m2,peer0.forensics.example.com,0.0277,201012019.2
1790343990.660,m2,peer0.prosecution.example.com,0.0334,200802304.0
1790343990.660,m2,couchdb-forensics,0.0208,100789125.12
1790343990.660,m2,couchdb-prosecution,0.0205,89370132.48
1790343990.660,m2,orderer2.example.com,0.0033,64497909.76
1790343990.660,m2,node-exporter-m2,0.0000,10039066.624
1790343990.660,m2,cadvisor-m2,0.0000,26539458.56
1790343990.660,m2,ca-forensics,0.0000,9215934.464
1790343990.660,m2,ca-prosecution,0.0000,9064939.52
1790343990.662,m3,dev-peer0.audit.example.com-diasrecords_2.3-adc3472e0c7f6d13d4110347673ef872d67a85cc3bf855bedad93020a127f59f,0.0000,56119787.52
1790343990.662,m3,dev-peer0.court.example.com-diasrecords_2.3-adc3472e0c7f6d13d4110347673ef872d67a85cc3bf855bedad93020a127f59f,0.0000,78905344.0
1790343990.662,m3,peer0.court.example.com,0.0331,213699788.8
1790343990.662,m3,peer0.audit.example.com,0.0365,208456908.8
1790343990.662,m3,couchdb-court,0.0202,88290099.2
1790343990.662,m3,couchdb-audit,0.0210,154560102.4
1790343990.662,m3,orderer3.example.com,0.0034,53215232.0
1790343990.662,m3,node-exporter-m3,0.0000,21369978.88
1790343990.662,m3,cadvisor-m3,0.0000,39415971.84
1790343990.662,m3,ca-court,0.0000,9022996.48
1790343990.662,m3,ca-audit,0.0000,8929673.216
1790343995.684,m4,loadgen-reuse-smoke,0.0000,36888903.68
1790343995.684,m4,dias-backend,0.0000,95850332.16
1790343995.684,m4,prometheus,0.0073,112721920.0
1790343995.684,m4,cadvisor-m4,0.0000,26539458.56
1790343995.684,m4,node-exporter-m4,0.0000,10268704.768
1790343995.665,m1,dev-peer0.police.example.com-diasrecords_2.3-adc3472e0c7f6d13d4110347673ef872d67a85cc3bf855bedad93020a127f59f,0.0000,83823165.44
1790343995.665,m1,peer0.police.example.com,0.0150,222507827.2
1790343995.665,m1,couchdb-police,0.0067,99394519.04
1790343995.665,m1,orderer1.example.com,0.0040,73945579.52
1790343995.665,m1,cadvisor-m1,0.0000,26665287.68
1790343995.665,m1,node-exporter-m1,0.0073,9998172.16
1790343995.665,m1,ca-orderer,0.0000,8765046.784
1790343995.665,m1,ca-police,0.0000,9351200.768
1790343995.673,m2,dev-peer0.prosecution.example.com-diasrecords_2.3-adc3472e0c7f6d13d4110347673ef872d67a85cc3bf855bedad93020a127f59f,0.0000,77017907.2
1790343995.673,m2,dev-peer0.forensics.example.com-diasrecords_2.3-adc3472e0c7f6d13d4110347673ef872d67a85cc3bf855bedad93020a127f59f,0.0000,78255226.88
1790343995.673,m2,peer0.forensics.example.com,0.0134,200487731.2
1790343995.673,m2,peer0.prosecution.example.com,0.0135,201221734.4
1790343995.673,m2,couchdb-forensics,0.0047,100338237.44
1790343995.673,m2,couchdb-prosecution,0.0118,89632276.48
1790343995.673,m2,orderer2.example.com,0.0035,64529367.04
1790343995.673,m2,node-exporter-m2,0.0000,9834594.304
1790343995.673,m2,cadvisor-m2,0.0000,26476544.0
1790343995.673,m2,ca-forensics,0.0000,9215934.464
1790343995.673,m2,ca-prosecution,0.0000,9064939.52
1790343995.680,m3,dev-peer0.audit.example.com-diasrecords_2.3-adc3472e0c7f6d13d4110347673ef872d67a85cc3bf855bedad93020a127f59f,0.0004,56119787.52
1790343995.680,m3,dev-peer0.court.example.com-diasrecords_2.3-adc3472e0c7f6d13d4110347673ef872d67a85cc3bf855bedad93020a127f59f,0.0000,78905344.0
1790343995.680,m3,peer0.court.example.com,0.0139,213490073.6
1790343995.680,m3,peer0.audit.example.com,0.0137,208352051.2
1790343995.680,m3,couchdb-court,0.0046,88227184.64
1790343995.680,m3,couchdb-audit,0.0057,154350387.2
1790343995.680,m3,orderer3.example.com,0.0029,53466890.24
1790343995.680,m3,node-exporter-m3,0.0000,21212692.48
1790343995.680,m3,cadvisor-m3,0.0020,39415971.84
1790343995.680,m3,ca-court,0.0000,9022996.48
1790343995.680,m3,ca-audit,0.0000,8929673.216
1790344000.671,m4,loadgen-reuse-smoke,0.0139,36312186.88
1790344000.671,m4,dias-backend,0.0005,96112476.16
1790344000.671,m4,prometheus,0.0062,112617062.4
1790344000.671,m4,cadvisor-m4,0.0000,26791116.8
1790344000.671,m4,node-exporter-m4,0.0000,9752805.376
1790344000.665,m1,dev-peer0.police.example.com-diasrecords_2.3-adc3472e0c7f6d13d4110347673ef872d67a85cc3bf855bedad93020a127f59f,0.0000,84357939.2
1790344000.665,m1,peer0.police.example.com,0.0153,222822400.0
1790344000.665,m1,couchdb-police,0.0048,101051269.12
1790344000.665,m1,orderer1.example.com,0.0033,74941726.72
1790344000.665,m1,cadvisor-m1,0.0000,26413629.44
1790344000.665,m1,node-exporter-m1,0.0190,9989783.552
1790344000.665,m1,ca-orderer,0.0000,8765046.784
1790344000.665,m1,ca-police,0.0000,9351200.768
1790344000.666,m2,dev-peer0.prosecution.example.com-diasrecords_2.3-adc3472e0c7f6d13d4110347673ef872d67a85cc3bf855bedad93020a127f59f,0.0001,77059850.24
1790344000.666,m2,dev-peer0.forensics.example.com-diasrecords_2.3-adc3472e0c7f6d13d4110347673ef872d67a85cc3bf855bedad93020a127f59f,0.0010,78255226.88
1790344000.666,m2,peer0.forensics.example.com,0.0148,201221734.4
1790344000.666,m2,peer0.prosecution.example.com,0.0147,201116876.8
1790344000.666,m2,couchdb-forensics,0.0029,101240012.8
1790344000.666,m2,couchdb-prosecution,0.0020,90313850.88
1790344000.666,m2,orderer2.example.com,0.0027,65525514.24
1790344000.666,m2,node-exporter-m2,0.0000,9933160.448
1790344000.666,m2,cadvisor-m2,0.0000,26549944.32
1790344000.666,m2,ca-forensics,0.0000,9215934.464
1790344000.666,m2,ca-prosecution,0.0000,9064939.52
1790344000.668,m3,dev-peer0.audit.example.com-diasrecords_2.3-adc3472e0c7f6d13d4110347673ef872d67a85cc3bf855bedad93020a127f59f,0.0000,56381931.52
1790344000.668,m3,dev-peer0.court.example.com-diasrecords_2.3-adc3472e0c7f6d13d4110347673ef872d67a85cc3bf855bedad93020a127f59f,0.0072,79544975.36
1790344000.668,m3,peer0.court.example.com,0.0163,212965785.6
1790344000.668,m3,peer0.audit.example.com,0.0136,208247193.6
1790344000.668,m3,couchdb-court,0.0037,89821020.16
1790344000.668,m3,couchdb-audit,0.0046,156342681.6
1790344000.668,m3,orderer3.example.com,0.0025,53697576.96
1790344000.668,m3,node-exporter-m3,0.0000,20845690.88
1790344000.668,m3,cadvisor-m3,0.0000,39174799.36
1790344000.668,m3,ca-court,0.0000,9022996.48
1790344000.668,m3,ca-audit,0.0000,8929673.216
1790344005.669,m4,loadgen-reuse-smoke,0.0048,37130076.16
1790344005.669,m4,dias-backend,0.0002,95640616.96
1790344005.669,m4,prometheus,0.0041,112197632.0
1790344005.669,m4,cadvisor-m4,0.0000,26791116.8
1790344005.669,m4,node-exporter-m4,0.0000,10014949.376
1790344005.666,m1,dev-peer0.police.example.com-diasrecords_2.3-adc3472e0c7f6d13d4110347673ef872d67a85cc3bf855bedad93020a127f59f,0.0000,83823165.44
1790344005.666,m1,peer0.police.example.com,0.0118,222612684.8
1790344005.666,m1,couchdb-police,0.0260,98817802.24
1790344005.666,m1,orderer1.example.com,0.0021,75759616.0
1790344005.666,m1,cadvisor-m1,0.0000,26927431.68
1790344005.666,m1,node-exporter-m1,0.0082,10064232.448
1790344005.666,m1,ca-orderer,0.0000,8765046.784
1790344005.666,m1,ca-police,0.0000,9351200.768
1790344005.667,m2,dev-peer0.prosecution.example.com-diasrecords_2.3-adc3472e0c7f6d13d4110347673ef872d67a85cc3bf855bedad93020a127f59f,0.0000,77059850.24
1790344005.667,m2,dev-peer0.forensics.example.com-diasrecords_2.3-adc3472e0c7f6d13d4110347673ef872d67a85cc3bf855bedad93020a127f59f,0.0000,78255226.88
1790344005.667,m2,peer0.forensics.example.com,0.0071,200802304.0
1790344005.667,m2,peer0.prosecution.example.com,0.0077,200907161.6
1790344005.667,m2,couchdb-forensics,0.0230,99981721.6
1790344005.667,m2,couchdb-prosecution,0.0209,88751472.64
1790344005.667,m2,orderer2.example.com,0.0019,66196602.88
1790344005.667,m2,node-exporter-m2,0.0000,9641656.32
1790344005.667,m2,cadvisor-m2,0.0007,26812088.32
1790344005.667,m2,ca-forensics,0.0000,9215934.464
1790344005.667,m2,ca-prosecution,0.0000,9064939.52
1790344005.669,m3,dev-peer0.audit.example.com-diasrecords_2.3-adc3472e0c7f6d13d4110347673ef872d67a85cc3bf855bedad93020a127f59f,0.0000,56130273.28
1790344005.669,m3,dev-peer0.court.example.com-diasrecords_2.3-adc3472e0c7f6d13d4110347673ef872d67a85cc3bf855bedad93020a127f59f,0.0000,78978744.32
1790344005.669,m3,peer0.court.example.com,0.0073,212965785.6
1790344005.669,m3,peer0.audit.example.com,0.0068,207618048.0
1790344005.669,m3,couchdb-court,0.0225,87398809.6
1790344005.669,m3,couchdb-audit,0.0227,153616384.0
1790344005.669,m3,orderer3.example.com,0.0016,49922703.36
1790344005.669,m3,node-exporter-m3,0.0000,20845690.88
1790344005.669,m3,cadvisor-m3,0.0000,39174799.36
1790344005.669,m3,ca-court,0.0000,9022996.48
1790344005.669,m3,ca-audit,0.0000,8929673.216
1790344010.676,m4,loadgen-reuse-smoke,0.0033,37654364.16
1790344010.676,m4,dias-backend,0.0002,96353648.64
1790344010.676,m4,prometheus,0.0055,112721920.0
1790344010.676,m4,cadvisor-m4,0.0000,27053260.8
1790344010.676,m4,node-exporter-m4,0.0000,9834594.304
1790344010.672,m1,dev-peer0.police.example.com-diasrecords_2.3-adc3472e0c7f6d13d4110347673ef872d67a85cc3bf855bedad93020a127f59f,0.0000,84295024.64
1790344010.672,m1,peer0.police.example.com,0.0354,223032115.2
1790344010.672,m1,couchdb-police,0.0042,99310632.96
1790344010.672,m1,orderer1.example.com,0.0032,76451676.16
1790344010.672,m1,cadvisor-m1,0.0000,26665287.68
1790344010.672,m1,node-exporter-m1,0.0144,9862905.856
1790344010.672,m1,ca-orderer,0.0000,8765046.784
1790344010.672,m1,ca-police,0.0000,9351200.768
1790344010.674,m3,dev-peer0.audit.example.com-diasrecords_2.3-adc3472e0c7f6d13d4110347673ef872d67a85cc3bf855bedad93020a127f59f,0.0000,56623104.0
1790344010.674,m3,dev-peer0.court.example.com-diasrecords_2.3-adc3472e0c7f6d13d4110347673ef872d67a85cc3bf855bedad93020a127f59f,0.0000,78926315.52
1790344010.674,m3,peer0.court.example.com,0.0381,213490073.6
1790344010.674,m3,peer0.audit.example.com,0.0332,207618048.0
1790344010.674,m3,couchdb-court,0.0024,87409295.36
1790344010.674,m3,couchdb-audit,0.0028,153301811.2
1790344010.674,m3,orderer3.example.com,0.0022,49450844.16
1790344010.674,m3,node-exporter-m3,0.0000,21055406.08
1790344010.674,m3,cadvisor-m3,0.0006,39426457.6
1790344010.674,m3,ca-court,0.0000,9022996.48
1790344010.674,m3,ca-audit,0.0000,8929673.216
1790344010.672,m2,dev-peer0.prosecution.example.com-diasrecords_2.3-adc3472e0c7f6d13d4110347673ef872d67a85cc3bf855bedad93020a127f59f,0.0001,77049364.48
1790344010.672,m2,dev-peer0.forensics.example.com-diasrecords_2.3-adc3472e0c7f6d13d4110347673ef872d67a85cc3bf855bedad93020a127f59f,0.0000,78517370.88
1790344010.672,m2,peer0.forensics.example.com,0.0291,201221734.4
1790344010.672,m2,peer0.prosecution.example.com,0.0337,200382873.6
1790344010.672,m2,couchdb-forensics,0.0025,99300147.2
1790344010.672,m2,couchdb-prosecution,0.0438,90995425.28
1790344010.672,m2,orderer2.example.com,0.0022,66332917.76
1790344010.672,m2,node-exporter-m2,0.0000,9645850.624
1790344010.672,m2,cadvisor-m2,0.0000,26287800.32
1790344010.672,m2,ca-forensics,0.0000,9215934.464
1790344010.672,m2,ca-prosecution,0.0000,9064939.52
1790344015.681,m4,loadgen-reuse-smoke,0.0031,37612421.12
1790344015.681,m4,dias-backend,0.0004,96122961.92
1790344015.681,m4,prometheus,0.0044,112826777.6
1790344015.681,m4,cadvisor-m4,0.0000,26791116.8
1790344015.681,m4,node-exporter-m4,0.0000,10346299.392
1790344015.676,m1,dev-peer0.police.example.com-diasrecords_2.3-adc3472e0c7f6d13d4110347673ef872d67a85cc3bf855bedad93020a127f59f,0.0000,84032880.64
1790344015.676,m1,peer0.police.example.com,0.0066,222822400.0
1790344015.676,m1,couchdb-police,0.0029,99677634.56
1790344015.676,m1,orderer1.example.com,0.0018,77290536.96
1790344015.676,m1,cadvisor-m1,0.0000,26424115.2
1790344015.676,m1,node-exporter-m1,0.0090,10075766.784
1790344015.676,m1,ca-orderer,0.0000,8765046.784
1790344015.676,m1,ca-police,0.0000,9351200.768
1790344015.677,m2,dev-peer0.prosecution.example.com-diasrecords_2.3-adc3472e0c7f6d13d4110347673ef872d67a85cc3bf855bedad93020a127f59f,0.0000,77049364.48
1790344015.677,m2,dev-peer0.forensics.example.com-diasrecords_2.3-adc3472e0c7f6d13d4110347673ef872d67a85cc3bf855bedad93020a127f59f,0.0000,78255226.88
1790344015.677,m2,peer0.forensics.example.com,0.0063,200487731.2
1790344015.677,m2,peer0.prosecution.example.com,0.0067,200173158.4
1790344015.677,m2,couchdb-forensics,0.0025,100212408.32
1790344015.677,m2,couchdb-prosecution,0.0023,89097502.72
1790344015.677,m2,orderer2.example.com,0.0031,66563604.48
1790344015.677,m2,node-exporter-m2,0.0000,9748611.072
1790344015.677,m2,cadvisor-m2,0.0000,26287800.32
1790344015.677,m2,ca-forensics,0.0000,9215934.464
1790344015.677,m2,ca-prosecution,0.0000,9064939.52
1790344015.678,m3,dev-peer0.audit.example.com-diasrecords_2.3-adc3472e0c7f6d13d4110347673ef872d67a85cc3bf855bedad93020a127f59f,0.0000,56130273.28
1790344015.678,m3,dev-peer0.court.example.com-diasrecords_2.3-adc3472e0c7f6d13d4110347673ef872d67a85cc3bf855bedad93020a127f59f,0.0000,78926315.52
1790344015.678,m3,peer0.court.example.com,0.0066,213280358.4
1790344015.678,m3,peer0.audit.example.com,0.0069,208037478.4
1790344015.678,m3,couchdb-court,0.0020,87933583.36
1790344015.678,m3,couchdb-audit,0.0013,154455244.8
1790344015.678,m3,orderer3.example.com,0.0013,49712988.16
1790344015.678,m3,node-exporter-m3,0.0000,21128806.4
1790344015.678,m3,cadvisor-m3,0.0000,39415971.84
1790344015.678,m3,ca-court,0.0000,9022996.48
1790344015.678,m3,ca-audit,0.0000,8929673.216
1790344020.682,m4,loadgen-reuse-smoke,0.0039,37958451.2
1790344020.682,m4,dias-backend,0.0003,96143933.44
1790344020.682,m4,prometheus,0.0030,112721920.0
1790344020.682,m4,cadvisor-m4,0.0000,26528972.8
1790344020.682,m4,node-exporter-m4,0.0000,9879683.072
1790344020.677,m1,dev-peer0.police.example.com-diasrecords_2.3-adc3472e0c7f6d13d4110347673ef872d67a85cc3bf855bedad93020a127f59f,0.0015,84043366.4
1790344020.677,m1,peer0.police.example.com,0.0190,222927257.6
1790344020.677,m1,couchdb-police,0.0513,100684267.52
1790344020.677,m1,orderer1.example.com,0.0043,77741424.64
1790344020.677,m1,cadvisor-m1,0.0000,26528972.8
1790344020.677,m1,node-exporter-m1,0.0049,10088349.696
1790344020.677,m1,ca-orderer,0.0000,8765046.784
1790344020.677,m1,ca-police,0.0000,9351200.768
1790344020.677,m2,dev-peer0.prosecution.example.com-diasrecords_2.3-adc3472e0c7f6d13d4110347673ef872d67a85cc3bf855bedad93020a127f59f,0.0012,77311508.48
1790344020.677,m2,dev-peer0.forensics.example.com-diasrecords_2.3-adc3472e0c7f6d13d4110347673ef872d67a85cc3bf855bedad93020a127f59f,0.0000,78265712.64
1790344020.677,m2,peer0.forensics.example.com,0.0143,201326592.0
1790344020.677,m2,peer0.prosecution.example.com,0.0158,200382873.6
1790344020.677,m2,couchdb-forensics,0.0473,101166612.48
1790344020.677,m2,couchdb-prosecution,0.0484,91068825.6
1790344020.677,m2,orderer2.example.com,0.0032,67507322.88
1790344020.677,m2,node-exporter-m2,0.0000,9764339.712
1790344020.677,m2,cadvisor-m2,0.0000,26287800.32
1790344020.677,m2,ca-forensics,0.0000,9215934.464
1790344020.677,m2,ca-prosecution,0.0000,9064939.52
1790344020.680,m3,dev-peer0.audit.example.com-diasrecords_2.3-adc3472e0c7f6d13d4110347673ef872d67a85cc3bf855bedad93020a127f59f,0.0015,56130273.28
1790344020.680,m3,dev-peer0.court.example.com-diasrecords_2.3-adc3472e0c7f6d13d4110347673ef872d67a85cc3bf855bedad93020a127f59f,0.0000,78926315.52
1790344020.680,m3,peer0.court.example.com,0.0124,213280358.4
1790344020.680,m3,peer0.audit.example.com,0.0146,208037478.4
1790344020.680,m3,couchdb-court,0.0028,88625643.52
1790344020.680,m3,couchdb-audit,0.0425,154874675.2
1790344020.680,m3,orderer3.example.com,0.0044,50027560.96
1790344020.680,m3,node-exporter-m3,0.0000,20866662.4
1790344020.680,m3,cadvisor-m3,0.0000,39164313.6
1790344020.680,m3,ca-court,0.0000,9022996.48
1790344020.680,m3,ca-audit,0.0000,8929673.216
1790344025.683,m4,loadgen-reuse-smoke,0.0057,38419824.64
1790344025.683,m4,dias-backend,0.0078,96374620.16
1790344025.683,m4,prometheus,0.0048,112826777.6
1790344025.683,m4,cadvisor-m4,0.0153,27053260.8
1790344025.683,m4,node-exporter-m4,0.0000,9985589.248
1790344025.681,m1,dev-peer0.police.example.com-diasrecords_2.3-adc3472e0c7f6d13d4110347673ef872d67a85cc3bf855bedad93020a127f59f,0.0000,83791708.16
1790344025.681,m1,peer0.police.example.com,0.0341,223241830.4
1790344025.681,m1,couchdb-police,0.0468,101302927.36
1790344025.681,m1,orderer1.example.com,0.0085,78076968.96
1790344025.681,m1,cadvisor-m1,0.0005,26791116.8
1790344025.681,m1,node-exporter-m1,0.0056,10079961.088
1790344025.681,m1,ca-orderer,0.0000,8765046.784
1790344025.681,m1,ca-police,0.0000,9351200.768
1790344025.681,m2,dev-peer0.prosecution.example.com-diasrecords_2.3-adc3472e0c7f6d13d4110347673ef872d67a85cc3bf855bedad93020a127f59f,0.0000,77049364.48
1790344025.681,m2,dev-peer0.forensics.example.com-diasrecords_2.3-adc3472e0c7f6d13d4110347673ef872d67a85cc3bf855bedad93020a127f59f,0.0013,78769029.12
1790344025.681,m2,peer0.forensics.example.com,0.0253,201012019.2
1790344025.681,m2,peer0.prosecution.example.com,0.0222,200487731.2
1790344025.681,m2,couchdb-forensics,0.0334,101690900.48
1790344025.681,m2,couchdb-prosecution,0.0361,90806681.6
1790344025.681,m2,orderer2.example.com,0.0071,67937239.04
1790344025.681,m2,node-exporter-m2,0.0000,10026483.712
1790344025.681,m2,cadvisor-m2,0.0000,26612858.88
1790344025.681,m2,ca-forensics,0.0000,9215934.464
1790344025.681,m2,ca-prosecution,0.0000,9064939.52
1790344025.681,m3,dev-peer0.audit.example.com-diasrecords_2.3-adc3472e0c7f6d13d4110347673ef872d67a85cc3bf855bedad93020a127f59f,0.0044,56748933.12
1790344025.681,m3,dev-peer0.court.example.com-diasrecords_2.3-adc3472e0c7f6d13d4110347673ef872d67a85cc3bf855bedad93020a127f59f,0.0029,79408660.48
1790344025.681,m3,peer0.court.example.com,0.0264,213280358.4
1790344025.681,m3,peer0.audit.example.com,0.0271,207618048.0
1790344025.681,m3,couchdb-court,0.0379,89831505.92
1790344025.681,m3,couchdb-audit,0.0031,154769817.6
1790344025.681,m3,orderer3.example.com,0.0067,49503272.96
1790344025.681,m3,node-exporter-m3,0.0000,20866662.4
1790344025.681,m3,cadvisor-m3,0.0000,39174799.36
1790344025.681,m3,ca-court,0.0000,9022996.48
1790344025.681,m3,ca-audit,0.0000,8929673.216
1790344030.688,m4,loadgen-reuse-smoke,0.0030,38147194.88
1790344030.688,m4,dias-backend,0.0004,95902760.96
1790344030.688,m4,prometheus,0.0033,112721920.0
1790344030.688,m4,cadvisor-m4,0.0000,27053260.8
1790344030.688,m4,node-exporter-m4,0.0000,10305404.928
1790344030.686,m1,dev-peer0.police.example.com-diasrecords_2.3-adc3472e0c7f6d13d4110347673ef872d67a85cc3bf855bedad93020a127f59f,0.0000,84001423.36
1790344030.686,m1,peer0.police.example.com,0.0243,223136972.8
1790344030.686,m1,couchdb-police,0.0125,101061754.88
1790344030.686,m1,orderer1.example.com,0.0020,77982597.12
1790344030.686,m1,cadvisor-m1,0.0000,26675773.44
1790344030.686,m1,node-exporter-m1,0.0061,10569646.08
1790344030.686,m1,ca-orderer,0.0000,8765046.784
1790344030.686,m1,ca-police,0.0000,9351200.768
1790344030.686,m3,dev-peer0.audit.example.com-diasrecords_2.3-adc3472e0c7f6d13d4110347673ef872d67a85cc3bf855bedad93020a127f59f,0.0000,56130273.28
1790344030.686,m3,dev-peer0.court.example.com-diasrecords_2.3-adc3472e0c7f6d13d4110347673ef872d67a85cc3bf855bedad93020a127f59f,0.0000,78915829.76
1790344030.686,m3,peer0.court.example.com,0.0134,213280358.4
1790344030.686,m3,peer0.audit.example.com,0.0232,207408332.8
1790344030.686,m3,couchdb-court,0.0109,90974453.76
1790344030.686,m3,couchdb-audit,0.0094,156657254.4
1790344030.686,m3,orderer3.example.com,0.0015,49943674.88
1790344030.686,m3,node-exporter-m3,0.0000,20877148.16
1790344030.686,m3,cadvisor-m3,0.0000,39164313.6
1790344030.686,m3,ca-court,0.0000,9022996.48
1790344030.686,m3,ca-audit,0.0000,8929673.216
1790344030.686,m2,dev-peer0.prosecution.example.com-diasrecords_2.3-adc3472e0c7f6d13d4110347673ef872d67a85cc3bf855bedad93020a127f59f,0.0001,77049364.48
1790344030.686,m2,dev-peer0.forensics.example.com-diasrecords_2.3-adc3472e0c7f6d13d4110347673ef872d67a85cc3bf855bedad93020a127f59f,0.0000,78255226.88
1790344030.686,m2,peer0.forensics.example.com,0.0130,200802304.0
1790344030.686,m2,peer0.prosecution.example.com,0.0234,200907161.6
1790344030.686,m2,couchdb-forensics,0.0093,101827215.36
1790344030.686,m2,couchdb-prosecution,0.0087,90492108.8
1790344030.686,m2,orderer2.example.com,0.0016,68891443.2
1790344030.686,m2,node-exporter-m2,0.0000,9842982.912
1790344030.686,m2,cadvisor-m2,0.0000,27137146.88
1790344030.686,m2,ca-forensics,0.0000,9215934.464
1790344030.686,m2,ca-prosecution,0.0000,9064939.52
1790344035.691,m4,loadgen-reuse-smoke,0.0034,38157680.64
1790344035.691,m4,dias-backend,0.0049,96154419.2
1790344035.691,m4,prometheus,0.0039,112721920.0
1790344035.691,m4,cadvisor-m4,0.0000,27042775.04
1790344035.691,m4,node-exporter-m4,0.0000,10161750.016
1790344035.686,m1,dev-peer0.police.example.com-diasrecords_2.3-adc3472e0c7f6d13d4110347673ef872d67a85cc3bf855bedad93020a127f59f,0.0000,84242595.84
1790344035.686,m1,peer0.police.example.com,0.0118,223241830.4
1790344035.686,m1,couchdb-police,0.0404,101491671.04
1790344035.686,m1,orderer1.example.com,0.0034,77961625.6
1790344035.686,m1,cadvisor-m1,0.0006,26549944.32
1790344035.686,m1,node-exporter-m1,0.0059,10019143.68
1790344035.686,m1,ca-orderer,0.0000,8765046.784
1790344035.686,m1,ca-police,0.0000,9351200.768
1790344035.687,m2,dev-peer0.prosecution.example.com-diasrecords_2.3-adc3472e0c7f6d13d4110347673ef872d67a85cc3bf855bedad93020a127f59f,0.0011,77059850.24
1790344035.687,m2,dev-peer0.forensics.example.com-diasrecords_2.3-adc3472e0c7f6d13d4110347673ef872d67a85cc3bf855bedad93020a127f59f,0.0000,78255226.88
1790344035.687,m2,peer0.forensics.example.com,0.0110,200802304.0
1790344035.687,m2,peer0.prosecution.example.com,0.0122,200697446.4
1790344035.687,m2,couchdb-forensics,0.0355,101407784.96
1790344035.687,m2,couchdb-prosecution,0.0350,89873448.96
1790344035.687,m2,orderer2.example.com,0.0046,69499617.28
1790344035.687,m2,node-exporter-m2,0.0000,9842982.912
1790344035.687,m2,cadvisor-m2,0.0000,27137146.88
1790344035.687,m2,ca-forensics,0.0000,9215934.464
1790344035.687,m2,ca-prosecution,0.0000,9064939.52
1790344035.688,m3,dev-peer0.audit.example.com-diasrecords_2.3-adc3472e0c7f6d13d4110347673ef872d67a85cc3bf855bedad93020a127f59f,0.0012,56392417.28
1790344035.688,m3,dev-peer0.court.example.com-diasrecords_2.3-adc3472e0c7f6d13d4110347673ef872d67a85cc3bf855bedad93020a127f59f,0.0013,78915829.76
1790344035.688,m3,peer0.court.example.com,0.0149,213804646.4
1790344035.688,m3,peer0.audit.example.com,0.0460,207932620.8
1790344035.688,m3,couchdb-court,0.0343,90397736.96
1790344035.688,m3,couchdb-audit,0.0337,156447539.2
1790344035.688,m3,orderer3.example.com,0.0033,49901731.84
1790344035.688,m3,node-exporter-m3,0.0000,21202206.72
1790344035.688,m3,cadvisor-m3,0.0000,39164313.6
1790344035.688,m3,ca-court,0.0000,9022996.48
1790344035.688,m3,ca-audit,0.0000,8929673.216
1790344040.694,m4,loadgen-reuse-smoke,0.0052,38388367.36
1790344040.694,m4,dias-backend,0.0004,96374620.16
1790344040.694,m4,prometheus,0.0078,112721920.0
1790344040.694,m4,cadvisor-m4,0.0000,26791116.8
1790344040.694,m4,node-exporter-m4,0.0000,9903800.32
1790344040.690,m1,dev-peer0.police.example.com-diasrecords_2.3-adc3472e0c7f6d13d4110347673ef872d67a85cc3bf855bedad93020a127f59f,0.0000,84053852.16
1790344040.690,m1,peer0.police.example.com,0.0196,222927257.6
1790344040.690,m1,couchdb-police,0.0010,99111403.52
1790344040.690,m1,orderer1.example.com,0.0032,78192312.32
1790344040.690,m1,cadvisor-m1,0.0000,26528972.8
1790344040.690,m1,node-exporter-m1,0.0196,9879683.072
1790344040.690,m1,ca-orderer,0.0001,8765046.784
1790344040.690,m1,ca-police,0.0000,9351200.768
1790344040.691,m2,dev-peer0.prosecution.example.com-diasrecords_2.3-adc3472e0c7f6d13d4110347673ef872d67a85cc3bf855bedad93020a127f59f,0.0001,77332480.0
1790344040.691,m2,dev-peer0.forensics.example.com-diasrecords_2.3-adc3472e0c7f6d13d4110347673ef872d67a85cc3bf855bedad93020a127f59f,0.0000,78737571.84
1790344040.691,m2,peer0.forensics.example.com,0.0250,201012019.2
1790344040.691,m2,peer0.prosecution.example.com,0.0207,200173158.4
1790344040.691,m2,couchdb-forensics,0.0042,99782492.16
1790344040.691,m2,couchdb-prosecution,0.0038,88824872.96
1790344040.691,m2,orderer2.example.com,0.0028,70086819.84
1790344040.691,m2,node-exporter-m2,0.0000,10084155.392
1790344040.691,m2,cadvisor-m2,0.0000,27137146.88
1790344040.691,m2,ca-forensics,0.0001,9215934.464
1790344040.691,m2,ca-prosecution,0.0001,9064939.52
1790344040.691,m3,dev-peer0.audit.example.com-diasrecords_2.3-adc3472e0c7f6d13d4110347673ef872d67a85cc3bf855bedad93020a127f59f,0.0000,56172216.32
1790344040.691,m3,dev-peer0.court.example.com-diasrecords_2.3-adc3472e0c7f6d13d4110347673ef872d67a85cc3bf855bedad93020a127f59f,0.0000,78915829.76
1790344040.691,m3,peer0.court.example.com,0.0164,213280358.4
1790344040.691,m3,peer0.audit.example.com,0.0166,207513190.4
1790344040.691,m3,couchdb-court,0.0049,87461724.16
1790344040.691,m3,couchdb-audit,0.0048,153826099.2
1790344040.691,m3,orderer3.example.com,0.0025,49702502.4
1790344040.691,m3,node-exporter-m3,0.0000,21369978.88
1790344040.691,m3,cadvisor-m3,0.0001,39426457.6
1790344040.691,m3,ca-court,0.0000,9022996.48
1790344040.691,m3,ca-audit,0.0000,8929673.216
1790344045.696,m4,loadgen-reuse-smoke,0.0027,38440796.16
1790344045.696,m4,dias-backend,0.0008,96374620.16
1790344045.696,m4,prometheus,0.0041,112931635.2
1790344045.696,m4,cadvisor-m4,0.0000,26791116.8
1790344045.696,m4,node-exporter-m4,0.0000,9899606.016
1790344045.692,m1,dev-peer0.police.example.com-diasrecords_2.3-adc3472e0c7f6d13d4110347673ef872d67a85cc3bf855bedad93020a127f59f,0.0000,83791708.16
1790344045.692,m1,peer0.police.example.com,0.0175,223032115.2
1790344045.692,m1,couchdb-police,0.0247,100107550.72
1790344045.692,m1,orderer1.example.com,0.0061,78255226.88
1790344045.692,m1,cadvisor-m1,0.0000,26277314.56
1790344045.692,m1,node-exporter-m1,0.0063,9969860.608
1790344045.692,m1,ca-orderer,0.0000,8765046.784
1790344045.692,m1,ca-police,0.0000,9351200.768
1790344045.694,m3,dev-peer0.audit.example.com-diasrecords_2.3-adc3472e0c7f6d13d4110347673ef872d67a85cc3bf855bedad93020a127f59f,0.0000,56161730.56
1790344045.694,m3,dev-peer0.court.example.com-diasrecords_2.3-adc3472e0c7f6d13d4110347673ef872d67a85cc3bf855bedad93020a127f59f,0.0000,78915829.76
1790344045.694,m3,peer0.court.example.com,0.0131,213804646.4
1790344045.694,m3,peer0.audit.example.com,0.0118,207827763.2
1790344045.694,m3,couchdb-court,0.0169,87461724.16
1790344045.694,m3,couchdb-audit,0.0206,155084390.4
1790344045.694,m3,orderer3.example.com,0.0046,49954160.64
1790344045.694,m3,node-exporter-m3,0.0000,21296578.56
1790344045.694,m3,cadvisor-m3,0.0000,39164313.6
1790344045.694,m3,ca-court,0.0000,9022996.48
1790344045.694,m3,ca-audit,0.0000,8929673.216
1790344045.693,m2,dev-peer0.prosecution.example.com-diasrecords_2.3-adc3472e0c7f6d13d4110347673ef872d67a85cc3bf855bedad93020a127f59f,0.0000,77049364.48
1790344045.693,m2,dev-peer0.forensics.example.com-diasrecords_2.3-adc3472e0c7f6d13d4110347673ef872d67a85cc3bf855bedad93020a127f59f,0.0000,78276198.4
1790344045.693,m2,peer0.forensics.example.com,0.0115,201012019.2
1790344045.693,m2,peer0.prosecution.example.com,0.0130,200907161.6
1790344045.693,m2,couchdb-forensics,0.0197,101753815.04
1790344045.693,m2,couchdb-prosecution,0.0179,88856330.24
1790344045.693,m2,orderer2.example.com,0.0044,70443335.68
1790344045.693,m2,node-exporter-m2,0.0000,10105126.912
1790344045.693,m2,cadvisor-m2,0.0000,27388805.12
1790344045.693,m2,ca-forensics,0.0000,9215934.464
1790344045.693,m2,ca-prosecution,0.0000,9064939.52
1790344050.709,m4,loadgen-reuse-smoke,0.0048,38577111.04
1790344050.709,m4,dias-backend,0.0004,96385105.92
1790344050.709,m4,prometheus,0.0060,112512204.8
1790344050.709,m4,cadvisor-m4,0.0000,26738688.0
1790344050.709,m4,node-exporter-m4,0.0000,10420748.288
1790344050.697,m1,dev-peer0.police.example.com-diasrecords_2.3-adc3472e0c7f6d13d4110347673ef872d67a85cc3bf855bedad93020a127f59f,0.0000,84032880.64
1790344050.697,m1,peer0.police.example.com,0.0378,223346688.0
1790344050.697,m1,couchdb-police,0.0224,99079946.24
1790344050.697,m1,orderer1.example.com,0.0030,77877739.52
1790344050.697,m1,cadvisor-m1,0.0000,26539458.56
1790344050.697,m1,node-exporter-m1,0.0160,9965666.304
1790344050.697,m1,ca-orderer,0.0000,8765046.784
1790344050.697,m1,ca-police,0.0000,9351200.768
1790344050.708,m3,dev-peer0.audit.example.com-diasrecords_2.3-adc3472e0c7f6d13d4110347673ef872d67a85cc3bf855bedad93020a127f59f,0.0000,56308531.2
1790344050.708,m3,dev-peer0.court.example.com-diasrecords_2.3-adc3472e0c7f6d13d4110347673ef872d67a85cc3bf855bedad93020a127f59f,0.0000,79251374.08
1790344050.708,m3,peer0.court.example.com,0.0450,213280358.4
1790344050.708,m3,peer0.audit.example.com,0.0474,207827763.2
1790344050.708,m3,couchdb-court,0.0182,87755325.44
1790344050.708,m3,couchdb-audit,0.0188,155084390.4
1790344050.708,m3,orderer3.example.com,0.0027,49723473.92
1790344050.708,m3,node-exporter-m3,0.0000,21296578.56
1790344050.708,m3,cadvisor-m3,0.0001,39164313.6
1790344050.708,m3,ca-court,0.0000,9022996.48
1790344050.708,m3,ca-audit,0.0000,8929673.216
1790344050.702,m2,dev-peer0.prosecution.example.com-diasrecords_2.3-adc3472e0c7f6d13d4110347673ef872d67a85cc3bf855bedad93020a127f59f,0.0001,77049364.48
1790344050.702,m2,dev-peer0.forensics.example.com-diasrecords_2.3-adc3472e0c7f6d13d4110347673ef872d67a85cc3bf855bedad93020a127f59f,0.0000,78517370.88
1790344050.702,m2,peer0.forensics.example.com,0.0383,200802304.0
1790344050.702,m2,peer0.prosecution.example.com,0.0386,200697446.4
1790344050.702,m2,couchdb-forensics,0.0177,100139008.0
1790344050.702,m2,couchdb-prosecution,0.0175,88625643.52
1790344050.702,m2,orderer2.example.com,0.0023,70254592.0
1790344050.702,m2,node-exporter-m2,0.0000,9671016.448
1790344050.702,m2,cadvisor-m2,0.0000,27137146.88
1790344050.702,m2,ca-forensics,0.0000,9215934.464
1790344050.702,m2,ca-prosecution,0.0000,9064939.52
1790344055.704,m4,loadgen-reuse-smoke,0.0056,38325452.8
1790344055.704,m4,dias-backend,0.0112,96395591.68
1790344055.704,m4,prometheus,0.0043,112512204.8
1790344055.704,m4,cadvisor-m4,0.0004,26791116.8
1790344055.704,m4,node-exporter-m4,0.0000,10684989.44
1790344055.702,m1,dev-peer0.police.example.com-diasrecords_2.3-adc3472e0c7f6d13d4110347673ef872d67a85cc3bf855bedad93020a127f59f,0.0000,83791708.16
1790344055.702,m1,peer0.police.example.com,0.0068,222717542.4
1790344055.702,m1,couchdb-police,0.0031,98241085.44
1790344055.702,m1,orderer1.example.com,0.0017,77940654.08
1790344055.702,m1,cadvisor-m1,0.0000,26392657.92
1790344055.702,m1,node-exporter-m1,0.0126,9974054.912
1790344055.702,m1,ca-orderer,0.0000,8765046.784
1790344055.702,m1,ca-police,0.0000,9351200.768
1790344055.702,m3,dev-peer0.audit.example.com-diasrecords_2.3-adc3472e0c7f6d13d4110347673ef872d67a85cc3bf855bedad93020a127f59f,0.0048,56434360.32
1790344055.702,m3,dev-peer0.court.example.com-diasrecords_2.3-adc3472e0c7f6d13d4110347673ef872d67a85cc3bf855bedad93020a127f59f,0.0039,79240888.32
1790344055.702,m3,peer0.court.example.com,0.0108,213804646.4
1790344055.702,m3,peer0.audit.example.com,0.0166,207618048.0
1790344055.702,m3,couchdb-court,0.0044,87168122.88
1790344055.702,m3,couchdb-audit,0.0032,153196953.6
1790344055.702,m3,orderer3.example.com,0.0025,49975132.16
1790344055.702,m3,node-exporter-m3,0.0000,20782776.32
1790344055.702,m3,cadvisor-m3,0.0001,39164313.6
1790344055.702,m3,ca-court,0.0000,9022996.48
1790344055.702,m3,ca-audit,0.0000,8929673.216
1790344055.702,m2,dev-peer0.prosecution.example.com-diasrecords_2.3-adc3472e0c7f6d13d4110347673ef872d67a85cc3bf855bedad93020a127f59f,0.0011,77311508.48
1790344055.702,m2,dev-peer0.forensics.example.com-diasrecords_2.3-adc3472e0c7f6d13d4110347673ef872d67a85cc3bf855bedad93020a127f59f,0.0047,78748057.6
1790344055.702,m2,peer0.forensics.example.com,0.0120,200697446.4
1790344055.702,m2,peer0.prosecution.example.com,0.0080,200697446.4
1790344055.702,m2,couchdb-forensics,0.0061,100401152.0
1790344055.702,m2,couchdb-prosecution,0.0030,88793415.68
1790344055.702,m2,orderer2.example.com,0.0027,70946652.16
1790344055.702,m2,node-exporter-m2,0.0000,9686745.088
1790344055.702,m2,cadvisor-m2,0.0000,27137146.88
1790344055.702,m2,ca-forensics,0.0000,9215934.464
1790344055.702,m2,ca-prosecution,0.0000,9064939.52
1790344060.709,m4,loadgen-reuse-smoke,0.0042,38671482.88
1790344060.709,m4,dias-backend,0.0005,95881789.44
1790344060.709,m4,prometheus,0.0040,112721920.0
1790344060.709,m4,cadvisor-m4,0.0001,26791116.8
1790344060.709,m4,node-exporter-m4,0.0000,10622074.88
1790344060.705,m1,dev-peer0.police.example.com-diasrecords_2.3-adc3472e0c7f6d13d4110347673ef872d67a85cc3bf855bedad93020a127f59f,0.0000,84043366.4
1790344060.705,m1,peer0.police.example.com,0.0075,222927257.6
1790344060.705,m1,couchdb-police,0.0040,99268689.92
1790344060.705,m1,orderer1.example.com,0.0021,78213283.84
1790344060.705,m1,cadvisor-m1,0.0000,26277314.56
1790344060.705,m1,node-exporter-m1,0.0086,10247733.248
1790344060.705,m1,ca-orderer,0.0000,8765046.784
1790344060.705,m1,ca-police,0.0000,9351200.768
1790344060.705,m2,dev-peer0.prosecution.example.com-diasrecords_2.3-adc3472e0c7f6d13d4110347673ef872d67a85cc3bf855bedad93020a127f59f,0.0001,77301022.72
1790344060.705,m2,dev-peer0.forensics.example.com-diasrecords_2.3-adc3472e0c7f6d13d4110347673ef872d67a85cc3bf855bedad93020a127f59f,0.0000,78255226.88
1790344060.705,m2,peer0.forensics.example.com,0.0095,201012019.2
1790344060.705,m2,peer0.prosecution.example.com,0.0089,200487731.2
1790344060.705,m2,couchdb-forensics,0.0027,100443095.04
1790344060.705,m2,couchdb-prosecution,0.0024,88835358.72
1790344060.705,m2,orderer2.example.com,0.0017,70359449.6
1790344060.705,m2,node-exporter-m2,0.0000,9690939.392
1790344060.705,m2,cadvisor-m2,0.0000,27137146.88
1790344060.705,m2,ca-forensics,0.0000,9215934.464
1790344060.705,m2,ca-prosecution,0.0000,9064939.52
1790344060.709,m3,dev-peer0.audit.example.com-diasrecords_2.3-adc3472e0c7f6d13d4110347673ef872d67a85cc3bf855bedad93020a127f59f,0.0000,56696504.32
1790344060.709,m3,dev-peer0.court.example.com-diasrecords_2.3-adc3472e0c7f6d13d4110347673ef872d67a85cc3bf855bedad93020a127f59f,0.0000,78915829.76
1790344060.709,m3,peer0.court.example.com,0.0074,213070643.2
1790344060.709,m3,peer0.audit.example.com,0.0093,207513190.4
1790344060.709,m3,couchdb-court,0.0026,87776296.96
1790344060.709,m3,couchdb-audit,0.0026,153930956.8
1790344060.709,m3,orderer3.example.com,0.0016,49733959.68
1790344060.709,m3,node-exporter-m3,0.0000,20782776.32
1790344060.709,m3,cadvisor-m3,0.0001,39164313.6
1790344060.709,m3,ca-court,0.0000,9022996.48
1790344060.709,m3,ca-audit,0.0000,8929673.216
1790344065.717,m4,loadgen-reuse-smoke,0.0043,38702940.16
1790344065.717,m4,dias-backend,0.0070,96143933.44
1790344065.717,m4,prometheus,0.0045,112617062.4
1790344065.717,m4,cadvisor-m4,0.0005,27304919.04
1790344065.717,m4,node-exporter-m4,0.0000,10496245.76
1790344065.708,m1,dev-peer0.police.example.com-diasrecords_2.3-adc3472e0c7f6d13d4110347673ef872d67a85cc3bf855bedad93020a127f59f,0.0036,84284538.88
1790344065.708,m1,peer0.police.example.com,0.0396,223346688.0
1790344065.708,m1,couchdb-police,0.0631,100642324.48
1790344065.708,m1,orderer1.example.com,0.0108,78213283.84
1790344065.708,m1,cadvisor-m1,0.0006,26287800.32
1790344065.708,m1,node-exporter-m1,0.0100,9978249.216
1790344065.708,m1,ca-orderer,0.0000,8765046.784
1790344065.708,m1,ca-police,0.0000,9351200.768
1790344065.708,m2,dev-peer0.prosecution.example.com-diasrecords_2.3-adc3472e0c7f6d13d4110347673ef872d67a85cc3bf855bedad93020a127f59f,0.0000,77049364.48
1790344065.708,m2,dev-peer0.forensics.example.com-diasrecords_2.3-adc3472e0c7f6d13d4110347673ef872d67a85cc3bf855bedad93020a127f59f,0.0026,78517370.88
1790344065.708,m2,peer0.forensics.example.com,0.0251,200802304.0
1790344065.708,m2,peer0.prosecution.example.com,0.0203,200697446.4
1790344065.708,m2,couchdb-forensics,0.0552,101428756.48
1790344065.708,m2,couchdb-prosecution,0.0485,88908759.04
1790344065.708,m2,orderer2.example.com,0.0093,70212648.96
1790344065.708,m2,node-exporter-m2,0.0000,10051649.536
1790344065.708,m2,cadvisor-m2,0.0000,27137146.88
1790344065.708,m2,ca-forensics,0.0000,9215934.464
1790344065.708,m2,ca-prosecution,0.0000,9064939.52
1790344065.709,m3,dev-peer0.audit.example.com-diasrecords_2.3-adc3472e0c7f6d13d4110347673ef872d67a85cc3bf855bedad93020a127f59f,0.0014,56434360.32
1790344065.709,m3,dev-peer0.court.example.com-diasrecords_2.3-adc3472e0c7f6d13d4110347673ef872d67a85cc3bf855bedad93020a127f59f,0.0061,79177973.76
1790344065.709,m3,peer0.court.example.com,0.0258,213594931.2
1790344065.709,m3,peer0.audit.example.com,0.0238,207408332.8
1790344065.709,m3,couchdb-court,0.0543,89380618.24
1790344065.709,m3,couchdb-audit,0.0060,153930956.8
1790344065.709,m3,orderer3.example.com,0.0079,49524244.48
1790344065.709,m3,node-exporter-m3,0.0000,20782776.32
1790344065.709,m3,cadvisor-m3,0.0001,39164313.6
1790344065.709,m3,ca-court,0.0000,9022996.48
1790344065.709,m3,ca-audit,0.0000,8929673.216
1790344070.717,m4,loadgen-reuse-smoke,0.0038,38713425.92
1790344070.717,m4,dias-backend,0.0008,95902760.96
1790344070.717,m4,prometheus,0.0042,112721920.0
1790344070.717,m4,cadvisor-m4,0.0005,27304919.04
1790344070.717,m4,node-exporter-m4,0.0000,10382999.552
1790344070.713,m1,dev-peer0.police.example.com-diasrecords_2.3-adc3472e0c7f6d13d4110347673ef872d67a85cc3bf855bedad93020a127f59f,0.0000,83791708.16
1790344070.713,m1,peer0.police.example.com,0.0259,223346688.0
1790344070.713,m1,couchdb-police,0.0117,100044636.16
1790344070.713,m1,orderer1.example.com,0.0020,78150369.28
1790344070.713,m1,cadvisor-m1,0.0000,26539458.56
1790344070.713,m1,node-exporter-m1,0.0086,9974054.912
1790344070.713,m1,ca-orderer,0.0000,8765046.784
1790344070.713,m1,ca-police,0.0000,9351200.768
1790344070.714,m2,dev-peer0.prosecution.example.com-diasrecords_2.3-adc3472e0c7f6d13d4110347673ef872d67a85cc3bf855bedad93020a127f59f,0.0000,77049364.48
1790344070.714,m2,dev-peer0.forensics.example.com-diasrecords_2.3-adc3472e0c7f6d13d4110347673ef872d67a85cc3bf855bedad93020a127f59f,0.0000,78255226.88
1790344070.714,m2,peer0.forensics.example.com,0.0212,201326592.0
1790344070.714,m2,peer0.prosecution.example.com,0.0259,200907161.6
1790344070.714,m2,couchdb-forensics,0.0087,101502156.8
1790344070.714,m2,couchdb-prosecution,0.0104,89800048.64
1790344070.714,m2,orderer2.example.com,0.0015,70715965.44
1790344070.714,m2,node-exporter-m2,0.0000,10317987.84
1790344070.714,m2,cadvisor-m2,0.0000,27399290.88
1790344070.714,m2,ca-forensics,0.0000,9215934.464
1790344070.714,m2,ca-prosecution,0.0000,9064939.52
1790344070.715,m3,dev-peer0.audit.example.com-diasrecords_2.3-adc3472e0c7f6d13d4110347673ef872d67a85cc3bf855bedad93020a127f59f,0.0000,56193187.84
1790344070.715,m3,dev-peer0.court.example.com-diasrecords_2.3-adc3472e0c7f6d13d4110347673ef872d67a85cc3bf855bedad93020a127f59f,0.0000,78905344.0
1790344070.715,m3,peer0.court.example.com,0.0255,213804646.4
1790344070.715,m3,peer0.audit.example.com,0.0226,207932620.8
1790344070.715,m3,couchdb-court,0.0112,88866816.0
1790344070.715,m3,couchdb-audit,0.0093,155189248.0
1790344070.715,m3,orderer3.example.com,0.0055,49765416.96
1790344070.715,m3,node-exporter-m3,0.0000,20835205.12
1790344070.715,m3,cadvisor-m3,0.0001,39426457.6
1790344070.715,m3,ca-court,0.0000,9022996.48
1790344070.715,m3,ca-audit,0.0000,8929673.216
1790344075.721,m4,loadgen-reuse-smoke,0.0043,38744883.2
1790344075.721,m4,dias-backend,0.0009,96395591.68
1790344075.721,m4,prometheus,0.0070,112721920.0
1790344075.721,m4,cadvisor-m4,0.0000,26528972.8
1790344075.721,m4,node-exporter-m4,0.0000,10387193.856
1790344075.718,m1,dev-peer0.police.example.com-diasrecords_2.3-adc3472e0c7f6d13d4110347673ef872d67a85cc3bf855bedad93020a127f59f,0.0000,84295024.64
1790344075.718,m1,peer0.police.example.com,0.0146,222927257.6
1790344075.718,m1,couchdb-police,0.0445,101984501.76
1790344075.718,m1,orderer1.example.com,0.0096,78926315.52
1790344075.718,m1,cadvisor-m1,0.0000,26801602.56
1790344075.718,m1,node-exporter-m1,0.0181,9989783.552
1790344075.718,m1,ca-orderer,0.0000,8765046.784
1790344075.718,m1,ca-police,0.0000,9351200.768
1790344075.719,m2,dev-peer0.prosecution.example.com-diasrecords_2.3-adc3472e0c7f6d13d4110347673ef872d67a85cc3bf855bedad93020a127f59f,0.0000,77070336.0
1790344075.719,m2,dev-peer0.forensics.example.com-diasrecords_2.3-adc3472e0c7f6d13d4110347673ef872d67a85cc3bf855bedad93020a127f59f,0.0000,78265712.64
1790344075.719,m2,peer0.forensics.example.com,0.0142,201221734.4
1790344075.719,m2,peer0.prosecution.example.com,0.0143,200697446.4
1790344075.719,m2,couchdb-forensics,0.0398,100338237.44
1790344075.719,m2,couchdb-prosecution,0.0394,88678072.32
1790344075.719,m2,orderer2.example.com,0.0060,70747422.72
1790344075.719,m2,node-exporter-m2,0.0000,9716105.216
1790344075.719,m2,cadvisor-m2,0.0009,27210547.2
1790344075.719,m2,ca-forensics,0.0000,9215934.464
1790344075.719,m2,ca-prosecution,0.0000,9064939.52
1790344075.720,m3,dev-peer0.audit.example.com-diasrecords_2.3-adc3472e0c7f6d13d4110347673ef872d67a85cc3bf855bedad93020a127f59f,0.0000,56203673.6
1790344075.720,m3,dev-peer0.court.example.com-diasrecords_2.3-adc3472e0c7f6d13d4110347673ef872d67a85cc3bf855bedad93020a127f59f,0.0000,78905344.0
1790344075.720,m3,peer0.court.example.com,0.0150,213070643.2
1790344075.720,m3,peer0.audit.example.com,0.0172,207618048.0
1790344075.720,m3,couchdb-court,0.0386,90523566.08
1790344075.720,m3,couchdb-audit,0.0367,157076684.8
1790344075.720,m3,orderer3.example.com,0.0071,49796874.24
1790344075.720,m3,node-exporter-m3,0.0000,20866662.4
1790344075.720,m3,cadvisor-m3,0.0001,39415971.84
1790344075.720,m3,ca-court,0.0000,9022996.48
1790344075.720,m3,ca-audit,0.0000,8929673.216
1790344080.724,m4,loadgen-reuse-smoke,0.0070,38828769.28
1790344080.724,m4,dias-backend,0.0129,96343162.88
1790344080.724,m4,prometheus,0.0036,112617062.4
1790344080.724,m4,cadvisor-m4,0.0000,26864517.12
1790344080.724,m4,node-exporter-m4,0.0000,9871294.464
1790344080.719,m1,dev-peer0.police.example.com-diasrecords_2.3-adc3472e0c7f6d13d4110347673ef872d67a85cc3bf855bedad93020a127f59f,0.0036,84284538.88
1790344080.719,m1,peer0.police.example.com,0.0119,222822400.0
1790344080.719,m1,couchdb-police,0.0071,101397299.2
1790344080.719,m1,orderer1.example.com,0.0028,79083601.92
1790344080.719,m1,cadvisor-m1,0.0000,26476544.0
1790344080.719,m1,node-exporter-m1,0.0061,10247733.248
1790344080.719,m1,ca-orderer,0.0000,8765046.784
1790344080.719,m1,ca-police,0.0000,9351200.768
1790344080.720,m2,dev-peer0.prosecution.example.com-diasrecords_2.3-adc3472e0c7f6d13d4110347673ef872d67a85cc3bf855bedad93020a127f59f,0.0050,77342965.76
1790344080.720,m2,dev-peer0.forensics.example.com-diasrecords_2.3-adc3472e0c7f6d13d4110347673ef872d67a85cc3bf855bedad93020a127f59f,0.0000,78265712.64
1790344080.720,m2,peer0.forensics.example.com,0.0083,201012019.2
1790344080.720,m2,peer0.prosecution.example.com,0.0117,200487731.2
1790344080.720,m2,couchdb-forensics,0.0024,99321118.72
1790344080.720,m2,couchdb-prosecution,0.0062,89087016.96
1790344080.720,m2,orderer2.example.com,0.0027,70233620.48
1790344080.720,m2,node-exporter-m2,0.0000,9716105.216
1790344080.720,m2,cadvisor-m2,0.0000,26937917.44
1790344080.720,m2,ca-forensics,0.0000,9215934.464
1790344080.720,m2,ca-prosecution,0.0000,9064939.52
1790344080.721,m3,dev-peer0.audit.example.com-diasrecords_2.3-adc3472e0c7f6d13d4110347673ef872d67a85cc3bf855bedad93020a127f59f,0.0068,56214159.36
1790344080.721,m3,dev-peer0.court.example.com-diasrecords_2.3-adc3472e0c7f6d13d4110347673ef872d67a85cc3bf855bedad93020a127f59f,0.0010,79429632.0
1790344080.721,m3,peer0.court.example.com,0.0083,213280358.4
1790344080.721,m3,peer0.audit.example.com,0.0177,207618048.0
1790344080.721,m3,couchdb-court,0.0027,89674219.52
1790344080.721,m3,couchdb-audit,0.0078,156447539.2
1790344080.721,m3,orderer3.example.com,0.0028,49859788.8
1790344080.721,m3,node-exporter-m3,0.0000,20866662.4
1790344080.721,m3,cadvisor-m3,0.0002,39164313.6
1790344080.721,m3,ca-court,0.0000,9022996.48
1790344080.721,m3,ca-audit,0.0000,8929673.216
1790344085.738,m4,loadgen-reuse-smoke,0.0030,38797312.0
1790344085.738,m4,dias-backend,0.0005,96133447.68
1790344085.738,m4,prometheus,0.0045,112826777.6
1790344085.738,m4,cadvisor-m4,0.0000,26979860.48
1790344085.738,m4,node-exporter-m4,0.0000,10236198.912
1790344085.725,m1,dev-peer0.police.example.com-diasrecords_2.3-adc3472e0c7f6d13d4110347673ef872d67a85cc3bf855bedad93020a127f59f,0.0000,83791708.16
1790344085.725,m1,peer0.police.example.com,0.0178,223136972.8
1790344085.725,m1,couchdb-police,0.0015,100065607.68
1790344085.725,m1,orderer1.example.com,0.0018,80278978.56
1790344085.725,m1,cadvisor-m1,0.0000,26298286.08
1790344085.725,m1,node-exporter-m1,0.0080,10309599.232
1790344085.725,m1,ca-orderer,0.0000,8765046.784
1790344085.725,m1,ca-police,0.0000,9351200.768
1790344085.728,m2,dev-peer0.prosecution.example.com-diasrecords_2.3-adc3472e0c7f6d13d4110347673ef872d67a85cc3bf855bedad93020a127f59f,0.0000,77049364.48
1790344085.728,m2,dev-peer0.forensics.example.com-diasrecords_2.3-adc3472e0c7f6d13d4110347673ef872d67a85cc3bf855bedad93020a127f59f,0.0000,78265712.64
1790344085.728,m2,peer0.forensics.example.com,0.0090,200802304.0
1790344085.728,m2,peer0.prosecution.example.com,0.0127,200487731.2
1790344085.728,m2,couchdb-forensics,0.0016,100191436.8
1790344085.728,m2,couchdb-prosecution,0.0035,89370132.48
1790344085.728,m2,orderer2.example.com,0.0016,71041024.0
1790344085.728,m2,node-exporter-m2,0.0000,9716105.216
1790344085.728,m2,cadvisor-m2,0.0000,27137146.88
1790344085.728,m2,ca-forensics,0.0000,9215934.464
1790344085.728,m2,ca-prosecution,0.0000,9064939.52
1790344085.731,m3,dev-peer0.audit.example.com-diasrecords_2.3-adc3472e0c7f6d13d4110347673ef872d67a85cc3bf855bedad93020a127f59f,0.0000,56224645.12
1790344085.731,m3,dev-peer0.court.example.com-diasrecords_2.3-adc3472e0c7f6d13d4110347673ef872d67a85cc3bf855bedad93020a127f59f,0.0000,78905344.0
1790344085.731,m3,peer0.court.example.com,0.0118,213280358.4
1790344085.731,m3,peer0.audit.example.com,0.0100,207618048.0
1790344085.731,m3,couchdb-court,0.0018,88594186.24
1790344085.731,m3,couchdb-audit,0.0028,154664960.0
1790344085.731,m3,orderer3.example.com,0.0014,50772049.92
1790344085.731,m3,node-exporter-m3,0.0000,20866662.4
1790344085.731,m3,cadvisor-m3,0.0002,39436943.36
1790344085.731,m3,ca-court,0.0000,9022996.48
1790344085.731,m3,ca-audit,0.0000,8929673.216
1790344090.727,m4,loadgen-reuse-smoke,0.0034,38828769.28
1790344090.727,m4,dias-backend,0.0054,96406077.44
1790344090.727,m4,prometheus,0.0042,112721920.0
1790344090.727,m4,cadvisor-m4,0.0000,26791116.8
1790344090.727,m4,node-exporter-m4,0.0000,9998172.16
1790344090.725,m1,dev-peer0.police.example.com-diasrecords_2.3-adc3472e0c7f6d13d4110347673ef872d67a85cc3bf855bedad93020a127f59f,0.0000,83791708.16
1790344090.725,m1,peer0.police.example.com,0.0232,222927257.6
1790344090.725,m1,couchdb-police,0.0670,100998840.32
1790344090.725,m1,orderer1.example.com,0.0092,80908124.16
1790344090.725,m1,cadvisor-m1,0.0000,26549944.32
1790344090.725,m1,node-exporter-m1,0.0058,10317987.84
1790344090.725,m1,ca-orderer,0.0000,8765046.784
1790344090.725,m1,ca-police,0.0000,9351200.768
1790344090.725,m2,dev-peer0.prosecution.example.com-diasrecords_2.3-adc3472e0c7f6d13d4110347673ef872d67a85cc3bf855bedad93020a127f59f,0.0013,77332480.0
1790344090.725,m2,dev-peer0.forensics.example.com-diasrecords_2.3-adc3472e0c7f6d13d4110347673ef872d67a85cc3bf855bedad93020a127f59f,0.0000,78265712.64
1790344090.725,m2,peer0.forensics.example.com,0.0253,201012019.2
1790344090.725,m2,peer0.prosecution.example.com,0.0223,200907161.6
1790344090.725,m2,couchdb-forensics,0.0585,99939778.56
1790344090.725,m2,couchdb-prosecution,0.0555,89978306.56
1790344090.725,m2,orderer2.example.com,0.0069,71009566.72
1790344090.725,m2,node-exporter-m2,0.0000,9940500.48
1790344090.725,m2,cadvisor-m2,0.0005,27200061.44
1790344090.725,m2,ca-forensics,0.0000,9215934.464
1790344090.725,m2,ca-prosecution,0.0000,9064939.52
1790344090.727,m3,dev-peer0.audit.example.com-diasrecords_2.3-adc3472e0c7f6d13d4110347673ef872d67a85cc3bf855bedad93020a127f59f,0.0015,56979619.84
1790344090.727,m3,dev-peer0.court.example.com-diasrecords_2.3-adc3472e0c7f6d13d4110347673ef872d67a85cc3bf855bedad93020a127f59f,0.0012,78926315.52
1790344090.727,m3,peer0.court.example.com,0.0257,213280358.4
1790344090.727,m3,peer0.audit.example.com,0.0385,207932620.8
1790344090.727,m3,couchdb-court,0.0551,89244303.36
1790344090.727,m3,couchdb-audit,0.0561,155608678.4
1790344090.727,m3,orderer3.example.com,0.0066,50897879.04
1790344090.727,m3,node-exporter-m3,0.0000,20866662.4
1790344090.727,m3,cadvisor-m3,0.0001,39164313.6
1790344090.727,m3,ca-court,0.0000,9022996.48
1790344090.727,m3,ca-audit,0.0000,8929673.216
1790344095.733,m4,loadgen-reuse-smoke,0.0022,38902169.6
1790344095.733,m4,dias-backend,0.0002,95640616.96
1790344095.733,m4,prometheus,0.0031,112617062.4
1790344095.733,m4,cadvisor-m4,0.0000,26791116.8
1790344095.733,m4,node-exporter-m4,0.0000,10517217.28
1790344095.730,m1,dev-peer0.police.example.com-diasrecords_2.3-adc3472e0c7f6d13d4110347673ef872d67a85cc3bf855bedad93020a127f59f,0.0000,83791708.16
1790344095.730,m1,peer0.police.example.com,0.0072,222927257.6
1790344095.730,m1,couchdb-police,0.0106,98702458.88
1790344095.730,m1,orderer1.example.com,0.0022,81547755.52
1790344095.730,m1,cadvisor-m1,0.0000,26298286.08
1790344095.730,m1,node-exporter-m1,0.0050,10337910.784
1790344095.730,m1,ca-orderer,0.0000,8765046.784
1790344095.730,m1,ca-police,0.0000,9351200.768
1790344095.730,m2,dev-peer0.prosecution.example.com-diasrecords_2.3-adc3472e0c7f6d13d4110347673ef872d67a85cc3bf855bedad93020a127f59f,0.0000,77070336.0
1790344095.730,m2,dev-peer0.forensics.example.com-diasrecords_2.3-adc3472e0c7f6d13d4110347673ef872d67a85cc3bf855bedad93020a127f59f,0.0000,78265712.64
1790344095.730,m2,peer0.forensics.example.com,0.0070,201326592.0
1790344095.730,m2,peer0.prosecution.example.com,0.0074,200697446.4
1790344095.730,m2,couchdb-forensics,0.0090,99834920.96
1790344095.730,m2,couchdb-prosecution,0.0059,89674219.52
1790344095.730,m2,orderer2.example.com,0.0020,70600622.08
1790344095.730,m2,node-exporter-m2,0.0000,9551478.784
1790344095.730,m2,cadvisor-m2,0.0000,27200061.44
1790344095.730,m2,ca-forensics,0.0000,9215934.464
1790344095.730,m2,ca-prosecution,0.0000,9064939.52
1790344095.733,m3,dev-peer0.audit.example.com-diasrecords_2.3-adc3472e0c7f6d13d4110347673ef872d67a85cc3bf855bedad93020a127f59f,0.0001,56203673.6
1790344095.733,m3,dev-peer0.court.example.com-diasrecords_2.3-adc3472e0c7f6d13d4110347673ef872d67a85cc3bf855bedad93020a127f59f,0.0000,78915829.76
1790344095.733,m3,peer0.court.example.com,0.0066,213280358.4
1790344095.733,m3,peer0.audit.example.com,0.0073,207827763.2
1790344095.733,m3,couchdb-court,0.0101,88394956.8
1790344095.733,m3,couchdb-audit,0.0091,153616384.0
1790344095.733,m3,orderer3.example.com,0.0019,51642368.0
1790344095.733,m3,node-exporter-m3,0.0000,20877148.16
1790344095.733,m3,cadvisor-m3,0.0001,39174799.36
1790344095.733,m3,ca-court,0.0000,9022996.48
1790344095.733,m3,ca-audit,0.0000,8929673.216
1790344100.736,m4,loadgen-reuse-smoke,0.0000,38870712.32
1790344100.736,m4,dias-backend,0.0005,96154419.2
1790344100.736,m4,prometheus,0.0068,112826777.6
1790344100.736,m4,cadvisor-m4,0.0010,26791116.8
1790344100.736,m4,node-exporter-m4,0.0000,9998172.16
1790344100.732,m1,dev-peer0.police.example.com-diasrecords_2.3-adc3472e0c7f6d13d4110347673ef872d67a85cc3bf855bedad93020a127f59f,0.0000,83812679.68
1790344100.732,m1,peer0.police.example.com,0.0220,222822400.0
1790344100.732,m1,couchdb-police,0.0251,100065607.68
1790344100.732,m1,orderer1.example.com,0.0114,82439045.12
1790344100.732,m1,cadvisor-m1,0.0000,26287800.32
1790344100.732,m1,node-exporter-m1,0.0152,10150215.68
1790344100.732,m1,ca-orderer,0.0029,8765046.784
1790344100.732,m1,ca-police,0.0047,9351200.768
1790344100.735,m3,dev-peer0.audit.example.com-diasrecords_2.3-adc3472e0c7f6d13d4110347673ef872d67a85cc3bf855bedad93020a127f59f,0.0000,56224645.12
1790344100.735,m3,dev-peer0.court.example.com-diasrecords_2.3-adc3472e0c7f6d13d4110347673ef872d67a85cc3bf855bedad93020a127f59f,0.0000,78905344.0
1790344100.735,m3,peer0.court.example.com,0.0190,213175500.8
1790344100.735,m3,peer0.audit.example.com,0.0163,207722905.6
1790344100.735,m3,couchdb-court,0.0241,88772444.16
1790344100.735,m3,couchdb-audit,0.0224,154769817.6
1790344100.735,m3,orderer3.example.com,0.0081,52177141.76
1790344100.735,m3,node-exporter-m3,0.0000,20866662.4
1790344100.735,m3,cadvisor-m3,0.0001,39164313.6
1790344100.735,m3,ca-court,0.0000,9022996.48
1790344100.735,m3,ca-audit,0.0000,8929673.216
1790344100.734,m2,dev-peer0.prosecution.example.com-diasrecords_2.3-adc3472e0c7f6d13d4110347673ef872d67a85cc3bf855bedad93020a127f59f,0.0002,77070336.0
1790344100.734,m2,dev-peer0.forensics.example.com-diasrecords_2.3-adc3472e0c7f6d13d4110347673ef872d67a85cc3bf855bedad93020a127f59f,0.0000,78265712.64
1790344100.734,m2,peer0.forensics.example.com,0.0230,200592588.8
1790344100.734,m2,peer0.prosecution.example.com,0.0188,200697446.4
1790344100.734,m2,couchdb-forensics,0.0227,99709091.84
1790344100.734,m2,couchdb-prosecution,0.0223,90691338.24
1790344100.734,m2,orderer2.example.com,0.0076,70873251.84
1790344100.734,m2,node-exporter-m2,0.0000,9559867.392
1790344100.734,m2,cadvisor-m2,0.0000,26937917.44
1790344100.734,m2,ca-forensics,0.0029,9215934.464
1790344100.734,m2,ca-prosecution,0.0000,9064939.52
1790344105.747,m4,loadgen-reuse-smoke,0.0000,38377881.6
1790344105.747,m4,dias-backend,0.0000,95892275.2
1790344105.747,m4,prometheus,0.0067,112721920.0
1790344105.747,m4,cadvisor-m4,0.0000,26791116.8
1790344105.747,m4,node-exporter-m4,0.0000,10223616.0
1790344105.738,m1,dev-peer0.police.example.com-diasrecords_2.3-adc3472e0c7f6d13d4110347673ef872d67a85cc3bf855bedad93020a127f59f,0.0000,83812679.68
1790344105.738,m1,peer0.police.example.com,0.0238,222927257.6
1790344105.738,m1,couchdb-police,0.0229,98817802.24
1790344105.738,m1,orderer1.example.com,0.0031,82837504.0
1790344105.738,m1,cadvisor-m1,0.0000,26539458.56
1790344105.738,m1,node-exporter-m1,0.0132,10146021.376
1790344105.738,m1,ca-orderer,0.0000,8765046.784
1790344105.738,m1,ca-police,0.0000,9351200.768
1790344105.738,m2,dev-peer0.prosecution.example.com-diasrecords_2.3-adc3472e0c7f6d13d4110347673ef872d67a85cc3bf855bedad93020a127f59f,0.0000,77070336.0
1790344105.738,m2,dev-peer0.forensics.example.com-diasrecords_2.3-adc3472e0c7f6d13d4110347673ef872d67a85cc3bf855bedad93020a127f59f,0.0000,78265712.64
1790344105.738,m2,peer0.forensics.example.com,0.0153,201012019.2
1790344105.738,m2,peer0.prosecution.example.com,0.0128,200487731.2
1790344105.738,m2,couchdb-forensics,0.0200,99226746.88
1790344105.738,m2,couchdb-prosecution,0.0205,90146078.72
1790344105.738,m2,orderer2.example.com,0.0024,71135395.84
1790344105.738,m2,node-exporter-m2,0.0000,9830400.0
1790344105.738,m2,cadvisor-m2,0.0000,26937917.44
1790344105.738,m2,ca-forensics,0.0000,9215934.464
1790344105.738,m2,ca-prosecution,0.0000,9064939.52
1790344105.743,m3,dev-peer0.audit.example.com-diasrecords_2.3-adc3472e0c7f6d13d4110347673ef872d67a85cc3bf855bedad93020a127f59f,0.0000,56224645.12
1790344105.743,m3,dev-peer0.court.example.com-diasrecords_2.3-adc3472e0c7f6d13d4110347673ef872d67a85cc3bf855bedad93020a127f59f,0.0000,78905344.0
1790344105.743,m3,peer0.court.example.com,0.0127,213385216.0
1790344105.743,m3,peer0.audit.example.com,0.0128,207618048.0
1790344105.743,m3,couchdb-court,0.0293,87293952.0
1790344105.743,m3,couchdb-audit,0.0267,153721241.6
1790344105.743,m3,orderer3.example.com,0.0025,52565114.88
1790344105.743,m3,node-exporter-m3,0.0000,20866662.4
1790344105.743,m3,cadvisor-m3,0.0004,39164313.6
1790344105.743,m3,ca-court,0.0000,9022996.48
1790344105.743,m3,ca-audit,0.0000,8929673.216
1790344110.753,m4,loadgen-reuse-smoke,0.0007,38640025.6
1790344110.753,m4,dias-backend,0.0206,96122961.92
1790344110.753,m4,prometheus,0.0045,112617062.4
1790344110.753,m4,cadvisor-m4,0.0000,26686259.2
1790344110.753,m4,node-exporter-m4,0.0000,9969860.608
1790344110.744,m1,dev-peer0.police.example.com-diasrecords_2.3-adc3472e0c7f6d13d4110347673ef872d67a85cc3bf855bedad93020a127f59f,0.0075,84253081.6
1790344110.744,m1,peer0.police.example.com,0.0489,224290406.4
1790344110.744,m1,couchdb-police,0.0532,100684267.52
1790344110.744,m1,orderer1.example.com,0.0168,81778442.24
1790344110.744,m1,cadvisor-m1,0.0000,26518487.04
1790344110.744,m1,node-exporter-m1,0.0054,9888071.68
1790344110.744,m1,ca-orderer,0.0000,8765046.784
1790344110.744,m1,ca-police,0.0000,9351200.768
1790344110.752,m3,dev-peer0.audit.example.com-diasrecords_2.3-adc3472e0c7f6d13d4110347673ef872d67a85cc3bf855bedad93020a127f59f,0.0109,56339988.48
1790344110.752,m3,dev-peer0.court.example.com-diasrecords_2.3-adc3472e0c7f6d13d4110347673ef872d67a85cc3bf855bedad93020a127f59f,0.0082,79398174.72
1790344110.752,m3,peer0.court.example.com,0.0487,213804646.4
1790344110.752,m3,peer0.audit.example.com,0.0424,208037478.4
1790344110.752,m3,couchdb-court,0.0597,89663733.76
1790344110.752,m3,couchdb-audit,0.0531,155713536.0
1790344110.752,m3,orderer3.example.com,0.0100,53928263.68
1790344110.752,m3,node-exporter-m3,0.0000,20866662.4
1790344110.752,m3,cadvisor-m3,0.0001,39164313.6
1790344110.752,m3,ca-court,0.0000,9022996.48
1790344110.752,m3,ca-audit,0.0000,8929673.216
1790344110.750,m2,dev-peer0.prosecution.example.com-diasrecords_2.3-adc3472e0c7f6d13d4110347673ef872d67a85cc3bf855bedad93020a127f59f,0.0029,77353451.52
1790344110.750,m2,dev-peer0.forensics.example.com-diasrecords_2.3-adc3472e0c7f6d13d4110347673ef872d67a85cc3bf855bedad93020a127f59f,0.0076,79031173.12
1790344110.750,m2,peer0.forensics.example.com,0.0470,200802304.0
1790344110.750,m2,peer0.prosecution.example.com,0.0448,200487731.2
1790344110.750,m2,couchdb-forensics,0.0599,99541319.68
1790344110.750,m2,couchdb-prosecution,0.0502,90429194.24
1790344110.750,m2,orderer2.example.com,0.0083,71575797.76
1790344110.750,m2,node-exporter-m2,0.0000,9756999.68
1790344110.750,m2,cadvisor-m2,0.0000,26937917.44
1790344110.750,m2,ca-forensics,0.0000,9215934.464
1790344110.750,m2,ca-prosecution,0.0000,9064939.52
1790344115.750,m4,loadgen-reuse-smoke,0.0069,39447429.12
1790344115.750,m4,dias-backend,0.0005,95850332.16
1790344115.750,m4,prometheus,0.0040,112407347.2
1790344115.750,m4,cadvisor-m4,0.0000,26791116.8
1790344115.750,m4,node-exporter-m4,0.0000,10195304.448
1790344115.745,m1,dev-peer0.police.example.com-diasrecords_2.3-adc3472e0c7f6d13d4110347673ef872d67a85cc3bf855bedad93020a127f59f,0.0000,84043366.4
1790344115.745,m1,peer0.police.example.com,0.0048,223870976.0
1790344115.745,m1,couchdb-police,0.0088,98608087.04
1790344115.745,m1,orderer1.example.com,0.0016,82764103.68
1790344115.745,m1,cadvisor-m1,0.0000,26791116.8
1790344115.745,m1,node-exporter-m1,0.0090,9879683.072
1790344115.745,m1,ca-orderer,0.0000,8765046.784
1790344115.745,m1,ca-police,0.0000,9351200.768
1790344115.748,m3,dev-peer0.audit.example.com-diasrecords_2.3-adc3472e0c7f6d13d4110347673ef872d67a85cc3bf855bedad93020a127f59f,0.0000,56581160.96
1790344115.748,m3,dev-peer0.court.example.com-diasrecords_2.3-adc3472e0c7f6d13d4110347673ef872d67a85cc3bf855bedad93020a127f59f,0.0000,79398174.72
1790344115.748,m3,peer0.court.example.com,0.0053,213280358.4
1790344115.748,m3,peer0.audit.example.com,0.0054,207722905.6
1790344115.748,m3,couchdb-court,0.0089,87776296.96
1790344115.748,m3,couchdb-audit,0.0094,153721241.6
1790344115.748,m3,orderer3.example.com,0.0013,56706990.08
1790344115.748,m3,node-exporter-m3,0.0000,20866662.4
1790344115.748,m3,cadvisor-m3,0.0002,39164313.6
1790344115.748,m3,ca-court,0.0000,9022996.48
1790344115.748,m3,ca-audit,0.0000,8929673.216
1790344115.745,m2,dev-peer0.prosecution.example.com-diasrecords_2.3-adc3472e0c7f6d13d4110347673ef872d67a85cc3bf855bedad93020a127f59f,0.0082,77059850.24
1790344115.745,m2,dev-peer0.forensics.example.com-diasrecords_2.3-adc3472e0c7f6d13d4110347673ef872d67a85cc3bf855bedad93020a127f59f,0.0000,78265712.64
1790344115.745,m2,peer0.forensics.example.com,0.0052,201012019.2
1790344115.745,m2,peer0.prosecution.example.com,0.0055,200487731.2
1790344115.745,m2,couchdb-forensics,0.0087,100191436.8
1790344115.745,m2,couchdb-prosecution,0.0087,90680852.48
1790344115.745,m2,orderer2.example.com,0.0014,72372715.52
1790344115.745,m2,node-exporter-m2,0.0000,9851371.52
1790344115.745,m2,cadvisor-m2,0.0000,26937917.44
1790344115.745,m2,ca-forensics,0.0000,9215934.464
1790344115.745,m2,ca-prosecution,0.0000,9064939.52
1790344120.749,m4,loadgen-reuse-smoke,0.0048,39415971.84
1790344120.749,m4,dias-backend,0.0006,96154419.2
1790344120.749,m4,prometheus,0.0039,112617062.4
1790344120.749,m4,cadvisor-m4,0.0000,26528972.8
1790344120.749,m4,node-exporter-m4,0.0000,10219421.696
1790344120.745,m1,dev-peer0.police.example.com-diasrecords_2.3-adc3472e0c7f6d13d4110347673ef872d67a85cc3bf855bedad93020a127f59f,0.0015,84211138.56
1790344120.745,m1,peer0.police.example.com,0.0162,224185548.8
1790344120.745,m1,couchdb-police,0.0440,100977868.8
1790344120.745,m1,orderer1.example.com,0.0071,83351306.24
1790344120.745,m1,cadvisor-m1,0.0000,26549944.32
1790344120.745,m1,node-exporter-m1,0.0053,9847177.216
1790344120.745,m1,ca-orderer,0.0000,8765046.784
1790344120.745,m1,ca-police,0.0000,9351200.768
1790344120.747,m3,dev-peer0.audit.example.com-diasrecords_2.3-adc3472e0c7f6d13d4110347673ef872d67a85cc3bf855bedad93020a127f59f,0.0069,56811847.68
1790344120.747,m3,dev-peer0.court.example.com-diasrecords_2.3-adc3472e0c7f6d13d4110347673ef872d67a85cc3bf855bedad93020a127f59f,0.0024,78926315.52
1790344120.747,m3,peer0.court.example.com,0.0186,213385216.0
1790344120.747,m3,peer0.audit.example.com,0.0253,207618048.0
1790344120.747,m3,couchdb-court,0.0409,89726648.32
1790344120.747,m3,couchdb-audit,0.0421,155503820.8
1790344120.747,m3,orderer3.example.com,0.0037,56497274.88
1790344120.747,m3,node-exporter-m3,0.0000,20866662.4
1790344120.747,m3,cadvisor-m3,0.0007,39164313.6
1790344120.747,m3,ca-court,0.0000,9022996.48
1790344120.747,m3,ca-audit,0.0000,8929673.216
1790344120.746,m2,dev-peer0.prosecution.example.com-diasrecords_2.3-adc3472e0c7f6d13d4110347673ef872d67a85cc3bf855bedad93020a127f59f,0.0031,77573652.48
1790344120.746,m2,dev-peer0.forensics.example.com-diasrecords_2.3-adc3472e0c7f6d13d4110347673ef872d67a85cc3bf855bedad93020a127f59f,0.0042,78748057.6
1790344120.746,m2,peer0.forensics.example.com,0.0185,200802304.0
1790344120.746,m2,peer0.prosecution.example.com,0.0154,200802304.0
1790344120.746,m2,couchdb-forensics,0.0395,100118036.48
1790344120.746,m2,couchdb-prosecution,0.0437,89548390.4
1790344120.746,m2,orderer2.example.com,0.0040,73316433.92
1790344120.746,m2,node-exporter-m2,0.0000,9862905.856
1790344120.746,m2,cadvisor-m2,0.0000,26937917.44
1790344120.746,m2,ca-forensics,0.0000,9215934.464
1790344120.746,m2,ca-prosecution,0.0000,9064939.52
1790344125.751,m4,loadgen-reuse-smoke,0.0060,39636172.8
1790344125.751,m4,dias-backend,0.0002,95923732.48
1790344125.751,m4,prometheus,0.0043,112931635.2
1790344125.751,m4,cadvisor-m4,0.0000,26916945.92
1790344125.751,m4,node-exporter-m4,0.0000,10527703.04
1790344125.748,m1,dev-peer0.police.example.com-diasrecords_2.3-adc3472e0c7f6d13d4110347673ef872d67a85cc3bf855bedad93020a127f59f,0.0000,84357939.2
1790344125.748,m1,peer0.police.example.com,0.0154,224290406.4
1790344125.748,m1,couchdb-police,0.0024,101994987.52
1790344125.748,m1,orderer1.example.com,0.0015,83068190.72
1790344125.748,m1,cadvisor-m1,0.0000,26539458.56
1790344125.748,m1,node-exporter-m1,0.0085,10088349.696
1790344125.748,m1,ca-orderer,0.0000,8765046.784
1790344125.748,m1,ca-police,0.0000,9351200.768
1790344125.750,m2,dev-peer0.prosecution.example.com-diasrecords_2.3-adc3472e0c7f6d13d4110347673ef872d67a85cc3bf855bedad93020a127f59f,0.0000,77311508.48
1790344125.750,m2,dev-peer0.forensics.example.com-diasrecords_2.3-adc3472e0c7f6d13d4110347673ef872d67a85cc3bf855bedad93020a127f59f,0.0000,78517370.88
1790344125.750,m2,peer0.forensics.example.com,0.0100,200907161.6
1790344125.750,m2,peer0.prosecution.example.com,0.0107,200592588.8
1790344125.750,m2,couchdb-forensics,0.0023,100768153.6
1790344125.750,m2,couchdb-prosecution,0.0030,90104135.68
1790344125.750,m2,orderer2.example.com,0.0015,74448896.0
1790344125.750,m2,node-exporter-m2,0.0000,9862905.856
1790344125.750,m2,cadvisor-m2,0.0004,27210547.2
1790344125.750,m2,ca-forensics,0.0000,9215934.464
1790344125.750,m2,ca-prosecution,0.0000,9064939.52
1790344125.750,m3,dev-peer0.audit.example.com-diasrecords_2.3-adc3472e0c7f6d13d4110347673ef872d67a85cc3bf855bedad93020a127f59f,0.0000,56780390.4
1790344125.750,m3,dev-peer0.court.example.com-diasrecords_2.3-adc3472e0c7f6d13d4110347673ef872d67a85cc3bf855bedad93020a127f59f,0.0000,78915829.76
1790344125.750,m3,peer0.court.example.com,0.0105,213280358.4
1790344125.750,m3,peer0.audit.example.com,0.0080,207827763.2
1790344125.750,m3,couchdb-court,0.0020,91435827.2
1790344125.750,m3,couchdb-audit,0.0032,156447539.2
1790344125.750,m3,orderer3.example.com,0.0014,56224645.12
1790344125.750,m3,node-exporter-m3,0.0000,20866662.4
1790344125.750,m3,cadvisor-m3,0.0002,39164313.6
1790344125.750,m3,ca-court,0.0000,9022996.48
1790344125.750,m3,ca-audit,0.0000,8929673.216
1790344130.769,m4,loadgen-reuse-smoke,0.0014,39866859.52
1790344130.769,m4,dias-backend,0.0041,95923732.48
1790344130.769,m4,prometheus,0.0057,112617062.4
1790344130.769,m4,cadvisor-m4,0.0000,27430748.16
1790344130.769,m4,node-exporter-m4,0.0000,10580131.84
1790344130.754,m1,dev-peer0.police.example.com-diasrecords_2.3-adc3472e0c7f6d13d4110347673ef872d67a85cc3bf855bedad93020a127f59f,0.0013,84315996.16
1790344130.754,m1,peer0.police.example.com,0.0423,224395264.0
1790344130.754,m1,couchdb-police,0.0266,100443095.04
1790344130.754,m1,orderer1.example.com,0.0069,83529564.16
1790344130.754,m1,cadvisor-m1,0.0000,26287800.32
1790344130.754,m1,node-exporter-m1,0.0172,10092544.0
1790344130.754,m1,ca-orderer,0.0000,8765046.784
1790344130.754,m1,ca-police,0.0000,9351200.768
1790344130.761,m3,dev-peer0.audit.example.com-diasrecords_2.3-adc3472e0c7f6d13d4110347673ef872d67a85cc3bf855bedad93020a127f59f,0.0013,57084477.44
1790344130.761,m3,dev-peer0.court.example.com-diasrecords_2.3-adc3472e0c7f6d13d4110347673ef872d67a85cc3bf855bedad93020a127f59f,0.0000,78915829.76
1790344130.761,m3,peer0.court.example.com,0.0429,213804646.4
1790344130.761,m3,peer0.audit.example.com,0.0433,208142336.0
1790344130.761,m3,couchdb-court,0.0289,90345308.16
1790344130.761,m3,couchdb-audit,0.0278,156132966.4
1790344130.761,m3,orderer3.example.com,0.0052,56014929.92
1790344130.761,m3,node-exporter-m3,0.0000,20877148.16
1790344130.761,m3,cadvisor-m3,0.0001,39164313.6
1790344130.761,m3,ca-court,0.0000,9022996.48
1790344130.761,m3,ca-audit,0.0000,8929673.216
1790344130.760,m2,dev-peer0.prosecution.example.com-diasrecords_2.3-adc3472e0c7f6d13d4110347673ef872d67a85cc3bf855bedad93020a127f59f,0.0001,77049364.48
1790344130.760,m2,dev-peer0.forensics.example.com-diasrecords_2.3-adc3472e0c7f6d13d4110347673ef872d67a85cc3bf855bedad93020a127f59f,0.0010,78517370.88
1790344130.760,m2,peer0.forensics.example.com,0.0411,201431449.6
1790344130.760,m2,peer0.prosecution.example.com,0.0157,200592588.8
1790344130.760,m2,couchdb-forensics,0.0334,100474552.32
1790344130.760,m2,couchdb-prosecution,0.0297,89066045.44
1790344130.760,m2,orderer2.example.com,0.0048,74469867.52
1790344130.760,m2,node-exporter-m2,0.0000,9707716.608
1790344130.760,m2,cadvisor-m2,0.0000,26937917.44
1790344130.760,m2,ca-forensics,0.0000,9215934.464
1790344130.760,m2,ca-prosecution,0.0000,9064939.52
1790344135.766,m4,loadgen-reuse-smoke,0.0000,39374028.8
1790344135.766,m4,dias-backend,0.0000,95902760.96
1790344135.766,m4,prometheus,0.0043,112617062.4
1790344135.766,m4,cadvisor-m4,0.0011,28363980.8
1790344135.766,m4,node-exporter-m4,0.0000,10580131.84
1790344135.759,m1,dev-peer0.police.example.com-diasrecords_2.3-adc3472e0c7f6d13d4110347673ef872d67a85cc3bf855bedad93020a127f59f,0.0000,83833651.2
1790344135.759,m1,peer0.police.example.com,0.0080,224080691.2
1790344135.759,m1,couchdb-police,0.0328,100610867.2
1790344135.759,m1,orderer1.example.com,0.0025,83246448.64
1790344135.759,m1,cadvisor-m1,0.0000,26539458.56
1790344135.759,m1,node-exporter-m1,0.0055,10096738.304
1790344135.759,m1,ca-orderer,0.0000,8765046.784
1790344135.759,m1,ca-police,0.0000,9351200.768
1790344135.759,m2,dev-peer0.prosecution.example.com-diasrecords_2.3-adc3472e0c7f6d13d4110347673ef872d67a85cc3bf855bedad93020a127f59f,0.0000,77049364.48
1790344135.759,m2,dev-peer0.forensics.example.com-diasrecords_2.3-adc3472e0c7f6d13d4110347673ef872d67a85cc3bf855bedad93020a127f59f,0.0000,78255226.88
1790344135.759,m2,peer0.forensics.example.com,0.0086,201116876.8
1790344135.759,m2,peer0.prosecution.example.com,0.0082,200592588.8
1790344135.759,m2,couchdb-forensics,0.0263,99593748.48
1790344135.759,m2,couchdb-prosecution,0.0277,89139445.76
1790344135.759,m2,orderer2.example.com,0.0020,74365009.92
1790344135.759,m2,node-exporter-m2,0.0000,9641656.32
1790344135.759,m2,cadvisor-m2,0.0000,26937917.44
1790344135.759,m2,ca-forensics,0.0000,9215934.464
1790344135.759,m2,ca-prosecution,0.0000,9064939.52
1790344135.763,m3,dev-peer0.audit.example.com-diasrecords_2.3-adc3472e0c7f6d13d4110347673ef872d67a85cc3bf855bedad93020a127f59f,0.0000,56444846.08
1790344135.763,m3,dev-peer0.court.example.com-diasrecords_2.3-adc3472e0c7f6d13d4110347673ef872d67a85cc3bf855bedad93020a127f59f,0.0000,78915829.76
1790344135.763,m3,peer0.court.example.com,0.0089,213594931.2
1790344135.763,m3,peer0.audit.example.com,0.0095,207827763.2
1790344135.763,m3,couchdb-court,0.0300,89443532.8
1790344135.763,m3,couchdb-audit,0.0252,155713536.0
1790344135.763,m3,orderer3.example.com,0.0020,56738447.36
1790344135.763,m3,node-exporter-m3,0.0000,20887633.92
1790344135.763,m3,cadvisor-m3,0.0002,39164313.6
1790344135.763,m3,ca-court,0.0000,9022996.48
1790344135.763,m3,ca-audit,0.0000,8929673.216
1790344140.763,m4,loadgen-reuse-smoke,0.0169,39636172.8
1790344140.763,m4,dias-backend,0.0283,96143933.44
1790344140.763,m4,prometheus,0.0108,112617062.4
1790344140.763,m4,cadvisor-m4,0.0000,27629977.6
1790344140.763,m4,node-exporter-m4,0.0000,10387193.856
1790344140.762,m1,dev-peer0.police.example.com-diasrecords_2.3-adc3472e0c7f6d13d4110347673ef872d67a85cc3bf855bedad93020a127f59f,0.0120,84336967.68
1790344140.762,m1,peer0.police.example.com,0.0389,224185548.8
1790344140.762,m1,couchdb-police,0.0095,100810096.64
1790344140.762,m1,orderer1.example.com,0.0070,83214991.36
1790344140.762,m1,cadvisor-m1,0.0000,26644316.16
1790344140.762,m1,node-exporter-m1,0.0134,10277093.376
1790344140.762,m1,ca-orderer,0.0000,8765046.784
1790344140.762,m1,ca-police,0.0000,9351200.768
1790344140.762,m2,dev-peer0.prosecution.example.com-diasrecords_2.3-adc3472e0c7f6d13d4110347673ef872d67a85cc3bf855bedad93020a127f59f,0.0098,77353451.52
1790344140.762,m2,dev-peer0.forensics.example.com-diasrecords_2.3-adc3472e0c7f6d13d4110347673ef872d67a85cc3bf855bedad93020a127f59f,0.0085,78538342.4
1790344140.762,m2,peer0.forensics.example.com,0.0279,200592588.8
1790344140.762,m2,peer0.prosecution.example.com,0.0260,200382873.6
1790344140.762,m2,couchdb-forensics,0.0126,99897835.52
1790344140.762,m2,couchdb-prosecution,0.0116,88961187.84
1790344140.762,m2,orderer2.example.com,0.0034,74616668.16
1790344140.762,m2,node-exporter-m2,0.0000,9641656.32
1790344140.762,m2,cadvisor-m2,0.0000,26937917.44
1790344140.762,m2,ca-forensics,0.0000,9215934.464
1790344140.762,m2,ca-prosecution,0.0000,9064939.52
1790344140.762,m3,dev-peer0.audit.example.com-diasrecords_2.3-adc3472e0c7f6d13d4110347673ef872d67a85cc3bf855bedad93020a127f59f,0.0052,56329502.72
1790344140.762,m3,dev-peer0.court.example.com-diasrecords_2.3-adc3472e0c7f6d13d4110347673ef872d67a85cc3bf855bedad93020a127f59f,0.0111,79377203.2
1790344140.762,m3,peer0.court.example.com,0.0306,213594931.2
1790344140.762,m3,peer0.audit.example.com,0.0202,207618048.0
1790344140.762,m3,couchdb-court,0.0142,89139445.76
1790344140.762,m3,couchdb-audit,0.0052,155398963.2
1790344140.762,m3,orderer3.example.com,0.0044,56224645.12
1790344140.762,m3,node-exporter-m3,0.0000,21401436.16
1790344140.762,m3,cadvisor-m3,0.0001,39164313.6
1790344140.762,m3,ca-court,0.0000,9022996.48
1790344140.762,m3,ca-audit,0.0000,8929673.216
1790344145.767,m4,loadgen-reuse-smoke,0.0085,39866859.52
1790344145.767,m4,dias-backend,0.0005,96437534.72
1790344145.767,m4,prometheus,0.0039,112721920.0
1790344145.767,m4,cadvisor-m4,0.0000,27619491.84
1790344145.767,m4,node-exporter-m4,0.0000,10292822.016
1790344145.766,m1,dev-peer0.police.example.com-diasrecords_2.3-adc3472e0c7f6d13d4110347673ef872d67a85cc3bf855bedad93020a127f59f,0.0000,84546682.88
1790344145.766,m1,peer0.police.example.com,0.0159,225024409.6
1790344145.766,m1,couchdb-police,0.0029,99929292.8
1790344145.766,m1,orderer1.example.com,0.0018,83519078.4
1790344145.766,m1,cadvisor-m1,0.0000,26528972.8
1790344145.766,m1,node-exporter-m1,0.0069,10030678.016
1790344145.766,m1,ca-orderer,0.0000,8765046.784
1790344145.766,m1,ca-police,0.0000,9351200.768
1790344145.767,m3,dev-peer0.audit.example.com-diasrecords_2.3-adc3472e0c7f6d13d4110347673ef872d67a85cc3bf855bedad93020a127f59f,0.0000,56339988.48
1790344145.767,m3,dev-peer0.court.example.com-diasrecords_2.3-adc3472e0c7f6d13d4110347673ef872d67a85cc3bf855bedad93020a127f59f,0.0000,78905344.0
1790344145.767,m3,peer0.court.example.com,0.0120,213804646.4
1790344145.767,m3,peer0.audit.example.com,0.0101,207722905.6
1790344145.767,m3,couchdb-court,0.0025,88604672.0
1790344145.767,m3,couchdb-audit,0.0030,154769817.6
1790344145.767,m3,orderer3.example.com,0.0018,57461964.8
1790344145.767,m3,node-exporter-m3,0.0000,21831352.32
1790344145.767,m3,cadvisor-m3,0.0002,39174799.36
1790344145.767,m3,ca-court,0.0000,9022996.48
1790344145.767,m3,ca-audit,0.0000,8929673.216
1790344145.766,m2,dev-peer0.prosecution.example.com-diasrecords_2.3-adc3472e0c7f6d13d4110347673ef872d67a85cc3bf855bedad93020a127f59f,0.0000,77384908.8
1790344145.766,m2,dev-peer0.forensics.example.com-diasrecords_2.3-adc3472e0c7f6d13d4110347673ef872d67a85cc3bf855bedad93020a127f59f,0.0000,78276198.4
1790344145.766,m2,peer0.forensics.example.com,0.0111,201116876.8
1790344145.766,m2,peer0.prosecution.example.com,0.0113,200907161.6
1790344145.766,m2,couchdb-forensics,0.0033,99939778.56
1790344145.766,m2,couchdb-prosecution,0.0032,88436899.84
1790344145.766,m2,orderer2.example.com,0.0017,75916902.4
1790344145.766,m2,node-exporter-m2,0.0000,9675210.752
1790344145.766,m2,cadvisor-m2,0.0000,27179089.92
1790344145.766,m2,ca-forensics,0.0000,9215934.464
1790344145.766,m2,ca-prosecution,0.0000,9064939.52
1790344150.773,m4,loadgen-reuse-smoke,0.0075,40160460.8
1790344150.773,m4,dias-backend,0.0272,96374620.16
1790344150.773,m4,prometheus,0.0038,112407347.2
1790344150.773,m4,cadvisor-m4,0.0000,27839692.8
1790344150.773,m4,node-exporter-m4,0.0000,10559160.32
1790344150.768,m1,dev-peer0.police.example.com-diasrecords_2.3-adc3472e0c7f6d13d4110347673ef872d67a85cc3bf855bedad93020a127f59f,0.0016,84315996.16
1790344150.768,m1,peer0.police.example.com,0.0411,225338982.4
1790344150.768,m1,couchdb-police,0.0579,100904468.48
1790344150.768,m1,orderer1.example.com,0.0096,83875594.24
1790344150.768,m1,cadvisor-m1,0.0000,26528972.8
1790344150.768,m1,node-exporter-m1,0.0076,9785311.232
1790344150.768,m1,ca-orderer,0.0000,8765046.784
1790344150.768,m1,ca-police,0.0000,9351200.768
1790344150.768,m2,dev-peer0.prosecution.example.com-diasrecords_2.3-adc3472e0c7f6d13d4110347673ef872d67a85cc3bf855bedad93020a127f59f,0.0072,77122764.8
1790344150.768,m2,dev-peer0.forensics.example.com-diasrecords_2.3-adc3472e0c7f6d13d4110347673ef872d67a85cc3bf855bedad93020a127f59f,0.0101,78496399.36
1790344150.768,m2,peer0.forensics.example.com,0.0487,201116876.8
1790344150.768,m2,peer0.prosecution.example.com,0.0452,203004313.6
1790344150.768,m2,couchdb-forensics,0.0584,100380180.48
1790344150.768,m2,couchdb-prosecution,0.0565,90271907.84
1790344150.768,m2,orderer2.example.com,0.0048,75528929.28
1790344150.768,m2,node-exporter-m2,0.0000,9707716.608
1790344150.768,m2,cadvisor-m2,0.0000,26937917.44
1790344150.768,m2,ca-forensics,0.0000,9215934.464
1790344150.768,m2,ca-prosecution,0.0000,9064939.52
1790344150.771,m3,dev-peer0.audit.example.com-diasrecords_2.3-adc3472e0c7f6d13d4110347673ef872d67a85cc3bf855bedad93020a127f59f,0.0098,56402903.04
1790344150.771,m3,dev-peer0.court.example.com-diasrecords_2.3-adc3472e0c7f6d13d4110347673ef872d67a85cc3bf855bedad93020a127f59f,0.0044,79167488.0
1790344150.771,m3,peer0.court.example.com,0.0433,213594931.2
1790344150.771,m3,peer0.audit.example.com,0.0528,207722905.6
1790344150.771,m3,couchdb-court,0.0575,89600819.2
1790344150.771,m3,couchdb-audit,0.0547,156237824.0
1790344150.771,m3,orderer3.example.com,0.0069,57241763.84
1790344150.771,m3,node-exporter-m3,0.0000,21883781.12
1790344150.771,m3,cadvisor-m3,0.0000,39164313.6
1790344150.771,m3,ca-court,0.0000,9022996.48
1790344150.771,m3,ca-audit,0.0000,8929673.216
1790344155.777,m4,loadgen-reuse-smoke,0.0028,40307261.44
1790344155.777,m4,dias-backend,0.0003,96374620.16
1790344155.777,m4,prometheus,0.0038,112931635.2
1790344155.777,m4,cadvisor-m4,0.0000,28101836.8
1790344155.777,m4,node-exporter-m4,0.0000,9854517.248
1790344155.772,m1,dev-peer0.police.example.com-diasrecords_2.3-adc3472e0c7f6d13d4110347673ef872d67a85cc3bf855bedad93020a127f59f,0.0000,83844136.96
1790344155.772,m1,peer0.police.example.com,0.0075,225338982.4
1790344155.772,m1,couchdb-police,0.0032,99058974.72
1790344155.772,m1,orderer1.example.com,0.0015,84211138.56
1790344155.772,m1,cadvisor-m1,0.0000,26528972.8
1790344155.772,m1,node-exporter-m1,0.0061,10023337.984
1790344155.772,m1,ca-orderer,0.0000,8765046.784
1790344155.772,m1,ca-police,0.0000,9351200.768
1790344155.774,m2,dev-peer0.prosecution.example.com-diasrecords_2.3-adc3472e0c7f6d13d4110347673ef872d67a85cc3bf855bedad93020a127f59f,0.0000,77122764.8
1790344155.774,m2,dev-peer0.forensics.example.com-diasrecords_2.3-adc3472e0c7f6d13d4110347673ef872d67a85cc3bf855bedad93020a127f59f,0.0000,78758543.36
1790344155.774,m2,peer0.forensics.example.com,0.0068,200907161.6
1790344155.774,m2,peer0.prosecution.example.com,0.0073,202584883.2
1790344155.774,m2,couchdb-forensics,0.0334,100086579.2
1790344155.774,m2,couchdb-prosecution,0.0049,92515860.48
1790344155.774,m2,orderer2.example.com,0.0014,75969331.2
1790344155.774,m2,node-exporter-m2,0.0000,9822011.392
1790344155.774,m2,cadvisor-m2,0.0000,26812088.32
1790344155.774,m2,ca-forensics,0.0000,9215934.464
1790344155.774,m2,ca-prosecution,0.0000,9064939.52
1790344155.775,m3,dev-peer0.audit.example.com-diasrecords_2.3-adc3472e0c7f6d13d4110347673ef872d67a85cc3bf855bedad93020a127f59f,0.0088,57053020.16
1790344155.775,m3,dev-peer0.court.example.com-diasrecords_2.3-adc3472e0c7f6d13d4110347673ef872d67a85cc3bf855bedad93020a127f59f,0.0000,78926315.52
1790344155.775,m3,peer0.court.example.com,0.0068,213385216.0
1790344155.775,m3,peer0.audit.example.com,0.0079,207513190.4
1790344155.775,m3,couchdb-court,0.0029,87860183.04
1790344155.775,m3,couchdb-audit,0.0025,153616384.0
1790344155.775,m3,orderer3.example.com,0.0013,57818480.64
1790344155.775,m3,node-exporter-m3,0.0000,21495808.0
1790344155.775,m3,cadvisor-m3,0.0002,39164313.6
1790344155.775,m3,ca-court,0.0000,9022996.48
1790344155.775,m3,ca-audit,0.0000,8929673.216
1790344160.779,m4,loadgen-reuse-smoke,0.0024,40684748.8
1790344160.779,m4,dias-backend,0.0138,96154419.2
1790344160.779,m4,prometheus,0.0040,113141350.4
1790344160.779,m4,cadvisor-m4,0.0007,27839692.8
1790344160.779,m4,node-exporter-m4,0.0000,9851371.52
1790344160.774,m1,dev-peer0.police.example.com-diasrecords_2.3-adc3472e0c7f6d13d4110347673ef872d67a85cc3bf855bedad93020a127f59f,0.0000,84095795.2
1790344160.774,m1,peer0.police.example.com,0.0094,225129267.2
1790344160.774,m1,couchdb-police,0.0017,98975088.64
1790344160.774,m1,orderer1.example.com,0.0022,83969966.08
1790344160.774,m1,cadvisor-m1,0.0000,26539458.56
1790344160.774,m1,node-exporter-m1,0.0083,10026483.712
1790344160.774,m1,ca-orderer,0.0001,8765046.784
1790344160.774,m1,ca-police,0.0000,9351200.768
1790344160.777,m3,dev-peer0.audit.example.com-diasrecords_2.3-adc3472e0c7f6d13d4110347673ef872d67a85cc3bf855bedad93020a127f59f,0.0000,56350474.24
1790344160.777,m3,dev-peer0.court.example.com-diasrecords_2.3-adc3472e0c7f6d13d4110347673ef872d67a85cc3bf855bedad93020a127f59f,0.0000,79146516.48
1790344160.777,m3,peer0.court.example.com,0.0081,213594931.2
1790344160.777,m3,peer0.audit.example.com,0.0083,207827763.2
1790344160.777,m3,couchdb-court,0.0026,87356866.56
1790344160.777,m3,couchdb-audit,0.0019,154035814.4
1790344160.777,m3,orderer3.example.com,0.0017,57608765.44
1790344160.777,m3,node-exporter-m3,0.0000,20856176.64
1790344160.777,m3,cadvisor-m3,0.0036,39720058.88
1790344160.777,m3,ca-court,0.0000,9022996.48
1790344160.777,m3,ca-audit,0.0000,8929673.216
1790344160.776,m2,dev-peer0.prosecution.example.com-diasrecords_2.3-adc3472e0c7f6d13d4110347673ef872d67a85cc3bf855bedad93020a127f59f,0.0000,77122764.8
1790344160.776,m2,dev-peer0.forensics.example.com-diasrecords_2.3-adc3472e0c7f6d13d4110347673ef872d67a85cc3bf855bedad93020a127f59f,0.0000,78255226.88
1790344160.776,m2,peer0.forensics.example.com,0.0084,201116876.8
1790344160.776,m2,peer0.prosecution.example.com,0.0094,202899456.0
1790344160.776,m2,couchdb-forensics,0.0018,99646177.28
1790344160.776,m2,couchdb-prosecution,0.0021,90628423.68
1790344160.776,m2,orderer2.example.com,0.0017,75738644.48
1790344160.776,m2,node-exporter-m2,0.0000,9851371.52
1790344160.776,m2,cadvisor-m2,0.0000,26812088.32
1790344160.776,m2,ca-forensics,0.0001,9215934.464
1790344160.776,m2,ca-prosecution,0.0001,9064939.52
1790344165.785,m4,loadgen-reuse-smoke,0.0013,40716206.08
1790344165.785,m4,dias-backend,0.0001,96133447.68
1790344165.785,m4,prometheus,0.0059,112721920.0
1790344165.785,m4,cadvisor-m4,0.0012,28101836.8
1790344165.785,m4,node-exporter-m4,0.0000,9847177.216
1790344165.780,m1,dev-peer0.police.example.com-diasrecords_2.3-adc3472e0c7f6d13d4110347673ef872d67a85cc3bf855bedad93020a127f59f,0.0000,83844136.96
1790344165.780,m1,peer0.police.example.com,0.0304,225129267.2
1790344165.780,m1,couchdb-police,0.0568,101114183.68
1790344165.780,m1,orderer1.example.com,0.0131,84043366.4
1790344165.780,m1,cadvisor-m1,0.0000,26528972.8
1790344165.780,m1,node-exporter-m1,0.0113,9822011.392
1790344165.780,m1,ca-orderer,0.0000,8765046.784
1790344165.780,m1,ca-police,0.0000,9351200.768
1790344165.785,m3,dev-peer0.audit.example.com-diasrecords_2.3-adc3472e0c7f6d13d4110347673ef872d67a85cc3bf855bedad93020a127f59f,0.0012,56591646.72
1790344165.785,m3,dev-peer0.court.example.com-diasrecords_2.3-adc3472e0c7f6d13d4110347673ef872d67a85cc3bf855bedad93020a127f59f,0.0011,78926315.52
1790344165.785,m3,peer0.court.example.com,0.0246,213594931.2
1790344165.785,m3,peer0.audit.example.com,0.0260,208142336.0
1790344165.785,m3,couchdb-court,0.0518,89349160.96
1790344165.785,m3,couchdb-audit,0.0510,154350387.2
1790344165.785,m3,orderer3.example.com,0.0085,57608765.44
1790344165.785,m3,node-exporter-m3,0.0000,20919091.2
1790344165.785,m3,cadvisor-m3,0.0002,39258685.44
1790344165.785,m3,ca-court,0.0000,9022996.48
1790344165.785,m3,ca-audit,0.0000,8929673.216
1790344165.784,m2,dev-peer0.prosecution.example.com-diasrecords_2.3-adc3472e0c7f6d13d4110347673ef872d67a85cc3bf855bedad93020a127f59f,0.0000,77122764.8
1790344165.784,m2,dev-peer0.forensics.example.com-diasrecords_2.3-adc3472e0c7f6d13d4110347673ef872d67a85cc3bf855bedad93020a127f59f,0.0000,78255226.88
1790344165.784,m2,peer0.forensics.example.com,0.0251,202060595.2
1790344165.784,m2,peer0.prosecution.example.com,0.0393,202689740.8
1790344165.784,m2,couchdb-forensics,0.0494,100673781.76
1790344165.784,m2,couchdb-prosecution,0.0518,90083164.16
1790344165.784,m2,orderer2.example.com,0.0085,76000788.48
1790344165.784,m2,node-exporter-m2,0.0000,9851371.52
1790344165.784,m2,cadvisor-m2,0.0000,26812088.32
1790344165.784,m2,ca-forensics,0.0000,9215934.464
1790344165.784,m2,ca-prosecution,0.0000,9064939.52
1790344170.797,m4,loadgen-reuse-smoke,0.0000,40454062.08
1790344170.797,m4,dias-backend,0.0000,95892275.2
1790344170.797,m4,prometheus,0.0077,112826777.6
1790344170.797,m4,cadvisor-m4,0.0000,27661434.88
1790344170.797,m4,node-exporter-m4,0.0000,10375659.52
1790344170.792,m1,dev-peer0.police.example.com-diasrecords_2.3-adc3472e0c7f6d13d4110347673ef872d67a85cc3bf855bedad93020a127f59f,0.0000,83833651.2
1790344170.792,m1,peer0.police.example.com,0.0451,225234124.8
1790344170.792,m1,couchdb-police,0.0034,99300147.2
1790344170.792,m1,orderer1.example.com,0.0041,83781222.4
1790344170.792,m1,cadvisor-m1,0.0000,26644316.16
1790344170.792,m1,node-exporter-m1,0.0145,10071572.48
1790344170.792,m1,ca-orderer,0.0000,8765046.784
1790344170.792,m1,ca-police,0.0000,9351200.768
1790344170.795,m2,dev-peer0.prosecution.example.com-diasrecords_2.3-adc3472e0c7f6d13d4110347673ef872d67a85cc3bf855bedad93020a127f59f,0.0006,77122764.8
1790344170.795,m2,dev-peer0.forensics.example.com-diasrecords_2.3-adc3472e0c7f6d13d4110347673ef872d67a85cc3bf855bedad93020a127f59f,0.0000,78255226.88
1790344170.795,m2,peer0.forensics.example.com,0.0446,202060595.2
1790344170.795,m2,peer0.prosecution.example.com,0.0479,203109171.2
1790344170.795,m2,couchdb-forensics,0.0026,100118036.48
1790344170.795,m2,couchdb-prosecution,0.0022,89621790.72
1790344170.795,m2,orderer2.example.com,0.0033,75738644.48
1790344170.795,m2,node-exporter-m2,0.0000,9720299.52
1790344170.795,m2,cadvisor-m2,0.0000,27063746.56
1790344170.795,m2,ca-forensics,0.0000,9215934.464
1790344170.795,m2,ca-prosecution,0.0000,9064939.52
1790344170.795,m3,dev-peer0.audit.example.com-diasrecords_2.3-adc3472e0c7f6d13d4110347673ef872d67a85cc3bf855bedad93020a127f59f,0.0000,56339988.48
1790344170.795,m3,dev-peer0.court.example.com-diasrecords_2.3-adc3472e0c7f6d13d4110347673ef872d67a85cc3bf855bedad93020a127f59f,0.0000,78915829.76
1790344170.795,m3,peer0.court.example.com,0.0535,213280358.4
1790344170.795,m3,peer0.audit.example.com,0.0496,208352051.2
1790344170.795,m3,couchdb-court,0.0046,87744839.68
1790344170.795,m3,couchdb-audit,0.0032,154035814.4
1790344170.795,m3,orderer3.example.com,0.0031,58101596.16
1790344170.795,m3,node-exporter-m3,0.0000,20919091.2
1790344170.795,m3,cadvisor-m3,0.0012,39782973.44
1790344170.795,m3,ca-court,0.0000,9022996.48
1790344170.795,m3,ca-audit,0.0000,8929673.216
1790344175.802,m4,dias-backend,0.0000,95661588.48
1790344175.802,m4,prometheus,0.0047,113141350.4
1790344175.802,m4,cadvisor-m4,0.0003,27577548.8
1790344175.802,m4,node-exporter-m4,0.0000,9847177.216
1790344175.795,m1,dev-peer0.police.example.com-diasrecords_2.3-adc3472e0c7f6d13d4110347673ef872d67a85cc3bf855bedad93020a127f59f,0.0000,83833651.2
1790344175.795,m1,peer0.police.example.com,0.0080,225234124.8
1790344175.795,m1,couchdb-police,0.0209,99499376.64
1790344175.795,m1,orderer1.example.com,0.0019,83781222.4
1790344175.795,m1,cadvisor-m1,0.0000,26644316.16
1790344175.795,m1,node-exporter-m1,0.0099,10075766.784
1790344175.795,m1,ca-orderer,0.0000,8765046.784
1790344175.795,m1,ca-police,0.0000,9351200.768
1790344175.800,m2,dev-peer0.prosecution.example.com-diasrecords_2.3-adc3472e0c7f6d13d4110347673ef872d67a85cc3bf855bedad93020a127f59f,0.0000,77122764.8
1790344175.800,m2,dev-peer0.forensics.example.com-diasrecords_2.3-adc3472e0c7f6d13d4110347673ef872d67a85cc3bf855bedad93020a127f59f,0.0000,78255226.88
1790344175.800,m2,peer0.forensics.example.com,0.0077,202060595.2
1790344175.800,m2,peer0.prosecution.example.com,0.0081,202899456.0
1790344175.800,m2,couchdb-forensics,0.0203,100107550.72
1790344175.800,m2,couchdb-prosecution,0.0229,89800048.64
1790344175.800,m2,orderer2.example.com,0.0019,76252446.72
1790344175.800,m2,node-exporter-m2,0.0000,9720299.52
1790344175.800,m2,cadvisor-m2,0.0000,27032289.28
1790344175.800,m2,ca-forensics,0.0000,9215934.464
1790344175.800,m2,ca-prosecution,0.0000,9064939.52
1790344175.801,m3,dev-peer0.audit.example.com-diasrecords_2.3-adc3472e0c7f6d13d4110347673ef872d67a85cc3bf855bedad93020a127f59f,0.0000,56339988.48
1790344175.801,m3,dev-peer0.court.example.com-diasrecords_2.3-adc3472e0c7f6d13d4110347673ef872d67a85cc3bf855bedad93020a127f59f,0.0000,78915829.76
1790344175.801,m3,peer0.court.example.com,0.0070,213280358.4
1790344175.801,m3,peer0.audit.example.com,0.0098,208142336.0
1790344175.801,m3,couchdb-court,0.0214,88059412.48
1790344175.801,m3,couchdb-audit,0.0222,154455244.8
1790344175.801,m3,orderer3.example.com,0.0017,58091110.4
1790344175.801,m3,node-exporter-m3,0.0000,20845690.88
1790344175.801,m3,cadvisor-m3,0.0004,39552286.72
1790344175.801,m3,ca-court,0.0000,9022996.48
1790344175.801,m3,ca-audit,0.0000,8929673.216
1790344180.803,m4,dias-backend,0.0000,95651102.72
1790344180.803,m4,prometheus,0.0084,112617062.4
1790344180.803,m4,cadvisor-m4,0.0000,28091351.04
1790344180.803,m4,node-exporter-m4,0.0000,10371465.216
1790344180.800,m1,dev-peer0.police.example.com-diasrecords_2.3-adc3472e0c7f6d13d4110347673ef872d67a85cc3bf855bedad93020a127f59f,0.0000,83833651.2
1790344180.800,m1,peer0.police.example.com,0.0246,224709836.8
1790344180.800,m1,couchdb-police,0.0045,99027517.44
1790344180.800,m1,orderer1.example.com,0.0064,84284538.88
1790344180.800,m1,cadvisor-m1,0.0000,26654801.92
1790344180.800,m1,node-exporter-m1,0.0179,10330570.752
1790344180.800,m1,ca-orderer,0.0000,8765046.784
1790344180.800,m1,ca-police,0.0000,9351200.768
1790344180.801,m2,dev-peer0.prosecution.example.com-diasrecords_2.3-adc3472e0c7f6d13d4110347673ef872d67a85cc3bf855bedad93020a127f59f,0.0003,77122764.8
1790344180.801,m2,dev-peer0.forensics.example.com-diasrecords_2.3-adc3472e0c7f6d13d4110347673ef872d67a85cc3bf855bedad93020a127f59f,0.0000,78255226.88
1790344180.801,m2,peer0.forensics.example.com,0.0238,202689740.8
1790344180.801,m2,peer0.prosecution.example.com,0.0249,202375168.0
1790344180.801,m2,couchdb-forensics,0.0037,100233379.84
1790344180.801,m2,couchdb-prosecution,0.0040,89705676.8
1790344180.801,m2,orderer2.example.com,0.0036,76000788.48
1790344180.801,m2,node-exporter-m2,0.0000,9727639.552
1790344180.801,m2,cadvisor-m2,0.0000,26812088.32
1790344180.801,m2,ca-forensics,0.0000,9215934.464
1790344180.801,m2,ca-prosecution,0.0000,9064939.52
1790344180.802,m3,dev-peer0.audit.example.com-diasrecords_2.3-adc3472e0c7f6d13d4110347673ef872d67a85cc3bf855bedad93020a127f59f,0.0000,56339988.48
1790344180.802,m3,dev-peer0.court.example.com-diasrecords_2.3-adc3472e0c7f6d13d4110347673ef872d67a85cc3bf855bedad93020a127f59f,0.0000,78915829.76
1790344180.802,m3,peer0.court.example.com,0.0244,213385216.0
1790344180.802,m3,peer0.audit.example.com,0.0187,208142336.0
1790344180.802,m3,couchdb-court,0.0049,87933583.36
1790344180.802,m3,couchdb-audit,0.0046,154035814.4
1790344180.802,m3,orderer3.example.com,0.0039,57860423.68
1790344180.802,m3,node-exporter-m3,0.0000,21086863.36
1790344180.802,m3,cadvisor-m3,0.0001,39667630.08
1790344180.802,m3,ca-court,0.0000,9022996.48
1790344180.802,m3,ca-audit,0.0000,8929673.216
1790344185.818,m4,dias-backend,0.0000,95651102.72
1790344185.818,m4,prometheus,0.0061,112721920.0
1790344185.818,m4,cadvisor-m4,0.0000,27839692.8
1790344185.818,m4,node-exporter-m4,0.0000,10559160.32
1790344185.806,m1,dev-peer0.police.example.com-diasrecords_2.3-adc3472e0c7f6d13d4110347673ef872d67a85cc3bf855bedad93020a127f59f,0.0000,83833651.2
1790344185.806,m1,peer0.police.example.com,0.0334,225234124.8
1790344185.806,m1,couchdb-police,0.0059,99541319.68
1790344185.806,m1,orderer1.example.com,0.0032,84032880.64
1790344185.806,m1,cadvisor-m1,0.0000,26686259.2
1790344185.806,m1,node-exporter-m1,0.0098,10079961.088
1790344185.806,m1,ca-orderer,0.0000,8765046.784
1790344185.806,m1,ca-police,0.0000,9351200.768
1790344185.810,m3,dev-peer0.audit.example.com-diasrecords_2.3-adc3472e0c7f6d13d4110347673ef872d67a85cc3bf855bedad93020a127f59f,0.0000,56339988.48
1790344185.810,m3,dev-peer0.court.example.com-diasrecords_2.3-adc3472e0c7f6d13d4110347673ef872d67a85cc3bf855bedad93020a127f59f,0.0000,78915829.76
1790344185.810,m3,peer0.court.example.com,0.0177,213594931.2
1790344185.810,m3,peer0.audit.example.com,0.0203,208666624.0
1790344185.810,m3,couchdb-court,0.0057,87744839.68
1790344185.810,m3,couchdb-audit,0.0049,154140672.0
1790344185.810,m3,orderer3.example.com,0.0056,57870909.44
1790344185.810,m3,node-exporter-m3,0.0000,20845690.88
1790344185.810,m3,cadvisor-m3,0.0016,39845888.0
1790344185.810,m3,ca-court,0.0000,9022996.48
1790344185.810,m3,ca-audit,0.0000,8929673.216
1790344185.806,m2,dev-peer0.prosecution.example.com-diasrecords_2.3-adc3472e0c7f6d13d4110347673ef872d67a85cc3bf855bedad93020a127f59f,0.0000,77122764.8
1790344185.806,m2,dev-peer0.forensics.example.com-diasrecords_2.3-adc3472e0c7f6d13d4110347673ef872d67a85cc3bf855bedad93020a127f59f,0.0000,78255226.88
1790344185.806,m2,peer0.forensics.example.com,0.0232,203004313.6
1790344185.806,m2,peer0.prosecution.example.com,0.0178,202689740.8
1790344185.806,m2,couchdb-forensics,0.0058,100338237.44
1790344185.806,m2,couchdb-prosecution,0.0056,89894420.48
1790344185.806,m2,orderer2.example.com,0.0027,76252446.72
1790344185.806,m2,node-exporter-m2,0.0000,9727639.552
1790344185.806,m2,cadvisor-m2,0.0015,26812088.32
1790344185.806,m2,ca-forensics,0.0000,9215934.464
1790344185.806,m2,ca-prosecution,0.0000,9064939.52
