epoch_s,machine,container,cpu_cores,mem_bytes
1790343535.271,m4,dias-backend,0.0000,95776931.84
1790343535.271,m4,prometheus,0.0071,109366476.8
1790343535.271,m4,cadvisor-m4,0.0000,26916945.92
1790343535.271,m4,node-exporter-m4,0.0000,10309599.232
1790343535.253,m1,dev-peer0.police.example.com-diasrecords_2.3-adc3472e0c7f6d13d4110347673ef872d67a85cc3bf855bedad93020a127f59f,0.0000,84106280.96
1790343535.253,m1,peer0.police.example.com,0.0321,224080691.2
1790343535.253,m1,couchdb-police,0.0077,104165539.84
1790343535.253,m1,orderer1.example.com,0.0035,68230840.32
1790343535.253,m1,cadvisor-m1,0.0000,26308771.84
1790343535.253,m1,node-exporter-m1,0.0000,9768534.016
1790343535.253,m1,ca-orderer,0.0000,8765046.784
1790343535.253,m1,ca-police,0.0000,9351200.768
1790343535.259,m2,dev-peer0.prosecution.example.com-diasrecords_2.3-adc3472e0c7f6d13d4110347673ef872d67a85cc3bf855bedad93020a127f59f,0.0000,77447823.36
1790343535.259,m2,dev-peer0.forensics.example.com-diasrecords_2.3-adc3472e0c7f6d13d4110347673ef872d67a85cc3bf855bedad93020a127f59f,0.0000,78265712.64
1790343535.259,m2,peer0.forensics.example.com,0.0159,198390579.2
1790343535.259,m2,peer0.prosecution.example.com,0.0254,200068300.8
1790343535.259,m2,couchdb-forensics,0.0029,101554585.6
1790343535.259,m2,couchdb-prosecution,0.0037,89999278.08
1790343535.259,m2,orderer2.example.com,0.0025,61907927.04
1790343535.259,m2,node-exporter-m2,0.0000,9789505.536
1790343535.259,m2,cadvisor-m2,0.0000,26958888.96
1790343535.259,m2,ca-forensics,0.0000,9215934.464
1790343535.259,m2,ca-prosecution,0.0000,9064939.52
1790343535.268,m3,dev-peer0.audit.example.com-diasrecords_2.3-adc3472e0c7f6d13d4110347673ef872d67a85cc3bf855bedad93020a127f59f,0.0000,54127493.12
1790343535.268,m3,dev-peer0.court.example.com-diasrecords_2.3-adc3472e0c7f6d13d4110347673ef872d67a85cc3bf855bedad93020a127f59f,0.0000,78810972.16
1790343535.268,m3,peer0.court.example.com,0.0179,206359756.8
1790343535.268,m3,peer0.audit.example.com,0.0150,205206323.2
1790343535.268,m3,couchdb-court,0.0050,88468357.12
1790343535.268,m3,couchdb-audit,0.0057,155713536.0
1790343535.268,m3,orderer3.example.com,0.0056,38241566.72
1790343535.268,m3,node-exporter-m3,0.0000,20971520.0
1790343535.268,m3,cadvisor-m3,0.0018,39646658.56
1790343535.268,m3,ca-court,0.0000,9022996.48
1790343535.268,m3,ca-audit,0.0000,8929673.216
1790343540.269,m4,dias-backend,0.0000,95755960.32
1790343540.269,m4,prometheus,0.0075,109681049.6
1790343540.269,m4,cadvisor-m4,0.0000,26875002.88
1790343540.269,m4,node-exporter-m4,0.0000,10043260.928
1790343540.258,m1,dev-peer0.police.example.com-diasrecords_2.3-adc3472e0c7f6d13d4110347673ef872d67a85cc3bf855bedad93020a127f59f,0.0000,84106280.96
1790343540.258,m1,peer0.police.example.com,0.0180,224080691.2
1790343540.258,m1,couchdb-police,0.0275,104071168.0
1790343540.258,m1,orderer1.example.com,0.0044,68283269.12
1790343540.258,m1,cadvisor-m1,0.0000,26497515.52
1790343540.258,m1,node-exporter-m1,0.0000,9589227.52
1790343540.258,m1,ca-orderer,0.0000,8765046.784
1790343540.258,m1,ca-police,0.0000,9351200.768
1790343540.264,m2,dev-peer0.prosecution.example.com-diasrecords_2.3-adc3472e0c7f6d13d4110347673ef872d67a85cc3bf855bedad93020a127f59f,0.0002,77447823.36
1790343540.264,m2,dev-peer0.forensics.example.com-diasrecords_2.3-adc3472e0c7f6d13d4110347673ef872d67a85cc3bf855bedad93020a127f59f,0.0001,78265712.64
1790343540.264,m2,peer0.forensics.example.com,0.0204,198914867.2
1790343540.264,m2,peer0.prosecution.example.com,0.0194,200278016.0
1790343540.264,m2,couchdb-forensics,0.0236,101753815.04
1790343540.264,m2,couchdb-prosecution,0.0290,90062192.64
1790343540.264,m2,orderer2.example.com,0.0091,61656268.8
1790343540.264,m2,node-exporter-m2,0.0000,10039066.624
1790343540.264,m2,cadvisor-m2,0.0000,26329743.36
1790343540.264,m2,ca-forensics,0.0000,9215934.464
1790343540.264,m2,ca-prosecution,0.0000,9064939.52
1790343540.266,m3,dev-peer0.audit.example.com-diasrecords_2.3-adc3472e0c7f6d13d4110347673ef872d67a85cc3bf855bedad93020a127f59f,0.0000,54127493.12
1790343540.266,m3,dev-peer0.court.example.com-diasrecords_2.3-adc3472e0c7f6d13d4110347673ef872d67a85cc3bf855bedad93020a127f59f,0.0000,78810972.16
1790343540.266,m3,peer0.court.example.com,0.0191,206359756.8
1790343540.266,m3,peer0.audit.example.com,0.0157,205101465.6
1790343540.266,m3,couchdb-court,0.0240,89076531.2
1790343540.266,m3,couchdb-audit,0.0235,155923251.2
1790343540.266,m3,orderer3.example.com,0.0022,38503710.72
1790343540.266,m3,node-exporter-m3,0.0000,20971520.0
1790343540.266,m3,cadvisor-m3,0.0000,39132856.32
1790343540.266,m3,ca-court,0.0000,9022996.48
1790343540.266,m3,ca-audit,0.0000,8929673.216
1790343545.287,m4,dias-backend,0.0000,95755960.32
1790343545.287,m4,prometheus,0.0091,109576192.0
1790343545.287,m4,cadvisor-m4,0.0000,26875002.88
1790343545.287,m4,node-exporter-m4,0.0000,10408165.376
1790343545.267,m1,dev-peer0.police.example.com-diasrecords_2.3-adc3472e0c7f6d13d4110347673ef872d67a85cc3bf855bedad93020a127f59f,0.0000,84106280.96
1790343545.267,m1,peer0.police.example.com,0.0216,223870976.0
1790343545.267,m1,couchdb-police,0.0108,103746109.44
1790343545.267,m1,orderer1.example.com,0.0036,68021125.12
1790343545.267,m1,cadvisor-m1,0.0000,26287800.32
1790343545.267,m1,node-exporter-m1,0.0000,9617539.072
1790343545.267,m1,ca-orderer,0.0000,8765046.784
1790343545.267,m1,ca-police,0.0000,9351200.768
1790343545.284,m3,dev-peer0.audit.example.com-diasrecords_2.3-adc3472e0c7f6d13d4110347673ef872d67a85cc3bf855bedad93020a127f59f,0.0000,54127493.12
1790343545.284,m3,dev-peer0.court.example.com-diasrecords_2.3-adc3472e0c7f6d13d4110347673ef872d67a85cc3bf855bedad93020a127f59f,0.0000,78810972.16
1790343545.284,m3,peer0.court.example.com,0.0165,206569472.0
1790343545.284,m3,peer0.audit.example.com,0.0156,205311180.8
1790343545.284,m3,couchdb-court,0.0045,88489328.64
1790343545.284,m3,couchdb-audit,0.0066,155818393.6
1790343545.284,m3,orderer3.example.com,0.0079,38493224.96
1790343545.284,m3,node-exporter-m3,0.0000,21233664.0
1790343545.284,m3,cadvisor-m3,0.0000,39395000.32
1790343545.284,m3,ca-court,0.0000,9022996.48
1790343545.284,m3,ca-audit,0.0000,8929673.216
1790343545.282,m2,dev-peer0.prosecution.example.com-diasrecords_2.3-adc3472e0c7f6d13d4110347673ef872d67a85cc3bf855bedad93020a127f59f,0.0000,77447823.36
1790343545.282,m2,dev-peer0.forensics.example.com-diasrecords_2.3-adc3472e0c7f6d13d4110347673ef872d67a85cc3bf855bedad93020a127f59f,0.0000,78265712.64
1790343545.282,m2,peer0.forensics.example.com,0.0170,198390579.2
1790343545.282,m2,peer0.prosecution.example.com,0.0148,199753728.0
1790343545.282,m2,couchdb-forensics,0.0050,101302927.36
1790343545.282,m2,couchdb-prosecution,0.0053,90093649.92
1790343545.282,m2,orderer2.example.com,0.0031,61656268.8
1790343545.282,m2,node-exporter-m2,0.0000,9793699.84
1790343545.282,m2,cadvisor-m2,0.0000,26686259.2
1790343545.282,m2,ca-forensics,0.0000,9215934.464
1790343545.282,m2,ca-prosecution,0.0000,9064939.52
1790343550.271,m4,dias-backend,0.0000,95546245.12
1790343550.271,m4,prometheus,0.0051,109785907.2
1790343550.271,m4,cadvisor-m4,0.0001,26812088.32
1790343550.271,m4,node-exporter-m4,0.0000,10403971.072
1790343550.266,m1,dev-peer0.police.example.com-diasrecords_2.3-adc3472e0c7f6d13d4110347673ef872d67a85cc3bf855bedad93020a127f59f,0.0000,84106280.96
1790343550.266,m1,peer0.police.example.com,0.0286,224080691.2
1790343550.266,m1,couchdb-police,0.0273,104092139.52
1790343550.266,m1,orderer1.example.com,0.0031,68293754.88
1790343550.266,m1,cadvisor-m1,0.0000,26361200.64
1790343550.266,m1,node-exporter-m1,0.0000,10137632.768
1790343550.266,m1,ca-orderer,0.0000,8765046.784
1790343550.266,m1,ca-police,0.0000,9351200.768
1790343550.271,m3,dev-peer0.audit.example.com-diasrecords_2.3-adc3472e0c7f6d13d4110347673ef872d67a85cc3bf855bedad93020a127f59f,0.0000,54127493.12
1790343550.271,m3,dev-peer0.court.example.com-diasrecords_2.3-adc3472e0c7f6d13d4110347673ef872d67a85cc3bf855bedad93020a127f59f,0.0000,78810972.16
1790343550.271,m3,peer0.court.example.com,0.0364,206569472.0
1790343550.271,m3,peer0.audit.example.com,0.0327,205206323.2
1790343550.271,m3,couchdb-court,0.0225,88720015.36
1790343550.271,m3,couchdb-audit,0.0219,155608678.4
1790343550.271,m3,orderer3.example.com,0.0051,38514196.48
1790343550.271,m3,node-exporter-m3,0.0000,21359493.12
1790343550.271,m3,cadvisor-m3,0.0000,39153827.84
1790343550.271,m3,ca-court,0.0000,9022996.48
1790343550.271,m3,ca-audit,0.0000,8929673.216
1790343550.270,m2,dev-peer0.prosecution.example.com-diasrecords_2.3-adc3472e0c7f6d13d4110347673ef872d67a85cc3bf855bedad93020a127f59f,0.0001,77447823.36
1790343550.270,m2,dev-peer0.forensics.example.com-diasrecords_2.3-adc3472e0c7f6d13d4110347673ef872d67a85cc3bf855bedad93020a127f59f,0.0000,78265712.64
1790343550.270,m2,peer0.forensics.example.com,0.0280,198914867.2
1790343550.270,m2,peer0.prosecution.example.com,0.0403,200278016.0
1790343550.270,m2,couchdb-forensics,0.0203,101607014.4
1790343550.270,m2,couchdb-prosecution,0.0229,89967820.8
1790343550.270,m2,orderer2.example.com,0.0048,61918412.8
1790343550.270,m2,node-exporter-m2,0.0000,9822011.392
1790343550.270,m2,cadvisor-m2,0.0000,26340229.12
1790343550.270,m2,ca-forensics,0.0000,9215934.464
1790343550.270,m2,ca-prosecution,0.0000,9064939.52
1790343555.279,m4,dias-backend,0.0000,95546245.12
1790343555.279,m4,prometheus,0.0083,109681049.6
1790343555.279,m4,cadvisor-m4,0.0000,27074232.32
1790343555.279,m4,node-exporter-m4,0.0000,10165944.32
1790343555.271,m1,dev-peer0.police.example.com-diasrecords_2.3-adc3472e0c7f6d13d4110347673ef872d67a85cc3bf855bedad93020a127f59f,0.0000,84106280.96
1790343555.271,m1,peer0.police.example.com,0.0210,223556403.2
1790343555.271,m1,couchdb-police,0.0088,104280883.2
1790343555.271,m1,orderer1.example.com,0.0035,68304240.64
1790343555.271,m1,cadvisor-m1,0.0000,26518487.04
1790343555.271,m1,node-exporter-m1,0.0000,9822011.392
1790343555.271,m1,ca-orderer,0.0000,8765046.784
1790343555.271,m1,ca-police,0.0000,9351200.768
1790343555.277,m2,dev-peer0.prosecution.example.com-diasrecords_2.3-adc3472e0c7f6d13d4110347673ef872d67a85cc3bf855bedad93020a127f59f,0.0000,77447823.36
1790343555.277,m2,dev-peer0.forensics.example.com-diasrecords_2.3-adc3472e0c7f6d13d4110347673ef872d67a85cc3bf855bedad93020a127f59f,0.0000,78265712.64
1790343555.277,m2,peer0.forensics.example.com,0.0182,198600294.4
1790343555.277,m2,peer0.prosecution.example.com,0.0183,200068300.8
1790343555.277,m2,couchdb-forensics,0.0081,101302927.36
1790343555.277,m2,couchdb-prosecution,0.0071,90062192.64
1790343555.277,m2,orderer2.example.com,0.0022,61928898.56
1790343555.277,m2,node-exporter-m2,0.0000,9781116.928
1790343555.277,m2,cadvisor-m2,0.0000,26612858.88
1790343555.277,m2,ca-forensics,0.0000,9215934.464
1790343555.277,m2,ca-prosecution,0.0000,9064939.52
1790343555.278,m3,dev-peer0.audit.example.com-diasrecords_2.3-adc3472e0c7f6d13d4110347673ef872d67a85cc3bf855bedad93020a127f59f,0.0000,54127493.12
1790343555.278,m3,dev-peer0.court.example.com-diasrecords_2.3-adc3472e0c7f6d13d4110347673ef872d67a85cc3bf855bedad93020a127f59f,0.0000,78810972.16
1790343555.278,m3,peer0.court.example.com,0.0196,206884044.8
1790343555.278,m3,peer0.audit.example.com,0.0168,205206323.2
1790343555.278,m3,couchdb-court,0.0098,88531271.68
1790343555.278,m3,couchdb-audit,0.0056,155713536.0
1790343555.278,m3,orderer3.example.com,0.0055,38252052.48
1790343555.278,m3,node-exporter-m3,0.0000,21474836.48
1790343555.278,m3,cadvisor-m3,0.0000,39646658.56
1790343555.278,m3,ca-court,0.0000,9022996.48
1790343555.278,m3,ca-audit,0.0000,8929673.216
1790343560.283,m4,dias-backend,0.0000,95546245.12
1790343560.283,m4,prometheus,0.0070,109576192.0
1790343560.283,m4,cadvisor-m4,0.0000,27074232.32
1790343560.283,m4,node-exporter-m4,0.0000,10165944.32
1790343560.277,m1,dev-peer0.police.example.com-diasrecords_2.3-adc3472e0c7f6d13d4110347673ef872d67a85cc3bf855bedad93020a127f59f,0.0000,84106280.96
1790343560.277,m1,peer0.police.example.com,0.0173,224080691.2
1790343560.277,m1,couchdb-police,0.0090,104102625.28
1790343560.277,m1,orderer1.example.com,0.0030,68031610.88
1790343560.277,m1,cadvisor-m1,0.0000,26780631.04
1790343560.277,m1,node-exporter-m1,0.0000,9686745.088
1790343560.277,m1,ca-orderer,0.0022,8765046.784
1790343560.277,m1,ca-police,0.0000,9351200.768
1790343560.282,m3,dev-peer0.audit.example.com-diasrecords_2.3-adc3472e0c7f6d13d4110347673ef872d67a85cc3bf855bedad93020a127f59f,0.0000,54127493.12
1790343560.282,m3,dev-peer0.court.example.com-diasrecords_2.3-adc3472e0c7f6d13d4110347673ef872d67a85cc3bf855bedad93020a127f59f,0.0000,78810972.16
1790343560.282,m3,peer0.court.example.com,0.0143,206779187.2
1790343560.282,m3,peer0.audit.example.com,0.0208,204996608.0
1790343560.282,m3,couchdb-court,0.0062,88562728.96
1790343560.282,m3,couchdb-audit,0.0059,155608678.4
1790343560.282,m3,orderer3.example.com,0.0065,38755368.96
1790343560.282,m3,node-exporter-m3,0.0000,21349007.36
1790343560.282,m3,cadvisor-m3,0.0000,39132856.32
1790343560.282,m3,ca-court,0.0000,9022996.48
1790343560.282,m3,ca-audit,0.0000,8929673.216
1790343560.281,m2,dev-peer0.prosecution.example.com-diasrecords_2.3-adc3472e0c7f6d13d4110347673ef872d67a85cc3bf855bedad93020a127f59f,0.0001,77447823.36
1790343560.281,m2,dev-peer0.forensics.example.com-diasrecords_2.3-adc3472e0c7f6d13d4110347673ef872d67a85cc3bf855bedad93020a127f59f,0.0001,78265712.64
1790343560.281,m2,peer0.forensics.example.com,0.0227,198600294.4
1790343560.281,m2,peer0.prosecution.example.com,0.0191,200278016.0
1790343560.281,m2,couchdb-forensics,0.0044,101449728.0
1790343560.281,m2,couchdb-prosecution,0.0053,89957335.04
1790343560.281,m2,orderer2.example.com,0.0033,61666754.56
1790343560.281,m2,node-exporter-m2,0.0000,9781116.928
1790343560.281,m2,cadvisor-m2,0.0000,26612858.88
1790343560.281,m2,ca-forensics,0.0000,9215934.464
1790343560.281,m2,ca-prosecution,0.0000,9064939.52
1790343565.297,m4,dias-backend,0.0000,95546245.12
1790343565.297,m4,prometheus,0.0069,109471334.4
1790343565.297,m4,cadvisor-m4,0.0000,27063746.56
1790343565.297,m4,node-exporter-m4,0.0000,9957277.696
1790343565.281,m1,dev-peer0.police.example.com-diasrecords_2.3-adc3472e0c7f6d13d4110347673ef872d67a85cc3bf855bedad93020a127f59f,0.0000,84106280.96
1790343565.281,m1,peer0.police.example.com,0.0188,224080691.2
1790343565.281,m1,couchdb-police,0.0330,103987281.92
1790343565.281,m1,orderer1.example.com,0.0049,67821895.68
1790343565.281,m1,cadvisor-m1,0.0000,26539458.56
1790343565.281,m1,node-exporter-m1,0.0000,9695133.696
1790343565.281,m1,ca-orderer,0.0000,8765046.784
1790343565.281,m1,ca-police,0.0000,9351200.768
1790343565.289,m3,dev-peer0.audit.example.com-diasrecords_2.3-adc3472e0c7f6d13d4110347673ef872d67a85cc3bf855bedad93020a127f59f,0.0000,54127493.12
1790343565.289,m3,dev-peer0.court.example.com-diasrecords_2.3-adc3472e0c7f6d13d4110347673ef872d67a85cc3bf855bedad93020a127f59f,0.0000,78810972.16
1790343565.289,m3,peer0.court.example.com,0.0177,206569472.0
1790343565.289,m3,peer0.audit.example.com,0.0142,205206323.2
1790343565.289,m3,couchdb-court,0.0280,88405442.56
1790343565.289,m3,couchdb-audit,0.0284,155818393.6
1790343565.289,m3,orderer3.example.com,0.0053,38493224.96
1790343565.289,m3,node-exporter-m3,0.0000,20971520.0
1790343565.289,m3,cadvisor-m3,0.0000,39122370.56
1790343565.289,m3,ca-court,0.0000,9022996.48
1790343565.289,m3,ca-audit,0.0000,8929673.216
1790343565.282,m2,dev-peer0.prosecution.example.com-diasrecords_2.3-adc3472e0c7f6d13d4110347673ef872d67a85cc3bf855bedad93020a127f59f,0.0000,77447823.36
1790343565.282,m2,dev-peer0.forensics.example.com-diasrecords_2.3-adc3472e0c7f6d13d4110347673ef872d67a85cc3bf855bedad93020a127f59f,0.0000,78265712.64
1790343565.282,m2,peer0.forensics.example.com,0.0138,198390579.2
1790343565.282,m2,peer0.prosecution.example.com,0.0183,199963443.2
1790343565.282,m2,couchdb-forensics,0.0295,101848186.88
1790343565.282,m2,couchdb-prosecution,0.0264,90062192.64
1790343565.282,m2,orderer2.example.com,0.0033,61928898.56
1790343565.282,m2,node-exporter-m2,0.0000,9888071.68
1790343565.282,m2,cadvisor-m2,0.0000,26885488.64
1790343565.282,m2,ca-forensics,0.0000,9215934.464
1790343565.282,m2,ca-prosecution,0.0000,9064939.52
1790343570.310,m4,dias-backend,0.0000,95546245.12
1790343570.310,m4,prometheus,0.0118,109681049.6
1790343570.310,m4,cadvisor-m4,0.0000,27262976.0
1790343570.310,m4,node-exporter-m4,0.0000,10141827.072
1790343570.287,m1,dev-peer0.police.example.com-diasrecords_2.3-adc3472e0c7f6d13d4110347673ef872d67a85cc3bf855bedad93020a127f59f,0.0000,84106280.96
1790343570.287,m1,peer0.police.example.com,0.0436,224290406.4
1790343570.287,m1,couchdb-police,0.0121,104060682.24
1790343570.287,m1,orderer1.example.com,0.0041,67811409.92
1790343570.287,m1,cadvisor-m1,0.0000,26812088.32
1790343570.287,m1,node-exporter-m1,0.0000,9957277.696
1790343570.287,m1,ca-orderer,0.0000,8765046.784
1790343570.287,m1,ca-police,0.0000,9351200.768
1790343570.303,m2,dev-peer0.prosecution.example.com-diasrecords_2.3-adc3472e0c7f6d13d4110347673ef872d67a85cc3bf855bedad93020a127f59f,0.0002,77447823.36
1790343570.303,m2,dev-peer0.forensics.example.com-diasrecords_2.3-adc3472e0c7f6d13d4110347673ef872d67a85cc3bf855bedad93020a127f59f,0.0001,78265712.64
1790343570.303,m2,peer0.forensics.example.com,0.0359,198600294.4
1790343570.303,m2,peer0.prosecution.example.com,0.0446,200487731.2
1790343570.303,m2,couchdb-forensics,0.0087,101355356.16
1790343570.303,m2,couchdb-prosecution,0.0060,89936363.52
1790343570.303,m2,orderer2.example.com,0.0034,61918412.8
1790343570.303,m2,node-exporter-m2,0.0000,10150215.68
1790343570.303,m2,cadvisor-m2,0.0000,26382172.16
1790343570.303,m2,ca-forensics,0.0000,9215934.464
1790343570.303,m2,ca-prosecution,0.0000,9064939.52
1790343570.307,m3,dev-peer0.audit.example.com-diasrecords_2.3-adc3472e0c7f6d13d4110347673ef872d67a85cc3bf855bedad93020a127f59f,0.0000,54127493.12
1790343570.307,m3,dev-peer0.court.example.com-diasrecords_2.3-adc3472e0c7f6d13d4110347673ef872d67a85cc3bf855bedad93020a127f59f,0.0000,78810972.16
1790343570.307,m3,peer0.court.example.com,0.0426,206569472.0
1790343570.307,m3,peer0.audit.example.com,0.0406,205206323.2
1790343570.307,m3,couchdb-court,0.0050,88384471.04
1790343570.307,m3,couchdb-audit,0.0067,155713536.0
1790343570.307,m3,orderer3.example.com,0.0101,38493224.96
1790343570.307,m3,node-exporter-m3,0.0000,20992491.52
1790343570.307,m3,cadvisor-m3,0.0000,39132856.32
1790343570.307,m3,ca-court,0.0000,9022996.48
1790343570.307,m3,ca-audit,0.0000,8929673.216
1790343575.288,m1,dev-peer0.police.example.com-diasrecords_2.3-adc3472e0c7f6d13d4110347673ef872d67a85cc3bf855bedad93020a127f59f,0.0000,84106280.96
1790343575.288,m1,peer0.police.example.com,0.0169,224080691.2
1790343575.288,m1,couchdb-police,0.0075,104301854.72
1790343575.288,m1,orderer1.example.com,0.0024,67800924.16
1790343575.288,m1,cadvisor-m1,0.0000,26633830.4
1790343575.288,m1,node-exporter-m1,0.0000,9937354.752
1790343575.288,m1,ca-orderer,0.0000,8765046.784
1790343575.288,m1,ca-police,0.0000,9351200.768
1790343575.292,m4,dias-backend,0.0000,95546245.12
1790343575.292,m4,prometheus,0.0062,109576192.0
1790343575.292,m4,cadvisor-m4,0.0017,27451719.68
1790343575.292,m4,node-exporter-m4,0.0000,10403971.072
1790343575.288,m2,dev-peer0.prosecution.example.com-diasrecords_2.3-adc3472e0c7f6d13d4110347673ef872d67a85cc3bf855bedad93020a127f59f,0.0000,77447823.36
1790343575.288,m2,dev-peer0.forensics.example.com-diasrecords_2.3-adc3472e0c7f6d13d4110347673ef872d67a85cc3bf855bedad93020a127f59f,0.0000,78265712.64
1790343575.288,m2,peer0.forensics.example.com,0.0165,198914867.2
1790343575.288,m2,peer0.prosecution.example.com,0.0163,200068300.8
1790343575.288,m2,couchdb-forensics,0.0038,101302927.36
1790343575.288,m2,couchdb-prosecution,0.0034,89873448.96
1790343575.288,m2,orderer2.example.com,0.0020,61666754.56
1790343575.288,m2,node-exporter-m2,0.0000,9912188.928
1790343575.288,m2,cadvisor-m2,0.0000,26791116.8
1790343575.288,m2,ca-forensics,0.0000,9215934.464
1790343575.288,m2,ca-prosecution,0.0000,9064939.52
1790343575.292,m3,dev-peer0.audit.example.com-diasrecords_2.3-adc3472e0c7f6d13d4110347673ef872d67a85cc3bf855bedad93020a127f59f,0.0001,54127493.12
1790343575.292,m3,dev-peer0.court.example.com-diasrecords_2.3-adc3472e0c7f6d13d4110347673ef872d67a85cc3bf855bedad93020a127f59f,0.0000,78810972.16
1790343575.292,m3,peer0.court.example.com,0.0156,206359756.8
1790343575.292,m3,peer0.audit.example.com,0.0135,204996608.0
1790343575.292,m3,couchdb-court,0.0053,88625643.52
1790343575.292,m3,couchdb-audit,0.0050,155713536.0
1790343575.292,m3,orderer3.example.com,0.0053,38755368.96
1790343575.292,m3,node-exporter-m3,0.0000,21107834.88
1790343575.292,m3,cadvisor-m3,0.0016,39384514.56
1790343575.292,m3,ca-court,0.0000,9022996.48
1790343575.292,m3,ca-audit,0.0000,8929673.216
1790343580.317,m4,dias-m4-dias-backend-run-3dbbf40b5f42,0.0000,44973424.64
1790343580.317,m4,dias-backend,0.0000,95546245.12
1790343580.317,m4,prometheus,0.0094,109261619.2
1790343580.317,m4,cadvisor-m4,0.0000,27021803.52
1790343580.317,m4,node-exporter-m4,0.0000,10014949.376
1790343580.294,m1,dev-peer0.police.example.com-diasrecords_2.3-adc3472e0c7f6d13d4110347673ef872d67a85cc3bf855bedad93020a127f59f,0.0000,84106280.96
1790343580.294,m1,peer0.police.example.com,0.0180,224290406.4
1790343580.294,m1,couchdb-police,0.0402,105486745.6
1790343580.294,m1,orderer1.example.com,0.0037,68063068.16
1790343580.294,m1,cadvisor-m1,0.0000,26906460.16
1790343580.294,m1,node-exporter-m1,0.0000,9826205.696
1790343580.294,m1,ca-orderer,0.0000,8765046.784
1790343580.294,m1,ca-police,0.0000,9351200.768
1790343580.313,m3,dev-peer0.audit.example.com-diasrecords_2.3-adc3472e0c7f6d13d4110347673ef872d67a85cc3bf855bedad93020a127f59f,0.0000,54672752.64
1790343580.313,m3,dev-peer0.court.example.com-diasrecords_2.3-adc3472e0c7f6d13d4110347673ef872d67a85cc3bf855bedad93020a127f59f,0.0000,79073116.16
1790343580.313,m3,peer0.court.example.com,0.0161,206359756.8
1790343580.313,m3,peer0.audit.example.com,0.0171,205311180.8
1790343580.313,m3,couchdb-court,0.0247,90649395.2
1790343580.313,m3,couchdb-audit,0.0265,158020403.2
1790343580.313,m3,orderer3.example.com,0.0095,38493224.96
1790343580.313,m3,node-exporter-m3,0.0000,21170749.44
1790343580.313,m3,cadvisor-m3,0.0000,39374028.8
1790343580.313,m3,ca-court,0.0000,9022996.48
1790343580.313,m3,ca-audit,0.0000,8929673.216
1790343580.304,m2,dev-peer0.prosecution.example.com-diasrecords_2.3-adc3472e0c7f6d13d4110347673ef872d67a85cc3bf855bedad93020a127f59f,0.0001,77972111.36
1790343580.304,m2,dev-peer0.forensics.example.com-diasrecords_2.3-adc3472e0c7f6d13d4110347673ef872d67a85cc3bf855bedad93020a127f59f,0.0000,78265712.64
1790343580.304,m2,peer0.forensics.example.com,0.0171,198705152.0
1790343580.304,m2,peer0.prosecution.example.com,0.0180,200278016.0
1790343580.304,m2,couchdb-forensics,0.0230,103861452.8
1790343580.304,m2,couchdb-prosecution,0.0233,92012544.0
1790343580.304,m2,orderer2.example.com,0.0028,61415096.32
1790343580.304,m2,node-exporter-m2,0.0000,9907994.624
1790343580.304,m2,cadvisor-m2,0.0021,26654801.92
1790343580.304,m2,ca-forensics,0.0000,9215934.464
1790343580.304,m2,ca-prosecution,0.0000,9064939.52
1790343585.302,m4,dias-m4-dias-backend-run-3dbbf40b5f42,0.0736,33323745.28
1790343585.302,m4,dias-backend,0.0000,95546245.12
1790343585.302,m4,prometheus,0.0034,109366476.8
1790343585.302,m4,cadvisor-m4,0.0000,26759659.52
1790343585.302,m4,node-exporter-m4,0.0000,10538188.8
1790343585.297,m1,dev-peer0.police.example.com-diasrecords_2.3-adc3472e0c7f6d13d4110347673ef872d67a85cc3bf855bedad93020a127f59f,0.0123,84777369.6
1790343585.297,m1,peer0.police.example.com,0.0529,224185548.8
1790343585.297,m1,couchdb-police,0.7827,150680371.2
1790343585.297,m1,orderer1.example.com,0.0103,69069701.12
1790343585.297,m1,cadvisor-m1,0.0000,26434600.96
1790343585.297,m1,node-exporter-m1,0.0000,9826205.696
1790343585.297,m1,ca-orderer,0.0000,8765046.784
1790343585.297,m1,ca-police,0.0000,9351200.768
1790343585.299,m2,dev-peer0.prosecution.example.com-diasrecords_2.3-adc3472e0c7f6d13d4110347673ef872d67a85cc3bf855bedad93020a127f59f,0.0076,77993082.88
1790343585.299,m2,dev-peer0.forensics.example.com-diasrecords_2.3-adc3472e0c7f6d13d4110347673ef872d67a85cc3bf855bedad93020a127f59f,0.0106,78443970.56
1790343585.299,m2,peer0.forensics.example.com,0.0307,199019724.8
1790343585.299,m2,peer0.prosecution.example.com,0.0090,200592588.8
1790343585.299,m2,couchdb-forensics,0.7715,147220070.4
1790343585.299,m2,couchdb-prosecution,0.7386,128031129.6
1790343585.299,m2,orderer2.example.com,0.0096,62568529.92
1790343585.299,m2,node-exporter-m2,0.0000,9907994.624
1790343585.299,m2,cadvisor-m2,0.0000,26392657.92
1790343585.299,m2,ca-forensics,0.0000,9215934.464
1790343585.299,m2,ca-prosecution,0.0000,9064939.52
1790343585.299,m3,dev-peer0.audit.example.com-diasrecords_2.3-adc3472e0c7f6d13d4110347673ef872d67a85cc3bf855bedad93020a127f59f,0.0413,55427727.36
1790343585.299,m3,dev-peer0.court.example.com-diasrecords_2.3-adc3472e0c7f6d13d4110347673ef872d67a85cc3bf855bedad93020a127f59f,0.0000,79073116.16
1790343585.299,m3,peer0.court.example.com,0.0289,206254899.2
1790343585.299,m3,peer0.audit.example.com,0.0321,205101465.6
1790343585.299,m3,couchdb-court,0.7436,130023424.0
1790343585.299,m3,couchdb-audit,0.7406,209715200.0
1790343585.299,m3,orderer3.example.com,0.0129,39772487.68
1790343585.299,m3,node-exporter-m3,0.0000,21275607.04
1790343585.299,m3,cadvisor-m3,0.0005,39132856.32
1790343585.299,m3,ca-court,0.0000,9022996.48
1790343585.299,m3,ca-audit,0.0000,8929673.216
1790343590.301,m4,dias-backend,0.0631,96091504.64
1790343590.301,m4,prometheus,0.0039,109471334.4
1790343590.301,m4,cadvisor-m4,0.0000,26298286.08
1790343590.301,m4,node-exporter-m4,0.0000,9830400.0
1790343590.301,m4,loadgen-reuse-smoke,0.0573,37360762.88
1790343590.298,m1,dev-peer0.police.example.com-diasrecords_2.3-adc3472e0c7f6d13d4110347673ef872d67a85cc3bf855bedad93020a127f59f,0.0075,84043366.4
1790343590.298,m1,peer0.police.example.com,0.0487,224290406.4
1790343590.298,m1,couchdb-police,0.2058,139250892.8
1790343590.298,m1,orderer1.example.com,0.0045,69132615.68
1790343590.298,m1,cadvisor-m1,0.0012,26958888.96
1790343590.298,m1,node-exporter-m1,0.0000,9568256.0
1790343590.298,m1,ca-orderer,0.0000,8765046.784
1790343590.298,m1,ca-police,0.0000,9351200.768
1790343590.300,m2,dev-peer0.prosecution.example.com-diasrecords_2.3-adc3472e0c7f6d13d4110347673ef872d67a85cc3bf855bedad93020a127f59f,0.0068,77332480.0
1790343590.300,m2,dev-peer0.forensics.example.com-diasrecords_2.3-adc3472e0c7f6d13d4110347673ef872d67a85cc3bf855bedad93020a127f59f,0.0068,78454456.32
1790343590.300,m2,peer0.forensics.example.com,0.0432,198600294.4
1790343590.300,m2,peer0.prosecution.example.com,0.0517,200592588.8
1790343590.300,m2,couchdb-forensics,0.2221,139250892.8
1790343590.300,m2,couchdb-prosecution,0.2137,146171494.4
1790343590.300,m2,orderer2.example.com,0.0083,62390272.0
1790343590.300,m2,node-exporter-m2,0.0000,9912188.928
1790343590.300,m2,cadvisor-m2,0.0000,26644316.16
1790343590.300,m2,ca-forensics,0.0000,9215934.464
1790343590.300,m2,ca-prosecution,0.0000,9064939.52
1790343590.300,m3,dev-peer0.audit.example.com-diasrecords_2.3-adc3472e0c7f6d13d4110347673ef872d67a85cc3bf855bedad93020a127f59f,0.0190,56245616.64
1790343590.300,m3,dev-peer0.court.example.com-diasrecords_2.3-adc3472e0c7f6d13d4110347673ef872d67a85cc3bf855bedad93020a127f59f,0.0031,78842429.44
1790343590.300,m3,peer0.court.example.com,0.0488,206464614.4
1790343590.300,m3,peer0.audit.example.com,0.0595,205101465.6
1790343590.300,m3,couchdb-court,0.1607,142186905.6
1790343590.300,m3,couchdb-audit,0.1351,209820057.6
1790343590.300,m3,orderer3.example.com,0.0060,40391147.52
1790343590.300,m3,node-exporter-m3,0.0000,21359493.12
1790343590.300,m3,cadvisor-m3,0.0000,39132856.32
1790343590.300,m3,ca-court,0.0000,9022996.48
1790343590.300,m3,ca-audit,0.0000,8929673.216
1790343595.316,m4,loadgen-reuse-smoke,0.0000,37234933.76
1790343595.316,m4,dias-backend,0.0000,95556730.88
1790343595.316,m4,prometheus,0.0075,109681049.6
1790343595.316,m4,cadvisor-m4,0.0000,27074232.32
1790343595.316,m4,node-exporter-m4,0.0000,10354688.0
1790343595.304,m1,dev-peer0.police.example.com-diasrecords_2.3-adc3472e0c7f6d13d4110347673ef872d67a85cc3bf855bedad93020a127f59f,0.0000,83812679.68
1790343595.304,m1,peer0.police.example.com,0.0137,224185548.8
1790343595.304,m1,couchdb-police,0.0256,122159104.0
1790343595.304,m1,orderer1.example.com,0.0022,70789365.76
1790343595.304,m1,cadvisor-m1,0.0000,26686259.2
1790343595.304,m1,node-exporter-m1,0.0000,9576644.608
1790343595.304,m1,ca-orderer,0.0000,8765046.784
1790343595.304,m1,ca-police,0.0000,9351200.768
1790343595.309,m2,dev-peer0.prosecution.example.com-diasrecords_2.3-adc3472e0c7f6d13d4110347673ef872d67a85cc3bf855bedad93020a127f59f,0.0000,77080821.76
1790343595.309,m2,dev-peer0.forensics.example.com-diasrecords_2.3-adc3472e0c7f6d13d4110347673ef872d67a85cc3bf855bedad93020a127f59f,0.0000,78234255.36
1790343595.309,m2,peer0.forensics.example.com,0.0147,199544012.8
1790343595.309,m2,peer0.prosecution.example.com,0.0157,201326592.0
1790343595.309,m2,couchdb-forensics,0.0213,122578534.4
1790343595.309,m2,couchdb-prosecution,0.0192,117545369.6
1790343595.309,m2,orderer2.example.com,0.0022,63229132.8
1790343595.309,m2,node-exporter-m2,0.0000,9912188.928
1790343595.309,m2,cadvisor-m2,0.0000,26392657.92
1790343595.309,m2,ca-forensics,0.0000,9215934.464
1790343595.309,m2,ca-prosecution,0.0000,9064939.52
1790343595.309,m3,dev-peer0.audit.example.com-diasrecords_2.3-adc3472e0c7f6d13d4110347673ef872d67a85cc3bf855bedad93020a127f59f,0.0000,55312384.0
1790343595.309,m3,dev-peer0.court.example.com-diasrecords_2.3-adc3472e0c7f6d13d4110347673ef872d67a85cc3bf855bedad93020a127f59f,0.0000,78842429.44
1790343595.309,m3,peer0.court.example.com,0.0155,206569472.0
1790343595.309,m3,peer0.audit.example.com,0.0156,205520896.0
1790343595.309,m3,couchdb-court,0.0224,114714214.4
1790343595.309,m3,couchdb-audit,0.0228,185388236.8
1790343595.309,m3,orderer3.example.com,0.0045,41806725.12
1790343595.309,m3,node-exporter-m3,0.0000,20940062.72
1790343595.309,m3,cadvisor-m3,0.0000,39384514.56
1790343595.309,m3,ca-court,0.0000,9022996.48
1790343595.309,m3,ca-audit,0.0000,8929673.216
1790343600.315,m4,loadgen-reuse-smoke,0.0136,35232153.6
1790343600.315,m4,dias-backend,0.0135,96322191.36
1790343600.315,m4,prometheus,0.0101,109261619.2
1790343600.315,m4,cadvisor-m4,0.0000,26770145.28
1790343600.315,m4,node-exporter-m4,0.0000,10350493.696
1790343600.311,m1,dev-peer0.police.example.com-diasrecords_2.3-adc3472e0c7f6d13d4110347673ef872d67a85cc3bf855bedad93020a127f59f,0.0193,84095795.2
1790343600.311,m1,peer0.police.example.com,0.0338,223870976.0
1790343600.311,m1,couchdb-police,0.0230,105172172.8
1790343600.311,m1,orderer1.example.com,0.0060,70548193.28
1790343600.311,m1,cadvisor-m1,0.0000,26570915.84
1790343600.311,m1,node-exporter-m1,0.0000,9568256.0
1790343600.311,m1,ca-orderer,0.0000,8765046.784
1790343600.311,m1,ca-police,0.0000,9351200.768
1790343600.313,m2,dev-peer0.prosecution.example.com-diasrecords_2.3-adc3472e0c7f6d13d4110347673ef872d67a85cc3bf855bedad93020a127f59f,0.0108,77206650.88
1790343600.313,m2,dev-peer0.forensics.example.com-diasrecords_2.3-adc3472e0c7f6d13d4110347673ef872d67a85cc3bf855bedad93020a127f59f,0.0038,78475427.84
1790343600.313,m2,peer0.forensics.example.com,0.0267,200068300.8
1790343600.313,m2,peer0.prosecution.example.com,0.0340,201116876.8
1790343600.313,m2,couchdb-forensics,0.0082,103987281.92
1790343600.313,m2,couchdb-prosecution,0.0209,91446312.96
1790343600.313,m2,orderer2.example.com,0.0061,63564677.12
1790343600.313,m2,node-exporter-m2,0.0000,9781116.928
1790343600.313,m2,cadvisor-m2,0.0000,26392657.92
1790343600.313,m2,ca-forensics,0.0000,9215934.464
1790343600.313,m2,ca-prosecution,0.0000,9064939.52
1790343600.315,m3,dev-peer0.audit.example.com-diasrecords_2.3-adc3472e0c7f6d13d4110347673ef872d67a85cc3bf855bedad93020a127f59f,0.0189,55333355.52
1790343600.315,m3,dev-peer0.court.example.com-diasrecords_2.3-adc3472e0c7f6d13d4110347673ef872d67a85cc3bf855bedad93020a127f59f,0.0074,79094087.68
1790343600.315,m3,peer0.court.example.com,0.0352,206569472.0
1790343600.315,m3,peer0.audit.example.com,0.0308,204996608.0
1790343600.315,m3,couchdb-court,0.0153,91435827.2
1790343600.315,m3,couchdb-audit,0.0049,160746700.8
1790343600.315,m3,orderer3.example.com,0.0115,41775267.84
1790343600.315,m3,node-exporter-m3,0.0000,20814233.6
1790343600.315,m3,cadvisor-m3,0.0000,39132856.32
1790343600.315,m3,ca-court,0.0000,9022996.48
1790343600.315,m3,ca-audit,0.0000,8929673.216
1790343605.326,m4,loadgen-reuse-smoke,0.0073,36532387.84
1790343605.326,m4,dias-backend,0.0108,96070533.12
1790343605.326,m4,prometheus,0.0035,109785907.2
1790343605.326,m4,cadvisor-m4,0.0000,26822574.08
1790343605.326,m4,node-exporter-m4,0.0000,10113515.52
1790343605.313,m1,dev-peer0.police.example.com-diasrecords_2.3-adc3472e0c7f6d13d4110347673ef872d67a85cc3bf855bedad93020a127f59f,0.0000,83802193.92
1790343605.313,m1,peer0.police.example.com,0.0088,225129267.2
1790343605.313,m1,couchdb-police,0.0031,105486745.6
1790343605.313,m1,orderer1.example.com,0.0031,73620520.96
1790343605.313,m1,cadvisor-m1,0.0052,26833059.84
1790343605.313,m1,node-exporter-m1,0.0000,9572450.304
1790343605.313,m1,ca-orderer,0.0000,8765046.784
1790343605.313,m1,ca-police,0.0000,9351200.768
1790343605.313,m2,dev-peer0.prosecution.example.com-diasrecords_2.3-adc3472e0c7f6d13d4110347673ef872d67a85cc3bf855bedad93020a127f59f,0.0000,76975964.16
1790343605.313,m2,dev-peer0.forensics.example.com-diasrecords_2.3-adc3472e0c7f6d13d4110347673ef872d67a85cc3bf855bedad93020a127f59f,0.0000,78223769.6
1790343605.313,m2,peer0.forensics.example.com,0.0061,199334297.6
1790343605.313,m2,peer0.prosecution.example.com,0.0075,201641164.8
1790343605.313,m2,couchdb-forensics,0.0023,104238940.16
1790343605.313,m2,couchdb-prosecution,0.0019,91834286.08
1790343605.313,m2,orderer2.example.com,0.0016,66804776.96
1790343605.313,m2,node-exporter-m2,0.0000,9781116.928
1790343605.313,m2,cadvisor-m2,0.0013,26654801.92
1790343605.313,m2,ca-forensics,0.0000,9215934.464
1790343605.313,m2,ca-prosecution,0.0000,9064939.52
1790343605.314,m3,dev-peer0.audit.example.com-diasrecords_2.3-adc3472e0c7f6d13d4110347673ef872d67a85cc3bf855bedad93020a127f59f,0.0000,55354327.04
1790343605.314,m3,dev-peer0.court.example.com-diasrecords_2.3-adc3472e0c7f6d13d4110347673ef872d67a85cc3bf855bedad93020a127f59f,0.0000,79104573.44
1790343605.314,m3,peer0.court.example.com,0.0074,207722905.6
1790343605.314,m3,peer0.audit.example.com,0.0070,205311180.8
1790343605.314,m3,couchdb-court,0.0018,91876229.12
1790343605.314,m3,couchdb-audit,0.0037,156447539.2
1790343605.314,m3,orderer3.example.com,0.0083,42960158.72
1790343605.314,m3,node-exporter-m3,0.0000,20814233.6
1790343605.314,m3,cadvisor-m3,0.0000,39132856.32
1790343605.314,m3,ca-court,0.0000,9022996.48
1790343605.314,m3,ca-audit,0.0000,8929673.216
1790343610.319,m4,loadgen-reuse-smoke,0.0060,37035704.32
1790343610.319,m4,dias-backend,0.0002,95567216.64
1790343610.319,m4,prometheus,0.0061,109681049.6
1790343610.319,m4,cadvisor-m4,0.0000,26822574.08
1790343610.319,m4,node-exporter-m4,0.0000,10601103.36
1790343610.317,m1,dev-peer0.police.example.com-diasrecords_2.3-adc3472e0c7f6d13d4110347673ef872d67a85cc3bf855bedad93020a127f59f,0.0000,83802193.92
1790343610.317,m1,peer0.police.example.com,0.0351,225024409.6
1790343610.317,m1,couchdb-police,0.0097,105381888.0
1790343610.317,m1,orderer1.example.com,0.0037,73809264.64
1790343610.317,m1,cadvisor-m1,0.0000,26696744.96
1790343610.317,m1,node-exporter-m1,0.0000,9830400.0
1790343610.317,m1,ca-orderer,0.0000,8765046.784
1790343610.317,m1,ca-police,0.0000,9351200.768
1790343610.318,m3,dev-peer0.audit.example.com-diasrecords_2.3-adc3472e0c7f6d13d4110347673ef872d67a85cc3bf855bedad93020a127f59f,0.0000,55343841.28
1790343610.318,m3,dev-peer0.court.example.com-diasrecords_2.3-adc3472e0c7f6d13d4110347673ef872d67a85cc3bf855bedad93020a127f59f,0.0000,78852915.2
1790343610.318,m3,peer0.court.example.com,0.0296,207827763.2
1790343610.318,m3,peer0.audit.example.com,0.0303,205206323.2
1790343610.318,m3,couchdb-court,0.0079,107793612.8
1790343610.318,m3,couchdb-audit,0.0046,156447539.2
1790343610.318,m3,orderer3.example.com,0.0023,43222302.72
1790343610.318,m3,node-exporter-m3,0.0000,20877148.16
1790343610.318,m3,cadvisor-m3,0.0000,39583744.0
1790343610.318,m3,ca-court,0.0000,9022996.48
1790343610.318,m3,ca-audit,0.0000,8929673.216
1790343610.317,m2,dev-peer0.prosecution.example.com-diasrecords_2.3-adc3472e0c7f6d13d4110347673ef872d67a85cc3bf855bedad93020a127f59f,0.0009,76975964.16
1790343610.317,m2,dev-peer0.forensics.example.com-diasrecords_2.3-adc3472e0c7f6d13d4110347673ef872d67a85cc3bf855bedad93020a127f59f,0.0004,78223769.6
1790343610.317,m2,peer0.forensics.example.com,0.0335,199334297.6
1790343610.317,m2,peer0.prosecution.example.com,0.0369,201221734.4
1790343610.317,m2,couchdb-forensics,0.0024,103735623.68
1790343610.317,m2,couchdb-prosecution,0.0108,107479040.0
1790343610.317,m2,orderer2.example.com,0.0031,66479718.4
1790343610.317,m2,node-exporter-m2,0.0000,9781116.928
1790343610.317,m2,cadvisor-m2,0.0000,26654801.92
1790343610.317,m2,ca-forensics,0.0000,9215934.464
1790343610.317,m2,ca-prosecution,0.0000,9064939.52
1790343615.328,m4,loadgen-reuse-smoke,0.0033,37580963.84
1790343615.328,m4,dias-backend,0.0003,95567216.64
1790343615.328,m4,prometheus,0.0031,109785907.2
1790343615.328,m4,cadvisor-m4,0.0008,27074232.32
1790343615.328,m4,node-exporter-m4,0.0000,11114905.6
1790343615.322,m1,dev-peer0.police.example.com-diasrecords_2.3-adc3472e0c7f6d13d4110347673ef872d67a85cc3bf855bedad93020a127f59f,0.0000,83802193.92
1790343615.322,m1,peer0.police.example.com,0.0106,225234124.8
1790343615.322,m1,couchdb-police,0.0045,105486745.6
1790343615.322,m1,orderer1.example.com,0.0020,73767321.6
1790343615.322,m1,cadvisor-m1,0.0000,26717716.48
1790343615.322,m1,node-exporter-m1,0.0000,9641656.32
1790343615.322,m1,ca-orderer,0.0000,8765046.784
1790343615.322,m1,ca-police,0.0000,9351200.768
1790343615.322,m2,dev-peer0.prosecution.example.com-diasrecords_2.3-adc3472e0c7f6d13d4110347673ef872d67a85cc3bf855bedad93020a127f59f,0.0000,76975964.16
1790343615.322,m2,dev-peer0.forensics.example.com-diasrecords_2.3-adc3472e0c7f6d13d4110347673ef872d67a85cc3bf855bedad93020a127f59f,0.0000,78223769.6
1790343615.322,m2,peer0.forensics.example.com,0.0080,199544012.8
1790343615.322,m2,peer0.prosecution.example.com,0.0098,200907161.6
1790343615.322,m2,couchdb-forensics,0.0058,103735623.68
1790343615.322,m2,couchdb-prosecution,0.0045,91509227.52
1790343615.322,m2,orderer2.example.com,0.0016,67486351.36
1790343615.322,m2,node-exporter-m2,0.0000,9871294.464
1790343615.322,m2,cadvisor-m2,0.0000,26906460.16
1790343615.322,m2,ca-forensics,0.0000,9215934.464
1790343615.322,m2,ca-prosecution,0.0000,9064939.52
1790343615.326,m3,dev-peer0.audit.example.com-diasrecords_2.3-adc3472e0c7f6d13d4110347673ef872d67a85cc3bf855bedad93020a127f59f,0.0000,55343841.28
1790343615.326,m3,dev-peer0.court.example.com-diasrecords_2.3-adc3472e0c7f6d13d4110347673ef872d67a85cc3bf855bedad93020a127f59f,0.0000,78852915.2
1790343615.326,m3,peer0.court.example.com,0.0105,207513190.4
1790343615.326,m3,peer0.audit.example.com,0.0076,205730611.2
1790343615.326,m3,couchdb-court,0.0024,91519713.28
1790343615.326,m3,couchdb-audit,0.0024,156447539.2
1790343615.326,m3,orderer3.example.com,0.0035,43002101.76
1790343615.326,m3,node-exporter-m3,0.0000,20887633.92
1790343615.326,m3,cadvisor-m3,0.0000,39636172.8
1790343615.326,m3,ca-court,0.0000,9022996.48
1790343615.326,m3,ca-audit,0.0000,8929673.216
1790343620.324,m4,loadgen-reuse-smoke,0.0047,37612421.12
1790343620.324,m4,dias-backend,0.0037,96070533.12
1790343620.324,m4,prometheus,0.0048,109890764.8
1790343620.324,m4,cadvisor-m4,0.0000,26570915.84
1790343620.324,m4,node-exporter-m4,0.0000,10342105.088
1790343620.323,m1,dev-peer0.police.example.com-diasrecords_2.3-adc3472e0c7f6d13d4110347673ef872d67a85cc3bf855bedad93020a127f59f,0.0026,84295024.64
1790343620.323,m1,peer0.police.example.com,0.0239,225234124.8
1790343620.323,m1,couchdb-police,0.0528,104784199.68
1790343620.323,m1,orderer1.example.com,0.0038,74102865.92
1790343620.323,m1,cadvisor-m1,0.0000,26455572.48
1790343620.323,m1,node-exporter-m1,0.0000,9625927.68
1790343620.323,m1,ca-orderer,0.0002,8765046.784
1790343620.323,m1,ca-police,0.0002,9351200.768
1790343620.324,m3,dev-peer0.audit.example.com-diasrecords_2.3-adc3472e0c7f6d13d4110347673ef872d67a85cc3bf855bedad93020a127f59f,0.0018,55406755.84
1790343620.324,m3,dev-peer0.court.example.com-diasrecords_2.3-adc3472e0c7f6d13d4110347673ef872d67a85cc3bf855bedad93020a127f59f,0.0015,79398174.72
1790343620.324,m3,peer0.court.example.com,0.0202,207827763.2
1790343620.324,m3,peer0.audit.example.com,0.0223,206150041.6
1790343620.324,m3,couchdb-court,0.0536,93155491.84
1790343620.324,m3,couchdb-audit,0.0472,157496115.2
1790343620.324,m3,orderer3.example.com,0.0080,42802872.32
1790343620.324,m3,node-exporter-m3,0.0000,20887633.92
1790343620.324,m3,cadvisor-m3,0.0005,39132856.32
1790343620.324,m3,ca-court,0.0000,9022996.48
1790343620.324,m3,ca-audit,0.0000,8929673.216
1790343620.324,m2,dev-peer0.prosecution.example.com-diasrecords_2.3-adc3472e0c7f6d13d4110347673ef872d67a85cc3bf855bedad93020a127f59f,0.0001,76975964.16
1790343620.324,m2,dev-peer0.forensics.example.com-diasrecords_2.3-adc3472e0c7f6d13d4110347673ef872d67a85cc3bf855bedad93020a127f59f,0.0001,78223769.6
1790343620.324,m2,peer0.forensics.example.com,0.0114,199753728.0
1790343620.324,m2,peer0.prosecution.example.com,0.0180,201431449.6
1790343620.324,m2,couchdb-forensics,0.0495,105906176.0
1790343620.324,m2,couchdb-prosecution,0.0498,94141153.28
1790343620.324,m2,orderer2.example.com,0.0050,66794291.2
1790343620.324,m2,node-exporter-m2,0.0000,9903800.32
1790343620.324,m2,cadvisor-m2,0.0021,26916945.92
1790343620.324,m2,ca-forensics,0.0000,9215934.464
1790343620.324,m2,ca-prosecution,0.0000,9064939.52
1790343625.329,m4,loadgen-reuse-smoke,0.0067,38031851.52
1790343625.329,m4,dias-backend,0.0124,96081018.88
1790343625.329,m4,prometheus,0.0041,109995622.4
1790343625.329,m4,cadvisor-m4,0.0000,26308771.84
1790343625.329,m4,node-exporter-m4,0.0000,10096738.304
1790343625.325,m1,dev-peer0.police.example.com-diasrecords_2.3-adc3472e0c7f6d13d4110347673ef872d67a85cc3bf855bedad93020a127f59f,0.0014,84053852.16
1790343625.325,m1,peer0.police.example.com,0.0137,225338982.4
1790343625.325,m1,couchdb-police,0.0037,102613647.36
1790343625.325,m1,orderer1.example.com,0.0037,74123837.44
1790343625.325,m1,cadvisor-m1,0.0000,26969374.72
1790343625.325,m1,node-exporter-m1,0.0000,9871294.464
1790343625.325,m1,ca-orderer,0.0000,8765046.784
1790343625.325,m1,ca-police,0.0000,9351200.768
1790343625.327,m2,dev-peer0.prosecution.example.com-diasrecords_2.3-adc3472e0c7f6d13d4110347673ef872d67a85cc3bf855bedad93020a127f59f,0.0000,76975964.16
1790343625.327,m2,dev-peer0.forensics.example.com-diasrecords_2.3-adc3472e0c7f6d13d4110347673ef872d67a85cc3bf855bedad93020a127f59f,0.0217,79282831.36
1790343625.327,m2,peer0.forensics.example.com,0.0187,199753728.0
1790343625.327,m2,peer0.prosecution.example.com,0.0110,200907161.6
1790343625.327,m2,couchdb-forensics,0.0057,104333312.0
1790343625.327,m2,couchdb-prosecution,0.0030,92379545.6
1790343625.327,m2,orderer2.example.com,0.0032,67318579.2
1790343625.327,m2,node-exporter-m2,0.0000,9912188.928
1790343625.327,m2,cadvisor-m2,0.0000,26392657.92
1790343625.327,m2,ca-forensics,0.0000,9215934.464
1790343625.327,m2,ca-prosecution,0.0000,9064939.52
1790343625.328,m3,dev-peer0.audit.example.com-diasrecords_2.3-adc3472e0c7f6d13d4110347673ef872d67a85cc3bf855bedad93020a127f59f,0.0105,55647928.32
1790343625.328,m3,dev-peer0.court.example.com-diasrecords_2.3-adc3472e0c7f6d13d4110347673ef872d67a85cc3bf855bedad93020a127f59f,0.0068,79125544.96
1790343625.328,m3,peer0.court.example.com,0.0129,207827763.2
1790343625.328,m3,peer0.audit.example.com,0.0209,205835468.8
1790343625.328,m3,couchdb-court,0.0112,91802828.8
1790343625.328,m3,couchdb-audit,0.0109,155818393.6
1790343625.328,m3,orderer3.example.com,0.0043,43515904.0
1790343625.328,m3,node-exporter-m3,0.0000,20971520.0
1790343625.328,m3,cadvisor-m3,0.0000,39384514.56
1790343625.328,m3,ca-court,0.0000,9022996.48
1790343625.328,m3,ca-audit,0.0000,8929673.216
1790343630.337,m4,loadgen-reuse-smoke,0.0044,37958451.2
1790343630.337,m4,dias-backend,0.0006,96101990.4
1790343630.337,m4,prometheus,0.0046,109576192.0
1790343630.337,m4,cadvisor-m4,0.0000,26717716.48
1790343630.337,m4,node-exporter-m4,0.0000,9842982.912
1790343630.336,m1,dev-peer0.police.example.com-diasrecords_2.3-adc3472e0c7f6d13d4110347673ef872d67a85cc3bf855bedad93020a127f59f,0.0016,84064337.92
1790343630.336,m1,peer0.police.example.com,0.0374,225443840.0
1790343630.336,m1,couchdb-police,0.0046,101281955.84
1790343630.336,m1,orderer1.example.com,0.0026,74260152.32
1790343630.336,m1,cadvisor-m1,0.0000,26696744.96
1790343630.336,m1,node-exporter-m1,0.0000,9703522.304
1790343630.336,m1,ca-orderer,0.0000,8765046.784
1790343630.336,m1,ca-police,0.0000,9351200.768
1790343630.336,m2,dev-peer0.prosecution.example.com-diasrecords_2.3-adc3472e0c7f6d13d4110347673ef872d67a85cc3bf855bedad93020a127f59f,0.0006,76975964.16
1790343630.336,m2,dev-peer0.forensics.example.com-diasrecords_2.3-adc3472e0c7f6d13d4110347673ef872d67a85cc3bf855bedad93020a127f59f,0.0001,78255226.88
1790343630.336,m2,peer0.forensics.example.com,0.0164,199334297.6
1790343630.336,m2,peer0.prosecution.example.com,0.0325,201326592.0
1790343630.336,m2,couchdb-forensics,0.0019,104448655.36
1790343630.336,m2,couchdb-prosecution,0.0027,90534051.84
1790343630.336,m2,orderer2.example.com,0.0021,67350036.48
1790343630.336,m2,node-exporter-m2,0.0000,9903800.32
1790343630.336,m2,cadvisor-m2,0.0000,26644316.16
1790343630.336,m2,ca-forensics,0.0000,9215934.464
1790343630.336,m2,ca-prosecution,0.0000,9064939.52
1790343630.336,m3,dev-peer0.audit.example.com-diasrecords_2.3-adc3472e0c7f6d13d4110347673ef872d67a85cc3bf855bedad93020a127f59f,0.0026,55721328.64
1790343630.336,m3,dev-peer0.court.example.com-diasrecords_2.3-adc3472e0c7f6d13d4110347673ef872d67a85cc3bf855bedad93020a127f59f,0.0000,78884372.48
1790343630.336,m3,peer0.court.example.com,0.0312,207722905.6
1790343630.336,m3,peer0.audit.example.com,0.0357,206150041.6
1790343630.336,m3,couchdb-court,0.0041,92054487.04
1790343630.336,m3,couchdb-audit,0.0033,155923251.2
1790343630.336,m3,orderer3.example.com,0.0050,43568332.8
1790343630.336,m3,node-exporter-m3,0.0000,21055406.08
1790343630.336,m3,cadvisor-m3,0.0007,39646658.56
1790343630.336,m3,ca-court,0.0000,9022996.48
1790343630.336,m3,ca-audit,0.0000,8929673.216
1790343635.348,m4,loadgen-reuse-smoke,0.0043,37968936.96
1790343635.348,m4,dias-backend,0.0002,96091504.64
1790343635.348,m4,prometheus,0.0059,110310195.2
1790343635.348,m4,cadvisor-m4,0.0000,26654801.92
1790343635.348,m4,node-exporter-m4,0.0000,10096738.304
1790343635.345,m1,dev-peer0.police.example.com-diasrecords_2.3-adc3472e0c7f6d13d4110347673ef872d67a85cc3bf855bedad93020a127f59f,0.0000,84536197.12
1790343635.345,m1,peer0.police.example.com,0.0147,225338982.4
1790343635.345,m1,couchdb-police,0.0265,100946411.52
1790343635.345,m1,orderer1.example.com,0.0056,73872179.2
1790343635.345,m1,cadvisor-m1,0.0008,26728202.24
1790343635.345,m1,node-exporter-m1,0.0000,9572450.304
1790343635.345,m1,ca-orderer,0.0000,8765046.784
1790343635.345,m1,ca-police,0.0000,9351200.768
1790343635.348,m3,dev-peer0.audit.example.com-diasrecords_2.3-adc3472e0c7f6d13d4110347673ef872d67a85cc3bf855bedad93020a127f59f,0.0041,55773757.44
1790343635.348,m3,dev-peer0.court.example.com-diasrecords_2.3-adc3472e0c7f6d13d4110347673ef872d67a85cc3bf855bedad93020a127f59f,0.0000,78894858.24
1790343635.348,m3,peer0.court.example.com,0.0136,207513190.4
1790343635.348,m3,peer0.audit.example.com,0.0124,205835468.8
1790343635.348,m3,couchdb-court,0.0228,91991572.48
1790343635.348,m3,couchdb-audit,0.0238,156447539.2
1790343635.348,m3,orderer3.example.com,0.0042,43316674.56
1790343635.348,m3,node-exporter-m3,0.0000,20919091.2
1790343635.348,m3,cadvisor-m3,0.0000,39132856.32
1790343635.348,m3,ca-court,0.0000,9022996.48
1790343635.348,m3,ca-audit,0.0000,8929673.216
1790343635.346,m2,dev-peer0.prosecution.example.com-diasrecords_2.3-adc3472e0c7f6d13d4110347673ef872d67a85cc3bf855bedad93020a127f59f,0.0000,76996935.68
1790343635.346,m2,dev-peer0.forensics.example.com-diasrecords_2.3-adc3472e0c7f6d13d4110347673ef872d67a85cc3bf855bedad93020a127f59f,0.0000,78769029.12
1790343635.346,m2,peer0.forensics.example.com,0.0136,199334297.6
1790343635.346,m2,peer0.prosecution.example.com,0.0118,201221734.4
1790343635.346,m2,couchdb-forensics,0.0237,104406712.32
1790343635.346,m2,couchdb-prosecution,0.0234,90869596.16
1790343635.346,m2,orderer2.example.com,0.0026,67213721.6
1790343635.346,m2,node-exporter-m2,0.0000,9903800.32
1790343635.346,m2,cadvisor-m2,0.0010,26916945.92
1790343635.346,m2,ca-forensics,0.0000,9215934.464
1790343635.346,m2,ca-prosecution,0.0000,9064939.52
1790343640.349,m4,loadgen-reuse-smoke,0.0050,38346424.32
1790343640.349,m4,dias-backend,0.0126,96081018.88
1790343640.349,m4,prometheus,0.0077,110100480.0
1790343640.349,m4,cadvisor-m4,0.0000,26518487.04
1790343640.349,m4,node-exporter-m4,0.0000,10096738.304
1790343640.346,m1,dev-peer0.police.example.com-diasrecords_2.3-adc3472e0c7f6d13d4110347673ef872d67a85cc3bf855bedad93020a127f59f,0.0000,84274053.12
1790343640.346,m1,peer0.police.example.com,0.0198,225234124.8
1790343640.346,m1,couchdb-police,0.0083,99813949.44
1790343640.346,m1,orderer1.example.com,0.0031,73998008.32
1790343640.346,m1,cadvisor-m1,0.0000,26728202.24
1790343640.346,m1,node-exporter-m1,0.0000,9572450.304
1790343640.346,m1,ca-orderer,0.0000,8765046.784
1790343640.346,m1,ca-police,0.0000,9351200.768
1790343640.346,m2,dev-peer0.prosecution.example.com-diasrecords_2.3-adc3472e0c7f6d13d4110347673ef872d67a85cc3bf855bedad93020a127f59f,0.0001,76996935.68
1790343640.346,m2,dev-peer0.forensics.example.com-diasrecords_2.3-adc3472e0c7f6d13d4110347673ef872d67a85cc3bf855bedad93020a127f59f,0.0001,78475427.84
1790343640.346,m2,peer0.forensics.example.com,0.0212,200068300.8
1790343640.346,m2,peer0.prosecution.example.com,0.0178,201431449.6
1790343640.346,m2,couchdb-forensics,0.0041,100642324.48
1790343640.346,m2,couchdb-prosecution,0.0047,89852477.44
1790343640.346,m2,orderer2.example.com,0.0028,67444408.32
1790343640.346,m2,node-exporter-m2,0.0000,9903800.32
1790343640.346,m2,cadvisor-m2,0.0000,26392657.92
1790343640.346,m2,ca-forensics,0.0000,9215934.464
1790343640.346,m2,ca-prosecution,0.0000,9064939.52
1790343640.348,m3,dev-peer0.audit.example.com-diasrecords_2.3-adc3472e0c7f6d13d4110347673ef872d67a85cc3bf855bedad93020a127f59f,0.0073,55532584.96
1790343640.348,m3,dev-peer0.court.example.com-diasrecords_2.3-adc3472e0c7f6d13d4110347673ef872d67a85cc3bf855bedad93020a127f59f,0.0000,79649832.96
1790343640.348,m3,peer0.court.example.com,0.0181,207827763.2
1790343640.348,m3,peer0.audit.example.com,0.0149,206254899.2
1790343640.348,m3,couchdb-court,0.0050,88866816.0
1790343640.348,m3,couchdb-audit,0.0043,155503820.8
1790343640.348,m3,orderer3.example.com,0.0086,43044044.8
1790343640.348,m3,node-exporter-m3,0.0000,20919091.2
1790343640.348,m3,cadvisor-m3,0.0000,39122370.56
1790343640.348,m3,ca-court,0.0000,9022996.48
1790343640.348,m3,ca-audit,0.0000,8929673.216
1790343645.355,m4,loadgen-reuse-smoke,0.0032,38178652.16
1790343645.355,m4,dias-backend,0.0008,96112476.16
1790343645.355,m4,prometheus,0.0043,109890764.8
1790343645.355,m4,cadvisor-m4,0.0000,26780631.04
1790343645.355,m4,node-exporter-m4,0.0000,10611589.12
1790343645.352,m1,dev-peer0.police.example.com-diasrecords_2.3-adc3472e0c7f6d13d4110347673ef872d67a85cc3bf855bedad93020a127f59f,0.0000,83812679.68
1790343645.352,m1,peer0.police.example.com,0.0157,225234124.8
1790343645.352,m1,couchdb-police,0.0267,101638471.68
1790343645.352,m1,orderer1.example.com,0.0065,73935093.76
1790343645.352,m1,cadvisor-m1,0.0000,26591887.36
1790343645.352,m1,node-exporter-m1,0.0000,9645850.624
1790343645.352,m1,ca-orderer,0.0000,8765046.784
1790343645.352,m1,ca-police,0.0000,9351200.768
1790343645.352,m2,dev-peer0.prosecution.example.com-diasrecords_2.3-adc3472e0c7f6d13d4110347673ef872d67a85cc3bf855bedad93020a127f59f,0.0000,76986449.92
1790343645.352,m2,dev-peer0.forensics.example.com-diasrecords_2.3-adc3472e0c7f6d13d4110347673ef872d67a85cc3bf855bedad93020a127f59f,0.0000,78244741.12
1790343645.352,m2,peer0.forensics.example.com,0.0134,200068300.8
1790343645.352,m2,peer0.prosecution.example.com,0.0144,201221734.4
1790343645.352,m2,couchdb-forensics,0.0219,101198069.76
1790343645.352,m2,couchdb-prosecution,0.0226,91708456.96
1790343645.352,m2,orderer2.example.com,0.0054,67224207.36
1790343645.352,m2,node-exporter-m2,0.0000,9912188.928
1790343645.352,m2,cadvisor-m2,0.0000,26644316.16
1790343645.352,m2,ca-forensics,0.0000,9215934.464
1790343645.352,m2,ca-prosecution,0.0000,9064939.52
1790343645.353,m3,dev-peer0.audit.example.com-diasrecords_2.3-adc3472e0c7f6d13d4110347673ef872d67a85cc3bf855bedad93020a127f59f,0.0000,55742300.16
1790343645.353,m3,dev-peer0.court.example.com-diasrecords_2.3-adc3472e0c7f6d13d4110347673ef872d67a85cc3bf855bedad93020a127f59f,0.0000,78894858.24
1790343645.353,m3,peer0.court.example.com,0.0156,207827763.2
1790343645.353,m3,peer0.audit.example.com,0.0069,206150041.6
1790343645.353,m3,couchdb-court,0.0214,88615157.76
1790343645.353,m3,couchdb-audit,0.0226,155084390.4
1790343645.353,m3,orderer3.example.com,0.0079,43159388.16
1790343645.353,m3,node-exporter-m3,0.0000,20929576.96
1790343645.353,m3,cadvisor-m3,0.0000,39122370.56
1790343645.353,m3,ca-court,0.0000,9022996.48
1790343645.353,m3,ca-audit,0.0000,8929673.216
1790343650.373,m4,loadgen-reuse-smoke,0.0043,38702940.16
1790343650.373,m4,dias-backend,0.0086,96101990.4
1790343650.373,m4,prometheus,0.0036,109890764.8
1790343650.373,m4,cadvisor-m4,0.0000,26549944.32
1790343650.373,m4,node-exporter-m4,0.0000,10354688.0
1790343650.362,m1,dev-peer0.police.example.com-diasrecords_2.3-adc3472e0c7f6d13d4110347673ef872d67a85cc3bf855bedad93020a127f59f,0.0000,84295024.64
1790343650.362,m1,peer0.police.example.com,0.0495,225234124.8
1790343650.362,m1,couchdb-police,0.0303,99258204.16
1790343650.362,m1,orderer1.example.com,0.0028,74385981.44
1790343650.362,m1,cadvisor-m1,0.0000,26570915.84
1790343650.362,m1,node-exporter-m1,0.0000,9822011.392
1790343650.362,m1,ca-orderer,0.0000,8765046.784
1790343650.362,m1,ca-police,0.0000,9351200.768
1790343650.369,m3,dev-peer0.audit.example.com-diasrecords_2.3-adc3472e0c7f6d13d4110347673ef872d67a85cc3bf855bedad93020a127f59f,0.0000,55543070.72
1790343650.369,m3,dev-peer0.court.example.com-diasrecords_2.3-adc3472e0c7f6d13d4110347673ef872d67a85cc3bf855bedad93020a127f59f,0.0000,78884372.48
1790343650.369,m3,peer0.court.example.com,0.0429,207827763.2
1790343650.369,m3,peer0.audit.example.com,0.0419,205835468.8
1790343650.369,m3,couchdb-court,0.0276,88436899.84
1790343650.369,m3,couchdb-audit,0.0266,155294105.6
1790343650.369,m3,orderer3.example.com,0.0042,43400560.64
1790343650.369,m3,node-exporter-m3,0.0000,21065891.84
1790343650.369,m3,cadvisor-m3,0.0000,39132856.32
1790343650.369,m3,ca-court,0.0000,9022996.48
1790343650.369,m3,ca-audit,0.0000,8929673.216
1790343650.365,m2,dev-peer0.prosecution.example.com-diasrecords_2.3-adc3472e0c7f6d13d4110347673ef872d67a85cc3bf855bedad93020a127f59f,0.0001,77238108.16
1790343650.365,m2,dev-peer0.forensics.example.com-diasrecords_2.3-adc3472e0c7f6d13d4110347673ef872d67a85cc3bf855bedad93020a127f59f,0.0000,78244741.12
1790343650.365,m2,peer0.forensics.example.com,0.0408,199858585.6
1790343650.365,m2,peer0.prosecution.example.com,0.0473,201536307.2
1790343650.365,m2,couchdb-forensics,0.0255,101061754.88
1790343650.365,m2,couchdb-prosecution,0.0250,88709529.6
1790343650.365,m2,orderer2.example.com,0.0023,67224207.36
1790343650.365,m2,node-exporter-m2,0.0000,9916383.232
1790343650.365,m2,cadvisor-m2,0.0000,26392657.92
1790343650.365,m2,ca-forensics,0.0000,9215934.464
1790343650.365,m2,ca-prosecution,0.0000,9064939.52
1790343655.375,m4,loadgen-reuse-smoke,0.0034,38346424.32
1790343655.375,m4,dias-backend,0.0003,95850332.16
1790343655.375,m4,prometheus,0.0033,109995622.4
1790343655.375,m4,cadvisor-m4,0.0000,26560430.08
1790343655.375,m4,node-exporter-m4,0.0000,10354688.0
1790343655.369,m1,dev-peer0.police.example.com-diasrecords_2.3-adc3472e0c7f6d13d4110347673ef872d67a85cc3bf855bedad93020a127f59f,0.0000,84546682.88
1790343655.369,m1,peer0.police.example.com,0.0106,225443840.0
1790343655.369,m1,couchdb-police,0.0038,99960750.08
1790343655.369,m1,orderer1.example.com,0.0020,74260152.32
1790343655.369,m1,cadvisor-m1,0.0000,26591887.36
1790343655.369,m1,node-exporter-m1,0.0000,9830400.0
1790343655.369,m1,ca-orderer,0.0000,8765046.784
1790343655.369,m1,ca-police,0.0000,9351200.768
1790343655.371,m2,dev-peer0.prosecution.example.com-diasrecords_2.3-adc3472e0c7f6d13d4110347673ef872d67a85cc3bf855bedad93020a127f59f,0.0000,76975964.16
1790343655.371,m2,dev-peer0.forensics.example.com-diasrecords_2.3-adc3472e0c7f6d13d4110347673ef872d67a85cc3bf855bedad93020a127f59f,0.0000,78244741.12
1790343655.371,m2,peer0.forensics.example.com,0.0080,199753728.0
1790343655.371,m2,peer0.prosecution.example.com,0.0104,201431449.6
1790343655.371,m2,couchdb-forensics,0.0023,99772006.4
1790343655.371,m2,couchdb-prosecution,0.0022,88982159.36
1790343655.371,m2,orderer2.example.com,0.0022,67224207.36
1790343655.371,m2,node-exporter-m2,0.0000,9912188.928
1790343655.371,m2,cadvisor-m2,0.0000,26392657.92
1790343655.371,m2,ca-forensics,0.0000,9215934.464
1790343655.371,m2,ca-prosecution,0.0000,9064939.52
1790343655.372,m3,dev-peer0.audit.example.com-diasrecords_2.3-adc3472e0c7f6d13d4110347673ef872d67a85cc3bf855bedad93020a127f59f,0.0000,55668899.84
1790343655.372,m3,dev-peer0.court.example.com-diasrecords_2.3-adc3472e0c7f6d13d4110347673ef872d67a85cc3bf855bedad93020a127f59f,0.0000,78884372.48
1790343655.372,m3,peer0.court.example.com,0.0103,208142336.0
1790343655.372,m3,peer0.audit.example.com,0.0093,206150041.6
1790343655.372,m3,couchdb-court,0.0024,87482695.68
1790343655.372,m3,couchdb-audit,0.0027,153721241.6
1790343655.372,m3,orderer3.example.com,0.0038,43694161.92
1790343655.372,m3,node-exporter-m3,0.0000,21338521.6
1790343655.372,m3,cadvisor-m3,0.0000,39132856.32
1790343655.372,m3,ca-court,0.0000,9022996.48
1790343655.372,m3,ca-audit,0.0000,8929673.216
1790343660.377,m4,loadgen-reuse-smoke,0.0055,38860226.56
1790343660.377,m4,dias-backend,0.0049,95850332.16
1790343660.377,m4,prometheus,0.0052,109995622.4
1790343660.377,m4,cadvisor-m4,0.0000,26476544.0
1790343660.377,m4,node-exporter-m4,0.0001,10416553.984
1790343660.370,m1,dev-peer0.police.example.com-diasrecords_2.3-adc3472e0c7f6d13d4110347673ef872d67a85cc3bf855bedad93020a127f59f,0.0012,84567654.4
1790343660.370,m1,peer0.police.example.com,0.0304,225443840.0
1790343660.370,m1,couchdb-police,0.0417,99425976.32
1790343660.370,m1,orderer1.example.com,0.0112,74312581.12
1790343660.370,m1,cadvisor-m1,0.0000,26329743.36
1790343660.370,m1,node-exporter-m1,0.0000,9830400.0
1790343660.370,m1,ca-orderer,0.0000,8765046.784
1790343660.370,m1,ca-police,0.0000,9351200.768
1790343660.373,m2,dev-peer0.prosecution.example.com-diasrecords_2.3-adc3472e0c7f6d13d4110347673ef872d67a85cc3bf855bedad93020a127f59f,0.0025,77500252.16
1790343660.373,m2,dev-peer0.forensics.example.com-diasrecords_2.3-adc3472e0c7f6d13d4110347673ef872d67a85cc3bf855bedad93020a127f59f,0.0000,78244741.12
1790343660.373,m2,peer0.forensics.example.com,0.0239,199544012.8
1790343660.373,m2,peer0.prosecution.example.com,0.0236,201431449.6
1790343660.373,m2,couchdb-forensics,0.0317,100506009.6
1790343660.373,m2,couchdb-prosecution,0.0319,91058339.84
1790343660.373,m2,orderer2.example.com,0.0112,67423436.8
1790343660.373,m2,node-exporter-m2,0.0000,9912188.928
1790343660.373,m2,cadvisor-m2,0.0000,26392657.92
1790343660.373,m2,ca-forensics,0.0000,9215934.464
1790343660.373,m2,ca-prosecution,0.0000,9064939.52
1790343660.375,m3,dev-peer0.audit.example.com-diasrecords_2.3-adc3472e0c7f6d13d4110347673ef872d67a85cc3bf855bedad93020a127f59f,0.0016,56025415.68
1790343660.375,m3,dev-peer0.court.example.com-diasrecords_2.3-adc3472e0c7f6d13d4110347673ef872d67a85cc3bf855bedad93020a127f59f,0.0000,78905344.0
1790343660.375,m3,peer0.court.example.com,0.0238,209610342.4
1790343660.375,m3,peer0.audit.example.com,0.0230,205940326.4
1790343660.375,m3,couchdb-court,0.0235,87629496.32
1790343660.375,m3,couchdb-audit,0.0338,154769817.6
1790343660.375,m3,orderer3.example.com,0.0136,43348131.84
1790343660.375,m3,node-exporter-m3,0.0000,21044920.32
1790343660.375,m3,cadvisor-m3,0.0000,39384514.56
1790343660.375,m3,ca-court,0.0000,9022996.48
1790343660.375,m3,ca-audit,0.0000,8929673.216
1790343665.383,m4,loadgen-reuse-smoke,0.0053,38744883.2
1790343665.383,m4,dias-backend,0.0003,96081018.88
1790343665.383,m4,prometheus,0.0048,110100480.0
1790343665.383,m4,cadvisor-m4,0.0000,26665287.68
1790343665.383,m4,node-exporter-m4,0.0000,10030678.016
1790343665.379,m1,dev-peer0.police.example.com-diasrecords_2.3-adc3472e0c7f6d13d4110347673ef872d67a85cc3bf855bedad93020a127f59f,0.0034,84295024.64
1790343665.379,m1,peer0.police.example.com,0.0239,225548697.6
1790343665.379,m1,couchdb-police,0.0721,100568924.16
1790343665.379,m1,orderer1.example.com,0.0077,74920755.2
1790343665.379,m1,cadvisor-m1,0.0000,26581401.6
1790343665.379,m1,node-exporter-m1,0.0000,9838788.608
1790343665.379,m1,ca-orderer,0.0000,8765046.784
1790343665.379,m1,ca-police,0.0000,9351200.768
1790343665.381,m3,dev-peer0.audit.example.com-diasrecords_2.3-adc3472e0c7f6d13d4110347673ef872d67a85cc3bf855bedad93020a127f59f,0.0092,55543070.72
1790343665.381,m3,dev-peer0.court.example.com-diasrecords_2.3-adc3472e0c7f6d13d4110347673ef872d67a85cc3bf855bedad93020a127f59f,0.0000,78968258.56
1790343665.381,m3,peer0.court.example.com,0.0142,209820057.6
1790343665.381,m3,peer0.audit.example.com,0.0224,206150041.6
1790343665.381,m3,couchdb-court,0.0560,87398809.6
1790343665.381,m3,couchdb-audit,0.0611,155608678.4
1790343665.381,m3,orderer3.example.com,0.0103,44092620.8
1790343665.381,m3,node-exporter-m3,0.0000,21044920.32
1790343665.381,m3,cadvisor-m3,0.0000,39384514.56
1790343665.381,m3,ca-court,0.0000,9022996.48
1790343665.381,m3,ca-audit,0.0000,8929673.216
1790343665.379,m2,dev-peer0.prosecution.example.com-diasrecords_2.3-adc3472e0c7f6d13d4110347673ef872d67a85cc3bf855bedad93020a127f59f,0.0000,76975964.16
1790343665.379,m2,dev-peer0.forensics.example.com-diasrecords_2.3-adc3472e0c7f6d13d4110347673ef872d67a85cc3bf855bedad93020a127f59f,0.0043,78737571.84
1790343665.379,m2,peer0.forensics.example.com,0.0201,200068300.8
1790343665.379,m2,peer0.prosecution.example.com,0.0148,201012019.2
1790343665.379,m2,couchdb-forensics,0.0560,101229527.04
1790343665.379,m2,couchdb-prosecution,0.0032,89600819.2
1790343665.379,m2,orderer2.example.com,0.0059,67360522.24
1790343665.379,m2,node-exporter-m2,0.0000,9940500.48
1790343665.379,m2,cadvisor-m2,0.0000,26392657.92
1790343665.379,m2,ca-forensics,0.0000,9215934.464
1790343665.379,m2,ca-prosecution,0.0000,9064939.52
1790343670.389,m4,loadgen-reuse-smoke,0.0034,38734397.44
1790343670.389,m4,dias-backend,0.0005,95860817.92
1790343670.389,m4,prometheus,0.0054,110205337.6
1790343670.389,m4,cadvisor-m4,0.0000,26665287.68
1790343670.389,m4,node-exporter-m4,0.0000,10026483.712
1790343670.385,m1,dev-peer0.police.example.com-diasrecords_2.3-adc3472e0c7f6d13d4110347673ef872d67a85cc3bf855bedad93020a127f59f,0.0000,84053852.16
1790343670.385,m1,peer0.police.example.com,0.0353,225548697.6
1790343670.385,m1,couchdb-police,0.0056,100191436.8
1790343670.385,m1,orderer1.example.com,0.0033,75895930.88
1790343670.385,m1,cadvisor-m1,0.0000,26591887.36
1790343670.385,m1,node-exporter-m1,0.0000,9772728.32
1790343670.385,m1,ca-orderer,0.0000,8765046.784
1790343670.385,m1,ca-police,0.0000,9351200.768
1790343670.386,m2,dev-peer0.prosecution.example.com-diasrecords_2.3-adc3472e0c7f6d13d4110347673ef872d67a85cc3bf855bedad93020a127f59f,0.0001,76975964.16
1790343670.386,m2,dev-peer0.forensics.example.com-diasrecords_2.3-adc3472e0c7f6d13d4110347673ef872d67a85cc3bf855bedad93020a127f59f,0.0000,78244741.12
1790343670.386,m2,peer0.forensics.example.com,0.0316,199858585.6
1790343670.386,m2,peer0.prosecution.example.com,0.0331,201431449.6
1790343670.386,m2,couchdb-forensics,0.0035,100579409.92
1790343670.386,m2,couchdb-prosecution,0.0032,90429194.24
1790343670.386,m2,orderer2.example.com,0.0028,67874324.48
1790343670.386,m2,node-exporter-m2,0.0000,9969860.608
1790343670.386,m2,cadvisor-m2,0.0016,26644316.16
1790343670.386,m2,ca-forensics,0.0000,9215934.464
1790343670.386,m2,ca-prosecution,0.0000,9064939.52
1790343670.387,m3,dev-peer0.audit.example.com-diasrecords_2.3-adc3472e0c7f6d13d4110347673ef872d67a85cc3bf855bedad93020a127f59f,0.0000,55501127.68
1790343670.387,m3,dev-peer0.court.example.com-diasrecords_2.3-adc3472e0c7f6d13d4110347673ef872d67a85cc3bf855bedad93020a127f59f,0.0000,78905344.0
1790343670.387,m3,peer0.court.example.com,0.0324,210344345.6
1790343670.387,m3,peer0.audit.example.com,0.0326,206150041.6
1790343670.387,m3,couchdb-court,0.0037,87587553.28
1790343670.387,m3,couchdb-audit,0.0034,154769817.6
1790343670.387,m3,orderer3.example.com,0.0037,44795166.72
1790343670.387,m3,node-exporter-m3,0.0000,21044920.32
1790343670.387,m3,cadvisor-m3,0.0000,39132856.32
1790343670.387,m3,ca-court,0.0000,9022996.48
1790343670.387,m3,ca-audit,0.0000,8929673.216
1790343675.395,m4,loadgen-reuse-smoke,0.0048,38944112.64
1790343675.395,m4,dias-backend,0.0047,96374620.16
1790343675.395,m4,prometheus,0.0053,109890764.8
1790343675.395,m4,cadvisor-m4,0.0019,26570915.84
1790343675.395,m4,node-exporter-m4,0.0000,10068426.752
1790343675.391,m1,dev-peer0.police.example.com-diasrecords_2.3-adc3472e0c7f6d13d4110347673ef872d67a85cc3bf855bedad93020a127f59f,0.0000,84064337.92
1790343675.391,m1,peer0.police.example.com,0.0281,225234124.8
1790343675.391,m1,couchdb-police,0.0430,99100917.76
1790343675.391,m1,orderer1.example.com,0.0113,76745277.44
1790343675.391,m1,cadvisor-m1,0.0000,26581401.6
1790343675.391,m1,node-exporter-m1,0.0000,9772728.32
1790343675.391,m1,ca-orderer,0.0000,8765046.784
1790343675.391,m1,ca-police,0.0000,9351200.768
1790343675.393,m3,dev-peer0.audit.example.com-diasrecords_2.3-adc3472e0c7f6d13d4110347673ef872d67a85cc3bf855bedad93020a127f59f,0.0001,55501127.68
1790343675.393,m3,dev-peer0.court.example.com-diasrecords_2.3-adc3472e0c7f6d13d4110347673ef872d67a85cc3bf855bedad93020a127f59f,0.0010,78905344.0
1790343675.393,m3,peer0.court.example.com,0.0291,209610342.4
1790343675.393,m3,peer0.audit.example.com,0.0227,206150041.6
1790343675.393,m3,couchdb-court,0.0384,89653248.0
1790343675.393,m3,couchdb-audit,0.0341,155713536.0
1790343675.393,m3,orderer3.example.com,0.0111,45738885.12
1790343675.393,m3,node-exporter-m3,0.0000,20961034.24
1790343675.393,m3,cadvisor-m3,0.0000,39122370.56
1790343675.393,m3,ca-court,0.0000,9022996.48
1790343675.393,m3,ca-audit,0.0000,8929673.216
1790343675.392,m2,dev-peer0.prosecution.example.com-diasrecords_2.3-adc3472e0c7f6d13d4110347673ef872d67a85cc3bf855bedad93020a127f59f,0.0011,76986449.92
1790343675.392,m2,dev-peer0.forensics.example.com-diasrecords_2.3-adc3472e0c7f6d13d4110347673ef872d67a85cc3bf855bedad93020a127f59f,0.0000,78255226.88
1790343675.392,m2,peer0.forensics.example.com,0.0209,199753728.0
1790343675.392,m2,peer0.prosecution.example.com,0.0220,201431449.6
1790343675.392,m2,couchdb-forensics,0.0336,102194216.96
1790343675.392,m2,couchdb-prosecution,0.0246,90817167.36
1790343675.392,m2,orderer2.example.com,0.0090,67821895.68
1790343675.392,m2,node-exporter-m2,0.0000,9969860.608
1790343675.392,m2,cadvisor-m2,0.0000,26403143.68
1790343675.392,m2,ca-forensics,0.0000,9215934.464
1790343675.392,m2,ca-prosecution,0.0000,9064939.52
1790343680.398,m4,loadgen-reuse-smoke,0.0041,38996541.44
1790343680.398,m4,dias-backend,0.0006,96091504.64
1790343680.398,m4,prometheus,0.0070,110100480.0
1790343680.398,m4,cadvisor-m4,0.0000,26833059.84
1790343680.398,m4,node-exporter-m4,0.0000,10019143.68
1790343680.393,m1,dev-peer0.police.example.com-diasrecords_2.3-adc3472e0c7f6d13d4110347673ef872d67a85cc3bf855bedad93020a127f59f,0.0000,84336967.68
1790343680.393,m1,peer0.police.example.com,0.0132,225024409.6
1790343680.393,m1,couchdb-police,0.0307,98503229.44
1790343680.393,m1,orderer1.example.com,0.0043,77185679.36
1790343680.393,m1,cadvisor-m1,0.0000,26581401.6
1790343680.393,m1,node-exporter-m1,0.0000,9772728.32
1790343680.393,m1,ca-orderer,0.0053,8765046.784
1790343680.393,m1,ca-police,0.0060,9351200.768
1790343680.393,m2,dev-peer0.prosecution.example.com-diasrecords_2.3-adc3472e0c7f6d13d4110347673ef872d67a85cc3bf855bedad93020a127f59f,0.0002,76975964.16
1790343680.393,m2,dev-peer0.forensics.example.com-diasrecords_2.3-adc3472e0c7f6d13d4110347673ef872d67a85cc3bf855bedad93020a127f59f,0.0000,78255226.88
1790343680.393,m2,peer0.forensics.example.com,0.0116,200068300.8
1790343680.393,m2,peer0.prosecution.example.com,0.0118,200068300.8
1790343680.393,m2,couchdb-forensics,0.0284,99950264.32
1790343680.393,m2,couchdb-prosecution,0.0251,89076531.2
1790343680.393,m2,orderer2.example.com,0.0027,67916267.52
1790343680.393,m2,node-exporter-m2,0.0000,9969860.608
1790343680.393,m2,cadvisor-m2,0.0000,26403143.68
1790343680.393,m2,ca-forensics,0.0000,9215934.464
1790343680.393,m2,ca-prosecution,0.0000,9064939.52
1790343680.395,m3,dev-peer0.audit.example.com-diasrecords_2.3-adc3472e0c7f6d13d4110347673ef872d67a85cc3bf855bedad93020a127f59f,0.0000,55784243.2
1790343680.395,m3,dev-peer0.court.example.com-diasrecords_2.3-adc3472e0c7f6d13d4110347673ef872d67a85cc3bf855bedad93020a127f59f,0.0000,78894858.24
1790343680.395,m3,peer0.court.example.com,0.0128,209610342.4
1790343680.395,m3,peer0.audit.example.com,0.0124,206464614.4
1790343680.395,m3,couchdb-court,0.0263,88122327.04
1790343680.395,m3,couchdb-audit,0.0268,153826099.2
1790343680.395,m3,orderer3.example.com,0.0061,46368030.72
1790343680.395,m3,node-exporter-m3,0.0000,21044920.32
1790343680.395,m3,cadvisor-m3,0.0000,39279656.96
1790343680.395,m3,ca-court,0.0000,9022996.48
1790343680.395,m3,ca-audit,0.0000,8929673.216
1790343685.403,m4,loadgen-reuse-smoke,0.0027,39300628.48
1790343685.403,m4,dias-backend,0.0002,96101990.4
1790343685.403,m4,prometheus,0.0038,110100480.0
1790343685.403,m4,cadvisor-m4,0.0000,26833059.84
1790343685.403,m4,node-exporter-m4,0.0000,10019143.68
1790343685.402,m1,dev-peer0.police.example.com-diasrecords_2.3-adc3472e0c7f6d13d4110347673ef872d67a85cc3bf855bedad93020a127f59f,0.0000,84064337.92
1790343685.402,m1,peer0.police.example.com,0.0117,225234124.8
1790343685.402,m1,couchdb-police,0.0041,98450800.64
1790343685.402,m1,orderer1.example.com,0.0025,78328627.2
1790343685.402,m1,cadvisor-m1,0.0000,27095203.84
1790343685.402,m1,node-exporter-m1,0.0000,9802088.448
1790343685.402,m1,ca-orderer,0.0000,8765046.784
1790343685.402,m1,ca-police,0.0000,9351200.768
1790343685.402,m3,dev-peer0.audit.example.com-diasrecords_2.3-adc3472e0c7f6d13d4110347673ef872d67a85cc3bf855bedad93020a127f59f,0.0000,55532584.96
1790343685.402,m3,dev-peer0.court.example.com-diasrecords_2.3-adc3472e0c7f6d13d4110347673ef872d67a85cc3bf855bedad93020a127f59f,0.0000,78894858.24
1790343685.402,m3,peer0.court.example.com,0.0090,210029772.8
1790343685.402,m3,peer0.audit.example.com,0.0102,206150041.6
1790343685.402,m3,couchdb-court,0.0047,88132812.8
1790343685.402,m3,couchdb-audit,0.0043,153826099.2
1790343685.402,m3,orderer3.example.com,0.0041,46829404.16
1790343685.402,m3,node-exporter-m3,0.0000,20992491.52
1790343685.402,m3,cadvisor-m3,0.0000,39793459.2
1790343685.402,m3,ca-court,0.0000,9022996.48
1790343685.402,m3,ca-audit,0.0000,8929673.216
1790343685.402,m2,dev-peer0.prosecution.example.com-diasrecords_2.3-adc3472e0c7f6d13d4110347673ef872d67a85cc3bf855bedad93020a127f59f,0.0000,76975964.16
1790343685.402,m2,dev-peer0.forensics.example.com-diasrecords_2.3-adc3472e0c7f6d13d4110347673ef872d67a85cc3bf855bedad93020a127f59f,0.0000,78244741.12
1790343685.402,m2,peer0.forensics.example.com,0.0082,200068300.8
1790343685.402,m2,peer0.prosecution.example.com,0.0074,200487731.2
1790343685.402,m2,couchdb-forensics,0.0020,100086579.2
1790343685.402,m2,couchdb-prosecution,0.0039,88699043.84
1790343685.402,m2,orderer2.example.com,0.0020,68849500.16
1790343685.402,m2,node-exporter-m2,0.0000,10215227.392
1790343685.402,m2,cadvisor-m2,0.0000,26403143.68
1790343685.402,m2,ca-forensics,0.0000,9215934.464
1790343685.402,m2,ca-prosecution,0.0000,9064939.52
1790343690.407,m4,loadgen-reuse-smoke,0.0040,39856373.76
1790343690.407,m4,dias-backend,0.0046,96374620.16
1790343690.407,m4,prometheus,0.0053,110100480.0
1790343690.407,m4,cadvisor-m4,0.0000,26833059.84
1790343690.407,m4,node-exporter-m4,0.0000,9858711.552
1790343690.402,m1,dev-peer0.police.example.com-diasrecords_2.3-adc3472e0c7f6d13d4110347673ef872d67a85cc3bf855bedad93020a127f59f,0.0010,84588625.92
1790343690.402,m1,peer0.police.example.com,0.0633,225338982.4
1790343690.402,m1,couchdb-police,0.0428,99090432.0
1790343690.402,m1,orderer1.example.com,0.0204,78873886.72
1790343690.402,m1,cadvisor-m1,0.0000,26759659.52
1790343690.402,m1,node-exporter-m1,0.0000,9797894.144
1790343690.402,m1,ca-orderer,0.0000,8765046.784
1790343690.402,m1,ca-police,0.0000,9351200.768
1790343690.404,m2,dev-peer0.prosecution.example.com-diasrecords_2.3-adc3472e0c7f6d13d4110347673ef872d67a85cc3bf855bedad93020a127f59f,0.0001,76975964.16
1790343690.404,m2,dev-peer0.forensics.example.com-diasrecords_2.3-adc3472e0c7f6d13d4110347673ef872d67a85cc3bf855bedad93020a127f59f,0.0000,78244741.12
1790343690.404,m2,peer0.forensics.example.com,0.0368,199858585.6
1790343690.404,m2,peer0.prosecution.example.com,0.0380,201221734.4
1790343690.404,m2,couchdb-forensics,0.0364,101837701.12
1790343690.404,m2,couchdb-prosecution,0.0387,90250936.32
1790343690.404,m2,orderer2.example.com,0.0077,69101158.4
1790343690.404,m2,node-exporter-m2,0.0000,9969860.608
1790343690.404,m2,cadvisor-m2,0.0012,26665287.68
1790343690.404,m2,ca-forensics,0.0000,9215934.464
1790343690.404,m2,ca-prosecution,0.0000,9064939.52
1790343690.404,m3,dev-peer0.audit.example.com-diasrecords_2.3-adc3472e0c7f6d13d4110347673ef872d67a85cc3bf855bedad93020a127f59f,0.0016,55836672.0
1790343690.404,m3,dev-peer0.court.example.com-diasrecords_2.3-adc3472e0c7f6d13d4110347673ef872d67a85cc3bf855bedad93020a127f59f,0.0012,79146516.48
1790343690.404,m3,peer0.court.example.com,0.0423,210344345.6
1790343690.404,m3,peer0.audit.example.com,0.0392,205730611.2
1790343690.404,m3,couchdb-court,0.0383,89558876.16
1790343690.404,m3,couchdb-audit,0.0352,155818393.6
1790343690.404,m3,orderer3.example.com,0.0106,48003809.28
1790343690.404,m3,node-exporter-m3,0.0000,20992491.52
1790343690.404,m3,cadvisor-m3,0.0000,39279656.96
1790343690.404,m3,ca-court,0.0000,9022996.48
1790343690.404,m3,ca-audit,0.0000,8929673.216
1790343695.409,m4,loadgen-reuse-smoke,0.0025,39824916.48
1790343695.409,m4,dias-backend,0.0002,95598673.92
1790343695.409,m4,prometheus,0.0044,109995622.4
1790343695.409,m4,cadvisor-m4,0.0007,26833059.84
1790343695.409,m4,node-exporter-m4,0.0000,9879683.072
1790343695.404,m1,dev-peer0.police.example.com-diasrecords_2.3-adc3472e0c7f6d13d4110347673ef872d67a85cc3bf855bedad93020a127f59f,0.0000,84064337.92
1790343695.404,m1,peer0.police.example.com,0.0106,225234124.8
1790343695.404,m1,couchdb-police,0.0240,98650030.08
1790343695.404,m1,orderer1.example.com,0.0020,78873886.72
1790343695.404,m1,cadvisor-m1,0.0006,26854031.36
1790343695.404,m1,node-exporter-m1,0.0000,10060038.144
1790343695.404,m1,ca-orderer,0.0000,8765046.784
1790343695.404,m1,ca-police,0.0000,9351200.768
1790343695.404,m2,dev-peer0.prosecution.example.com-diasrecords_2.3-adc3472e0c7f6d13d4110347673ef872d67a85cc3bf855bedad93020a127f59f,0.0000,76975964.16
1790343695.404,m2,dev-peer0.forensics.example.com-diasrecords_2.3-adc3472e0c7f6d13d4110347673ef872d67a85cc3bf855bedad93020a127f59f,0.0000,78244741.12
1790343695.404,m2,peer0.forensics.example.com,0.0067,199858585.6
1790343695.404,m2,peer0.prosecution.example.com,0.0080,200697446.4
1790343695.404,m2,couchdb-forensics,0.0202,99698606.08
1790343695.404,m2,couchdb-prosecution,0.0213,88751472.64
1790343695.404,m2,orderer2.example.com,0.0020,69520588.8
1790343695.404,m2,node-exporter-m2,0.0000,9576644.608
1790343695.404,m2,cadvisor-m2,0.0000,26424115.2
1790343695.404,m2,ca-forensics,0.0000,9215934.464
1790343695.404,m2,ca-prosecution,0.0000,9064939.52
1790343695.407,m3,dev-peer0.audit.example.com-diasrecords_2.3-adc3472e0c7f6d13d4110347673ef872d67a85cc3bf855bedad93020a127f59f,0.0001,55574528.0
1790343695.407,m3,dev-peer0.court.example.com-diasrecords_2.3-adc3472e0c7f6d13d4110347673ef872d67a85cc3bf855bedad93020a127f59f,0.0000,78894858.24
1790343695.407,m3,peer0.court.example.com,0.0097,209820057.6
1790343695.407,m3,peer0.audit.example.com,0.0071,205730611.2
1790343695.407,m3,couchdb-court,0.0215,88678072.32
1790343695.407,m3,couchdb-audit,0.0214,153826099.2
1790343695.407,m3,orderer3.example.com,0.0036,48203038.72
1790343695.407,m3,node-exporter-m3,0.0000,20982005.76
1790343695.407,m3,cadvisor-m3,0.0000,39279656.96
1790343695.407,m3,ca-court,0.0000,9022996.48
1790343695.407,m3,ca-audit,0.0000,8929673.216
1790343700.409,m4,loadgen-reuse-smoke,0.0044,40118517.76
1790343700.409,m4,dias-backend,0.0011,96091504.64
1790343700.409,m4,prometheus,0.0057,110100480.0
1790343700.409,m4,cadvisor-m4,0.0000,26319257.6
1790343700.409,m4,node-exporter-m4,0.0000,10129244.16
1790343700.406,m1,dev-peer0.police.example.com-diasrecords_2.3-adc3472e0c7f6d13d4110347673ef872d67a85cc3bf855bedad93020a127f59f,0.0000,83812679.68
1790343700.406,m1,peer0.police.example.com,0.0239,225234124.8
1790343700.406,m1,couchdb-police,0.0285,99226746.88
1790343700.406,m1,orderer1.example.com,0.0081,78947287.04
1790343700.406,m1,cadvisor-m1,0.0000,26329743.36
1790343700.406,m1,node-exporter-m1,0.0000,9830400.0
1790343700.406,m1,ca-orderer,0.0000,8765046.784
1790343700.406,m1,ca-police,0.0000,9351200.768
1790343700.408,m3,dev-peer0.audit.example.com-diasrecords_2.3-adc3472e0c7f6d13d4110347673ef872d67a85cc3bf855bedad93020a127f59f,0.0000,55574528.0
1790343700.408,m3,dev-peer0.court.example.com-diasrecords_2.3-adc3472e0c7f6d13d4110347673ef872d67a85cc3bf855bedad93020a127f59f,0.0000,78894858.24
1790343700.408,m3,peer0.court.example.com,0.0182,210134630.4
1790343700.408,m3,peer0.audit.example.com,0.0263,205940326.4
1790343700.408,m3,couchdb-court,0.0240,88206213.12
1790343700.408,m3,couchdb-audit,0.0245,155294105.6
1790343700.408,m3,orderer3.example.com,0.0110,48926556.16
1790343700.408,m3,node-exporter-m3,0.0000,21076377.6
1790343700.408,m3,cadvisor-m3,0.0000,39279656.96
1790343700.408,m3,ca-court,0.0000,9022996.48
1790343700.408,m3,ca-audit,0.0000,8929673.216
1790343700.406,m2,dev-peer0.prosecution.example.com-diasrecords_2.3-adc3472e0c7f6d13d4110347673ef872d67a85cc3bf855bedad93020a127f59f,0.0001,76996935.68
1790343700.406,m2,dev-peer0.forensics.example.com-diasrecords_2.3-adc3472e0c7f6d13d4110347673ef872d67a85cc3bf855bedad93020a127f59f,0.0000,78265712.64
1790343700.406,m2,peer0.forensics.example.com,0.0251,199858585.6
1790343700.406,m2,peer0.prosecution.example.com,0.0239,200907161.6
1790343700.406,m2,couchdb-forensics,0.0249,100453580.8
1790343700.406,m2,couchdb-prosecution,0.0229,88961187.84
1790343700.406,m2,orderer2.example.com,0.0066,70139248.64
1790343700.406,m2,node-exporter-m2,0.0000,9576644.608
1790343700.406,m2,cadvisor-m2,0.0000,26665287.68
1790343700.406,m2,ca-forensics,0.0000,9215934.464
1790343700.406,m2,ca-prosecution,0.0000,9064939.52
1790343705.408,m4,loadgen-reuse-smoke,0.0015,39866859.52
1790343705.408,m4,dias-backend,0.0149,96091504.64
1790343705.408,m4,prometheus,0.0077,109995622.4
1790343705.408,m4,cadvisor-m4,0.0000,26581401.6
1790343705.408,m4,node-exporter-m4,0.0000,10330570.752
1790343705.406,m1,dev-peer0.police.example.com-diasrecords_2.3-adc3472e0c7f6d13d4110347673ef872d67a85cc3bf855bedad93020a127f59f,0.0000,84326481.92
1790343705.406,m1,peer0.police.example.com,0.0193,225338982.4
1790343705.406,m1,couchdb-police,0.0061,98324971.52
1790343705.406,m1,orderer1.example.com,0.0048,78947287.04
1790343705.406,m1,cadvisor-m1,0.0024,27105689.6
1790343705.406,m1,node-exporter-m1,0.0000,9834594.304
1790343705.406,m1,ca-orderer,0.0000,8765046.784
1790343705.406,m1,ca-police,0.0000,9351200.768
1790343705.407,m3,dev-peer0.audit.example.com-diasrecords_2.3-adc3472e0c7f6d13d4110347673ef872d67a85cc3bf855bedad93020a127f59f,0.0000,55752785.92
1790343705.407,m3,dev-peer0.court.example.com-diasrecords_2.3-adc3472e0c7f6d13d4110347673ef872d67a85cc3bf855bedad93020a127f59f,0.0000,78894858.24
1790343705.407,m3,peer0.court.example.com,0.0151,209610342.4
1790343705.407,m3,peer0.audit.example.com,0.0149,206150041.6
1790343705.407,m3,couchdb-court,0.0233,88027955.2
1790343705.407,m3,couchdb-audit,0.0212,153721241.6
1790343705.407,m3,orderer3.example.com,0.0064,49398415.36
1790343705.407,m3,node-exporter-m3,0.0000,20646461.44
1790343705.407,m3,cadvisor-m3,0.0000,39279656.96
1790343705.407,m3,ca-court,0.0000,9022996.48
1790343705.407,m3,ca-audit,0.0000,8929673.216
1790343705.406,m2,dev-peer0.prosecution.example.com-diasrecords_2.3-adc3472e0c7f6d13d4110347673ef872d67a85cc3bf855bedad93020a127f59f,0.0000,77248593.92
1790343705.406,m2,dev-peer0.forensics.example.com-diasrecords_2.3-adc3472e0c7f6d13d4110347673ef872d67a85cc3bf855bedad93020a127f59f,0.0000,78255226.88
1790343705.406,m2,peer0.forensics.example.com,0.0168,199648870.4
1790343705.406,m2,peer0.prosecution.example.com,0.0167,200907161.6
1790343705.406,m2,couchdb-forensics,0.0074,99593748.48
1790343705.406,m2,couchdb-prosecution,0.0239,88415928.32
1790343705.406,m2,orderer2.example.com,0.0040,70852280.32
1790343705.406,m2,node-exporter-m2,0.0000,9682550.784
1790343705.406,m2,cadvisor-m2,0.0000,26403143.68
1790343705.406,m2,ca-forensics,0.0000,9215934.464
1790343705.406,m2,ca-prosecution,0.0000,9064939.52
1790343710.430,m4,loadgen-reuse-smoke,0.0020,39615201.28
1790343710.430,m4,dias-backend,0.0003,95839846.4
1790343710.430,m4,prometheus,0.0093,109890764.8
1790343710.430,m4,cadvisor-m4,0.0000,26833059.84
1790343710.430,m4,node-exporter-m4,0.0000,10064232.448
1790343710.416,m1,dev-peer0.police.example.com-diasrecords_2.3-adc3472e0c7f6d13d4110347673ef872d67a85cc3bf855bedad93020a127f59f,0.0000,84064337.92
1790343710.416,m1,peer0.police.example.com,0.0220,225234124.8
1790343710.416,m1,couchdb-police,0.0078,99740549.12
1790343710.416,m1,orderer1.example.com,0.0050,79094087.68
1790343710.416,m1,cadvisor-m1,0.0000,26581401.6
1790343710.416,m1,node-exporter-m1,0.0000,9834594.304
1790343710.416,m1,ca-orderer,0.0000,8765046.784
1790343710.416,m1,ca-police,0.0000,9351200.768
1790343710.426,m3,dev-peer0.audit.example.com-diasrecords_2.3-adc3472e0c7f6d13d4110347673ef872d67a85cc3bf855bedad93020a127f59f,0.0000,55700357.12
1790343710.426,m3,dev-peer0.court.example.com-diasrecords_2.3-adc3472e0c7f6d13d4110347673ef872d67a85cc3bf855bedad93020a127f59f,0.0000,78894858.24
1790343710.426,m3,peer0.court.example.com,0.0902,210344345.6
1790343710.426,m3,peer0.audit.example.com,0.0603,205730611.2
1790343710.426,m3,couchdb-court,0.0045,88426414.08
1790343710.426,m3,couchdb-audit,0.0059,154664960.0
1790343710.426,m3,orderer3.example.com,0.0101,50184847.36
1790343710.426,m3,node-exporter-m3,0.0000,20646461.44
1790343710.426,m3,cadvisor-m3,0.0000,39541800.96
1790343710.426,m3,ca-court,0.0000,9022996.48
1790343710.426,m3,ca-audit,0.0000,8929673.216
1790343710.421,m2,dev-peer0.prosecution.example.com-diasrecords_2.3-adc3472e0c7f6d13d4110347673ef872d67a85cc3bf855bedad93020a127f59f,0.0002,76975964.16
1790343710.421,m2,dev-peer0.forensics.example.com-diasrecords_2.3-adc3472e0c7f6d13d4110347673ef872d67a85cc3bf855bedad93020a127f59f,0.0000,78255226.88
1790343710.421,m2,peer0.forensics.example.com,0.0631,199334297.6
1790343710.421,m2,peer0.prosecution.example.com,0.0594,200907161.6
1790343710.421,m2,couchdb-forensics,0.0060,100526981.12
1790343710.421,m2,couchdb-prosecution,0.0048,89841991.68
1790343710.421,m2,orderer2.example.com,0.0042,70978109.44
1790343710.421,m2,node-exporter-m2,0.0000,9716105.216
1790343710.421,m2,cadvisor-m2,0.0000,26665287.68
1790343710.421,m2,ca-forensics,0.0000,9215934.464
1790343710.421,m2,ca-prosecution,0.0000,9064939.52
1790343715.425,m4,loadgen-reuse-smoke,0.0000,39363543.04
1790343715.425,m4,dias-backend,0.0000,95598673.92
1790343715.425,m4,prometheus,0.0072,110310195.2
1790343715.425,m4,cadvisor-m4,0.0003,26843545.6
1790343715.425,m4,node-exporter-m4,0.0000,10382999.552
1790343715.417,m1,dev-peer0.police.example.com-diasrecords_2.3-adc3472e0c7f6d13d4110347673ef872d67a85cc3bf855bedad93020a127f59f,0.0000,83812679.68
1790343715.417,m1,peer0.police.example.com,0.0131,225548697.6
1790343715.417,m1,couchdb-police,0.0057,99782492.16
1790343715.417,m1,orderer1.example.com,0.0047,79408660.48
1790343715.417,m1,cadvisor-m1,0.0000,26843545.6
1790343715.417,m1,node-exporter-m1,0.0034,10346299.392
1790343715.417,m1,ca-orderer,0.0000,8765046.784
1790343715.417,m1,ca-police,0.0000,9351200.768
1790343715.421,m2,dev-peer0.prosecution.example.com-diasrecords_2.3-adc3472e0c7f6d13d4110347673ef872d67a85cc3bf855bedad93020a127f59f,0.0000,76975964.16
1790343715.421,m2,dev-peer0.forensics.example.com-diasrecords_2.3-adc3472e0c7f6d13d4110347673ef872d67a85cc3bf855bedad93020a127f59f,0.0000,78255226.88
1790343715.421,m2,peer0.forensics.example.com,0.0148,199858585.6
1790343715.421,m2,peer0.prosecution.example.com,0.0119,200907161.6
1790343715.421,m2,couchdb-forensics,0.0033,100589895.68
1790343715.421,m2,couchdb-prosecution,0.0050,89653248.0
1790343715.421,m2,orderer2.example.com,0.0036,71512883.2
1790343715.421,m2,node-exporter-m2,0.0000,9707716.608
1790343715.421,m2,cadvisor-m2,0.0000,26654801.92
1790343715.421,m2,ca-forensics,0.0000,9215934.464
1790343715.421,m2,ca-prosecution,0.0000,9064939.52
1790343715.424,m3,dev-peer0.audit.example.com-diasrecords_2.3-adc3472e0c7f6d13d4110347673ef872d67a85cc3bf855bedad93020a127f59f,0.0000,55668899.84
1790343715.424,m3,dev-peer0.court.example.com-diasrecords_2.3-adc3472e0c7f6d13d4110347673ef872d67a85cc3bf855bedad93020a127f59f,0.0000,78894858.24
1790343715.424,m3,peer0.court.example.com,0.0143,210134630.4
1790343715.424,m3,peer0.audit.example.com,0.0116,206464614.4
1790343715.424,m3,couchdb-court,0.0050,88111841.28
1790343715.424,m3,couchdb-audit,0.0046,154350387.2
1790343715.424,m3,orderer3.example.com,0.0216,50310676.48
1790343715.424,m3,node-exporter-m3,0.0000,20615004.16
1790343715.424,m3,cadvisor-m3,0.0038,39290142.72
1790343715.424,m3,ca-court,0.0000,9022996.48
1790343715.424,m3,ca-audit,0.0000,8929673.216
1790343720.424,m4,loadgen-reuse-smoke,0.0056,40129003.52
1790343720.424,m4,dias-backend,0.0167,96259276.8
1790343720.424,m4,prometheus,0.0038,110100480.0
1790343720.424,m4,cadvisor-m4,0.0000,26864517.12
1790343720.424,m4,node-exporter-m4,0.0000,10387193.856
1790343720.420,m1,dev-peer0.police.example.com-diasrecords_2.3-adc3472e0c7f6d13d4110347673ef872d67a85cc3bf855bedad93020a127f59f,0.0074,84525711.36
1790343720.420,m1,peer0.police.example.com,0.0365,224919552.0
1790343720.420,m1,couchdb-police,0.0756,99562291.2
1790343720.420,m1,orderer1.example.com,0.0087,78863400.96
1790343720.420,m1,cadvisor-m1,0.0000,26539458.56
1790343720.420,m1,node-exporter-m1,0.0000,9892265.984
1790343720.420,m1,ca-orderer,0.0000,8765046.784
1790343720.420,m1,ca-police,0.0000,9351200.768
1790343720.421,m2,dev-peer0.prosecution.example.com-diasrecords_2.3-adc3472e0c7f6d13d4110347673ef872d67a85cc3bf855bedad93020a127f59f,0.0015,76996935.68
1790343720.421,m2,dev-peer0.forensics.example.com-diasrecords_2.3-adc3472e0c7f6d13d4110347673ef872d67a85cc3bf855bedad93020a127f59f,0.0059,78527856.64
1790343720.421,m2,peer0.forensics.example.com,0.0289,199544012.8
1790343720.421,m2,peer0.prosecution.example.com,0.0226,202480025.6
1790343720.421,m2,couchdb-forensics,0.0634,100631838.72
1790343720.421,m2,couchdb-prosecution,0.0631,91393884.16
1790343720.421,m2,orderer2.example.com,0.0084,73316433.92
1790343720.421,m2,node-exporter-m2,0.0000,9707716.608
1790343720.421,m2,cadvisor-m2,0.0000,26413629.44
1790343720.421,m2,ca-forensics,0.0000,9215934.464
1790343720.421,m2,ca-prosecution,0.0000,9064939.52
1790343720.423,m3,dev-peer0.audit.example.com-diasrecords_2.3-adc3472e0c7f6d13d4110347673ef872d67a85cc3bf855bedad93020a127f59f,0.0129,55868129.28
1790343720.423,m3,dev-peer0.court.example.com-diasrecords_2.3-adc3472e0c7f6d13d4110347673ef872d67a85cc3bf855bedad93020a127f59f,0.0039,78905344.0
1790343720.423,m3,peer0.court.example.com,0.0272,211183206.4
1790343720.423,m3,peer0.audit.example.com,0.0265,206674329.6
1790343720.423,m3,couchdb-court,0.0646,89779077.12
1790343720.423,m3,couchdb-audit,0.0675,156342681.6
1790343720.423,m3,orderer3.example.com,0.0019,51663339.52
1790343720.423,m3,node-exporter-m3,0.0000,20751319.04
1790343720.423,m3,cadvisor-m3,0.0006,39290142.72
1790343720.423,m3,ca-court,0.0000,9022996.48
1790343720.423,m3,ca-audit,0.0000,8929673.216
1790343725.435,m4,loadgen-reuse-smoke,0.0024,40066088.96
1790343725.435,m4,dias-backend,0.0003,95976161.28
1790343725.435,m4,prometheus,0.0031,110415052.8
1790343725.435,m4,cadvisor-m4,0.0000,26738688.0
1790343725.435,m4,node-exporter-m4,0.0000,10055843.84
1790343725.430,m1,dev-peer0.police.example.com-diasrecords_2.3-adc3472e0c7f6d13d4110347673ef872d67a85cc3bf855bedad93020a127f59f,0.0000,84263567.36
1790343725.430,m1,peer0.police.example.com,0.0216,225968128.0
1790343725.430,m1,couchdb-police,0.0031,100097064.96
1790343725.430,m1,orderer1.example.com,0.0024,80226549.76
1790343725.430,m1,cadvisor-m1,0.0000,25868369.92
1790343725.430,m1,node-exporter-m1,0.0000,10416553.984
1790343725.430,m1,ca-orderer,0.0000,8765046.784
1790343725.430,m1,ca-police,0.0000,9351200.768
1790343725.433,m3,dev-peer0.audit.example.com-diasrecords_2.3-adc3472e0c7f6d13d4110347673ef872d67a85cc3bf855bedad93020a127f59f,0.0000,55983472.64
1790343725.433,m3,dev-peer0.court.example.com-diasrecords_2.3-adc3472e0c7f6d13d4110347673ef872d67a85cc3bf855bedad93020a127f59f,0.0000,78905344.0
1790343725.433,m3,peer0.court.example.com,0.0079,211183206.4
1790343725.433,m3,peer0.audit.example.com,0.0208,208142336.0
1790343725.433,m3,couchdb-court,0.0029,88206213.12
1790343725.433,m3,couchdb-audit,0.0026,154769817.6
1790343725.433,m3,orderer3.example.com,0.0036,53246689.28
1790343725.433,m3,node-exporter-m3,0.0000,20562575.36
1790343725.433,m3,cadvisor-m3,0.0000,39290142.72
1790343725.433,m3,ca-court,0.0000,9022996.48
1790343725.433,m3,ca-audit,0.0000,8929673.216
1790343725.430,m2,dev-peer0.prosecution.example.com-diasrecords_2.3-adc3472e0c7f6d13d4110347673ef872d67a85cc3bf855bedad93020a127f59f,0.0000,77227622.4
1790343725.430,m2,dev-peer0.forensics.example.com-diasrecords_2.3-adc3472e0c7f6d13d4110347673ef872d67a85cc3bf855bedad93020a127f59f,0.0000,78748057.6
1790343725.430,m2,peer0.forensics.example.com,0.0060,199439155.2
1790343725.430,m2,peer0.prosecution.example.com,0.0076,201221734.4
1790343725.430,m2,couchdb-forensics,0.0015,100652810.24
1790343725.430,m2,couchdb-prosecution,0.0021,90240450.56
1790343725.430,m2,orderer2.example.com,0.0019,74302095.36
1790343725.430,m2,node-exporter-m2,0.0000,9707716.608
1790343725.430,m2,cadvisor-m2,0.0000,26413629.44
1790343725.430,m2,ca-forensics,0.0000,9215934.464
1790343725.430,m2,ca-prosecution,0.0000,9064939.52
1790343730.434,m4,loadgen-reuse-smoke,0.0037,40055603.2
1790343730.434,m4,dias-backend,0.0010,95818874.88
1790343730.434,m4,prometheus,0.0049,110519910.4
1790343730.434,m4,cadvisor-m4,0.0000,26329743.36
1790343730.434,m4,node-exporter-m4,0.0000,10580131.84
1790343730.432,m1,dev-peer0.police.example.com-diasrecords_2.3-adc3472e0c7f6d13d4110347673ef872d67a85cc3bf855bedad93020a127f59f,0.0000,84001423.36
1790343730.432,m1,peer0.police.example.com,0.0156,226177843.2
1790343730.432,m1,couchdb-police,0.0287,100076093.44
1790343730.432,m1,orderer1.example.com,0.0112,79932948.48
1790343730.432,m1,cadvisor-m1,0.0000,25868369.92
1790343730.432,m1,node-exporter-m1,0.0000,9666822.144
1790343730.432,m1,ca-orderer,0.0000,8765046.784
1790343730.432,m1,ca-police,0.0000,9351200.768
1790343730.433,m3,dev-peer0.audit.example.com-diasrecords_2.3-adc3472e0c7f6d13d4110347673ef872d67a85cc3bf855bedad93020a127f59f,0.0000,55731814.4
1790343730.433,m3,dev-peer0.court.example.com-diasrecords_2.3-adc3472e0c7f6d13d4110347673ef872d67a85cc3bf855bedad93020a127f59f,0.0000,78894858.24
1790343730.433,m3,peer0.court.example.com,0.0513,211288064.0
1790343730.433,m3,peer0.audit.example.com,0.0534,207722905.6
1790343730.433,m3,couchdb-court,0.0199,91037368.32
1790343730.433,m3,couchdb-audit,0.0206,156552396.8
1790343730.433,m3,orderer3.example.com,0.0085,52827258.88
1790343730.433,m3,node-exporter-m3,0.0000,20436746.24
1790343730.433,m3,cadvisor-m3,0.0000,39300628.48
1790343730.433,m3,ca-court,0.0000,9022996.48
1790343730.433,m3,ca-audit,0.0000,8929673.216
1790343730.432,m2,dev-peer0.prosecution.example.com-diasrecords_2.3-adc3472e0c7f6d13d4110347673ef872d67a85cc3bf855bedad93020a127f59f,0.0001,77238108.16
1790343730.432,m2,dev-peer0.forensics.example.com-diasrecords_2.3-adc3472e0c7f6d13d4110347673ef872d67a85cc3bf855bedad93020a127f59f,0.0000,78244741.12
1790343730.432,m2,peer0.forensics.example.com,0.0539,200173158.4
1790343730.432,m2,peer0.prosecution.example.com,0.0528,202480025.6
1790343730.432,m2,couchdb-forensics,0.0216,103253278.72
1790343730.432,m2,couchdb-prosecution,0.0221,91268055.04
1790343730.432,m2,orderer2.example.com,0.0053,73977036.8
1790343730.432,m2,node-exporter-m2,0.0000,9720299.52
1790343730.432,m2,cadvisor-m2,0.0000,26413629.44
1790343730.432,m2,ca-forensics,0.0000,9215934.464
1790343730.432,m2,ca-prosecution,0.0000,9064939.52
1790343735.433,m4,loadgen-reuse-smoke,0.0024,40181432.32
1790343735.433,m4,dias-backend,0.0003,96343162.88
1790343735.433,m4,prometheus,0.0034,110205337.6
1790343735.433,m4,cadvisor-m4,0.0000,26581401.6
1790343735.433,m4,node-exporter-m4,0.0000,10305404.928
1790343735.432,m1,dev-peer0.police.example.com-diasrecords_2.3-adc3472e0c7f6d13d4110347673ef872d67a85cc3bf855bedad93020a127f59f,0.0000,84127252.48
1790343735.432,m1,peer0.police.example.com,0.0074,225968128.0
1790343735.432,m1,couchdb-police,0.0199,98545172.48
1790343735.432,m1,orderer1.example.com,0.0022,80394321.92
1790343735.432,m1,cadvisor-m1,0.0000,26120028.16
1790343735.432,m1,node-exporter-m1,0.0000,9682550.784
1790343735.432,m1,ca-orderer,0.0000,8765046.784
1790343735.432,m1,ca-police,0.0000,9351200.768
1790343735.432,m2,dev-peer0.prosecution.example.com-diasrecords_2.3-adc3472e0c7f6d13d4110347673ef872d67a85cc3bf855bedad93020a127f59f,0.0000,76986449.92
1790343735.432,m2,dev-peer0.forensics.example.com-diasrecords_2.3-adc3472e0c7f6d13d4110347673ef872d67a85cc3bf855bedad93020a127f59f,0.0000,78244741.12
1790343735.432,m2,peer0.forensics.example.com,0.0074,199439155.2
1790343735.432,m2,peer0.prosecution.example.com,0.0073,201955737.6
1790343735.432,m2,couchdb-forensics,0.0175,101711872.0
1790343735.432,m2,couchdb-prosecution,0.0176,89170903.04
1790343735.432,m2,orderer2.example.com,0.0017,74228695.04
1790343735.432,m2,node-exporter-m2,0.0000,9756999.68
1790343735.432,m2,cadvisor-m2,0.0000,27189575.68
1790343735.432,m2,ca-forensics,0.0000,9215934.464
1790343735.432,m2,ca-prosecution,0.0000,9064939.52
1790343735.432,m3,dev-peer0.audit.example.com-diasrecords_2.3-adc3472e0c7f6d13d4110347673ef872d67a85cc3bf855bedad93020a127f59f,0.0000,55731814.4
1790343735.432,m3,dev-peer0.court.example.com-diasrecords_2.3-adc3472e0c7f6d13d4110347673ef872d67a85cc3bf855bedad93020a127f59f,0.0000,78894858.24
1790343735.432,m3,peer0.court.example.com,0.0082,211288064.0
1790343735.432,m3,peer0.audit.example.com,0.0059,207932620.8
1790343735.432,m3,couchdb-court,0.0154,89066045.44
1790343735.432,m3,couchdb-audit,0.0178,155294105.6
1790343735.432,m3,orderer3.example.com,0.0030,53078917.12
1790343735.432,m3,node-exporter-m3,0.0000,20436746.24
1790343735.432,m3,cadvisor-m3,0.0000,39300628.48
1790343735.432,m3,ca-court,0.0000,9022996.48
1790343735.432,m3,ca-audit,0.0000,8929673.216
1790343740.442,m4,loadgen-reuse-smoke,0.0031,40695234.56
1790343740.442,m4,dias-backend,0.0002,96301219.84
1790343740.442,m4,prometheus,0.0042,110519910.4
1790343740.442,m4,cadvisor-m4,0.0001,26843545.6
1790343740.442,m4,node-exporter-m4,0.0000,9826205.696
1790343740.439,m1,dev-peer0.police.example.com-diasrecords_2.3-adc3472e0c7f6d13d4110347673ef872d67a85cc3bf855bedad93020a127f59f,0.0000,84064337.92
1790343740.439,m1,peer0.police.example.com,0.0106,226282700.8
1790343740.439,m1,couchdb-police,0.0047,99583262.72
1790343740.439,m1,orderer1.example.com,0.0024,80436264.96
1790343740.439,m1,cadvisor-m1,0.0000,25868369.92
1790343740.439,m1,node-exporter-m1,0.0000,9666822.144
1790343740.439,m1,ca-orderer,0.0001,8765046.784
1790343740.439,m1,ca-police,0.0000,9351200.768
1790343740.439,m2,dev-peer0.prosecution.example.com-diasrecords_2.3-adc3472e0c7f6d13d4110347673ef872d67a85cc3bf855bedad93020a127f59f,0.0001,76986449.92
1790343740.439,m2,dev-peer0.forensics.example.com-diasrecords_2.3-adc3472e0c7f6d13d4110347673ef872d67a85cc3bf855bedad93020a127f59f,0.0000,78255226.88
1790343740.439,m2,peer0.forensics.example.com,0.0113,199648870.4
1790343740.439,m2,peer0.prosecution.example.com,0.0105,202794598.4
1790343740.439,m2,couchdb-forensics,0.0029,101879644.16
1790343740.439,m2,couchdb-prosecution,0.0023,88478842.88
1790343740.439,m2,orderer2.example.com,0.0022,74973184.0
1790343740.439,m2,node-exporter-m2,0.0000,9871294.464
1790343740.439,m2,cadvisor-m2,0.0000,26413629.44
1790343740.439,m2,ca-forensics,0.0001,9215934.464
1790343740.439,m2,ca-prosecution,0.0000,9064939.52
1790343740.441,m3,dev-peer0.audit.example.com-diasrecords_2.3-adc3472e0c7f6d13d4110347673ef872d67a85cc3bf855bedad93020a127f59f,0.0000,55752785.92
1790343740.441,m3,dev-peer0.court.example.com-diasrecords_2.3-adc3472e0c7f6d13d4110347673ef872d67a85cc3bf855bedad93020a127f59f,0.0000,79157002.24
1790343740.441,m3,peer0.court.example.com,0.0102,210973491.2
1790343740.441,m3,peer0.audit.example.com,0.0082,208981196.8
1790343740.441,m3,couchdb-court,0.0030,89412075.52
1790343740.441,m3,couchdb-audit,0.0040,155608678.4
1790343740.441,m3,orderer3.example.com,0.0043,52827258.88
1790343740.441,m3,node-exporter-m3,0.0000,20782776.32
1790343740.441,m3,cadvisor-m3,0.0000,39562772.48
1790343740.441,m3,ca-court,0.0000,9022996.48
1790343740.441,m3,ca-audit,0.0000,8929673.216
1790343745.443,m4,loadgen-reuse-smoke,0.0021,40726691.84
1790343745.443,m4,dias-backend,0.0013,96301219.84
1790343745.443,m4,prometheus,0.0035,110624768.0
1790343745.443,m4,cadvisor-m4,0.0000,26329743.36
1790343745.443,m4,node-exporter-m4,0.0000,10092544.0
1790343745.440,m1,dev-peer0.police.example.com-diasrecords_2.3-adc3472e0c7f6d13d4110347673ef872d67a85cc3bf855bedad93020a127f59f,0.0000,84053852.16
1790343745.440,m1,peer0.police.example.com,0.0081,226387558.4
1790343745.440,m1,couchdb-police,0.0222,100348723.2
1790343745.440,m1,orderer1.example.com,0.0057,80604037.12
1790343745.440,m1,cadvisor-m1,0.0000,26120028.16
1790343745.440,m1,node-exporter-m1,0.0000,10109321.216
1790343745.440,m1,ca-orderer,0.0000,8765046.784
1790343745.440,m1,ca-police,0.0000,9351200.768
1790343745.441,m3,dev-peer0.audit.example.com-diasrecords_2.3-adc3472e0c7f6d13d4110347673ef872d67a85cc3bf855bedad93020a127f59f,0.0000,55742300.16
1790343745.441,m3,dev-peer0.court.example.com-diasrecords_2.3-adc3472e0c7f6d13d4110347673ef872d67a85cc3bf855bedad93020a127f59f,0.0000,78894858.24
1790343745.441,m3,peer0.court.example.com,0.0126,212231782.4
1790343745.441,m3,peer0.audit.example.com,0.0062,209190912.0
1790343745.441,m3,couchdb-court,0.0205,89590333.44
1790343745.441,m3,couchdb-audit,0.0213,155084390.4
1790343745.441,m3,orderer3.example.com,0.0057,53383004.16
1790343745.441,m3,node-exporter-m3,0.0000,20887633.92
1790343745.441,m3,cadvisor-m3,0.0007,39300628.48
1790343745.441,m3,ca-court,0.0000,9022996.48
1790343745.441,m3,ca-audit,0.0000,8929673.216
1790343745.440,m2,dev-peer0.prosecution.example.com-diasrecords_2.3-adc3472e0c7f6d13d4110347673ef872d67a85cc3bf855bedad93020a127f59f,0.0000,76986449.92
1790343745.440,m2,dev-peer0.forensics.example.com-diasrecords_2.3-adc3472e0c7f6d13d4110347673ef872d67a85cc3bf855bedad93020a127f59f,0.0000,78475427.84
1790343745.440,m2,peer0.forensics.example.com,0.0111,199648870.4
1790343745.440,m2,peer0.prosecution.example.com,0.0132,202270310.4
1790343745.440,m2,couchdb-forensics,0.0191,101061754.88
1790343745.440,m2,couchdb-prosecution,0.0197,90355793.92
1790343745.440,m2,orderer2.example.com,0.0043,74994155.52
1790343745.440,m2,node-exporter-m2,0.0000,9871294.464
1790343745.440,m2,cadvisor-m2,0.0000,26413629.44
1790343745.440,m2,ca-forensics,0.0000,9215934.464
1790343745.440,m2,ca-prosecution,0.0000,9064939.52
1790343750.452,m4,loadgen-reuse-smoke,0.0000,40716206.08
1790343750.452,m4,dias-backend,0.0014,96060047.36
1790343750.452,m4,prometheus,0.0077,110519910.4
1790343750.452,m4,cadvisor-m4,0.0000,26570915.84
1790343750.452,m4,node-exporter-m4,0.0000,9838788.608
1790343750.449,m1,dev-peer0.police.example.com-diasrecords_2.3-adc3472e0c7f6d13d4110347673ef872d67a85cc3bf855bedad93020a127f59f,0.0000,83812679.68
1790343750.449,m1,peer0.police.example.com,0.0633,226387558.4
1790343750.449,m1,couchdb-police,0.0520,99792977.92
1790343750.449,m1,orderer1.example.com,0.0081,80331407.36
1790343750.449,m1,cadvisor-m1,0.0000,26120028.16
1790343750.449,m1,node-exporter-m1,0.0120,10580131.84
1790343750.449,m1,ca-orderer,0.0000,8765046.784
1790343750.449,m1,ca-police,0.0000,9351200.768
1790343750.449,m2,dev-peer0.prosecution.example.com-diasrecords_2.3-adc3472e0c7f6d13d4110347673ef872d67a85cc3bf855bedad93020a127f59f,0.0002,76986449.92
1790343750.449,m2,dev-peer0.forensics.example.com-diasrecords_2.3-adc3472e0c7f6d13d4110347673ef872d67a85cc3bf855bedad93020a127f59f,0.0000,78255226.88
1790343750.449,m2,peer0.forensics.example.com,0.0412,199963443.2
1790343750.449,m2,peer0.prosecution.example.com,0.0426,202060595.2
1790343750.449,m2,couchdb-forensics,0.0425,101334384.64
1790343750.449,m2,couchdb-prosecution,0.0399,90555023.36
1790343750.449,m2,orderer2.example.com,0.0055,74962698.24
1790343750.449,m2,node-exporter-m2,0.0000,9879683.072
1790343750.449,m2,cadvisor-m2,0.0000,26277314.56
1790343750.449,m2,ca-forensics,0.0000,9215934.464
1790343750.449,m2,ca-prosecution,0.0000,9064939.52
1790343750.452,m3,dev-peer0.audit.example.com-diasrecords_2.3-adc3472e0c7f6d13d4110347673ef872d67a85cc3bf855bedad93020a127f59f,0.0000,55742300.16
1790343750.452,m3,dev-peer0.court.example.com-diasrecords_2.3-adc3472e0c7f6d13d4110347673ef872d67a85cc3bf855bedad93020a127f59f,0.0000,79146516.48
1790343750.452,m3,peer0.court.example.com,0.0467,212022067.2
1790343750.452,m3,peer0.audit.example.com,0.0442,209190912.0
1790343750.452,m3,couchdb-court,0.0421,89579847.68
1790343750.452,m3,couchdb-audit,0.0457,156447539.2
1790343750.452,m3,orderer3.example.com,0.0086,52649000.96
1790343750.452,m3,node-exporter-m3,0.0000,20887633.92
1790343750.452,m3,cadvisor-m3,0.0000,39541800.96
1790343750.452,m3,ca-court,0.0000,9022996.48
1790343750.452,m3,ca-audit,0.0000,8929673.216
1790343755.462,m4,loadgen-reuse-smoke,0.0000,40716206.08
1790343755.462,m4,dias-backend,0.0000,95556730.88
1790343755.462,m4,prometheus,0.0112,110519910.4
1790343755.462,m4,cadvisor-m4,0.0000,26696744.96
1790343755.462,m4,node-exporter-m4,0.0000,10227810.304
1790343755.450,m1,dev-peer0.police.example.com-diasrecords_2.3-adc3472e0c7f6d13d4110347673ef872d67a85cc3bf855bedad93020a127f59f,0.0000,83812679.68
1790343755.450,m1,peer0.police.example.com,0.0126,226387558.4
1790343755.450,m1,couchdb-police,0.0063,99425976.32
1790343755.450,m1,orderer1.example.com,0.0061,80331407.36
1790343755.450,m1,cadvisor-m1,0.0000,26120028.16
1790343755.450,m1,node-exporter-m1,0.0182,10006560.768
1790343755.450,m1,ca-orderer,0.0000,8765046.784
1790343755.450,m1,ca-police,0.0000,9351200.768
1790343755.451,m3,dev-peer0.audit.example.com-diasrecords_2.3-adc3472e0c7f6d13d4110347673ef872d67a85cc3bf855bedad93020a127f59f,0.0000,55742300.16
1790343755.451,m3,dev-peer0.court.example.com-diasrecords_2.3-adc3472e0c7f6d13d4110347673ef872d67a85cc3bf855bedad93020a127f59f,0.0000,78894858.24
1790343755.451,m3,peer0.court.example.com,0.0124,212022067.2
1790343755.451,m3,peer0.audit.example.com,0.0125,209505484.8
1790343755.451,m3,couchdb-court,0.0057,88510300.16
1790343755.451,m3,couchdb-audit,0.0052,154140672.0
1790343755.451,m3,orderer3.example.com,0.0065,53162803.2
1790343755.451,m3,node-exporter-m3,0.0000,20887633.92
1790343755.451,m3,cadvisor-m3,0.0000,39541800.96
1790343755.451,m3,ca-court,0.0000,9022996.48
1790343755.451,m3,ca-audit,0.0000,8929673.216
1790343755.451,m2,dev-peer0.prosecution.example.com-diasrecords_2.3-adc3472e0c7f6d13d4110347673ef872d67a85cc3bf855bedad93020a127f59f,0.0000,76986449.92
1790343755.451,m2,dev-peer0.forensics.example.com-diasrecords_2.3-adc3472e0c7f6d13d4110347673ef872d67a85cc3bf855bedad93020a127f59f,0.0000,78255226.88
1790343755.451,m2,peer0.forensics.example.com,0.0145,199963443.2
1790343755.451,m2,peer0.prosecution.example.com,0.0128,202270310.4
1790343755.451,m2,couchdb-forensics,0.0043,100348723.2
1790343755.451,m2,couchdb-prosecution,0.0037,89349160.96
1790343755.451,m2,orderer2.example.com,0.0036,75256299.52
1790343755.451,m2,node-exporter-m2,0.0000,9879683.072
1790343755.451,m2,cadvisor-m2,0.0010,26633830.4
1790343755.451,m2,ca-forensics,0.0000,9215934.464
1790343755.451,m2,ca-prosecution,0.0000,9064939.52
1790343760.463,m4,loadgen-reuse-smoke,0.0047,40496005.12
1790343760.463,m4,dias-backend,0.0408,96322191.36
1790343760.463,m4,prometheus,0.0084,110519910.4
1790343760.463,m4,cadvisor-m4,0.0000,26434600.96
1790343760.463,m4,node-exporter-m4,0.0000,9707716.608
1790343760.460,m1,dev-peer0.police.example.com-diasrecords_2.3-adc3472e0c7f6d13d4110347673ef872d67a85cc3bf855bedad93020a127f59f,0.0077,84336967.68
1790343760.460,m1,peer0.police.example.com,0.0376,225968128.0
1790343760.460,m1,couchdb-police,0.0512,99205775.36
1790343760.460,m1,orderer1.example.com,0.0132,80331407.36
1790343760.460,m1,cadvisor-m1,0.0000,25931284.48
1790343760.460,m1,node-exporter-m1,0.0072,9998172.16
1790343760.460,m1,ca-orderer,0.0000,8765046.784
1790343760.460,m1,ca-police,0.0000,9351200.768
1790343760.462,m2,dev-peer0.prosecution.example.com-diasrecords_2.3-adc3472e0c7f6d13d4110347673ef872d67a85cc3bf855bedad93020a127f59f,0.0078,77531709.44
1790343760.462,m2,dev-peer0.forensics.example.com-diasrecords_2.3-adc3472e0c7f6d13d4110347673ef872d67a85cc3bf855bedad93020a127f59f,0.0028,78265712.64
1790343760.462,m2,peer0.forensics.example.com,0.0259,199858585.6
1790343760.462,m2,peer0.prosecution.example.com,0.0255,203214028.8
1790343760.462,m2,couchdb-forensics,0.0437,100998840.32
1790343760.462,m2,couchdb-prosecution,0.0512,88688558.08
1790343760.462,m2,orderer2.example.com,0.0040,75235328.0
1790343760.462,m2,node-exporter-m2,0.0000,9907994.624
1790343760.462,m2,cadvisor-m2,0.0005,26549944.32
1790343760.462,m2,ca-forensics,0.0000,9215934.464
1790343760.462,m2,ca-prosecution,0.0000,9064939.52
1790343760.462,m3,dev-peer0.audit.example.com-diasrecords_2.3-adc3472e0c7f6d13d4110347673ef872d67a85cc3bf855bedad93020a127f59f,0.0076,56235130.88
1790343760.462,m3,dev-peer0.court.example.com-diasrecords_2.3-adc3472e0c7f6d13d4110347673ef872d67a85cc3bf855bedad93020a127f59f,0.0025,78905344.0
1790343760.462,m3,peer0.court.example.com,0.0274,212022067.2
1790343760.462,m3,peer0.audit.example.com,0.0262,208771481.6
1790343760.462,m3,couchdb-court,0.0497,89506447.36
1790343760.462,m3,couchdb-audit,0.0551,156028108.8
1790343760.462,m3,orderer3.example.com,0.0184,52942602.24
1790343760.462,m3,node-exporter-m3,0.0000,20887633.92
1790343760.462,m3,cadvisor-m3,0.0004,39290142.72
1790343760.462,m3,ca-court,0.0000,9022996.48
1790343760.462,m3,ca-audit,0.0000,8929673.216
1790343765.469,m4,loadgen-reuse-smoke,0.0030,40768634.88
1790343765.469,m4,dias-backend,0.0009,96101990.4
1790343765.469,m4,prometheus,0.0048,110310195.2
1790343765.469,m4,cadvisor-m4,0.0009,26958888.96
1790343765.469,m4,node-exporter-m4,0.0000,9703522.304
1790343765.465,m1,dev-peer0.police.example.com-diasrecords_2.3-adc3472e0c7f6d13d4110347673ef872d67a85cc3bf855bedad93020a127f59f,0.0000,84074823.68
1790343765.465,m1,peer0.police.example.com,0.0096,227121561.6
1790343765.465,m1,couchdb-police,0.0300,99069460.48
1790343765.465,m1,orderer1.example.com,0.0025,80467722.24
1790343765.465,m1,cadvisor-m1,0.0000,25868369.92
1790343765.465,m1,node-exporter-m1,0.0066,10002366.464
1790343765.465,m1,ca-orderer,0.0000,8765046.784
1790343765.465,m1,ca-police,0.0000,9351200.768
1790343765.465,m2,dev-peer0.prosecution.example.com-diasrecords_2.3-adc3472e0c7f6d13d4110347673ef872d67a85cc3bf855bedad93020a127f59f,0.0000,77479280.64
1790343765.465,m2,dev-peer0.forensics.example.com-diasrecords_2.3-adc3472e0c7f6d13d4110347673ef872d67a85cc3bf855bedad93020a127f59f,0.0000,78265712.64
1790343765.465,m2,peer0.forensics.example.com,0.0083,201012019.2
1790343765.465,m2,peer0.prosecution.example.com,0.0231,203318886.4
1790343765.465,m2,couchdb-forensics,0.0229,101219041.28
1790343765.465,m2,couchdb-prosecution,0.0245,88772444.16
1790343765.465,m2,orderer2.example.com,0.0018,75329699.84
1790343765.465,m2,node-exporter-m2,0.0000,9937354.752
1790343765.465,m2,cadvisor-m2,0.0000,26287800.32
1790343765.465,m2,ca-forensics,0.0000,9215934.464
1790343765.465,m2,ca-prosecution,0.0000,9064939.52
1790343765.467,m3,dev-peer0.audit.example.com-diasrecords_2.3-adc3472e0c7f6d13d4110347673ef872d67a85cc3bf855bedad93020a127f59f,0.0000,56014929.92
1790343765.467,m3,dev-peer0.court.example.com-diasrecords_2.3-adc3472e0c7f6d13d4110347673ef872d67a85cc3bf855bedad93020a127f59f,0.0000,79146516.48
1790343765.467,m3,peer0.court.example.com,0.0078,211917209.6
1790343765.467,m3,peer0.audit.example.com,0.0076,208666624.0
1790343765.467,m3,couchdb-court,0.0228,89066045.44
1790343765.467,m3,couchdb-audit,0.0219,155818393.6
1790343765.467,m3,orderer3.example.com,0.0040,53162803.2
1790343765.467,m3,node-exporter-m3,0.0000,20751319.04
1790343765.467,m3,cadvisor-m3,0.0000,39300628.48
1790343765.467,m3,ca-court,0.0000,9022996.48
1790343765.467,m3,ca-audit,0.0000,8929673.216
1790343770.471,m4,loadgen-reuse-smoke,0.0021,40873492.48
1790343770.471,m4,dias-backend,0.0096,96332677.12
1790343770.471,m4,prometheus,0.0056,110519910.4
1790343770.471,m4,cadvisor-m4,0.0000,26696744.96
1790343770.471,m4,node-exporter-m4,0.0000,9961472.0
1790343770.468,m1,dev-peer0.police.example.com-diasrecords_2.3-adc3472e0c7f6d13d4110347673ef872d67a85cc3bf855bedad93020a127f59f,0.0011,84074823.68
1790343770.468,m1,peer0.police.example.com,0.0441,227331276.8
1790343770.468,m1,couchdb-police,0.0339,99562291.2
1790343770.468,m1,orderer1.example.com,0.0085,80383836.16
1790343770.468,m1,cadvisor-m1,0.0000,26109542.4
1790343770.468,m1,node-exporter-m1,0.0077,10068426.752
1790343770.468,m1,ca-orderer,0.0000,8765046.784
1790343770.468,m1,ca-police,0.0000,9351200.768
1790343770.469,m3,dev-peer0.audit.example.com-diasrecords_2.3-adc3472e0c7f6d13d4110347673ef872d67a85cc3bf855bedad93020a127f59f,0.0000,55857643.52
1790343770.469,m3,dev-peer0.court.example.com-diasrecords_2.3-adc3472e0c7f6d13d4110347673ef872d67a85cc3bf855bedad93020a127f59f,0.0021,79293317.12
1790343770.469,m3,peer0.court.example.com,0.0461,213280358.4
1790343770.469,m3,peer0.audit.example.com,0.0377,208981196.8
1790343770.469,m3,couchdb-court,0.0276,89328189.44
1790343770.469,m3,couchdb-audit,0.0293,155294105.6
1790343770.469,m3,orderer3.example.com,0.0077,53236203.52
1790343770.469,m3,node-exporter-m3,0.0000,20761804.8
1790343770.469,m3,cadvisor-m3,0.0007,39290142.72
1790343770.469,m3,ca-court,0.0000,9022996.48
1790343770.469,m3,ca-audit,0.0000,8929673.216
1790343770.468,m2,dev-peer0.prosecution.example.com-diasrecords_2.3-adc3472e0c7f6d13d4110347673ef872d67a85cc3bf855bedad93020a127f59f,0.0013,77248593.92
1790343770.468,m2,dev-peer0.forensics.example.com-diasrecords_2.3-adc3472e0c7f6d13d4110347673ef872d67a85cc3bf855bedad93020a127f59f,0.0001,78255226.88
1790343770.468,m2,peer0.forensics.example.com,0.0365,200487731.2
1790343770.468,m2,peer0.prosecution.example.com,0.0397,204891750.4
1790343770.468,m2,couchdb-forensics,0.0296,100977868.8
1790343770.468,m2,couchdb-prosecution,0.0254,89957335.04
1790343770.468,m2,orderer2.example.com,0.0055,75277271.04
1790343770.468,m2,node-exporter-m2,0.0000,9937354.752
1790343770.468,m2,cadvisor-m2,0.0000,26277314.56
1790343770.468,m2,ca-forensics,0.0000,9215934.464
1790343770.468,m2,ca-prosecution,0.0000,9064939.52
1790343775.481,m4,loadgen-reuse-smoke,0.0032,41282437.12
1790343775.481,m4,dias-backend,0.0108,96301219.84
1790343775.481,m4,prometheus,0.0042,110205337.6
1790343775.481,m4,cadvisor-m4,0.0000,26854031.36
1790343775.481,m4,node-exporter-m4,0.0000,9826205.696
1790343775.476,m1,dev-peer0.police.example.com-diasrecords_2.3-adc3472e0c7f6d13d4110347673ef872d67a85cc3bf855bedad93020a127f59f,0.0012,84588625.92
1790343775.476,m1,peer0.police.example.com,0.0400,227645849.6
1790343775.476,m1,couchdb-police,0.0039,100642324.48
1790343775.476,m1,orderer1.example.com,0.0023,80719380.48
1790343775.476,m1,cadvisor-m1,0.0000,25868369.92
1790343775.476,m1,node-exporter-m1,0.0066,10084155.392
1790343775.476,m1,ca-orderer,0.0000,8765046.784
1790343775.476,m1,ca-police,0.0000,9351200.768
1790343775.478,m2,dev-peer0.prosecution.example.com-diasrecords_2.3-adc3472e0c7f6d13d4110347673ef872d67a85cc3bf855bedad93020a127f59f,0.0027,77479280.64
1790343775.478,m2,dev-peer0.forensics.example.com-diasrecords_2.3-adc3472e0c7f6d13d4110347673ef872d67a85cc3bf855bedad93020a127f59f,0.0025,78527856.64
1790343775.478,m2,peer0.forensics.example.com,0.0313,200697446.4
1790343775.478,m2,peer0.prosecution.example.com,0.0075,204367462.4
1790343775.478,m2,couchdb-forensics,0.0043,99960750.08
1790343775.478,m2,couchdb-prosecution,0.0042,90334822.4
1790343775.478,m2,orderer2.example.com,0.0025,75350671.36
1790343775.478,m2,node-exporter-m2,0.0000,9744416.768
1790343775.478,m2,cadvisor-m2,0.0000,26539458.56
1790343775.478,m2,ca-forensics,0.0000,9215934.464
1790343775.478,m2,ca-prosecution,0.0000,9064939.52
1790343775.479,m3,dev-peer0.audit.example.com-diasrecords_2.3-adc3472e0c7f6d13d4110347673ef872d67a85cc3bf855bedad93020a127f59f,0.0046,56056872.96
1790343775.479,m3,dev-peer0.court.example.com-diasrecords_2.3-adc3472e0c7f6d13d4110347673ef872d67a85cc3bf855bedad93020a127f59f,0.0009,79167488.0
1790343775.479,m3,peer0.court.example.com,0.0059,213385216.0
1790343775.479,m3,peer0.audit.example.com,0.0130,209190912.0
1790343775.479,m3,couchdb-court,0.0021,88132812.8
1790343775.479,m3,couchdb-audit,0.0047,155294105.6
1790343775.479,m3,orderer3.example.com,0.0038,53424947.2
1790343775.479,m3,node-exporter-m3,0.0000,20751319.04
1790343775.479,m3,cadvisor-m3,0.0000,39290142.72
1790343775.479,m3,ca-court,0.0000,9022996.48
1790343775.479,m3,ca-audit,0.0000,8929673.216
1790343780.485,m4,loadgen-reuse-smoke,0.0032,41271951.36
1790343780.485,m4,dias-backend,0.0151,96353648.64
1790343780.485,m4,prometheus,0.0055,110519910.4
1790343780.485,m4,cadvisor-m4,0.0000,26434600.96
1790343780.485,m4,node-exporter-m4,0.0000,9883877.376
1790343780.481,m1,dev-peer0.police.example.com-diasrecords_2.3-adc3472e0c7f6d13d4110347673ef872d67a85cc3bf855bedad93020a127f59f,0.0000,83812679.68
1790343780.481,m1,peer0.police.example.com,0.0172,227436134.4
1790343780.481,m1,couchdb-police,0.0453,99405004.8
1790343780.481,m1,orderer1.example.com,0.0071,81117839.36
1790343780.481,m1,cadvisor-m1,0.0000,26046627.84
1790343780.481,m1,node-exporter-m1,0.0000,9813622.784
1790343780.481,m1,ca-orderer,0.0000,8765046.784
1790343780.481,m1,ca-police,0.0000,9351200.768
1790343780.483,m3,dev-peer0.audit.example.com-diasrecords_2.3-adc3472e0c7f6d13d4110347673ef872d67a85cc3bf855bedad93020a127f59f,0.0015,56298045.44
1790343780.483,m3,dev-peer0.court.example.com-diasrecords_2.3-adc3472e0c7f6d13d4110347673ef872d67a85cc3bf855bedad93020a127f59f,0.0017,79649832.96
1790343780.483,m3,peer0.court.example.com,0.0170,213280358.4
1790343780.483,m3,peer0.audit.example.com,0.0205,208981196.8
1790343780.483,m3,couchdb-court,0.0463,90607452.16
1790343780.483,m3,couchdb-audit,0.0440,155608678.4
1790343780.483,m3,orderer3.example.com,0.0063,52995031.04
1790343780.483,m3,node-exporter-m3,0.0000,20856176.64
1790343780.483,m3,cadvisor-m3,0.0000,39290142.72
1790343780.483,m3,ca-court,0.0000,9022996.48
1790343780.483,m3,ca-audit,0.0000,8929673.216
1790343780.481,m2,dev-peer0.prosecution.example.com-diasrecords_2.3-adc3472e0c7f6d13d4110347673ef872d67a85cc3bf855bedad93020a127f59f,0.0014,77248593.92
1790343780.481,m2,dev-peer0.forensics.example.com-diasrecords_2.3-adc3472e0c7f6d13d4110347673ef872d67a85cc3bf855bedad93020a127f59f,0.0000,78255226.88
1790343780.481,m2,peer0.forensics.example.com,0.0175,200802304.0
1790343780.481,m2,peer0.prosecution.example.com,0.0189,204157747.2
1790343780.481,m2,couchdb-forensics,0.0415,102875791.36
1790343780.481,m2,couchdb-prosecution,0.0534,90083164.16
1790343780.481,m2,orderer2.example.com,0.0046,75445043.2
1790343780.481,m2,node-exporter-m2,0.0000,9740222.464
1790343780.481,m2,cadvisor-m2,0.0000,26528972.8
1790343780.481,m2,ca-forensics,0.0000,9215934.464
1790343780.481,m2,ca-prosecution,0.0000,9064939.52
1790343785.485,m4,loadgen-reuse-smoke,0.0017,41209036.8
1790343785.485,m4,dias-backend,0.0045,96353648.64
1790343785.485,m4,prometheus,0.0086,110310195.2
1790343785.485,m4,cadvisor-m4,0.0000,26958888.96
1790343785.485,m4,node-exporter-m4,0.0000,9907994.624
1790343785.485,m1,dev-peer0.police.example.com-diasrecords_2.3-adc3472e0c7f6d13d4110347673ef872d67a85cc3bf855bedad93020a127f59f,0.0000,83812679.68
1790343785.485,m1,peer0.police.example.com,0.0231,227331276.8
1790343785.485,m1,couchdb-police,0.0421,99363061.76
1790343785.485,m1,orderer1.example.com,0.0092,81579212.8
1790343785.485,m1,cadvisor-m1,0.0030,26120028.16
1790343785.485,m1,node-exporter-m1,0.0181,10178527.232
1790343785.485,m1,ca-orderer,0.0000,8765046.784
1790343785.485,m1,ca-police,0.0000,9351200.768
1790343785.485,m2,dev-peer0.prosecution.example.com-diasrecords_2.3-adc3472e0c7f6d13d4110347673ef872d67a85cc3bf855bedad93020a127f59f,0.0000,76986449.92
1790343785.485,m2,dev-peer0.forensics.example.com-diasrecords_2.3-adc3472e0c7f6d13d4110347673ef872d67a85cc3bf855bedad93020a127f59f,0.0012,78517370.88
1790343785.485,m2,peer0.forensics.example.com,0.0234,200697446.4
1790343785.485,m2,peer0.prosecution.example.com,0.0185,204786892.8
1790343785.485,m2,couchdb-forensics,0.0350,100883496.96
1790343785.485,m2,couchdb-prosecution,0.0396,89454018.56
1790343785.485,m2,orderer2.example.com,0.0063,75707187.2
1790343785.485,m2,node-exporter-m2,0.0000,9764339.712
1790343785.485,m2,cadvisor-m2,0.0000,26277314.56
1790343785.485,m2,ca-forensics,0.0000,9215934.464
1790343785.485,m2,ca-prosecution,0.0000,9064939.52
1790343785.485,m3,dev-peer0.audit.example.com-diasrecords_2.3-adc3472e0c7f6d13d4110347673ef872d67a85cc3bf855bedad93020a127f59f,0.0015,56035901.44
1790343785.485,m3,dev-peer0.court.example.com-diasrecords_2.3-adc3472e0c7f6d13d4110347673ef872d67a85cc3bf855bedad93020a127f59f,0.0010,78894858.24
1790343785.485,m3,peer0.court.example.com,0.0236,213490073.6
1790343785.485,m3,peer0.audit.example.com,0.0220,208981196.8
1790343785.485,m3,couchdb-court,0.0392,89433047.04
1790343785.485,m3,couchdb-audit,0.0365,153721241.6
1790343785.485,m3,orderer3.example.com,0.0073,53225717.76
1790343785.485,m3,node-exporter-m3,0.0000,20887633.92
1790343785.485,m3,cadvisor-m3,0.0000,39552286.72
1790343785.485,m3,ca-court,0.0000,9022996.48
1790343785.485,m3,ca-audit,0.0000,8929673.216
1790343790.499,m4,loadgen-reuse-smoke,0.0000,40821063.68
1790343790.499,m4,dias-backend,0.0000,96070533.12
1790343790.499,m4,prometheus,0.0091,110519910.4
1790343790.499,m4,cadvisor-m4,0.0000,27221032.96
1790343790.499,m4,node-exporter-m4,0.0000,10653532.16
1790343790.495,m1,dev-peer0.police.example.com-diasrecords_2.3-adc3472e0c7f6d13d4110347673ef872d67a85cc3bf855bedad93020a127f59f,0.0000,83812679.68
1790343790.495,m1,peer0.police.example.com,0.0552,227226419.2
1790343790.495,m1,couchdb-police,0.0113,99384033.28
1790343790.495,m1,orderer1.example.com,0.0054,82103500.8
1790343790.495,m1,cadvisor-m1,0.0000,26130513.92
1790343790.495,m1,node-exporter-m1,0.0105,10423894.016
1790343790.495,m1,ca-orderer,0.0000,8765046.784
1790343790.495,m1,ca-police,0.0000,9351200.768
1790343790.497,m3,dev-peer0.audit.example.com-diasrecords_2.3-adc3472e0c7f6d13d4110347673ef872d67a85cc3bf855bedad93020a127f59f,0.0000,55763271.68
1790343790.497,m3,dev-peer0.court.example.com-diasrecords_2.3-adc3472e0c7f6d13d4110347673ef872d67a85cc3bf855bedad93020a127f59f,0.0000,78894858.24
1790343790.497,m3,peer0.court.example.com,0.0561,213280358.4
1790343790.497,m3,peer0.audit.example.com,0.0558,208981196.8
1790343790.497,m3,couchdb-court,0.0056,88667586.56
1790343790.497,m3,couchdb-audit,0.0061,154035814.4
1790343790.497,m3,orderer3.example.com,0.0051,53435432.96
1790343790.497,m3,node-exporter-m3,0.0000,20887633.92
1790343790.497,m3,cadvisor-m3,0.0000,39290142.72
1790343790.497,m3,ca-court,0.0000,9022996.48
1790343790.497,m3,ca-audit,0.0000,8929673.216
1790343790.497,m2,dev-peer0.prosecution.example.com-diasrecords_2.3-adc3472e0c7f6d13d4110347673ef872d67a85cc3bf855bedad93020a127f59f,0.0001,76986449.92
1790343790.497,m2,dev-peer0.forensics.example.com-diasrecords_2.3-adc3472e0c7f6d13d4110347673ef872d67a85cc3bf855bedad93020a127f59f,0.0000,78255226.88
1790343790.497,m2,peer0.forensics.example.com,0.0523,201012019.2
1790343790.497,m2,peer0.prosecution.example.com,0.0663,204577177.6
1790343790.497,m2,couchdb-forensics,0.0033,100191436.8
1790343790.497,m2,couchdb-prosecution,0.0054,88835358.72
1790343790.497,m2,orderer2.example.com,0.0035,75486986.24
1790343790.497,m2,node-exporter-m2,0.0000,9847177.216
1790343790.497,m2,cadvisor-m2,0.0000,26277314.56
1790343790.497,m2,ca-forensics,0.0000,9215934.464
1790343790.497,m2,ca-prosecution,0.0000,9064939.52
1790343795.520,m4,dias-backend,0.0000,95598673.92
1790343795.520,m4,prometheus,0.0079,110205337.6
1790343795.520,m4,cadvisor-m4,0.0007,26990346.24
1790343795.520,m4,node-exporter-m4,0.0000,10354688.0
1790343795.506,m1,dev-peer0.police.example.com-diasrecords_2.3-adc3472e0c7f6d13d4110347673ef872d67a85cc3bf855bedad93020a127f59f,0.0000,83812679.68
1790343795.506,m1,peer0.police.example.com,0.0103,227436134.4
1790343795.506,m1,couchdb-police,0.0035,99058974.72
1790343795.506,m1,orderer1.example.com,0.0024,82271272.96
1790343795.506,m1,cadvisor-m1,0.0000,26120028.16
1790343795.506,m1,node-exporter-m1,0.0067,10481565.696
1790343795.506,m1,ca-orderer,0.0000,8765046.784
1790343795.506,m1,ca-police,0.0000,9351200.768
1790343795.511,m2,dev-peer0.prosecution.example.com-diasrecords_2.3-adc3472e0c7f6d13d4110347673ef872d67a85cc3bf855bedad93020a127f59f,0.0000,76986449.92
1790343795.511,m2,dev-peer0.forensics.example.com-diasrecords_2.3-adc3472e0c7f6d13d4110347673ef872d67a85cc3bf855bedad93020a127f59f,0.0000,78255226.88
1790343795.511,m2,peer0.forensics.example.com,0.0112,200487731.2
1790343795.511,m2,peer0.prosecution.example.com,0.0122,204577177.6
1790343795.511,m2,couchdb-forensics,0.0242,100191436.8
1790343795.511,m2,couchdb-prosecution,0.0244,89317703.68
1790343795.511,m2,orderer2.example.com,0.0026,75277271.04
1790343795.511,m2,node-exporter-m2,0.0000,9847177.216
1790343795.511,m2,cadvisor-m2,0.0000,26528972.8
1790343795.511,m2,ca-forensics,0.0000,9215934.464
1790343795.511,m2,ca-prosecution,0.0000,9064939.52
1790343795.516,m3,dev-peer0.audit.example.com-diasrecords_2.3-adc3472e0c7f6d13d4110347673ef872d67a85cc3bf855bedad93020a127f59f,0.0000,55763271.68
1790343795.516,m3,dev-peer0.court.example.com-diasrecords_2.3-adc3472e0c7f6d13d4110347673ef872d67a85cc3bf855bedad93020a127f59f,0.0000,78894858.24
1790343795.516,m3,peer0.court.example.com,0.0113,213490073.6
1790343795.516,m3,peer0.audit.example.com,0.0087,208771481.6
1790343795.516,m3,couchdb-court,0.0221,88751472.64
1790343795.516,m3,couchdb-audit,0.0222,153930956.8
1790343795.516,m3,orderer3.example.com,0.0040,53435432.96
1790343795.516,m3,node-exporter-m3,0.0000,20887633.92
1790343795.516,m3,cadvisor-m3,0.0000,39803944.96
1790343795.516,m3,ca-court,0.0000,9022996.48
1790343795.516,m3,ca-audit,0.0000,8929673.216
1790343800.516,m4,dias-backend,0.0000,95598673.92
1790343800.516,m4,prometheus,0.0098,110624768.0
1790343800.516,m4,cadvisor-m4,0.0000,27242004.48
1790343800.516,m4,node-exporter-m4,0.0000,10367270.912
1790343800.509,m1,dev-peer0.police.example.com-diasrecords_2.3-adc3472e0c7f6d13d4110347673ef872d67a85cc3bf855bedad93020a127f59f,0.0000,83812679.68
1790343800.509,m1,peer0.police.example.com,0.0146,227436134.4
1790343800.509,m1,couchdb-police,0.0068,98922659.84
1790343800.509,m1,orderer1.example.com,0.0038,83068190.72
1790343800.509,m1,cadvisor-m1,0.0000,26130513.92
1790343800.509,m1,node-exporter-m1,0.0161,10088349.696
1790343800.509,m1,ca-orderer,0.0027,8765046.784
1790343800.509,m1,ca-police,0.0032,9351200.768
1790343800.511,m2,dev-peer0.prosecution.example.com-diasrecords_2.3-adc3472e0c7f6d13d4110347673ef872d67a85cc3bf855bedad93020a127f59f,0.0001,76986449.92
1790343800.511,m2,dev-peer0.forensics.example.com-diasrecords_2.3-adc3472e0c7f6d13d4110347673ef872d67a85cc3bf855bedad93020a127f59f,0.0000,78255226.88
1790343800.511,m2,peer0.forensics.example.com,0.0246,201012019.2
1790343800.511,m2,peer0.prosecution.example.com,0.0209,204577177.6
1790343800.511,m2,couchdb-forensics,0.0032,99730063.36
1790343800.511,m2,couchdb-prosecution,0.0057,88866816.0
1790343800.511,m2,orderer2.example.com,0.0036,75833016.32
1790343800.511,m2,node-exporter-m2,0.0000,9847177.216
1790343800.511,m2,cadvisor-m2,0.0000,26528972.8
1790343800.511,m2,ca-forensics,0.0022,9215934.464
1790343800.511,m2,ca-prosecution,0.0000,9064939.52
1790343800.512,m3,dev-peer0.audit.example.com-diasrecords_2.3-adc3472e0c7f6d13d4110347673ef872d67a85cc3bf855bedad93020a127f59f,0.0000,55763271.68
1790343800.512,m3,dev-peer0.court.example.com-diasrecords_2.3-adc3472e0c7f6d13d4110347673ef872d67a85cc3bf855bedad93020a127f59f,0.0000,78894858.24
1790343800.512,m3,peer0.court.example.com,0.0193,213804646.4
1790343800.512,m3,peer0.audit.example.com,0.0165,208981196.8
1790343800.512,m3,couchdb-court,0.0055,88667586.56
1790343800.512,m3,couchdb-audit,0.0059,154140672.0
1790343800.512,m3,orderer3.example.com,0.0046,53445918.72
1790343800.512,m3,node-exporter-m3,0.0000,20887633.92
1790343800.512,m3,cadvisor-m3,0.0000,39552286.72
1790343800.512,m3,ca-court,0.0000,9022996.48
1790343800.512,m3,ca-audit,0.0000,8929673.216
1790343805.533,m4,dias-backend,0.0000,95598673.92
1790343805.533,m4,prometheus,0.0075,110519910.4
1790343805.533,m4,cadvisor-m4,0.0000,27242004.48
1790343805.533,m4,node-exporter-m4,0.0000,10178527.232
1790343805.519,m1,dev-peer0.police.example.com-diasrecords_2.3-adc3472e0c7f6d13d4110347673ef872d67a85cc3bf855bedad93020a127f59f,0.0000,83812679.68
1790343805.519,m1,peer0.police.example.com,0.0187,227436134.4
1790343805.519,m1,couchdb-police,0.0302,99027517.44
1790343805.519,m1,orderer1.example.com,0.0049,82827018.24
1790343805.519,m1,cadvisor-m1,0.0000,26644316.16
1790343805.519,m1,node-exporter-m1,0.0169,10105126.912
1790343805.519,m1,ca-orderer,0.0000,8765046.784
1790343805.519,m1,ca-police,0.0000,9351200.768
1790343805.524,m3,dev-peer0.audit.example.com-diasrecords_2.3-adc3472e0c7f6d13d4110347673ef872d67a85cc3bf855bedad93020a127f59f,0.0000,55763271.68
1790343805.524,m3,dev-peer0.court.example.com-diasrecords_2.3-adc3472e0c7f6d13d4110347673ef872d67a85cc3bf855bedad93020a127f59f,0.0000,78894858.24
1790343805.524,m3,peer0.court.example.com,0.0118,213280358.4
1790343805.524,m3,peer0.audit.example.com,0.0156,208981196.8
1790343805.524,m3,couchdb-court,0.0051,88426414.08
1790343805.524,m3,couchdb-audit,0.0285,154140672.0
1790343805.524,m3,orderer3.example.com,0.0042,53445918.72
1790343805.524,m3,node-exporter-m3,0.0000,20887633.92
1790343805.524,m3,cadvisor-m3,0.0000,39803944.96
1790343805.524,m3,ca-court,0.0000,9022996.48
1790343805.524,m3,ca-audit,0.0000,8929673.216
1790343805.523,m2,dev-peer0.prosecution.example.com-diasrecords_2.3-adc3472e0c7f6d13d4110347673ef872d67a85cc3bf855bedad93020a127f59f,0.0000,76986449.92
1790343805.523,m2,dev-peer0.forensics.example.com-diasrecords_2.3-adc3472e0c7f6d13d4110347673ef872d67a85cc3bf855bedad93020a127f59f,0.0000,78255226.88
1790343805.523,m2,peer0.forensics.example.com,0.0159,200697446.4
1790343805.523,m2,peer0.prosecution.example.com,0.0173,204367462.4
1790343805.523,m2,couchdb-forensics,0.0266,99950264.32
1790343805.523,m2,couchdb-prosecution,0.0221,88856330.24
1790343805.523,m2,orderer2.example.com,0.0031,75361157.12
1790343805.523,m2,node-exporter-m2,0.0000,9847177.216
1790343805.523,m2,cadvisor-m2,0.0000,26277314.56
1790343805.523,m2,ca-forensics,0.0000,9215934.464
1790343805.523,m2,ca-prosecution,0.0000,9064939.52
1790343810.533,m4,dias-backend,0.0000,95598673.92
1790343810.533,m4,prometheus,0.0130,110415052.8
1790343810.533,m4,cadvisor-m4,0.0007,27472691.2
1790343810.533,m4,node-exporter-m4,0.0000,10096738.304
1790343810.528,m1,dev-peer0.police.example.com-diasrecords_2.3-adc3472e0c7f6d13d4110347673ef872d67a85cc3bf855bedad93020a127f59f,0.0000,83812679.68
1790343810.528,m1,peer0.police.example.com,0.0363,227436134.4
1790343810.528,m1,couchdb-police,0.0061,98723430.4
1790343810.528,m1,orderer1.example.com,0.0057,82984304.64
1790343810.528,m1,cadvisor-m1,0.0000,26099056.64
1790343810.528,m1,node-exporter-m1,0.0184,10100932.608
1790343810.528,m1,ca-orderer,0.0000,8765046.784
1790343810.528,m1,ca-police,0.0000,9351200.768
1790343810.530,m2,dev-peer0.prosecution.example.com-diasrecords_2.3-adc3472e0c7f6d13d4110347673ef872d67a85cc3bf855bedad93020a127f59f,0.0004,76986449.92
1790343810.530,m2,dev-peer0.forensics.example.com-diasrecords_2.3-adc3472e0c7f6d13d4110347673ef872d67a85cc3bf855bedad93020a127f59f,0.0000,78255226.88
1790343810.530,m2,peer0.forensics.example.com,0.0291,200697446.4
1790343810.530,m2,peer0.prosecution.example.com,0.0410,204157747.2
1790343810.530,m2,couchdb-forensics,0.0062,99866378.24
1790343810.530,m2,couchdb-prosecution,0.0056,88740986.88
1790343810.530,m2,orderer2.example.com,0.0042,76137103.36
1790343810.530,m2,node-exporter-m2,0.0000,10096738.304
1790343810.530,m2,cadvisor-m2,0.0000,26287800.32
1790343810.530,m2,ca-forensics,0.0000,9215934.464
1790343810.530,m2,ca-prosecution,0.0000,9064939.52
1790343810.531,m3,dev-peer0.audit.example.com-diasrecords_2.3-adc3472e0c7f6d13d4110347673ef872d67a85cc3bf855bedad93020a127f59f,0.0000,55763271.68
1790343810.531,m3,dev-peer0.court.example.com-diasrecords_2.3-adc3472e0c7f6d13d4110347673ef872d67a85cc3bf855bedad93020a127f59f,0.0000,78894858.24
1790343810.531,m3,peer0.court.example.com,0.0409,213490073.6
1790343810.531,m3,peer0.audit.example.com,0.0402,208981196.8
1790343810.531,m3,couchdb-court,0.0049,88373985.28
1790343810.531,m3,couchdb-audit,0.0052,153930956.8
1790343810.531,m3,orderer3.example.com,0.0070,53708062.72
1790343810.531,m3,node-exporter-m3,0.0000,21149777.92
1790343810.531,m3,cadvisor-m3,0.0000,39552286.72
1790343810.531,m3,ca-court,0.0000,9022996.48
1790343810.531,m3,ca-audit,0.0000,8929673.216
1790343815.537,m4,dias-backend,0.0000,95598673.92
1790343815.537,m4,prometheus,0.0077,110415052.8
1790343815.537,m4,cadvisor-m4,0.0000,27221032.96
1790343815.537,m4,node-exporter-m4,0.0000,10346299.392
1790343815.532,m1,dev-peer0.police.example.com-diasrecords_2.3-adc3472e0c7f6d13d4110347673ef872d67a85cc3bf855bedad93020a127f59f,0.0000,83812679.68
1790343815.532,m1,peer0.police.example.com,0.0272,227121561.6
1790343815.532,m1,couchdb-police,0.0064,99006545.92
1790343815.532,m1,orderer1.example.com,0.0039,83246448.64
1790343815.532,m1,cadvisor-m1,0.0000,26969374.72
1790343815.532,m1,node-exporter-m1,0.0136,10350493.696
1790343815.532,m1,ca-orderer,0.0000,8765046.784
1790343815.532,m1,ca-police,0.0000,9351200.768
1790343815.534,m2,dev-peer0.prosecution.example.com-diasrecords_2.3-adc3472e0c7f6d13d4110347673ef872d67a85cc3bf855bedad93020a127f59f,0.0000,76986449.92
1790343815.534,m2,dev-peer0.forensics.example.com-diasrecords_2.3-adc3472e0c7f6d13d4110347673ef872d67a85cc3bf855bedad93020a127f59f,0.0000,78255226.88
1790343815.534,m2,peer0.forensics.example.com,0.0124,200697446.4
1790343815.534,m2,peer0.prosecution.example.com,0.0117,204367462.4
1790343815.534,m2,couchdb-forensics,0.0038,99730063.36
1790343815.534,m2,couchdb-prosecution,0.0035,89286246.4
1790343815.534,m2,orderer2.example.com,0.0026,75874959.36
1790343815.534,m2,node-exporter-m2,0.0000,9847177.216
1790343815.534,m2,cadvisor-m2,0.0000,26476544.0
1790343815.534,m2,ca-forensics,0.0000,9215934.464
1790343815.534,m2,ca-prosecution,0.0000,9064939.52
1790343815.534,m3,dev-peer0.audit.example.com-diasrecords_2.3-adc3472e0c7f6d13d4110347673ef872d67a85cc3bf855bedad93020a127f59f,0.0000,55763271.68
1790343815.534,m3,dev-peer0.court.example.com-diasrecords_2.3-adc3472e0c7f6d13d4110347673ef872d67a85cc3bf855bedad93020a127f59f,0.0000,78894858.24
1790343815.534,m3,peer0.court.example.com,0.0110,213280358.4
1790343815.534,m3,peer0.audit.example.com,0.0105,208981196.8
1790343815.534,m3,couchdb-court,0.0030,88657100.8
1790343815.534,m3,couchdb-audit,0.0039,154035814.4
1790343815.534,m3,orderer3.example.com,0.0043,53194260.48
1790343815.534,m3,node-exporter-m3,0.0000,20887633.92
1790343815.534,m3,cadvisor-m3,0.0000,39552286.72
1790343815.534,m3,ca-court,0.0000,9022996.48
1790343815.534,m3,ca-audit,0.0000,8929673.216
1790343820.538,m4,dias-backend,0.0000,95598673.92
1790343820.538,m4,prometheus,0.0120,110519910.4
1790343820.538,m4,cadvisor-m4,0.0002,27483176.96
1790343820.538,m4,node-exporter-m4,0.0000,10084155.392
1790343820.533,m1,dev-peer0.police.example.com-diasrecords_2.3-adc3472e0c7f6d13d4110347673ef872d67a85cc3bf855bedad93020a127f59f,0.0000,83812679.68
1790343820.533,m1,peer0.police.example.com,0.0166,227121561.6
1790343820.533,m1,couchdb-police,0.0282,98723430.4
1790343820.533,m1,orderer1.example.com,0.0032,83382763.52
1790343820.533,m1,cadvisor-m1,0.0007,27179089.92
1790343820.533,m1,node-exporter-m1,0.0000,10350493.696
1790343820.533,m1,ca-orderer,0.0000,8765046.784
1790343820.533,m1,ca-police,0.0000,9351200.768
1790343820.533,m2,dev-peer0.prosecution.example.com-diasrecords_2.3-adc3472e0c7f6d13d4110347673ef872d67a85cc3bf855bedad93020a127f59f,0.0001,76986449.92
1790343820.533,m2,dev-peer0.forensics.example.com-diasrecords_2.3-adc3472e0c7f6d13d4110347673ef872d67a85cc3bf855bedad93020a127f59f,0.0000,78255226.88
1790343820.533,m2,peer0.forensics.example.com,0.0197,201221734.4
1790343820.533,m2,peer0.prosecution.example.com,0.0189,204367462.4
1790343820.533,m2,couchdb-forensics,0.0239,100086579.2
1790343820.533,m2,couchdb-prosecution,0.0217,88982159.36
1790343820.533,m2,orderer2.example.com,0.0035,75895930.88
1790343820.533,m2,node-exporter-m2,0.0000,9847177.216
1790343820.533,m2,cadvisor-m2,0.0000,26287800.32
1790343820.533,m2,ca-forensics,0.0000,9215934.464
1790343820.533,m2,ca-prosecution,0.0000,9064939.52
1790343820.536,m3,dev-peer0.audit.example.com-diasrecords_2.3-adc3472e0c7f6d13d4110347673ef872d67a85cc3bf855bedad93020a127f59f,0.0000,55763271.68
1790343820.536,m3,dev-peer0.court.example.com-diasrecords_2.3-adc3472e0c7f6d13d4110347673ef872d67a85cc3bf855bedad93020a127f59f,0.0000,78894858.24
1790343820.536,m3,peer0.court.example.com,0.0169,213280358.4
1790343820.536,m3,peer0.audit.example.com,0.0202,209295769.6
1790343820.536,m3,couchdb-court,0.0251,88751472.64
1790343820.536,m3,couchdb-audit,0.0247,154035814.4
1790343820.536,m3,orderer3.example.com,0.0078,53456404.48
1790343820.536,m3,node-exporter-m3,0.0000,21086863.36
1790343820.536,m3,cadvisor-m3,0.0000,39468400.64
1790343820.536,m3,ca-court,0.0000,9022996.48
1790343820.536,m3,ca-audit,0.0000,8929673.216
1790343825.548,m4,dias-backend,0.0000,95598673.92
1790343825.548,m4,prometheus,0.0071,110519910.4
1790343825.548,m4,cadvisor-m4,0.0000,27221032.96
1790343825.548,m4,node-exporter-m4,0.0000,10215227.392
1790343825.538,m1,dev-peer0.police.example.com-diasrecords_2.3-adc3472e0c7f6d13d4110347673ef872d67a85cc3bf855bedad93020a127f59f,0.0000,83812679.68
1790343825.538,m1,peer0.police.example.com,0.0276,227645849.6
1790343825.538,m1,couchdb-police,0.0082,98901688.32
1790343825.538,m1,orderer1.example.com,0.0053,83414220.8
1790343825.538,m1,cadvisor-m1,0.0000,26413629.44
1790343825.538,m1,node-exporter-m1,0.0079,10358882.304
1790343825.538,m1,ca-orderer,0.0000,8765046.784
1790343825.538,m1,ca-police,0.0000,9351200.768
1790343825.547,m3,dev-peer0.audit.example.com-diasrecords_2.3-adc3472e0c7f6d13d4110347673ef872d67a85cc3bf855bedad93020a127f59f,0.0000,55763271.68
1790343825.547,m3,dev-peer0.court.example.com-diasrecords_2.3-adc3472e0c7f6d13d4110347673ef872d67a85cc3bf855bedad93020a127f59f,0.0000,78894858.24
1790343825.547,m3,peer0.court.example.com,0.0149,213490073.6
1790343825.547,m3,peer0.audit.example.com,0.0151,208981196.8
1790343825.547,m3,couchdb-court,0.0031,88510300.16
1790343825.547,m3,couchdb-audit,0.0042,153930956.8
1790343825.547,m3,orderer3.example.com,0.0064,53697576.96
1790343825.547,m3,node-exporter-m3,0.0000,21338521.6
1790343825.547,m3,cadvisor-m3,0.0000,39541800.96
1790343825.547,m3,ca-court,0.0000,9022996.48
1790343825.547,m3,ca-audit,0.0000,8929673.216
1790343825.544,m2,dev-peer0.prosecution.example.com-diasrecords_2.3-adc3472e0c7f6d13d4110347673ef872d67a85cc3bf855bedad93020a127f59f,0.0000,76986449.92
1790343825.544,m2,dev-peer0.forensics.example.com-diasrecords_2.3-adc3472e0c7f6d13d4110347673ef872d67a85cc3bf855bedad93020a127f59f,0.0000,78255226.88
1790343825.544,m2,peer0.forensics.example.com,0.0178,201012019.2
1790343825.544,m2,peer0.prosecution.example.com,0.0174,204367462.4
1790343825.544,m2,couchdb-forensics,0.0059,99792977.92
1790343825.544,m2,couchdb-prosecution,0.0036,89076531.2
1790343825.544,m2,orderer2.example.com,0.0039,75895930.88
1790343825.544,m2,node-exporter-m2,0.0000,9847177.216
1790343825.544,m2,cadvisor-m2,0.0000,26528972.8
1790343825.544,m2,ca-forensics,0.0000,9215934.464
1790343825.544,m2,ca-prosecution,0.0000,9064939.52
1790343830.547,m4,dias-backend,0.0000,95598673.92
1790343830.547,m4,prometheus,0.0091,110624768.0
1790343830.547,m4,cadvisor-m4,0.0000,27483176.96
1790343830.547,m4,node-exporter-m4,0.0000,10477371.392
1790343830.542,m1,dev-peer0.police.example.com-diasrecords_2.3-adc3472e0c7f6d13d4110347673ef872d67a85cc3bf855bedad93020a127f59f,0.0000,83812679.68
1790343830.542,m1,peer0.police.example.com,0.0256,227331276.8
1790343830.542,m1,couchdb-police,0.0045,99017031.68
1790343830.542,m1,orderer1.example.com,0.0036,82921390.08
1790343830.542,m1,cadvisor-m1,0.0000,26675773.44
1790343830.542,m1,node-exporter-m1,0.0141,10084155.392
1790343830.542,m1,ca-orderer,0.0000,8765046.784
1790343830.542,m1,ca-police,0.0000,9351200.768
1790343830.546,m2,dev-peer0.prosecution.example.com-diasrecords_2.3-adc3472e0c7f6d13d4110347673ef872d67a85cc3bf855bedad93020a127f59f,0.0001,76986449.92
1790343830.546,m2,dev-peer0.forensics.example.com-diasrecords_2.3-adc3472e0c7f6d13d4110347673ef872d67a85cc3bf855bedad93020a127f59f,0.0000,78255226.88
1790343830.546,m2,peer0.forensics.example.com,0.0347,201221734.4
1790343830.546,m2,peer0.prosecution.example.com,0.0118,204157747.2
1790343830.546,m2,couchdb-forensics,0.0032,99740549.12
1790343830.546,m2,couchdb-prosecution,0.0040,89087016.96
1790343830.546,m2,orderer2.example.com,0.0028,76147589.12
1790343830.546,m2,node-exporter-m2,0.0000,9847177.216
1790343830.546,m2,cadvisor-m2,0.0000,26277314.56
1790343830.546,m2,ca-forensics,0.0000,9215934.464
1790343830.546,m2,ca-prosecution,0.0000,9064939.52
1790343830.546,m3,dev-peer0.audit.example.com-diasrecords_2.3-adc3472e0c7f6d13d4110347673ef872d67a85cc3bf855bedad93020a127f59f,0.0000,55763271.68
1790343830.546,m3,dev-peer0.court.example.com-diasrecords_2.3-adc3472e0c7f6d13d4110347673ef872d67a85cc3bf855bedad93020a127f59f,0.0000,78894858.24
1790343830.546,m3,peer0.court.example.com,0.0348,213490073.6
1790343830.546,m3,peer0.audit.example.com,0.0298,209924915.2
1790343830.546,m3,couchdb-court,0.0035,88961187.84
1790343830.546,m3,couchdb-audit,0.0032,154140672.0
1790343830.546,m3,orderer3.example.com,0.0043,53435432.96
1790343830.546,m3,node-exporter-m3,0.0000,21181235.2
1790343830.546,m3,cadvisor-m3,0.0000,39541800.96
1790343830.546,m3,ca-court,0.0000,9022996.48
1790343830.546,m3,ca-audit,0.0000,8929673.216
1790343835.547,m1,dev-peer0.police.example.com-diasrecords_2.3-adc3472e0c7f6d13d4110347673ef872d67a85cc3bf855bedad93020a127f59f,0.0000,83812679.68
1790343835.547,m1,peer0.police.example.com,0.0106,227436134.4
1790343835.547,m1,couchdb-police,0.0275,99373547.52
1790343835.547,m1,orderer1.example.com,0.0031,83676364.8
1790343835.547,m1,cadvisor-m1,0.0000,26403143.68
1790343835.547,m1,node-exporter-m1,0.0152,10096738.304
1790343835.547,m1,ca-orderer,0.0000,8765046.784
1790343835.547,m1,ca-police,0.0000,9351200.768
1790343835.555,m4,dias-backend,0.0000,95598673.92
1790343835.555,m4,prometheus,0.0072,110519910.4
1790343835.555,m4,cadvisor-m4,0.0000,27399290.88
1790343835.555,m4,node-exporter-m4,0.0000,10219421.696
1790343835.547,m2,dev-peer0.prosecution.example.com-diasrecords_2.3-adc3472e0c7f6d13d4110347673ef872d67a85cc3bf855bedad93020a127f59f,0.0000,76986449.92
1790343835.547,m2,dev-peer0.forensics.example.com-diasrecords_2.3-adc3472e0c7f6d13d4110347673ef872d67a85cc3bf855bedad93020a127f59f,0.0000,78255226.88
1790343835.547,m2,peer0.forensics.example.com,0.0112,200697446.4
1790343835.547,m2,peer0.prosecution.example.com,0.0108,204367462.4
1790343835.547,m2,couchdb-forensics,0.0229,100076093.44
1790343835.547,m2,couchdb-prosecution,0.0193,89034588.16
1790343835.547,m2,orderer2.example.com,0.0026,75916902.4
1790343835.547,m2,node-exporter-m2,0.0000,10014949.376
1790343835.547,m2,cadvisor-m2,0.0000,26539458.56
1790343835.547,m2,ca-forensics,0.0000,9215934.464
1790343835.547,m2,ca-prosecution,0.0000,9064939.52
1790343835.552,m3,dev-peer0.audit.example.com-diasrecords_2.3-adc3472e0c7f6d13d4110347673ef872d67a85cc3bf855bedad93020a127f59f,0.0000,55763271.68
1790343835.552,m3,dev-peer0.court.example.com-diasrecords_2.3-adc3472e0c7f6d13d4110347673ef872d67a85cc3bf855bedad93020a127f59f,0.0000,78894858.24
1790343835.552,m3,peer0.court.example.com,0.0099,212965785.6
1790343835.552,m3,peer0.audit.example.com,0.0110,209924915.2
1790343835.552,m3,couchdb-court,0.0206,88646615.04
1790343835.552,m3,couchdb-audit,0.0197,154245529.6
1790343835.552,m3,orderer3.example.com,0.0047,53194260.48
1790343835.552,m3,node-exporter-m3,0.0000,21044920.32
1790343835.552,m3,cadvisor-m3,0.0000,39300628.48
1790343835.552,m3,ca-court,0.0000,9022996.48
1790343835.552,m3,ca-audit,0.0000,8929673.216
1790343840.555,m4,dias-backend,0.0000,95598673.92
1790343840.555,m4,prometheus,0.0105,110624768.0
1790343840.555,m4,cadvisor-m4,0.0000,27378319.36
1790343840.555,m4,node-exporter-m4,0.0000,10219421.696
1790343840.551,m1,dev-peer0.police.example.com-diasrecords_2.3-adc3472e0c7f6d13d4110347673ef872d67a85cc3bf855bedad93020a127f59f,0.0000,83812679.68
1790343840.551,m1,peer0.police.example.com,0.0198,227121561.6
1790343840.551,m1,couchdb-police,0.0072,98870231.04
1790343840.551,m1,orderer1.example.com,0.0061,83435192.32
1790343840.551,m1,cadvisor-m1,0.0024,26895974.4
1790343840.551,m1,node-exporter-m1,0.0166,10342105.088
1790343840.551,m1,ca-orderer,0.0000,8765046.784
1790343840.551,m1,ca-police,0.0000,9351200.768
1790343840.552,m3,dev-peer0.audit.example.com-diasrecords_2.3-adc3472e0c7f6d13d4110347673ef872d67a85cc3bf855bedad93020a127f59f,0.0000,55763271.68
1790343840.552,m3,dev-peer0.court.example.com-diasrecords_2.3-adc3472e0c7f6d13d4110347673ef872d67a85cc3bf855bedad93020a127f59f,0.0000,78894858.24
1790343840.552,m3,peer0.court.example.com,0.0199,213490073.6
1790343840.552,m3,peer0.audit.example.com,0.0200,210134630.4
1790343840.552,m3,couchdb-court,0.0052,88782929.92
1790343840.552,m3,couchdb-audit,0.0043,153721241.6
1790343840.552,m3,orderer3.example.com,0.0069,53445918.72
1790343840.552,m3,node-exporter-m3,0.0000,20782776.32
1790343840.552,m3,cadvisor-m3,0.0023,40066088.96
1790343840.552,m3,ca-court,0.0000,9022996.48
1790343840.552,m3,ca-audit,0.0000,8929673.216
1790343840.551,m2,dev-peer0.prosecution.example.com-diasrecords_2.3-adc3472e0c7f6d13d4110347673ef872d67a85cc3bf855bedad93020a127f59f,0.0002,76986449.92
1790343840.551,m2,dev-peer0.forensics.example.com-diasrecords_2.3-adc3472e0c7f6d13d4110347673ef872d67a85cc3bf855bedad93020a127f59f,0.0000,78255226.88
1790343840.551,m2,peer0.forensics.example.com,0.0102,200697446.4
1790343840.551,m2,peer0.prosecution.example.com,0.0203,204367462.4
1790343840.551,m2,couchdb-forensics,0.0035,100023664.64
1790343840.551,m2,couchdb-prosecution,0.0043,88845844.48
1790343840.551,m2,orderer2.example.com,0.0038,76179046.4
1790343840.551,m2,node-exporter-m2,0.0000,10322182.144
1790343840.551,m2,cadvisor-m2,0.0000,26277314.56
1790343840.551,m2,ca-forensics,0.0000,9215934.464
1790343840.551,m2,ca-prosecution,0.0000,9064939.52
1790343845.557,m4,dias-backend,0.0000,95598673.92
1790343845.557,m4,prometheus,0.0085,110729625.6
1790343845.557,m4,cadvisor-m4,0.0000,27242004.48
1790343845.557,m4,node-exporter-m4,0.0000,10223616.0
1790343845.551,m1,dev-peer0.police.example.com-diasrecords_2.3-adc3472e0c7f6d13d4110347673ef872d67a85cc3bf855bedad93020a127f59f,0.0000,83812679.68
1790343845.551,m1,peer0.police.example.com,0.0146,227121561.6
1790343845.551,m1,couchdb-police,0.0060,98807316.48
1790343845.551,m1,orderer1.example.com,0.0051,83424706.56
1790343845.551,m1,cadvisor-m1,0.0000,26895974.4
1790343845.551,m1,node-exporter-m1,0.0164,10354688.0
1790343845.551,m1,ca-orderer,0.0000,8765046.784
1790343845.551,m1,ca-police,0.0000,9351200.768
1790343845.554,m3,dev-peer0.audit.example.com-diasrecords_2.3-adc3472e0c7f6d13d4110347673ef872d67a85cc3bf855bedad93020a127f59f,0.0000,55763271.68
1790343845.554,m3,dev-peer0.court.example.com-diasrecords_2.3-adc3472e0c7f6d13d4110347673ef872d67a85cc3bf855bedad93020a127f59f,0.0000,78894858.24
1790343845.554,m3,peer0.court.example.com,0.0125,213175500.8
1790343845.554,m3,peer0.audit.example.com,0.0163,209610342.4
1790343845.554,m3,couchdb-court,0.0035,88636129.28
1790343845.554,m3,couchdb-audit,0.0041,153930956.8
1790343845.554,m3,orderer3.example.com,0.0054,53445918.72
1790343845.554,m3,node-exporter-m3,0.0000,20782776.32
1790343845.554,m3,cadvisor-m3,0.0011,39541800.96
1790343845.554,m3,ca-court,0.0000,9022996.48
1790343845.554,m3,ca-audit,0.0000,8929673.216
1790343845.552,m2,dev-peer0.prosecution.example.com-diasrecords_2.3-adc3472e0c7f6d13d4110347673ef872d67a85cc3bf855bedad93020a127f59f,0.0000,76986449.92
1790343845.552,m2,dev-peer0.forensics.example.com-diasrecords_2.3-adc3472e0c7f6d13d4110347673ef872d67a85cc3bf855bedad93020a127f59f,0.0000,78255226.88
1790343845.552,m2,peer0.forensics.example.com,0.0141,200697446.4
1790343845.552,m2,peer0.prosecution.example.com,0.0166,204682035.2
1790343845.552,m2,couchdb-forensics,0.0040,99751034.88
1790343845.552,m2,couchdb-prosecution,0.0041,89139445.76
1790343845.552,m2,orderer2.example.com,0.0032,75927388.16
1790343845.552,m2,node-exporter-m2,0.0000,10100932.608
1790343845.552,m2,cadvisor-m2,0.0000,26455572.48
1790343845.552,m2,ca-forensics,0.0000,9215934.464
1790343845.552,m2,ca-prosecution,0.0000,9064939.52
1790343850.561,m4,dias-backend,0.0000,95598673.92
1790343850.561,m4,prometheus,0.0059,110624768.0
1790343850.561,m4,cadvisor-m4,0.0000,27336376.32
1790343850.561,m4,node-exporter-m4,0.0000,10485760.0
1790343850.557,m1,dev-peer0.police.example.com-diasrecords_2.3-adc3472e0c7f6d13d4110347673ef872d67a85cc3bf855bedad93020a127f59f,0.0000,83812679.68
1790343850.557,m1,peer0.police.example.com,0.0294,227436134.4
1790343850.557,m1,couchdb-police,0.0289,98230599.68
1790343850.557,m1,orderer1.example.com,0.0050,83414220.8
1790343850.557,m1,cadvisor-m1,0.0000,26508001.28
1790343850.557,m1,node-exporter-m1,0.0106,10506731.52
1790343850.557,m1,ca-orderer,0.0000,8765046.784
1790343850.557,m1,ca-police,0.0000,9351200.768
1790343850.561,m3,dev-peer0.audit.example.com-diasrecords_2.3-adc3472e0c7f6d13d4110347673ef872d67a85cc3bf855bedad93020a127f59f,0.0000,55763271.68
1790343850.561,m3,dev-peer0.court.example.com-diasrecords_2.3-adc3472e0c7f6d13d4110347673ef872d67a85cc3bf855bedad93020a127f59f,0.0000,78894858.24
1790343850.561,m3,peer0.court.example.com,0.0384,213175500.8
1790343850.561,m3,peer0.audit.example.com,0.0299,209610342.4
1790343850.561,m3,couchdb-court,0.0254,88499814.4
1790343850.561,m3,couchdb-audit,0.0275,153930956.8
1790343850.561,m3,orderer3.example.com,0.0062,53697576.96
1790343850.561,m3,node-exporter-m3,0.0000,20782776.32
1790343850.561,m3,cadvisor-m3,0.0000,39300628.48
1790343850.561,m3,ca-court,0.0000,9022996.48
1790343850.561,m3,ca-audit,0.0000,8929673.216
1790343850.559,m2,dev-peer0.prosecution.example.com-diasrecords_2.3-adc3472e0c7f6d13d4110347673ef872d67a85cc3bf855bedad93020a127f59f,0.0002,76986449.92
1790343850.559,m2,dev-peer0.forensics.example.com-diasrecords_2.3-adc3472e0c7f6d13d4110347673ef872d67a85cc3bf855bedad93020a127f59f,0.0000,78255226.88
1790343850.559,m2,peer0.forensics.example.com,0.0145,200697446.4
1790343850.559,m2,peer0.prosecution.example.com,0.0411,204682035.2
1790343850.559,m2,couchdb-forensics,0.0224,100296294.4
1790343850.559,m2,couchdb-prosecution,0.0228,88415928.32
1790343850.559,m2,orderer2.example.com,0.0034,75927388.16
1790343850.559,m2,node-exporter-m2,0.0000,10100932.608
1790343850.559,m2,cadvisor-m2,0.0000,26277314.56
1790343850.559,m2,ca-forensics,0.0000,9215934.464
1790343850.559,m2,ca-prosecution,0.0000,9064939.52
1790343855.574,m4,dias-backend,0.0000,95598673.92
1790343855.574,m4,prometheus,0.0079,110729625.6
1790343855.574,m4,cadvisor-m4,0.0000,27336376.32
1790343855.574,m4,node-exporter-m4,0.0000,10506731.52
1790343855.562,m1,dev-peer0.police.example.com-diasrecords_2.3-adc3472e0c7f6d13d4110347673ef872d67a85cc3bf855bedad93020a127f59f,0.0000,83812679.68
1790343855.562,m1,peer0.police.example.com,0.0136,227436134.4
1790343855.562,m1,couchdb-police,0.0064,98146713.6
1790343855.562,m1,orderer1.example.com,0.0046,83697336.32
1790343855.562,m1,cadvisor-m1,0.0000,26413629.44
1790343855.562,m1,node-exporter-m1,0.0094,10154409.984
1790343855.562,m1,ca-orderer,0.0000,8765046.784
1790343855.562,m1,ca-police,0.0000,9351200.768
1790343855.571,m2,dev-peer0.prosecution.example.com-diasrecords_2.3-adc3472e0c7f6d13d4110347673ef872d67a85cc3bf855bedad93020a127f59f,0.0000,76986449.92
1790343855.571,m2,dev-peer0.forensics.example.com-diasrecords_2.3-adc3472e0c7f6d13d4110347673ef872d67a85cc3bf855bedad93020a127f59f,0.0000,78255226.88
1790343855.571,m2,peer0.forensics.example.com,0.0140,201012019.2
1790343855.571,m2,peer0.prosecution.example.com,0.0140,204367462.4
1790343855.571,m2,couchdb-forensics,0.0075,99918807.04
1790343855.571,m2,couchdb-prosecution,0.0077,88237670.4
1790343855.571,m2,orderer2.example.com,0.0035,75675729.92
1790343855.571,m2,node-exporter-m2,0.0000,9720299.52
1790343855.571,m2,cadvisor-m2,0.0000,26539458.56
1790343855.571,m2,ca-forensics,0.0000,9215934.464
1790343855.571,m2,ca-prosecution,0.0000,9064939.52
1790343855.572,m3,dev-peer0.audit.example.com-diasrecords_2.3-adc3472e0c7f6d13d4110347673ef872d67a85cc3bf855bedad93020a127f59f,0.0000,55763271.68
1790343855.572,m3,dev-peer0.court.example.com-diasrecords_2.3-adc3472e0c7f6d13d4110347673ef872d67a85cc3bf855bedad93020a127f59f,0.0000,78894858.24
1790343855.572,m3,peer0.court.example.com,0.0122,213490073.6
1790343855.572,m3,peer0.audit.example.com,0.0142,209610342.4
1790343855.572,m3,couchdb-court,0.0052,88615157.76
1790343855.572,m3,couchdb-audit,0.0049,153721241.6
1790343855.572,m3,orderer3.example.com,0.0060,53697576.96
1790343855.572,m3,node-exporter-m3,0.0000,20782776.32
1790343855.572,m3,cadvisor-m3,0.0000,39541800.96
1790343855.572,m3,ca-court,0.0000,9022996.48
1790343855.572,m3,ca-audit,0.0000,8929673.216
