2026.08.24-15:31:15.697[32m info [39m [caliper] [cli-launch-manager] 	Set workspace path: /Users/venkatrayudu/Workspace/XAI workspace/crime-records-network/benchmarks/caliper
2026.08.24-15:31:15.698[32m info [39m [caliper] [cli-launch-manager] 	Set benchmark configuration path: /Users/venkatrayudu/Workspace/XAI workspace/crime-records-network/experiments/runs/2026-08-24T10-01-15-573Z_caliper_latency-clients-8/caliper-executed-benchmark.yaml
2026.08.24-15:31:15.698[32m info [39m [caliper] [cli-launch-manager] 	Set network configuration path: /Users/venkatrayudu/Workspace/XAI workspace/crime-records-network/benchmarks/caliper/generated/network-config.json
2026.08.24-15:31:15.698[32m info [39m [caliper] [cli-launch-manager] 	Set SUT type: fabric
2026.08.24-15:31:15.706[32m info [39m [caliper] [benchmark-validator] 	No observer specified, will default to `none`
2026.08.24-15:31:15.706[32m info [39m [caliper] [caliper-engine] 	Starting benchmark flow
2026.08.24-15:31:15.706[32m info [39m [caliper] [caliper-engine] 	Skipping start commands due to benchmark flow conditioning
2026.08.24-15:31:15.706[32m info [39m [caliper] [caliper-engine] 	Skipping initialization phase due to benchmark flow conditioning
2026.08.24-15:31:15.707[32m info [39m [caliper] [caliper-engine] 	Skipping install smart contract phase due to benchmark flow conditioning
2026.08.24-15:31:15.754[32m info [39m [caliper] [FabricConnectorFactory] 	Initializing peer gateway connector compatible with installed fabric-gateway SDK: 1.7.1
2026.08.24-15:31:15.762[32m info [39m [caliper] [IdentityManager] 	Adding io.krishnan (admin=false) as io.krishnan for organization PoliceMSP
2026.08.24-15:31:15.762[32m info [39m [caliper] [IdentityManager] 	Adding insp.rathore (admin=false) as insp.rathore for organization PoliceMSP
2026.08.24-15:31:15.762[32m info [39m [caliper] [IdentityManager] 	Adding insp.singh (admin=false) as insp.singh for organization PoliceMSP
2026.08.24-15:31:15.763[32m info [39m [caliper] [IdentityManager] 	Adding const.verma (admin=false) as const.verma for organization PoliceMSP
2026.08.24-15:31:15.763[32m info [39m [caliper] [IdentityManager] 	Adding insp.sharma (admin=false) as insp.sharma for organization PoliceMSP
2026.08.24-15:31:15.763[32m info [39m [caliper] [IdentityManager] 	Adding aud.qureshi (admin=false) as _AuditMSP_aud.qureshi for organization AuditMSP
2026.08.24-15:31:15.764[32m info [39m [caliper] [monitor.js] 	Attempting to create resource monitor of type prometheus
2026.08.24-15:31:15.765[32m info [39m [caliper] [default-observer] 	Observer interval set to 5000 milliseconds
2026.08.24-15:31:15.766[32m info [39m [caliper] [round-orchestrator] 	Preparing worker connections
2026.08.24-15:31:15.766[32m info [39m [caliper] [worker-orchestrator] 	Launching worker 1 of 8
2026.08.24-15:31:15.768[32m info [39m [caliper] [worker-orchestrator] 	Launching worker 2 of 8
2026.08.24-15:31:15.768[32m info [39m [caliper] [worker-orchestrator] 	Launching worker 3 of 8
2026.08.24-15:31:15.769[32m info [39m [caliper] [worker-orchestrator] 	Launching worker 4 of 8
2026.08.24-15:31:15.769[32m info [39m [caliper] [worker-orchestrator] 	Launching worker 5 of 8
2026.08.24-15:31:15.769[32m info [39m [caliper] [worker-orchestrator] 	Launching worker 6 of 8
2026.08.24-15:31:15.770[32m info [39m [caliper] [worker-orchestrator] 	Launching worker 7 of 8
2026.08.24-15:31:15.770[32m info [39m [caliper] [worker-orchestrator] 	Launching worker 8 of 8
2026.08.24-15:31:15.771[32m info [39m [caliper] [worker-orchestrator] 	Messenger not configured, entering configure phase...
2026.08.24-15:31:15.771[32m info [39m [caliper] [worker-orchestrator] 	No existing workers detected, entering worker launch phase...
2026.08.24-15:31:15.771[32m info [39m [caliper] [worker-orchestrator] 	Waiting for 8 workers to be connected...
2026.08.24-15:31:15.902[32m info [39m [caliper] [cli-launch-worker] 	Set workspace path: /Users/venkatrayudu/Workspace/XAI workspace/crime-records-network/benchmarks/caliper
2026.08.24-15:31:15.902[32m info [39m [caliper] [cli-launch-worker] 	Set benchmark configuration path: /Users/venkatrayudu/Workspace/XAI workspace/crime-records-network/experiments/runs/2026-08-24T10-01-15-573Z_caliper_latency-clients-8/caliper-executed-benchmark.yaml
2026.08.24-15:31:15.902[32m info [39m [caliper] [cli-launch-worker] 	Set network configuration path: /Users/venkatrayudu/Workspace/XAI workspace/crime-records-network/benchmarks/caliper/generated/network-config.json
2026.08.24-15:31:15.902[32m info [39m [caliper] [cli-launch-worker] 	Set SUT type: fabric
2026.08.24-15:31:15.904[32m info [39m [caliper] [cli-launch-worker] 	Set workspace path: /Users/venkatrayudu/Workspace/XAI workspace/crime-records-network/benchmarks/caliper
2026.08.24-15:31:15.905[32m info [39m [caliper] [cli-launch-worker] 	Set benchmark configuration path: /Users/venkatrayudu/Workspace/XAI workspace/crime-records-network/experiments/runs/2026-08-24T10-01-15-573Z_caliper_latency-clients-8/caliper-executed-benchmark.yaml
2026.08.24-15:31:15.905[32m info [39m [caliper] [cli-launch-worker] 	Set network configuration path: /Users/venkatrayudu/Workspace/XAI workspace/crime-records-network/benchmarks/caliper/generated/network-config.json
2026.08.24-15:31:15.905[32m info [39m [caliper] [cli-launch-worker] 	Set SUT type: fabric
2026.08.24-15:31:15.904[32m info [39m [caliper] [cli-launch-worker] 	Set workspace path: /Users/venkatrayudu/Workspace/XAI workspace/crime-records-network/benchmarks/caliper
2026.08.24-15:31:15.905[32m info [39m [caliper] [cli-launch-worker] 	Set benchmark configuration path: /Users/venkatrayudu/Workspace/XAI workspace/crime-records-network/experiments/runs/2026-08-24T10-01-15-573Z_caliper_latency-clients-8/caliper-executed-benchmark.yaml
2026.08.24-15:31:15.905[32m info [39m [caliper] [cli-launch-worker] 	Set network configuration path: /Users/venkatrayudu/Workspace/XAI workspace/crime-records-network/benchmarks/caliper/generated/network-config.json
2026.08.24-15:31:15.905[32m info [39m [caliper] [cli-launch-worker] 	Set SUT type: fabric
2026.08.24-15:31:15.905[32m info [39m [caliper] [cli-launch-worker] 	Set workspace path: /Users/venkatrayudu/Workspace/XAI workspace/crime-records-network/benchmarks/caliper
2026.08.24-15:31:15.905[32m info [39m [caliper] [cli-launch-worker] 	Set benchmark configuration path: /Users/venkatrayudu/Workspace/XAI workspace/crime-records-network/experiments/runs/2026-08-24T10-01-15-573Z_caliper_latency-clients-8/caliper-executed-benchmark.yaml
2026.08.24-15:31:15.905[32m info [39m [caliper] [cli-launch-worker] 	Set network configuration path: /Users/venkatrayudu/Workspace/XAI workspace/crime-records-network/benchmarks/caliper/generated/network-config.json
2026.08.24-15:31:15.905[32m info [39m [caliper] [cli-launch-worker] 	Set SUT type: fabric
2026.08.24-15:31:15.906[32m info [39m [caliper] [cli-launch-worker] 	Set workspace path: /Users/venkatrayudu/Workspace/XAI workspace/crime-records-network/benchmarks/caliper
2026.08.24-15:31:15.906[32m info [39m [caliper] [cli-launch-worker] 	Set benchmark configuration path: /Users/venkatrayudu/Workspace/XAI workspace/crime-records-network/experiments/runs/2026-08-24T10-01-15-573Z_caliper_latency-clients-8/caliper-executed-benchmark.yaml
2026.08.24-15:31:15.906[32m info [39m [caliper] [cli-launch-worker] 	Set network configuration path: /Users/venkatrayudu/Workspace/XAI workspace/crime-records-network/benchmarks/caliper/generated/network-config.json
2026.08.24-15:31:15.906[32m info [39m [caliper] [cli-launch-worker] 	Set SUT type: fabric
2026.08.24-15:31:15.906[32m info [39m [caliper] [cli-launch-worker] 	Set workspace path: /Users/venkatrayudu/Workspace/XAI workspace/crime-records-network/benchmarks/caliper
2026.08.24-15:31:15.906[32m info [39m [caliper] [cli-launch-worker] 	Set workspace path: /Users/venkatrayudu/Workspace/XAI workspace/crime-records-network/benchmarks/caliper
2026.08.24-15:31:15.907[32m info [39m [caliper] [cli-launch-worker] 	Set benchmark configuration path: /Users/venkatrayudu/Workspace/XAI workspace/crime-records-network/experiments/runs/2026-08-24T10-01-15-573Z_caliper_latency-clients-8/caliper-executed-benchmark.yaml
2026.08.24-15:31:15.907[32m info [39m [caliper] [cli-launch-worker] 	Set benchmark configuration path: /Users/venkatrayudu/Workspace/XAI workspace/crime-records-network/experiments/runs/2026-08-24T10-01-15-573Z_caliper_latency-clients-8/caliper-executed-benchmark.yaml
2026.08.24-15:31:15.907[32m info [39m [caliper] [cli-launch-worker] 	Set network configuration path: /Users/venkatrayudu/Workspace/XAI workspace/crime-records-network/benchmarks/caliper/generated/network-config.json
2026.08.24-15:31:15.907[32m info [39m [caliper] [cli-launch-worker] 	Set network configuration path: /Users/venkatrayudu/Workspace/XAI workspace/crime-records-network/benchmarks/caliper/generated/network-config.json
2026.08.24-15:31:15.907[32m info [39m [caliper] [cli-launch-worker] 	Set SUT type: fabric
2026.08.24-15:31:15.907[32m info [39m [caliper] [cli-launch-worker] 	Set SUT type: fabric
2026.08.24-15:31:15.907[32m info [39m [caliper] [cli-launch-worker] 	Set workspace path: /Users/venkatrayudu/Workspace/XAI workspace/crime-records-network/benchmarks/caliper
2026.08.24-15:31:15.908[32m info [39m [caliper] [cli-launch-worker] 	Set benchmark configuration path: /Users/venkatrayudu/Workspace/XAI workspace/crime-records-network/experiments/runs/2026-08-24T10-01-15-573Z_caliper_latency-clients-8/caliper-executed-benchmark.yaml
2026.08.24-15:31:15.908[32m info [39m [caliper] [cli-launch-worker] 	Set network configuration path: /Users/venkatrayudu/Workspace/XAI workspace/crime-records-network/benchmarks/caliper/generated/network-config.json
2026.08.24-15:31:15.908[32m info [39m [caliper] [cli-launch-worker] 	Set SUT type: fabric
2026.08.24-15:31:15.927[32m info [39m [caliper] [worker-orchestrator] 	8 workers connected, progressing to worker assignment phase.
2026.08.24-15:31:15.927[32m info [39m [caliper] [worker-orchestrator] 	Workers currently unassigned, awaiting index assignment...
2026.08.24-15:31:15.928[32m info [39m [caliper] [worker-orchestrator] 	Waiting for 8 workers to be assigned...
2026.08.24-15:31:15.932[32m info [39m [caliper] [worker-orchestrator] 	8 workers assigned, progressing to worker initialization phase.
2026.08.24-15:31:15.932[32m info [39m [caliper] [worker-orchestrator] 	Waiting for 8 workers to be ready...
2026.08.24-15:31:15.932[32m info [39m [caliper] [worker-message-handler] 	Initializing Worker#2...
2026.08.24-15:31:15.932[32m info [39m [caliper] [worker-message-handler] 	Initializing Worker#0...
2026.08.24-15:31:15.932[32m info [39m [caliper] [worker-message-handler] 	Initializing Worker#3...
2026.08.24-15:31:15.932[32m info [39m [caliper] [worker-message-handler] 	Initializing Worker#4...
2026.08.24-15:31:15.932[32m info [39m [caliper] [worker-message-handler] 	Initializing Worker#7...
2026.08.24-15:31:15.932[32m info [39m [caliper] [worker-message-handler] 	Initializing Worker#6...
2026.08.24-15:31:15.932[32m info [39m [caliper] [worker-message-handler] 	Initializing Worker#5...
2026.08.24-15:31:15.932[32m info [39m [caliper] [worker-message-handler] 	Initializing Worker#1...
2026.08.24-15:31:15.990[32m info [39m [caliper] [FabricConnectorFactory] 	Initializing peer gateway connector compatible with installed fabric-gateway SDK: 1.7.1
2026.08.24-15:31:15.990[32m info [39m [caliper] [FabricConnectorFactory] 	Initializing peer gateway connector compatible with installed fabric-gateway SDK: 1.7.1
2026.08.24-15:31:15.991[32m info [39m [caliper] [FabricConnectorFactory] 	Initializing peer gateway connector compatible with installed fabric-gateway SDK: 1.7.1
2026.08.24-15:31:15.991[32m info [39m [caliper] [FabricConnectorFactory] 	Initializing peer gateway connector compatible with installed fabric-gateway SDK: 1.7.1
2026.08.24-15:31:15.991[32m info [39m [caliper] [FabricConnectorFactory] 	Initializing peer gateway connector compatible with installed fabric-gateway SDK: 1.7.1
2026.08.24-15:31:15.991[32m info [39m [caliper] [FabricConnectorFactory] 	Initializing peer gateway connector compatible with installed fabric-gateway SDK: 1.7.1
2026.08.24-15:31:15.991[32m info [39m [caliper] [FabricConnectorFactory] 	Initializing peer gateway connector compatible with installed fabric-gateway SDK: 1.7.1
2026.08.24-15:31:15.992[32m info [39m [caliper] [IdentityManager] 	Adding io.krishnan (admin=false) as io.krishnan for organization PoliceMSP
2026.08.24-15:31:15.992[32m info [39m [caliper] [FabricConnectorFactory] 	Initializing peer gateway connector compatible with installed fabric-gateway SDK: 1.7.1
2026.08.24-15:31:15.993[32m info [39m [caliper] [IdentityManager] 	Adding io.krishnan (admin=false) as io.krishnan for organization PoliceMSP
2026.08.24-15:31:15.993[32m info [39m [caliper] [IdentityManager] 	Adding insp.rathore (admin=false) as insp.rathore for organization PoliceMSP
2026.08.24-15:31:15.993[32m info [39m [caliper] [IdentityManager] 	Adding insp.rathore (admin=false) as insp.rathore for organization PoliceMSP
2026.08.24-15:31:15.993[32m info [39m [caliper] [IdentityManager] 	Adding insp.singh (admin=false) as insp.singh for organization PoliceMSP
2026.08.24-15:31:15.994[32m info [39m [caliper] [IdentityManager] 	Adding insp.singh (admin=false) as insp.singh for organization PoliceMSP
2026.08.24-15:31:15.994[32m info [39m [caliper] [IdentityManager] 	Adding io.krishnan (admin=false) as io.krishnan for organization PoliceMSP
2026.08.24-15:31:15.994[32m info [39m [caliper] [IdentityManager] 	Adding io.krishnan (admin=false) as io.krishnan for organization PoliceMSP
2026.08.24-15:31:15.994[32m info [39m [caliper] [IdentityManager] 	Adding io.krishnan (admin=false) as io.krishnan for organization PoliceMSP
2026.08.24-15:31:15.994[32m info [39m [caliper] [IdentityManager] 	Adding const.verma (admin=false) as const.verma for organization PoliceMSP
2026.08.24-15:31:15.994[32m info [39m [caliper] [IdentityManager] 	Adding io.krishnan (admin=false) as io.krishnan for organization PoliceMSP
2026.08.24-15:31:15.994[32m info [39m [caliper] [IdentityManager] 	Adding io.krishnan (admin=false) as io.krishnan for organization PoliceMSP
2026.08.24-15:31:15.994[32m info [39m [caliper] [IdentityManager] 	Adding const.verma (admin=false) as const.verma for organization PoliceMSP
2026.08.24-15:31:15.994[32m info [39m [caliper] [IdentityManager] 	Adding insp.rathore (admin=false) as insp.rathore for organization PoliceMSP
2026.08.24-15:31:15.994[32m info [39m [caliper] [IdentityManager] 	Adding insp.rathore (admin=false) as insp.rathore for organization PoliceMSP
2026.08.24-15:31:15.995[32m info [39m [caliper] [IdentityManager] 	Adding insp.rathore (admin=false) as insp.rathore for organization PoliceMSP
2026.08.24-15:31:15.995[32m info [39m [caliper] [IdentityManager] 	Adding insp.sharma (admin=false) as insp.sharma for organization PoliceMSP
2026.08.24-15:31:15.995[32m info [39m [caliper] [IdentityManager] 	Adding insp.rathore (admin=false) as insp.rathore for organization PoliceMSP
2026.08.24-15:31:15.995[32m info [39m [caliper] [IdentityManager] 	Adding insp.rathore (admin=false) as insp.rathore for organization PoliceMSP
2026.08.24-15:31:15.995[32m info [39m [caliper] [IdentityManager] 	Adding insp.singh (admin=false) as insp.singh for organization PoliceMSP
2026.08.24-15:31:15.995[32m info [39m [caliper] [IdentityManager] 	Adding insp.singh (admin=false) as insp.singh for organization PoliceMSP
2026.08.24-15:31:15.995[32m info [39m [caliper] [IdentityManager] 	Adding insp.sharma (admin=false) as insp.sharma for organization PoliceMSP
2026.08.24-15:31:15.995[32m info [39m [caliper] [IdentityManager] 	Adding io.krishnan (admin=false) as io.krishnan for organization PoliceMSP
2026.08.24-15:31:15.995[32m info [39m [caliper] [IdentityManager] 	Adding insp.singh (admin=false) as insp.singh for organization PoliceMSP
2026.08.24-15:31:15.995[32m info [39m [caliper] [IdentityManager] 	Adding insp.singh (admin=false) as insp.singh for organization PoliceMSP
2026.08.24-15:31:15.995[32m info [39m [caliper] [IdentityManager] 	Adding aud.qureshi (admin=false) as _AuditMSP_aud.qureshi for organization AuditMSP
2026.08.24-15:31:15.995[32m info [39m [caliper] [IdentityManager] 	Adding insp.singh (admin=false) as insp.singh for organization PoliceMSP
2026.08.24-15:31:15.995[32m info [39m [caliper] [IdentityManager] 	Adding const.verma (admin=false) as const.verma for organization PoliceMSP
2026.08.24-15:31:15.995[32m info [39m [caliper] [IdentityManager] 	Adding insp.rathore (admin=false) as insp.rathore for organization PoliceMSP
2026.08.24-15:31:15.995[32m info [39m [caliper] [IdentityManager] 	Adding const.verma (admin=false) as const.verma for organization PoliceMSP
2026.08.24-15:31:15.996[32m info [39m [caliper] [IdentityManager] 	Adding aud.qureshi (admin=false) as _AuditMSP_aud.qureshi for organization AuditMSP
2026.08.24-15:31:15.996[32m info [39m [caliper] [IdentityManager] 	Adding const.verma (admin=false) as const.verma for organization PoliceMSP
2026.08.24-15:31:15.996[32m info [39m [caliper] [IdentityManager] 	Adding const.verma (admin=false) as const.verma for organization PoliceMSP
2026.08.24-15:31:15.996[32m info [39m [caliper] [IdentityManager] 	Adding insp.singh (admin=false) as insp.singh for organization PoliceMSP
2026.08.24-15:31:15.996[32m info [39m [caliper] [IdentityManager] 	Adding insp.sharma (admin=false) as insp.sharma for organization PoliceMSP
2026.08.24-15:31:15.996[32m info [39m [caliper] [IdentityManager] 	Adding const.verma (admin=false) as const.verma for organization PoliceMSP
2026.08.24-15:31:15.996[32m info [39m [caliper] [IdentityManager] 	Adding insp.sharma (admin=false) as insp.sharma for organization PoliceMSP
2026.08.24-15:31:15.996[32m info [39m [caliper] [IdentityManager] 	Adding insp.sharma (admin=false) as insp.sharma for organization PoliceMSP
2026.08.24-15:31:15.996[32m info [39m [caliper] [IdentityManager] 	Adding insp.sharma (admin=false) as insp.sharma for organization PoliceMSP
2026.08.24-15:31:15.996[32m info [39m [caliper] [IdentityManager] 	Adding aud.qureshi (admin=false) as _AuditMSP_aud.qureshi for organization AuditMSP
2026.08.24-15:31:15.997[32m info [39m [caliper] [IdentityManager] 	Adding insp.sharma (admin=false) as insp.sharma for organization PoliceMSP
2026.08.24-15:31:15.997[32m info [39m [caliper] [IdentityManager] 	Adding const.verma (admin=false) as const.verma for organization PoliceMSP
2026.08.24-15:31:15.997[32m info [39m [caliper] [IdentityManager] 	Adding aud.qureshi (admin=false) as _AuditMSP_aud.qureshi for organization AuditMSP
2026.08.24-15:31:15.997[32m info [39m [caliper] [IdentityManager] 	Adding aud.qureshi (admin=false) as _AuditMSP_aud.qureshi for organization AuditMSP
2026.08.24-15:31:15.997[32m info [39m [caliper] [IdentityManager] 	Adding aud.qureshi (admin=false) as _AuditMSP_aud.qureshi for organization AuditMSP
2026.08.24-15:31:15.997[32m info [39m [caliper] [IdentityManager] 	Adding aud.qureshi (admin=false) as _AuditMSP_aud.qureshi for organization AuditMSP
2026.08.24-15:31:15.997[32m info [39m [caliper] [IdentityManager] 	Adding insp.sharma (admin=false) as insp.sharma for organization PoliceMSP
2026.08.24-15:31:15.997[32m info [39m [caliper] [IdentityManager] 	Adding aud.qureshi (admin=false) as _AuditMSP_aud.qureshi for organization AuditMSP
2026.08.24-15:31:15.997[32m info [39m [caliper] [worker-message-handler] 	Worker#7 initialized
2026.08.24-15:31:15.998[32m info [39m [caliper] [worker-message-handler] 	Worker#1 initialized
2026.08.24-15:31:15.999[32m info [39m [caliper] [worker-message-handler] 	Worker#2 initialized
2026.08.24-15:31:15.999[32m info [39m [caliper] [worker-message-handler] 	Worker#6 initialized
2026.08.24-15:31:15.999[32m info [39m [caliper] [worker-message-handler] 	Worker#5 initialized
2026.08.24-15:31:15.999[32m info [39m [caliper] [worker-message-handler] 	Worker#4 initialized
2026.08.24-15:31:15.999[32m info [39m [caliper] [worker-message-handler] 	Worker#0 initialized
2026.08.24-15:31:15.999[32m info [39m [caliper] [worker-message-handler] 	Worker#3 initialized
2026.08.24-15:31:15.999[32m info [39m [caliper] [worker-orchestrator] 	8 workers ready, progressing to test preparation phase.
2026.08.24-15:31:16.000[32m info [39m [caliper] [round-orchestrator] 	Started round 1 (clients-8-warmup)
2026.08.24-15:31:16.000[32m info [39m [caliper] [worker-message-handler] 	Preparing Worker#0 for Round#0
2026.08.24-15:31:16.000[32m info [39m [caliper] [worker-message-handler] 	Preparing Worker#1 for Round#0
2026.08.24-15:31:16.000[32m info [39m [caliper] [worker-message-handler] 	Preparing Worker#2 for Round#0
2026.08.24-15:31:16.000[32m info [39m [caliper] [worker-message-handler] 	Preparing Worker#3 for Round#0
2026.08.24-15:31:16.000[32m info [39m [caliper] [worker-message-handler] 	Preparing Worker#4 for Round#0
2026.08.24-15:31:16.000[32m info [39m [caliper] [worker-message-handler] 	Preparing Worker#5 for Round#0
2026.08.24-15:31:16.001[32m info [39m [caliper] [worker-message-handler] 	Preparing Worker#6 for Round#0
2026.08.24-15:31:16.001[32m info [39m [caliper] [worker-message-handler] 	Preparing Worker#7 for Round#0
2026.08.24-15:31:16.009[32m info [39m [caliper] [connectors/peer-gateway/PeerGateway] 	Generating contract map for user io.krishnan
2026.08.24-15:31:16.009[32m info [39m [caliper] [connectors/peer-gateway/PeerGateway] 	Generating contract map for user io.krishnan
2026.08.24-15:31:16.010[32m info [39m [caliper] [connectors/peer-gateway/PeerGateway] 	Generating contract map for user io.krishnan
2026.08.24-15:31:16.010[32m info [39m [caliper] [connectors/peer-gateway/PeerGateway] 	Generating contract map for user io.krishnan
2026.08.24-15:31:16.010[32m info [39m [caliper] [connectors/peer-gateway/PeerGateway] 	Generating contract map for user io.krishnan
2026.08.24-15:31:16.010[32m info [39m [caliper] [connectors/peer-gateway/PeerGateway] 	Generating contract map for user insp.rathore
2026.08.24-15:31:16.010[32m info [39m [caliper] [connectors/peer-gateway/PeerGateway] 	Generating contract map for user insp.rathore
2026.08.24-15:31:16.010[32m info [39m [caliper] [connectors/peer-gateway/PeerGateway] 	Generating contract map for user io.krishnan
2026.08.24-15:31:16.010[32m info [39m [caliper] [connectors/peer-gateway/PeerGateway] 	Generating contract map for user insp.rathore
2026.08.24-15:31:16.010[32m info [39m [caliper] [connectors/peer-gateway/PeerGateway] 	Generating contract map for user insp.rathore
2026.08.24-15:31:16.010[32m info [39m [caliper] [connectors/peer-gateway/PeerGateway] 	Generating contract map for user io.krishnan
2026.08.24-15:31:16.010[32m info [39m [caliper] [connectors/peer-gateway/PeerGateway] 	Generating contract map for user insp.singh
2026.08.24-15:31:16.010[32m info [39m [caliper] [connectors/peer-gateway/PeerGateway] 	Generating contract map for user insp.singh
2026.08.24-15:31:16.010[32m info [39m [caliper] [connectors/peer-gateway/PeerGateway] 	Generating contract map for user const.verma
2026.08.24-15:31:16.010[32m info [39m [caliper] [connectors/peer-gateway/PeerGateway] 	Generating contract map for user const.verma
2026.08.24-15:31:16.010[32m info [39m [caliper] [connectors/peer-gateway/PeerGateway] 	Generating contract map for user insp.singh
2026.08.24-15:31:16.010[32m info [39m [caliper] [connectors/peer-gateway/PeerGateway] 	Generating contract map for user insp.rathore
2026.08.24-15:31:16.010[32m info [39m [caliper] [connectors/peer-gateway/PeerGateway] 	Generating contract map for user insp.rathore
2026.08.24-15:31:16.010[32m info [39m [caliper] [connectors/peer-gateway/PeerGateway] 	Generating contract map for user insp.singh
2026.08.24-15:31:16.010[32m info [39m [caliper] [connectors/peer-gateway/PeerGateway] 	Generating contract map for user insp.rathore
2026.08.24-15:31:16.010[32m info [39m [caliper] [connectors/peer-gateway/PeerGateway] 	Generating contract map for user io.krishnan
2026.08.24-15:31:16.010[32m info [39m [caliper] [connectors/peer-gateway/PeerGateway] 	Generating contract map for user const.verma
2026.08.24-15:31:16.010[32m info [39m [caliper] [connectors/peer-gateway/PeerGateway] 	Generating contract map for user insp.sharma
2026.08.24-15:31:16.010[32m info [39m [caliper] [connectors/peer-gateway/PeerGateway] 	Generating contract map for user insp.sharma
2026.08.24-15:31:16.010[32m info [39m [caliper] [connectors/peer-gateway/PeerGateway] 	Generating contract map for user const.verma
2026.08.24-15:31:16.010[32m info [39m [caliper] [connectors/peer-gateway/PeerGateway] 	Generating contract map for user insp.singh
2026.08.24-15:31:16.010[32m info [39m [caliper] [connectors/peer-gateway/PeerGateway] 	Generating contract map for user insp.singh
2026.08.24-15:31:16.010[32m info [39m [caliper] [connectors/peer-gateway/PeerGateway] 	Generating contract map for user insp.sharma
2026.08.24-15:31:16.010[32m info [39m [caliper] [connectors/peer-gateway/PeerGateway] 	Generating contract map for user insp.singh
2026.08.24-15:31:16.010[32m info [39m [caliper] [connectors/peer-gateway/PeerGateway] 	Generating contract map for user insp.sharma
2026.08.24-15:31:16.010[32m info [39m [caliper] [connectors/peer-gateway/PeerGateway] 	Generating contract map for user const.verma
2026.08.24-15:31:16.010[32m info [39m [caliper] [connectors/peer-gateway/PeerGateway] 	Generating contract map for user insp.rathore
2026.08.24-15:31:16.010[32m info [39m [caliper] [connectors/peer-gateway/PeerGateway] 	Generating contract map for user const.verma
2026.08.24-15:31:16.010[32m info [39m [caliper] [connectors/peer-gateway/PeerGateway] 	Generating contract map for user const.verma
2026.08.24-15:31:16.010[32m info [39m [caliper] [connectors/peer-gateway/PeerGateway] 	Generating contract map for user insp.sharma
2026.08.24-15:31:16.010[32m info [39m [caliper] [connectors/peer-gateway/PeerGateway] 	Generating contract map for user insp.sharma
2026.08.24-15:31:16.011[32m info [39m [caliper] [connectors/peer-gateway/PeerGateway] 	Generating contract map for user insp.singh
2026.08.24-15:31:16.011[32m info [39m [caliper] [connectors/peer-gateway/PeerGateway] 	Generating contract map for user insp.sharma
2026.08.24-15:31:16.011[32m info [39m [caliper] [connectors/peer-gateway/PeerGateway] 	Generating contract map for user const.verma
2026.08.24-15:31:16.011[32m info [39m [caliper] [connectors/peer-gateway/PeerGateway] 	Generating contract map for user insp.sharma
2026.08.24-15:31:16.012[32m info [39m [caliper] [connectors/peer-gateway/PeerGateway] 	Generating contract map for user _AuditMSP_aud.qureshi
2026.08.24-15:31:16.012[32m info [39m [caliper] [connectors/peer-gateway/PeerGateway] 	Generating contract map for user _AuditMSP_aud.qureshi
2026.08.24-15:31:16.012[32m info [39m [caliper] [connectors/peer-gateway/PeerGateway] 	Generating contract map for user _AuditMSP_aud.qureshi
2026.08.24-15:31:16.012[32m info [39m [caliper] [caliper-worker] 	Info: worker 3 prepare test phase for round 0 is starting...
2026.08.24-15:31:16.012[32m info [39m [caliper] [caliper-worker] 	Info: worker 1 prepare test phase for round 0 is starting...
2026.08.24-15:31:16.012[32m info [39m [caliper] [caliper-worker] 	Info: worker 7 prepare test phase for round 0 is starting...
2026.08.24-15:31:16.013[32m info [39m [caliper] [connectors/peer-gateway/PeerGateway] 	Generating contract map for user _AuditMSP_aud.qureshi
2026.08.24-15:31:16.013[32m info [39m [caliper] [connectors/peer-gateway/PeerGateway] 	Generating contract map for user _AuditMSP_aud.qureshi
2026.08.24-15:31:16.013[32m info [39m [caliper] [caliper-worker] 	Info: worker 5 prepare test phase for round 0 is starting...
2026.08.24-15:31:16.013[32m info [39m [caliper] [caliper-worker] 	Info: worker 2 prepare test phase for round 0 is starting...
2026.08.24-15:31:16.013[32m info [39m [caliper] [connectors/peer-gateway/PeerGateway] 	Generating contract map for user _AuditMSP_aud.qureshi
2026.08.24-15:31:16.013[32m info [39m [caliper] [caliper-worker] 	Info: worker 0 prepare test phase for round 0 is starting...
2026.08.24-15:31:16.013[32m info [39m [caliper] [connectors/peer-gateway/PeerGateway] 	Generating contract map for user _AuditMSP_aud.qureshi
2026.08.24-15:31:16.013[32m info [39m [caliper] [connectors/peer-gateway/PeerGateway] 	Generating contract map for user _AuditMSP_aud.qureshi
2026.08.24-15:31:16.013[32m info [39m [caliper] [caliper-worker] 	Info: worker 4 prepare test phase for round 0 is starting...
2026.08.24-15:31:16.013[32m info [39m [caliper] [caliper-worker] 	Info: worker 6 prepare test phase for round 0 is starting...
2026.08.24-15:31:16.014[32m info [39m [caliper] [connectors/peer-gateway/PeerGateway] 	disconnecting gateway for user io.krishnan
2026.08.24-15:31:16.014[32m info [39m [caliper] [connectors/peer-gateway/PeerGateway] 	disconnecting gateway for user io.krishnan
2026.08.24-15:31:16.014[32m info [39m [caliper] [connectors/peer-gateway/PeerGateway] 	disconnecting gateway for user io.krishnan
2026.08.24-15:31:16.014[32m info [39m [caliper] [connectors/peer-gateway/PeerGateway] 	disconnecting gateway for user insp.rathore
2026.08.24-15:31:16.014[32m info [39m [caliper] [connectors/peer-gateway/PeerGateway] 	disconnecting gateway for user insp.rathore
2026.08.24-15:31:16.014[32m info [39m [caliper] [connectors/peer-gateway/PeerGateway] 	disconnecting gateway for user insp.rathore
2026.08.24-15:31:16.014[32m info [39m [caliper] [connectors/peer-gateway/PeerGateway] 	disconnecting gateway for user insp.singh
2026.08.24-15:31:16.014[32m info [39m [caliper] [connectors/peer-gateway/PeerGateway] 	disconnecting gateway for user insp.singh
2026.08.24-15:31:16.014[32m info [39m [caliper] [connectors/peer-gateway/PeerGateway] 	disconnecting gateway for user insp.singh
2026.08.24-15:31:16.014[32m info [39m [caliper] [connectors/peer-gateway/PeerGateway] 	disconnecting gateway for user const.verma
2026.08.24-15:31:16.014[32m info [39m [caliper] [connectors/peer-gateway/PeerGateway] 	disconnecting gateway for user const.verma
2026.08.24-15:31:16.014[32m info [39m [caliper] [connectors/peer-gateway/PeerGateway] 	disconnecting gateway for user const.verma
2026.08.24-15:31:16.014[32m info [39m [caliper] [connectors/peer-gateway/PeerGateway] 	disconnecting gateway for user insp.sharma
2026.08.24-15:31:16.014[32m info [39m [caliper] [connectors/peer-gateway/PeerGateway] 	disconnecting gateway for user insp.sharma
2026.08.24-15:31:16.014[32m info [39m [caliper] [connectors/peer-gateway/PeerGateway] 	disconnecting gateway for user insp.sharma
2026.08.24-15:31:16.014[32m info [39m [caliper] [connectors/peer-gateway/PeerGateway] 	disconnecting gateway for user _AuditMSP_aud.qureshi
2026.08.24-15:31:16.014[32m info [39m [caliper] [connectors/peer-gateway/PeerGateway] 	disconnecting gateway for user _AuditMSP_aud.qureshi
2026.08.24-15:31:16.014[32m info [39m [caliper] [connectors/peer-gateway/PeerGateway] 	disconnecting gateway for user _AuditMSP_aud.qureshi
2026.08.24-15:31:16.014[32m info [39m [caliper] [connectors/peer-gateway/PeerGateway] 	disconnecting gRpc client at peer PoliceMSP_localhost:7051
2026.08.24-15:31:16.014[32m info [39m [caliper] [connectors/peer-gateway/PeerGateway] 	disconnecting gRpc client at peer PoliceMSP_localhost:7051
2026.08.24-15:31:16.014[32m info [39m [caliper] [connectors/peer-gateway/PeerGateway] 	disconnecting gRpc client at peer PoliceMSP_localhost:7051
2026.08.24-15:31:16.014[32m info [39m [caliper] [connectors/peer-gateway/PeerGateway] 	disconnecting gateway for user io.krishnan
2026.08.24-15:31:16.014[32m info [39m [caliper] [connectors/peer-gateway/PeerGateway] 	disconnecting gateway for user io.krishnan
2026.08.24-15:31:16.014[32m info [39m [caliper] [connectors/peer-gateway/PeerGateway] 	disconnecting gateway for user insp.rathore
2026.08.24-15:31:16.014[32m info [39m [caliper] [connectors/peer-gateway/PeerGateway] 	disconnecting gateway for user insp.rathore
2026.08.24-15:31:16.014[32m info [39m [caliper] [connectors/peer-gateway/PeerGateway] 	disconnecting gateway for user insp.singh
2026.08.24-15:31:16.014[32m info [39m [caliper] [connectors/peer-gateway/PeerGateway] 	disconnecting gateway for user insp.singh
2026.08.24-15:31:16.014[32m info [39m [caliper] [connectors/peer-gateway/PeerGateway] 	disconnecting gateway for user const.verma
2026.08.24-15:31:16.014[32m info [39m [caliper] [connectors/peer-gateway/PeerGateway] 	disconnecting gateway for user const.verma
2026.08.24-15:31:16.014[32m info [39m [caliper] [connectors/peer-gateway/PeerGateway] 	disconnecting gateway for user insp.sharma
2026.08.24-15:31:16.014[32m info [39m [caliper] [connectors/peer-gateway/PeerGateway] 	disconnecting gateway for user insp.sharma
2026.08.24-15:31:16.014[32m info [39m [caliper] [connectors/peer-gateway/PeerGateway] 	disconnecting gateway for user _AuditMSP_aud.qureshi
2026.08.24-15:31:16.014[32m info [39m [caliper] [connectors/peer-gateway/PeerGateway] 	disconnecting gateway for user _AuditMSP_aud.qureshi
2026.08.24-15:31:16.014[32m info [39m [caliper] [connectors/peer-gateway/PeerGateway] 	disconnecting gRpc client at peer PoliceMSP_localhost:7051
2026.08.24-15:31:16.014[32m info [39m [caliper] [connectors/peer-gateway/PeerGateway] 	disconnecting gRpc client at peer PoliceMSP_localhost:7051
2026.08.24-15:31:16.014[32m info [39m [caliper] [connectors/peer-gateway/PeerGateway] 	disconnecting gRpc client at peer AuditMSP_localhost:11051
2026.08.24-15:31:16.014[32m info [39m [caliper] [connectors/peer-gateway/PeerGateway] 	disconnecting gRpc client at peer AuditMSP_localhost:11051
2026.08.24-15:31:16.014[32m info [39m [caliper] [connectors/peer-gateway/PeerGateway] 	disconnecting gateway for user io.krishnan
2026.08.24-15:31:16.014[32m info [39m [caliper] [connectors/peer-gateway/PeerGateway] 	disconnecting gRpc client at peer AuditMSP_localhost:11051
2026.08.24-15:31:16.014[32m info [39m [caliper] [caliper-worker] 	Info: worker 3 prepare test phase for round 0 is completed
2026.08.24-15:31:16.014[32m info [39m [caliper] [caliper-worker] 	Info: worker 1 prepare test phase for round 0 is completed
2026.08.24-15:31:16.014[32m info [39m [caliper] [connectors/peer-gateway/PeerGateway] 	disconnecting gateway for user insp.rathore
2026.08.24-15:31:16.014[32m info [39m [caliper] [caliper-worker] 	Info: worker 7 prepare test phase for round 0 is completed
2026.08.24-15:31:16.014[32m info [39m [caliper] [worker-message-handler] 	Worker#1 prepared for Round#0
2026.08.24-15:31:16.014[32m info [39m [caliper] [worker-message-handler] 	Worker#3 prepared for Round#0
2026.08.24-15:31:16.014[32m info [39m [caliper] [connectors/peer-gateway/PeerGateway] 	disconnecting gateway for user io.krishnan
2026.08.24-15:31:16.014[32m info [39m [caliper] [connectors/peer-gateway/PeerGateway] 	disconnecting gateway for user insp.singh
2026.08.24-15:31:16.014[32m info [39m [caliper] [worker-message-handler] 	Worker#7 prepared for Round#0
2026.08.24-15:31:16.014[32m info [39m [caliper] [connectors/peer-gateway/PeerGateway] 	disconnecting gateway for user const.verma
2026.08.24-15:31:16.014[32m info [39m [caliper] [connectors/peer-gateway/PeerGateway] 	disconnecting gateway for user insp.sharma
2026.08.24-15:31:16.014[32m info [39m [caliper] [connectors/peer-gateway/PeerGateway] 	disconnecting gateway for user insp.rathore
2026.08.24-15:31:16.014[32m info [39m [caliper] [connectors/peer-gateway/PeerGateway] 	disconnecting gateway for user _AuditMSP_aud.qureshi
2026.08.24-15:31:16.014[32m info [39m [caliper] [connectors/peer-gateway/PeerGateway] 	disconnecting gRpc client at peer PoliceMSP_localhost:7051
2026.08.24-15:31:16.014[32m info [39m [caliper] [connectors/peer-gateway/PeerGateway] 	disconnecting gateway for user insp.singh
2026.08.24-15:31:16.014[32m info [39m [caliper] [connectors/peer-gateway/PeerGateway] 	disconnecting gateway for user const.verma
2026.08.24-15:31:16.014[32m info [39m [caliper] [connectors/peer-gateway/PeerGateway] 	disconnecting gateway for user insp.sharma
2026.08.24-15:31:16.014[32m info [39m [caliper] [connectors/peer-gateway/PeerGateway] 	disconnecting gateway for user io.krishnan
2026.08.24-15:31:16.014[32m info [39m [caliper] [connectors/peer-gateway/PeerGateway] 	disconnecting gRpc client at peer AuditMSP_localhost:11051
2026.08.24-15:31:16.014[32m info [39m [caliper] [connectors/peer-gateway/PeerGateway] 	disconnecting gateway for user _AuditMSP_aud.qureshi
2026.08.24-15:31:16.014[32m info [39m [caliper] [connectors/peer-gateway/PeerGateway] 	disconnecting gRpc client at peer AuditMSP_localhost:11051
2026.08.24-15:31:16.014[32m info [39m [caliper] [connectors/peer-gateway/PeerGateway] 	disconnecting gRpc client at peer PoliceMSP_localhost:7051
2026.08.24-15:31:16.014[32m info [39m [caliper] [connectors/peer-gateway/PeerGateway] 	disconnecting gateway for user insp.rathore
2026.08.24-15:31:16.014[32m info [39m [caliper] [caliper-worker] 	Info: worker 2 prepare test phase for round 0 is completed
2026.08.24-15:31:16.014[32m info [39m [caliper] [connectors/peer-gateway/PeerGateway] 	disconnecting gateway for user insp.singh
2026.08.24-15:31:16.014[32m info [39m [caliper] [caliper-worker] 	Info: worker 5 prepare test phase for round 0 is completed
2026.08.24-15:31:16.014[32m info [39m [caliper] [worker-message-handler] 	Worker#2 prepared for Round#0
2026.08.24-15:31:16.014[32m info [39m [caliper] [connectors/peer-gateway/PeerGateway] 	disconnecting gateway for user const.verma
2026.08.24-15:31:16.014[32m info [39m [caliper] [worker-message-handler] 	Worker#5 prepared for Round#0
2026.08.24-15:31:16.014[32m info [39m [caliper] [connectors/peer-gateway/PeerGateway] 	disconnecting gateway for user insp.sharma
2026.08.24-15:31:16.014[32m info [39m [caliper] [connectors/peer-gateway/PeerGateway] 	disconnecting gateway for user _AuditMSP_aud.qureshi
2026.08.24-15:31:16.014[32m info [39m [caliper] [connectors/peer-gateway/PeerGateway] 	disconnecting gRpc client at peer PoliceMSP_localhost:7051
2026.08.24-15:31:16.015[32m info [39m [caliper] [connectors/peer-gateway/PeerGateway] 	disconnecting gRpc client at peer AuditMSP_localhost:11051
2026.08.24-15:31:16.015[32m info [39m [caliper] [caliper-worker] 	Info: worker 0 prepare test phase for round 0 is completed
2026.08.24-15:31:16.015[32m info [39m [caliper] [connectors/peer-gateway/PeerGateway] 	disconnecting gRpc client at peer AuditMSP_localhost:11051
2026.08.24-15:31:16.015[32m info [39m [caliper] [worker-message-handler] 	Worker#0 prepared for Round#0
2026.08.24-15:31:16.015[32m info [39m [caliper] [caliper-worker] 	Info: worker 6 prepare test phase for round 0 is completed
2026.08.24-15:31:16.015[32m info [39m [caliper] [worker-message-handler] 	Worker#6 prepared for Round#0
2026.08.24-15:31:16.015[32m info [39m [caliper] [connectors/peer-gateway/PeerGateway] 	disconnecting gRpc client at peer AuditMSP_localhost:11051
2026.08.24-15:31:16.015[32m info [39m [caliper] [caliper-worker] 	Info: worker 4 prepare test phase for round 0 is completed
2026.08.24-15:31:16.015[32m info [39m [caliper] [worker-message-handler] 	Worker#4 prepared for Round#0
2026.08.24-15:31:16.015[32m info [39m [caliper] [worker-orchestrator] 	8 workers prepared, progressing to test phase.
2026.08.24-15:31:16.015[32m info [39m [caliper] [round-orchestrator] 	Monitors successfully started
2026.08.24-15:31:16.015[32m info [39m [caliper] [worker-message-handler] 	Worker#0 is starting Round#0
2026.08.24-15:31:16.015[32m info [39m [caliper] [worker-message-handler] 	Worker#1 is starting Round#0
2026.08.24-15:31:16.015[32m info [39m [caliper] [worker-message-handler] 	Worker#2 is starting Round#0
2026.08.24-15:31:16.016[32m info [39m [caliper] [worker-message-handler] 	Worker#3 is starting Round#0
2026.08.24-15:31:16.016[32m info [39m [caliper] [worker-message-handler] 	Worker#4 is starting Round#0
2026.08.24-15:31:16.016[32m info [39m [caliper] [worker-message-handler] 	Worker#5 is starting Round#0
2026.08.24-15:31:16.016[32m info [39m [caliper] [worker-message-handler] 	Worker#6 is starting Round#0
2026.08.24-15:31:16.016[32m info [39m [caliper] [worker-message-handler] 	Worker#7 is starting Round#0
2026.08.24-15:31:16.017[32m info [39m [caliper] [connectors/peer-gateway/PeerGateway] 	Generating contract map for user io.krishnan
2026.08.24-15:31:16.017[32m info [39m [caliper] [connectors/peer-gateway/PeerGateway] 	Generating contract map for user io.krishnan
2026.08.24-15:31:16.017[32m info [39m [caliper] [connectors/peer-gateway/PeerGateway] 	Generating contract map for user io.krishnan
2026.08.24-15:31:16.017[32m info [39m [caliper] [connectors/peer-gateway/PeerGateway] 	Generating contract map for user io.krishnan
2026.08.24-15:31:16.017[32m info [39m [caliper] [connectors/peer-gateway/PeerGateway] 	Generating contract map for user insp.rathore
2026.08.24-15:31:16.017[32m info [39m [caliper] [connectors/peer-gateway/PeerGateway] 	Generating contract map for user io.krishnan
2026.08.24-15:31:16.017[32m info [39m [caliper] [connectors/peer-gateway/PeerGateway] 	Generating contract map for user insp.rathore
2026.08.24-15:31:16.017[32m info [39m [caliper] [connectors/peer-gateway/PeerGateway] 	Generating contract map for user insp.rathore
2026.08.24-15:31:16.017[32m info [39m [caliper] [connectors/peer-gateway/PeerGateway] 	Generating contract map for user insp.rathore
2026.08.24-15:31:16.017[32m info [39m [caliper] [connectors/peer-gateway/PeerGateway] 	Generating contract map for user io.krishnan
2026.08.24-15:31:16.017[32m info [39m [caliper] [connectors/peer-gateway/PeerGateway] 	Generating contract map for user insp.rathore
2026.08.24-15:31:16.017[32m info [39m [caliper] [connectors/peer-gateway/PeerGateway] 	Generating contract map for user io.krishnan
2026.08.24-15:31:16.017[32m info [39m [caliper] [connectors/peer-gateway/PeerGateway] 	Generating contract map for user insp.rathore
2026.08.24-15:31:16.017[32m info [39m [caliper] [connectors/peer-gateway/PeerGateway] 	Generating contract map for user io.krishnan
2026.08.24-15:31:16.017[32m info [39m [caliper] [connectors/peer-gateway/PeerGateway] 	Generating contract map for user insp.singh
2026.08.24-15:31:16.017[32m info [39m [caliper] [connectors/peer-gateway/PeerGateway] 	Generating contract map for user insp.singh
2026.08.24-15:31:16.017[32m info [39m [caliper] [connectors/peer-gateway/PeerGateway] 	Generating contract map for user insp.singh
2026.08.24-15:31:16.017[32m info [39m [caliper] [connectors/peer-gateway/PeerGateway] 	Generating contract map for user insp.rathore
2026.08.24-15:31:16.017[32m info [39m [caliper] [connectors/peer-gateway/PeerGateway] 	Generating contract map for user insp.rathore
2026.08.24-15:31:16.017[32m info [39m [caliper] [connectors/peer-gateway/PeerGateway] 	Generating contract map for user insp.singh
2026.08.24-15:31:16.017[32m info [39m [caliper] [connectors/peer-gateway/PeerGateway] 	Generating contract map for user const.verma
2026.08.24-15:31:16.017[32m info [39m [caliper] [connectors/peer-gateway/PeerGateway] 	Generating contract map for user insp.singh
2026.08.24-15:31:16.017[32m info [39m [caliper] [connectors/peer-gateway/PeerGateway] 	Generating contract map for user insp.singh
2026.08.24-15:31:16.017[32m info [39m [caliper] [connectors/peer-gateway/PeerGateway] 	Generating contract map for user const.verma
2026.08.24-15:31:16.018[32m info [39m [caliper] [connectors/peer-gateway/PeerGateway] 	Generating contract map for user const.verma
2026.08.24-15:31:16.018[32m info [39m [caliper] [connectors/peer-gateway/PeerGateway] 	Generating contract map for user const.verma
2026.08.24-15:31:16.018[32m info [39m [caliper] [connectors/peer-gateway/PeerGateway] 	Generating contract map for user insp.sharma
2026.08.24-15:31:16.018[32m info [39m [caliper] [connectors/peer-gateway/PeerGateway] 	Generating contract map for user insp.sharma
2026.08.24-15:31:16.018[32m info [39m [caliper] [connectors/peer-gateway/PeerGateway] 	Generating contract map for user insp.singh
2026.08.24-15:31:16.018[32m info [39m [caliper] [connectors/peer-gateway/PeerGateway] 	Generating contract map for user insp.singh
2026.08.24-15:31:16.018[32m info [39m [caliper] [connectors/peer-gateway/PeerGateway] 	Generating contract map for user insp.sharma
2026.08.24-15:31:16.018[32m info [39m [caliper] [connectors/peer-gateway/PeerGateway] 	Generating contract map for user insp.sharma
2026.08.24-15:31:16.018[32m info [39m [caliper] [connectors/peer-gateway/PeerGateway] 	Generating contract map for user const.verma
2026.08.24-15:31:16.018[32m info [39m [caliper] [connectors/peer-gateway/PeerGateway] 	Generating contract map for user const.verma
2026.08.24-15:31:16.018[32m info [39m [caliper] [connectors/peer-gateway/PeerGateway] 	Generating contract map for user insp.sharma
2026.08.24-15:31:16.018[32m info [39m [caliper] [connectors/peer-gateway/PeerGateway] 	Generating contract map for user insp.sharma
2026.08.24-15:31:16.018[32m info [39m [caliper] [connectors/peer-gateway/PeerGateway] 	Generating contract map for user const.verma
2026.08.24-15:31:16.018[32m info [39m [caliper] [connectors/peer-gateway/PeerGateway] 	Generating contract map for user const.verma
2026.08.24-15:31:16.018[32m info [39m [caliper] [connectors/peer-gateway/PeerGateway] 	Generating contract map for user insp.sharma
2026.08.24-15:31:16.018[32m info [39m [caliper] [connectors/peer-gateway/PeerGateway] 	Generating contract map for user insp.sharma
2026.08.24-15:31:16.019[32m info [39m [caliper] [connectors/peer-gateway/PeerGateway] 	Generating contract map for user _AuditMSP_aud.qureshi
2026.08.24-15:31:16.019[32m info [39m [caliper] [connectors/peer-gateway/PeerGateway] 	Generating contract map for user _AuditMSP_aud.qureshi
2026.08.24-15:31:16.019[32m info [39m [caliper] [connectors/peer-gateway/PeerGateway] 	Generating contract map for user _AuditMSP_aud.qureshi
2026.08.24-15:31:16.019[32m info [39m [caliper] [connectors/peer-gateway/PeerGateway] 	Generating contract map for user _AuditMSP_aud.qureshi
2026.08.24-15:31:16.019[32m info [39m [caliper] [connectors/peer-gateway/PeerGateway] 	Generating contract map for user _AuditMSP_aud.qureshi
2026.08.24-15:31:16.019[32m info [39m [caliper] [connectors/peer-gateway/PeerGateway] 	Generating contract map for user _AuditMSP_aud.qureshi
2026.08.24-15:31:16.019[32m info [39m [caliper] [connectors/peer-gateway/PeerGateway] 	Generating contract map for user _AuditMSP_aud.qureshi
2026.08.24-15:31:16.019[32m info [39m [caliper] [connectors/peer-gateway/PeerGateway] 	Generating contract map for user _AuditMSP_aud.qureshi
2026.08.24-15:31:16.019[32m info [39m [caliper] [caliper-worker] 	Worker #4 starting workload loop
2026.08.24-15:31:16.019[32m info [39m [caliper] [caliper-worker] 	Worker #2 starting workload loop
2026.08.24-15:31:16.019[32m info [39m [caliper] [caliper-worker] 	Worker #0 starting workload loop
2026.08.24-15:31:16.019[32m info [39m [caliper] [caliper-worker] 	Worker #1 starting workload loop
2026.08.24-15:31:16.019[32m info [39m [caliper] [caliper-worker] 	Worker #3 starting workload loop
2026.08.24-15:31:16.019[32m info [39m [caliper] [caliper-worker] 	Worker #6 starting workload loop
2026.08.24-15:31:16.019[32m info [39m [caliper] [caliper-worker] 	Worker #5 starting workload loop
2026.08.24-15:31:16.019[32m info [39m [caliper] [caliper-worker] 	Worker #7 starting workload loop
CALIPER_TX_LATENCY {"workerIndex":7,"roundIndex":0,"roundLabel":"clients-8-warmup","transactionId":"50996fa1347de93fa841ff30e39acef1fb7bf085ca1d17436f05df28b11a00f9","status":"success","startEpochMs":1787565676022,"endEpochMs":1787565676091,"latencyMs":69}
CALIPER_TX_LATENCY {"workerIndex":2,"roundIndex":0,"roundLabel":"clients-8-warmup","transactionId":"ea703aa9e8d1d8369fa12115467079241e9f662d3e33f5d2c2a471ace6b2dc7f","status":"success","startEpochMs":1787565676022,"endEpochMs":1787565676091,"latencyMs":69}
CALIPER_TX_LATENCY {"workerIndex":0,"roundIndex":0,"roundLabel":"clients-8-warmup","transactionId":"c905319caed8a30e013be417af6a77caa4909354f4a0a7391693e71286ffd233","status":"success","startEpochMs":1787565676022,"endEpochMs":1787565676091,"latencyMs":69}
CALIPER_TX_LATENCY {"workerIndex":6,"roundIndex":0,"roundLabel":"clients-8-warmup","transactionId":"c3c23f5f22870cbf7290f899159eeb82d53bf79f8e28667b7df4744e2a3e13d5","status":"success","startEpochMs":1787565676022,"endEpochMs":1787565676093,"latencyMs":71}
CALIPER_TX_LATENCY {"workerIndex":4,"roundIndex":0,"roundLabel":"clients-8-warmup","transactionId":"756d41b4705fee1a5a4e009a206159610d05ef397f96aa424b73b2ff30e3c5c0","status":"success","startEpochMs":1787565676022,"endEpochMs":1787565676093,"latencyMs":71}
CALIPER_TX_LATENCY {"workerIndex":1,"roundIndex":0,"roundLabel":"clients-8-warmup","transactionId":"13b806abfa2ae584a57109d6a4db2b4ac8e8fa748d9d41eb7af44cf94810d7f3","status":"success","startEpochMs":1787565676022,"endEpochMs":1787565676093,"latencyMs":71}
CALIPER_TX_LATENCY {"workerIndex":3,"roundIndex":0,"roundLabel":"clients-8-warmup","transactionId":"ac31f50c23b460dd5a540344dfffc2a2e2d60908f9b0878eff427009b314f3ca","status":"success","startEpochMs":1787565676022,"endEpochMs":1787565676093,"latencyMs":71}
CALIPER_TX_LATENCY {"workerIndex":5,"roundIndex":0,"roundLabel":"clients-8-warmup","transactionId":"70d4f044b402f08af40d43b60a58201b52a34c10881a1aa006ef6cb39df263d1","status":"success","startEpochMs":1787565676022,"endEpochMs":1787565676093,"latencyMs":71}
CALIPER_TX_LATENCY {"workerIndex":5,"roundIndex":0,"roundLabel":"clients-8-warmup","transactionId":"f58482f3236374684e073b3568c0374393a225c668ee280a651576de18c34273","status":"success","startEpochMs":1787565677023,"endEpochMs":1787565677042,"latencyMs":19}
CALIPER_TX_LATENCY {"workerIndex":1,"roundIndex":0,"roundLabel":"clients-8-warmup","transactionId":"b1794b1386ccbf0e0c5e6212c68043562bacdb014525606431744d7e08946128","status":"success","startEpochMs":1787565677023,"endEpochMs":1787565677042,"latencyMs":19}
CALIPER_TX_LATENCY {"workerIndex":2,"roundIndex":0,"roundLabel":"clients-8-warmup","transactionId":"84bcc414a23dd18e966a9dfc6ad7184a408c15e3369ed07f6b9d8cc3d4efee2a","status":"success","startEpochMs":1787565677024,"endEpochMs":1787565677045,"latencyMs":21}
CALIPER_TX_LATENCY {"workerIndex":3,"roundIndex":0,"roundLabel":"clients-8-warmup","transactionId":"a8825f3919de22db8fda9f99bd5c277b28a662f2cf6500801c3c5aade4ccf241","status":"success","startEpochMs":1787565677024,"endEpochMs":1787565677045,"latencyMs":21}
CALIPER_TX_LATENCY {"workerIndex":6,"roundIndex":0,"roundLabel":"clients-8-warmup","transactionId":"0dbf20b1faac24c66c1c1b6183560123e92b435f6330b6c0eaef974984669d49","status":"success","startEpochMs":1787565677024,"endEpochMs":1787565677045,"latencyMs":21}
CALIPER_TX_LATENCY {"workerIndex":0,"roundIndex":0,"roundLabel":"clients-8-warmup","transactionId":"1532f632751f0babe6234f33caaaacf6c6015073a7dc77088692948edf4962e2","status":"success","startEpochMs":1787565677024,"endEpochMs":1787565677045,"latencyMs":21}
CALIPER_TX_LATENCY {"workerIndex":7,"roundIndex":0,"roundLabel":"clients-8-warmup","transactionId":"ac12ae55db3a80830b7fe190a74c875aab7eb09496ed22d7310b19503f8cd13d","status":"success","startEpochMs":1787565677024,"endEpochMs":1787565677045,"latencyMs":21}
CALIPER_TX_LATENCY {"workerIndex":4,"roundIndex":0,"roundLabel":"clients-8-warmup","transactionId":"67f18d5362cf9cf8832776e8ebd1f3de7d71ca6e0369f9fd7faa0f73e1ceae1e","status":"success","startEpochMs":1787565677024,"endEpochMs":1787565677045,"latencyMs":21}
CALIPER_TX_LATENCY {"workerIndex":2,"roundIndex":0,"roundLabel":"clients-8-warmup","transactionId":"7f7caf95e8f0c07d9975e9619e14579aea9e46e27fbccc8625229243adc1e11e","status":"success","startEpochMs":1787565678024,"endEpochMs":1787565678041,"latencyMs":17}
CALIPER_TX_LATENCY {"workerIndex":1,"roundIndex":0,"roundLabel":"clients-8-warmup","transactionId":"749c225177178b45d5181e0ba4ee65c36004d97a5f72e16ba46a219a38287eb7","status":"success","startEpochMs":1787565678024,"endEpochMs":1787565678041,"latencyMs":17}
CALIPER_TX_LATENCY {"workerIndex":5,"roundIndex":0,"roundLabel":"clients-8-warmup","transactionId":"e46f4d5e3fc42893ee8c62beb8a5ab97d3b40496e4c62597d342b183a4b16e4e","status":"success","startEpochMs":1787565678024,"endEpochMs":1787565678041,"latencyMs":17}
CALIPER_TX_LATENCY {"workerIndex":6,"roundIndex":0,"roundLabel":"clients-8-warmup","transactionId":"3546fd6a258d6e23fdf20655abb8804df1c8b4bca2c6b96644aa774f34e0d357","status":"success","startEpochMs":1787565678031,"endEpochMs":1787565678042,"latencyMs":11}
CALIPER_TX_LATENCY {"workerIndex":0,"roundIndex":0,"roundLabel":"clients-8-warmup","transactionId":"9fb0a513a6543096584c9b3b36475d0ca6394eb6ba15cbb59c6f7102ed20e8ae","status":"success","startEpochMs":1787565678032,"endEpochMs":1787565678042,"latencyMs":10}
CALIPER_TX_LATENCY {"workerIndex":3,"roundIndex":0,"roundLabel":"clients-8-warmup","transactionId":"dc361291c286eef491985cdf8a4de0b88b5566d686742d85a4f6a8889f788de4","status":"success","startEpochMs":1787565678032,"endEpochMs":1787565678042,"latencyMs":10}
CALIPER_TX_LATENCY {"workerIndex":7,"roundIndex":0,"roundLabel":"clients-8-warmup","transactionId":"1581c3486eb824e0168513f0facd5ffd4deb946ffb79ca0a2dd3dd682d5a97f3","status":"success","startEpochMs":1787565678033,"endEpochMs":1787565678043,"latencyMs":10}
CALIPER_TX_LATENCY {"workerIndex":4,"roundIndex":0,"roundLabel":"clients-8-warmup","transactionId":"0855a47ad18d6a6ecdc54eab44a36f1427d27043f9a169ad0d360600b4ddee18","status":"success","startEpochMs":1787565678032,"endEpochMs":1787565678043,"latencyMs":11}
CALIPER_TX_LATENCY {"workerIndex":2,"roundIndex":0,"roundLabel":"clients-8-warmup","transactionId":"a14e77c897190c9b185e5de50fbc00c2deb2d6b5bc90a3ea467b97e45be0686d","status":"success","startEpochMs":1787565679022,"endEpochMs":1787565679042,"latencyMs":20}
CALIPER_TX_LATENCY {"workerIndex":3,"roundIndex":0,"roundLabel":"clients-8-warmup","transactionId":"32be50c4e8922abf378d401ce9a7aee74ea61f88e5163dfc4bdf5485ca1af5a3","status":"success","startEpochMs":1787565679022,"endEpochMs":1787565679042,"latencyMs":20}
CALIPER_TX_LATENCY {"workerIndex":4,"roundIndex":0,"roundLabel":"clients-8-warmup","transactionId":"a534592117503362b687958e25d6433f154e12a2e86e045082a9bda93d2c0038","status":"success","startEpochMs":1787565679022,"endEpochMs":1787565679042,"latencyMs":20}
CALIPER_TX_LATENCY {"workerIndex":7,"roundIndex":0,"roundLabel":"clients-8-warmup","transactionId":"648c4fd64573ecccdb31b6d3d1266044d44e65ea6eb85b374e67c78e24297c10","status":"success","startEpochMs":1787565679022,"endEpochMs":1787565679043,"latencyMs":21}
CALIPER_TX_LATENCY {"workerIndex":5,"roundIndex":0,"roundLabel":"clients-8-warmup","transactionId":"4322144ca86f3d210d37b0444d14501d209608bfbd4ac9267327b9df4235e005","status":"success","startEpochMs":1787565679022,"endEpochMs":1787565679046,"latencyMs":24}
CALIPER_TX_LATENCY {"workerIndex":1,"roundIndex":0,"roundLabel":"clients-8-warmup","transactionId":"a151177fb16d27ae44fdf3451ab4dfb4363210b5adb3acbf51d4b0f5d64b4c9f","status":"success","startEpochMs":1787565679022,"endEpochMs":1787565679046,"latencyMs":24}
CALIPER_TX_LATENCY {"workerIndex":0,"roundIndex":0,"roundLabel":"clients-8-warmup","transactionId":"dd41b54816ee360ab8d465b490065522c552f607b06cf16b116e71aaffca02be","status":"success","startEpochMs":1787565679022,"endEpochMs":1787565679046,"latencyMs":24}
CALIPER_TX_LATENCY {"workerIndex":6,"roundIndex":0,"roundLabel":"clients-8-warmup","transactionId":"b23a3e0c9d8594bc7cc26dcb2c6371c813e443140c008e253ed565659fb6ca44","status":"success","startEpochMs":1787565679022,"endEpochMs":1787565679046,"latencyMs":24}
CALIPER_TX_LATENCY {"workerIndex":0,"roundIndex":0,"roundLabel":"clients-8-warmup","transactionId":"ce1ccfaa349c7b9ab0382383f765679e2bd54f5e424538adba07261c57604f97","status":"success","startEpochMs":1787565680022,"endEpochMs":1787565680038,"latencyMs":16}
CALIPER_TX_LATENCY {"workerIndex":2,"roundIndex":0,"roundLabel":"clients-8-warmup","transactionId":"c85136dcb858d8f922283cafdfef0e707c62c9277d43ee168773cea71f308faa","status":"success","startEpochMs":1787565680022,"endEpochMs":1787565680038,"latencyMs":16}
CALIPER_TX_LATENCY {"workerIndex":1,"roundIndex":0,"roundLabel":"clients-8-warmup","transactionId":"610988334ceb9462b49417e75090b49cfde46519c9148d4880ba6c9df42e435c","status":"success","startEpochMs":1787565680022,"endEpochMs":1787565680040,"latencyMs":18}
CALIPER_TX_LATENCY {"workerIndex":6,"roundIndex":0,"roundLabel":"clients-8-warmup","transactionId":"cd4a000df07f9703b19a0bfbe2b35e0eb7ca358e2d678ff453ab94425826fa51","status":"success","startEpochMs":1787565680022,"endEpochMs":1787565680040,"latencyMs":18}
CALIPER_TX_LATENCY {"workerIndex":5,"roundIndex":0,"roundLabel":"clients-8-warmup","transactionId":"cd3063af0e439469508488a6af230adc3ff3bea61458ecf4d0a37a9495b98c36","status":"success","startEpochMs":1787565680023,"endEpochMs":1787565680040,"latencyMs":17}
CALIPER_TX_LATENCY {"workerIndex":3,"roundIndex":0,"roundLabel":"clients-8-warmup","transactionId":"51e6e22a318f3526b80c18e6bbe38f9874929cf5efd2c897b3f3780cd43cfaed","status":"success","startEpochMs":1787565680022,"endEpochMs":1787565680040,"latencyMs":18}
CALIPER_TX_LATENCY {"workerIndex":4,"roundIndex":0,"roundLabel":"clients-8-warmup","transactionId":"e363f190fbd3bf549731ae3eab4a982b473ed8766186edd8d24ad3a07966d929","status":"success","startEpochMs":1787565680021,"endEpochMs":1787565680040,"latencyMs":19}
CALIPER_TX_LATENCY {"workerIndex":7,"roundIndex":0,"roundLabel":"clients-8-warmup","transactionId":"feaf7c9bd71272ad487518193068d8c9b9fe4e29c0a897cb7fb021a0b636d884","status":"success","startEpochMs":1787565680023,"endEpochMs":1787565680041,"latencyMs":18}
2026.08.24-15:31:21.030[32m info [39m [caliper] [default-observer] 	[clients-8-warmup Round 0 Transaction Info] - Submitted: 40 Succ: 32 Fail:0 Unfinished:8
CALIPER_TX_LATENCY {"workerIndex":7,"roundIndex":0,"roundLabel":"clients-8-warmup","transactionId":"3792ba4ebcff414a6a896bf440df26f0b76bf6b809a32383c9adff288ed46476","status":"success","startEpochMs":1787565681021,"endEpochMs":1787565681038,"latencyMs":17}
CALIPER_TX_LATENCY {"workerIndex":2,"roundIndex":0,"roundLabel":"clients-8-warmup","transactionId":"434c59ad0eff2477cf236674550cb765d5df87aef12f0951e4de82577ad93d55","status":"success","startEpochMs":1787565681021,"endEpochMs":1787565681040,"latencyMs":19}
CALIPER_TX_LATENCY {"workerIndex":1,"roundIndex":0,"roundLabel":"clients-8-warmup","transactionId":"238cb97467c7f68dc1b72d8d20d9ab3e67d339351e1991e8454fa6be46effacc","status":"success","startEpochMs":1787565681021,"endEpochMs":1787565681041,"latencyMs":20}
CALIPER_TX_LATENCY {"workerIndex":4,"roundIndex":0,"roundLabel":"clients-8-warmup","transactionId":"f5f66cf48090548436a7f268c0718168f7a1fdb0216a1977622b9cbfad51de8b","status":"success","startEpochMs":1787565681021,"endEpochMs":1787565681041,"latencyMs":20}
CALIPER_TX_LATENCY {"workerIndex":5,"roundIndex":0,"roundLabel":"clients-8-warmup","transactionId":"62dbdc9b9c55164d45732e77a06c040d55f37be00c8f09f5ee8c2c096da4b531","status":"success","startEpochMs":1787565681021,"endEpochMs":1787565681041,"latencyMs":20}
CALIPER_TX_LATENCY {"workerIndex":6,"roundIndex":0,"roundLabel":"clients-8-warmup","transactionId":"3b2d4651edcd9580ebbddad726b33d0c10dd55993fc07d2cbc4cdee31378c35a","status":"success","startEpochMs":1787565681022,"endEpochMs":1787565681041,"latencyMs":19}
CALIPER_TX_LATENCY {"workerIndex":0,"roundIndex":0,"roundLabel":"clients-8-warmup","transactionId":"02c64435be743c13638c3478d3b77590d70fcbe6721a2cb817bc574933dd6a44","status":"success","startEpochMs":1787565681021,"endEpochMs":1787565681041,"latencyMs":20}
CALIPER_TX_LATENCY {"workerIndex":3,"roundIndex":0,"roundLabel":"clients-8-warmup","transactionId":"f731064a1307dc133df0b434da0596b92eba6904d28c66de2ed1ba660492c416","status":"success","startEpochMs":1787565681021,"endEpochMs":1787565681041,"latencyMs":20}
CALIPER_TX_LATENCY {"workerIndex":7,"roundIndex":0,"roundLabel":"clients-8-warmup","transactionId":"726c007930a759a8635e57de18577954c0e514470ca8859f99fd1cac205bf185","status":"success","startEpochMs":1787565682023,"endEpochMs":1787565682050,"latencyMs":27}
CALIPER_TX_LATENCY {"workerIndex":6,"roundIndex":0,"roundLabel":"clients-8-warmup","transactionId":"c100e3ada605e07cc84d260805bbbce15da5bbb850c144cd2da4df01a95a374d","status":"success","startEpochMs":1787565682023,"endEpochMs":1787565682050,"latencyMs":27}
CALIPER_TX_LATENCY {"workerIndex":3,"roundIndex":0,"roundLabel":"clients-8-warmup","transactionId":"f3b90e88560fe4af2e47dadd47736d3f658c4baf7fb50c33cbd2d9d8db230d2e","status":"success","startEpochMs":1787565682023,"endEpochMs":1787565682050,"latencyMs":27}
CALIPER_TX_LATENCY {"workerIndex":4,"roundIndex":0,"roundLabel":"clients-8-warmup","transactionId":"e53119dbee99995579957b50aa7afeaa4221bdf782f6783547d1a838c7a284bc","status":"success","startEpochMs":1787565682023,"endEpochMs":1787565682050,"latencyMs":27}
CALIPER_TX_LATENCY {"workerIndex":0,"roundIndex":0,"roundLabel":"clients-8-warmup","transactionId":"88848c9e01ab9bd931ce683603b17c79d4294357e8cf3e5001d715d85487231c","status":"success","startEpochMs":1787565682023,"endEpochMs":1787565682050,"latencyMs":27}
CALIPER_TX_LATENCY {"workerIndex":5,"roundIndex":0,"roundLabel":"clients-8-warmup","transactionId":"d0e602207753e7c23f089302aabd9022618c6afc9ddc665de73e7955d97f8e51","status":"success","startEpochMs":1787565682023,"endEpochMs":1787565682051,"latencyMs":28}
CALIPER_TX_LATENCY {"workerIndex":1,"roundIndex":0,"roundLabel":"clients-8-warmup","transactionId":"7bbddd6a5eacaddc6455c94680d0ea9c818ab5e51e72557de52cc8196446f3d3","status":"success","startEpochMs":1787565682023,"endEpochMs":1787565682050,"latencyMs":27}
CALIPER_TX_LATENCY {"workerIndex":2,"roundIndex":0,"roundLabel":"clients-8-warmup","transactionId":"dc63c1f9903f8c2d52ff135d755639cef6d732689b78dee9fbfe2c1529f5bf87","status":"success","startEpochMs":1787565682023,"endEpochMs":1787565682051,"latencyMs":28}
CALIPER_TX_LATENCY {"workerIndex":4,"roundIndex":0,"roundLabel":"clients-8-warmup","transactionId":"be56a4ef21a4fb5fa82f18899ba45c7df75e51b003ea93489f5412ce337fc4ad","status":"success","startEpochMs":1787565683022,"endEpochMs":1787565683047,"latencyMs":25}
CALIPER_TX_LATENCY {"workerIndex":2,"roundIndex":0,"roundLabel":"clients-8-warmup","transactionId":"68633990d0123cf6f44d165def6cc2cbad5bc4287f0f16c2d74f1892323fa2c3","status":"success","startEpochMs":1787565683022,"endEpochMs":1787565683047,"latencyMs":25}
CALIPER_TX_LATENCY {"workerIndex":7,"roundIndex":0,"roundLabel":"clients-8-warmup","transactionId":"d063ec0b6e9fd5e437f30fc68a2e51742a833b8664e362357db00525dcecf19c","status":"success","startEpochMs":1787565683022,"endEpochMs":1787565683049,"latencyMs":27}
CALIPER_TX_LATENCY {"workerIndex":6,"roundIndex":0,"roundLabel":"clients-8-warmup","transactionId":"7e80cfbbf65fcb9b76c00fe353ff8e40f7b12dcfef862d8326ec47288054e9b2","status":"success","startEpochMs":1787565683022,"endEpochMs":1787565683049,"latencyMs":27}
CALIPER_TX_LATENCY {"workerIndex":3,"roundIndex":0,"roundLabel":"clients-8-warmup","transactionId":"97986987bdce9dcdff98594d762874010d4ce085fc10dcdc72500e6698232423","status":"success","startEpochMs":1787565683023,"endEpochMs":1787565683049,"latencyMs":26}
CALIPER_TX_LATENCY {"workerIndex":5,"roundIndex":0,"roundLabel":"clients-8-warmup","transactionId":"49a692287c8240478643a67940879c68301ef62c73c3b02f102ea27fdf4ab1d2","status":"success","startEpochMs":1787565683023,"endEpochMs":1787565683049,"latencyMs":26}
CALIPER_TX_LATENCY {"workerIndex":1,"roundIndex":0,"roundLabel":"clients-8-warmup","transactionId":"f44e74c139d93dbe4fab6c95598381eda1891dd28544c5ac4dc3d3c83fbe99be","status":"success","startEpochMs":1787565683022,"endEpochMs":1787565683049,"latencyMs":27}
CALIPER_TX_LATENCY {"workerIndex":0,"roundIndex":0,"roundLabel":"clients-8-warmup","transactionId":"dbc8a8f7f6d9758c2a68833cea2f3e593ebb3ff69463af0b5d2eca8392d21f7b","status":"success","startEpochMs":1787565683022,"endEpochMs":1787565683049,"latencyMs":27}
CALIPER_TX_LATENCY {"workerIndex":5,"roundIndex":0,"roundLabel":"clients-8-warmup","transactionId":"92fd0b1f7af0d0dd42433af220ffb98e0b5549d5fb328b4eefcfdaefe50c22cb","status":"success","startEpochMs":1787565684021,"endEpochMs":1787565684049,"latencyMs":28}
CALIPER_TX_LATENCY {"workerIndex":2,"roundIndex":0,"roundLabel":"clients-8-warmup","transactionId":"e1af468e54d04cb7342d210521a82eb72d66185e6d8e8e70eb75593b15673871","status":"success","startEpochMs":1787565684021,"endEpochMs":1787565684049,"latencyMs":28}
CALIPER_TX_LATENCY {"workerIndex":6,"roundIndex":0,"roundLabel":"clients-8-warmup","transactionId":"def97c6a04666129bb2bd0b96206020a2845e4a052c71823e5b0986a73f3378a","status":"success","startEpochMs":1787565684021,"endEpochMs":1787565684049,"latencyMs":28}
CALIPER_TX_LATENCY {"workerIndex":1,"roundIndex":0,"roundLabel":"clients-8-warmup","transactionId":"09044c2c00194d16554a6fad05a63f2a5ab01da3ee666420b67cf4c4ddb6f315","status":"success","startEpochMs":1787565684021,"endEpochMs":1787565684049,"latencyMs":28}
CALIPER_TX_LATENCY {"workerIndex":0,"roundIndex":0,"roundLabel":"clients-8-warmup","transactionId":"223ba92d60b6b1b60b397bd95adebc02751b80cff96b6a92af553e0c039ea704","status":"success","startEpochMs":1787565684021,"endEpochMs":1787565684049,"latencyMs":28}
CALIPER_TX_LATENCY {"workerIndex":3,"roundIndex":0,"roundLabel":"clients-8-warmup","transactionId":"4ee1557874a6c26a95232df24e20cf9acec5c08407c0f36bf4c9a5dd651187d9","status":"success","startEpochMs":1787565684021,"endEpochMs":1787565684049,"latencyMs":28}
CALIPER_TX_LATENCY {"workerIndex":7,"roundIndex":0,"roundLabel":"clients-8-warmup","transactionId":"abcca5971192b92c52311c69322a6c1116efabb925e3264f5fc86e36c104de12","status":"success","startEpochMs":1787565684023,"endEpochMs":1787565684051,"latencyMs":28}
CALIPER_TX_LATENCY {"workerIndex":4,"roundIndex":0,"roundLabel":"clients-8-warmup","transactionId":"3187ada1e385b12aaf278aec5859243a2c5997e32e9fe8cf11a64a7bf31cb50e","status":"success","startEpochMs":1787565684023,"endEpochMs":1787565684051,"latencyMs":28}
CALIPER_TX_LATENCY {"workerIndex":2,"roundIndex":0,"roundLabel":"clients-8-warmup","transactionId":"00835a26e8c659925e0cf828c36e5ed4359023317af339004fb8cacca725c198","status":"success","startEpochMs":1787565685025,"endEpochMs":1787565685053,"latencyMs":28}
CALIPER_TX_LATENCY {"workerIndex":4,"roundIndex":0,"roundLabel":"clients-8-warmup","transactionId":"ea4a7e1f11fe5f9cfb92d93bf9e453a73b6d892ea4174686e82ec518030391a9","status":"success","startEpochMs":1787565685030,"endEpochMs":1787565685055,"latencyMs":25}
CALIPER_TX_LATENCY {"workerIndex":7,"roundIndex":0,"roundLabel":"clients-8-warmup","transactionId":"49d78555476efe4aecc091623589534d00d33129cf133e707847b3fdfa2e0247","status":"success","startEpochMs":1787565685026,"endEpochMs":1787565685055,"latencyMs":29}
CALIPER_TX_LATENCY {"workerIndex":1,"roundIndex":0,"roundLabel":"clients-8-warmup","transactionId":"82dfe8b99d48efc0a91c7fb6a98579b1e1b0b728ecaa4e0978d4d5df1cb1edba","status":"success","startEpochMs":1787565685031,"endEpochMs":1787565685056,"latencyMs":25}
CALIPER_TX_LATENCY {"workerIndex":5,"roundIndex":0,"roundLabel":"clients-8-warmup","transactionId":"262ee768c0a21e1ab1764322c6f7e2f39a1a4ea0da2b8df603a71ecc9a278274","status":"success","startEpochMs":1787565685025,"endEpochMs":1787565685056,"latencyMs":31}
CALIPER_TX_LATENCY {"workerIndex":0,"roundIndex":0,"roundLabel":"clients-8-warmup","transactionId":"697864d0cb89edcba56f7e6f024d728f595a2e8309f1d61b5c2db0ac75e970b5","status":"success","startEpochMs":1787565685031,"endEpochMs":1787565685056,"latencyMs":25}
CALIPER_TX_LATENCY {"workerIndex":3,"roundIndex":0,"roundLabel":"clients-8-warmup","transactionId":"0dc46a434550b8d5a5c171615b46a881f842ed6cd0adf71ac5cee76df573335d","status":"success","startEpochMs":1787565685031,"endEpochMs":1787565685056,"latencyMs":25}
CALIPER_TX_LATENCY {"workerIndex":6,"roundIndex":0,"roundLabel":"clients-8-warmup","transactionId":"592bf13b89eac5780ded67b637c66752d2276afdc9ee6d2e1b6ad655ef3e7427","status":"success","startEpochMs":1787565685030,"endEpochMs":1787565685056,"latencyMs":26}
2026.08.24-15:31:26.021[32m info [39m [caliper] [default-observer] 	[clients-8-warmup Round 0 Transaction Info] - Submitted: 80 Succ: 72 Fail:0 Unfinished:8
CALIPER_TX_LATENCY {"workerIndex":6,"roundIndex":0,"roundLabel":"clients-8-warmup","transactionId":"8de324443d6bac566a6b788e346f4e939cf2788b634ee704df07b2526930cefc","status":"success","startEpochMs":1787565686023,"endEpochMs":1787565686048,"latencyMs":25}
CALIPER_TX_LATENCY {"workerIndex":5,"roundIndex":0,"roundLabel":"clients-8-warmup","transactionId":"b1c5d239908bd6ced4e8546bc265d257112e7421022403104f35e80e0f9877e3","status":"success","startEpochMs":1787565686022,"endEpochMs":1787565686048,"latencyMs":26}
CALIPER_TX_LATENCY {"workerIndex":3,"roundIndex":0,"roundLabel":"clients-8-warmup","transactionId":"1ed03fb942989616a1a86d975524f0db36417956cfab61ecf1f5b77830e8da4b","status":"success","startEpochMs":1787565686022,"endEpochMs":1787565686049,"latencyMs":27}
CALIPER_TX_LATENCY {"workerIndex":0,"roundIndex":0,"roundLabel":"clients-8-warmup","transactionId":"a8faaaa4ff4c3e9dfb3973107e715a657de8769b6e60e5acb02ae61bd6c47e23","status":"success","startEpochMs":1787565686022,"endEpochMs":1787565686050,"latencyMs":28}
CALIPER_TX_LATENCY {"workerIndex":4,"roundIndex":0,"roundLabel":"clients-8-warmup","transactionId":"6afe63f8a80f452352412545104e1ac35b59011865503a6ac33a1b6906ff15fb","status":"success","startEpochMs":1787565686023,"endEpochMs":1787565686050,"latencyMs":27}
CALIPER_TX_LATENCY {"workerIndex":7,"roundIndex":0,"roundLabel":"clients-8-warmup","transactionId":"08f8a6b0715b51a26043e959bee19aa52abab27ebb1c5bd3427a2e3db3ae3c49","status":"success","startEpochMs":1787565686023,"endEpochMs":1787565686050,"latencyMs":27}
CALIPER_TX_LATENCY {"workerIndex":2,"roundIndex":0,"roundLabel":"clients-8-warmup","transactionId":"0a6c97665201b46c23ff797486b7e6df0864f05aa79615ee7cbfa1e9f1562550","status":"success","startEpochMs":1787565686022,"endEpochMs":1787565686050,"latencyMs":28}
CALIPER_TX_LATENCY {"workerIndex":1,"roundIndex":0,"roundLabel":"clients-8-warmup","transactionId":"bea0ad7e4e8ec94cc62362829795e8a7b34a0fa852907610c5e49b5390cd99d8","status":"success","startEpochMs":1787565686022,"endEpochMs":1787565686050,"latencyMs":28}
2026.08.24-15:31:27.127[32m info [39m [caliper] [connectors/peer-gateway/PeerGateway] 	disconnecting gateway for user io.krishnan
2026.08.24-15:31:27.127[32m info [39m [caliper] [connectors/peer-gateway/PeerGateway] 	disconnecting gateway for user insp.rathore
2026.08.24-15:31:27.127[32m info [39m [caliper] [connectors/peer-gateway/PeerGateway] 	disconnecting gateway for user insp.singh
2026.08.24-15:31:27.127[32m info [39m [caliper] [connectors/peer-gateway/PeerGateway] 	disconnecting gateway for user io.krishnan
2026.08.24-15:31:27.128[32m info [39m [caliper] [connectors/peer-gateway/PeerGateway] 	disconnecting gateway for user io.krishnan
2026.08.24-15:31:27.128[32m info [39m [caliper] [connectors/peer-gateway/PeerGateway] 	disconnecting gateway for user insp.rathore
2026.08.24-15:31:27.128[32m info [39m [caliper] [connectors/peer-gateway/PeerGateway] 	disconnecting gateway for user insp.singh
2026.08.24-15:31:27.128[32m info [39m [caliper] [connectors/peer-gateway/PeerGateway] 	disconnecting gateway for user const.verma
2026.08.24-15:31:27.128[32m info [39m [caliper] [connectors/peer-gateway/PeerGateway] 	disconnecting gateway for user insp.rathore
2026.08.24-15:31:27.128[32m info [39m [caliper] [connectors/peer-gateway/PeerGateway] 	disconnecting gateway for user const.verma
2026.08.24-15:31:27.128[32m info [39m [caliper] [connectors/peer-gateway/PeerGateway] 	disconnecting gateway for user insp.singh
2026.08.24-15:31:27.128[32m info [39m [caliper] [connectors/peer-gateway/PeerGateway] 	disconnecting gateway for user insp.sharma
2026.08.24-15:31:27.128[32m info [39m [caliper] [connectors/peer-gateway/PeerGateway] 	disconnecting gateway for user const.verma
2026.08.24-15:31:27.128[32m info [39m [caliper] [connectors/peer-gateway/PeerGateway] 	disconnecting gateway for user insp.sharma
2026.08.24-15:31:27.128[32m info [39m [caliper] [connectors/peer-gateway/PeerGateway] 	disconnecting gateway for user _AuditMSP_aud.qureshi
2026.08.24-15:31:27.128[32m info [39m [caliper] [connectors/peer-gateway/PeerGateway] 	disconnecting gateway for user insp.sharma
2026.08.24-15:31:27.128[32m info [39m [caliper] [connectors/peer-gateway/PeerGateway] 	disconnecting gRpc client at peer PoliceMSP_localhost:7051
2026.08.24-15:31:27.128[32m info [39m [caliper] [connectors/peer-gateway/PeerGateway] 	disconnecting gateway for user _AuditMSP_aud.qureshi
2026.08.24-15:31:27.128[32m info [39m [caliper] [connectors/peer-gateway/PeerGateway] 	disconnecting gateway for user _AuditMSP_aud.qureshi
2026.08.24-15:31:27.128[32m info [39m [caliper] [connectors/peer-gateway/PeerGateway] 	disconnecting gRpc client at peer PoliceMSP_localhost:7051
2026.08.24-15:31:27.128[32m info [39m [caliper] [connectors/peer-gateway/PeerGateway] 	disconnecting gRpc client at peer PoliceMSP_localhost:7051
2026.08.24-15:31:27.128[32m info [39m [caliper] [connectors/peer-gateway/PeerGateway] 	disconnecting gRpc client at peer AuditMSP_localhost:11051
2026.08.24-15:31:27.128[32m info [39m [caliper] [connectors/peer-gateway/PeerGateway] 	disconnecting gRpc client at peer AuditMSP_localhost:11051
2026.08.24-15:31:27.128[32m info [39m [caliper] [worker-message-handler] 	Worker#6 finished Round#0
2026.08.24-15:31:27.128[32m info [39m [caliper] [worker-message-handler] 	Worker#3 finished Round#0
2026.08.24-15:31:27.129[32m info [39m [caliper] [connectors/peer-gateway/PeerGateway] 	disconnecting gRpc client at peer AuditMSP_localhost:11051
2026.08.24-15:31:27.129[32m info [39m [caliper] [connectors/peer-gateway/PeerGateway] 	disconnecting gateway for user io.krishnan
2026.08.24-15:31:27.129[32m info [39m [caliper] [connectors/peer-gateway/PeerGateway] 	disconnecting gateway for user io.krishnan
2026.08.24-15:31:27.129[32m info [39m [caliper] [connectors/peer-gateway/PeerGateway] 	disconnecting gateway for user io.krishnan
2026.08.24-15:31:27.129[32m info [39m [caliper] [connectors/peer-gateway/PeerGateway] 	disconnecting gateway for user insp.rathore
2026.08.24-15:31:27.129[32m info [39m [caliper] [connectors/peer-gateway/PeerGateway] 	disconnecting gateway for user insp.rathore
2026.08.24-15:31:27.129[32m info [39m [caliper] [connectors/peer-gateway/PeerGateway] 	disconnecting gateway for user insp.singh
2026.08.24-15:31:27.129[32m info [39m [caliper] [connectors/peer-gateway/PeerGateway] 	disconnecting gateway for user insp.rathore
2026.08.24-15:31:27.129[32m info [39m [caliper] [worker-message-handler] 	Worker#1 finished Round#0
2026.08.24-15:31:27.129[32m info [39m [caliper] [connectors/peer-gateway/PeerGateway] 	disconnecting gateway for user const.verma
2026.08.24-15:31:27.129[32m info [39m [caliper] [connectors/peer-gateway/PeerGateway] 	disconnecting gateway for user insp.sharma
2026.08.24-15:31:27.129[32m info [39m [caliper] [connectors/peer-gateway/PeerGateway] 	disconnecting gateway for user insp.singh
2026.08.24-15:31:27.129[32m info [39m [caliper] [connectors/peer-gateway/PeerGateway] 	disconnecting gateway for user _AuditMSP_aud.qureshi
2026.08.24-15:31:27.129[32m info [39m [caliper] [connectors/peer-gateway/PeerGateway] 	disconnecting gateway for user const.verma
2026.08.24-15:31:27.129[32m info [39m [caliper] [connectors/peer-gateway/PeerGateway] 	disconnecting gRpc client at peer PoliceMSP_localhost:7051
2026.08.24-15:31:27.129[32m info [39m [caliper] [connectors/peer-gateway/PeerGateway] 	disconnecting gateway for user insp.singh
2026.08.24-15:31:27.129[32m info [39m [caliper] [connectors/peer-gateway/PeerGateway] 	disconnecting gateway for user io.krishnan
2026.08.24-15:31:27.129[32m info [39m [caliper] [connectors/peer-gateway/PeerGateway] 	disconnecting gateway for user insp.sharma
2026.08.24-15:31:27.130[32m info [39m [caliper] [connectors/peer-gateway/PeerGateway] 	disconnecting gateway for user insp.rathore
2026.08.24-15:31:27.130[32m info [39m [caliper] [connectors/peer-gateway/PeerGateway] 	disconnecting gateway for user insp.singh
2026.08.24-15:31:27.130[32m info [39m [caliper] [connectors/peer-gateway/PeerGateway] 	disconnecting gateway for user const.verma
2026.08.24-15:31:27.130[32m info [39m [caliper] [connectors/peer-gateway/PeerGateway] 	disconnecting gRpc client at peer AuditMSP_localhost:11051
2026.08.24-15:31:27.130[32m info [39m [caliper] [connectors/peer-gateway/PeerGateway] 	disconnecting gateway for user io.krishnan
2026.08.24-15:31:27.130[32m info [39m [caliper] [connectors/peer-gateway/PeerGateway] 	disconnecting gateway for user const.verma
2026.08.24-15:31:27.130[32m info [39m [caliper] [connectors/peer-gateway/PeerGateway] 	disconnecting gateway for user insp.sharma
2026.08.24-15:31:27.130[32m info [39m [caliper] [connectors/peer-gateway/PeerGateway] 	disconnecting gateway for user insp.sharma
2026.08.24-15:31:27.130[32m info [39m [caliper] [connectors/peer-gateway/PeerGateway] 	disconnecting gateway for user _AuditMSP_aud.qureshi
2026.08.24-15:31:27.130[32m info [39m [caliper] [connectors/peer-gateway/PeerGateway] 	disconnecting gateway for user insp.rathore
2026.08.24-15:31:27.130[32m info [39m [caliper] [connectors/peer-gateway/PeerGateway] 	disconnecting gRpc client at peer PoliceMSP_localhost:7051
2026.08.24-15:31:27.130[32m info [39m [caliper] [connectors/peer-gateway/PeerGateway] 	disconnecting gateway for user insp.singh
2026.08.24-15:31:27.130[32m info [39m [caliper] [connectors/peer-gateway/PeerGateway] 	disconnecting gateway for user _AuditMSP_aud.qureshi
2026.08.24-15:31:27.130[32m info [39m [caliper] [connectors/peer-gateway/PeerGateway] 	disconnecting gateway for user const.verma
2026.08.24-15:31:27.130[32m info [39m [caliper] [connectors/peer-gateway/PeerGateway] 	disconnecting gateway for user _AuditMSP_aud.qureshi
2026.08.24-15:31:27.130[32m info [39m [caliper] [worker-message-handler] 	Worker#5 finished Round#0
2026.08.24-15:31:27.130[32m info [39m [caliper] [connectors/peer-gateway/PeerGateway] 	disconnecting gRpc client at peer PoliceMSP_localhost:7051
2026.08.24-15:31:27.130[32m info [39m [caliper] [connectors/peer-gateway/PeerGateway] 	disconnecting gateway for user insp.sharma
2026.08.24-15:31:27.130[32m info [39m [caliper] [connectors/peer-gateway/PeerGateway] 	disconnecting gRpc client at peer PoliceMSP_localhost:7051
2026.08.24-15:31:27.130[32m info [39m [caliper] [connectors/peer-gateway/PeerGateway] 	disconnecting gateway for user _AuditMSP_aud.qureshi
2026.08.24-15:31:27.130[32m info [39m [caliper] [connectors/peer-gateway/PeerGateway] 	disconnecting gRpc client at peer PoliceMSP_localhost:7051
2026.08.24-15:31:27.130[32m info [39m [caliper] [connectors/peer-gateway/PeerGateway] 	disconnecting gRpc client at peer AuditMSP_localhost:11051
2026.08.24-15:31:27.130[32m info [39m [caliper] [worker-message-handler] 	Worker#0 finished Round#0
2026.08.24-15:31:27.130[32m info [39m [caliper] [connectors/peer-gateway/PeerGateway] 	disconnecting gRpc client at peer AuditMSP_localhost:11051
2026.08.24-15:31:27.130[32m info [39m [caliper] [connectors/peer-gateway/PeerGateway] 	disconnecting gRpc client at peer AuditMSP_localhost:11051
2026.08.24-15:31:27.130[32m info [39m [caliper] [worker-message-handler] 	Worker#4 finished Round#0
2026.08.24-15:31:27.130[32m info [39m [caliper] [worker-message-handler] 	Worker#2 finished Round#0
2026.08.24-15:31:27.130[32m info [39m [caliper] [connectors/peer-gateway/PeerGateway] 	disconnecting gRpc client at peer AuditMSP_localhost:11051
2026.08.24-15:31:27.131[32m info [39m [caliper] [worker-message-handler] 	Worker#7 finished Round#0
2026.08.24-15:31:32.133[32m info [39m [caliper] [default-observer] 	Resetting txCount indicator count
2026.08.24-15:31:32.134[32m info [39m [caliper] [report-builder] 	### Test result ###
2026.08.24-15:31:32.137[32m info [39m [caliper] [report-builder] 	
+------------------+------+------+-----------------+-----------------+-----------------+-----------------+------------------+
| Name             | Succ | Fail | Send Rate (TPS) | Max Latency (s) | Min Latency (s) | Avg Latency (s) | Throughput (TPS) |
|------------------|------|------|-----------------|-----------------|-----------------|-----------------|------------------|
| clients-8-warmup | 88   | 0    | 8.8             | 0.07            | 0.01            | 0.03            | 8.8              |
+------------------+------+------+-----------------+-----------------+-----------------+-----------------+------------------+

2026.08.24-15:31:32.159[32m info [39m [caliper] [report-builder] 	### prometheus resource stats ###'
2026.08.24-15:31:32.161[32m info [39m [caliper] [report-builder] 	
+--------------------------------------------------+-------------------------------------------------------------------------------------------------------------------------------------------------------------------------------------------------------------------------------------------------------------------------------------------------+------------------------------------+--------+
| Metric                                           | Prometheus Query                                                                                                                                                                                                                                                                                | Name                               | Value  |
|--------------------------------------------------|-------------------------------------------------------------------------------------------------------------------------------------------------------------------------------------------------------------------------------------------------------------------------------------------------|------------------------------------|--------|
| Process resident memory (MiB, max)               | process_resident_memory_bytes{job=~"fabric-.*"}                                                                                                                                                                                                                                                 | orderer.example.com:9443           | 65.2   |
|--------------------------------------------------|-------------------------------------------------------------------------------------------------------------------------------------------------------------------------------------------------------------------------------------------------------------------------------------------------|------------------------------------|--------|
|                                                  |                                                                                                                                                                                                                                                                                                 | peer0.audit.example.com:9448       | 132    |
|--------------------------------------------------|-------------------------------------------------------------------------------------------------------------------------------------------------------------------------------------------------------------------------------------------------------------------------------------------------|------------------------------------|--------|
|                                                  |                                                                                                                                                                                                                                                                                                 | peer0.court.example.com:9447       | 131    |
|--------------------------------------------------|-------------------------------------------------------------------------------------------------------------------------------------------------------------------------------------------------------------------------------------------------------------------------------------------------|------------------------------------|--------|
|                                                  |                                                                                                                                                                                                                                                                                                 | peer0.forensics.example.com:9445   | 132    |
|--------------------------------------------------|-------------------------------------------------------------------------------------------------------------------------------------------------------------------------------------------------------------------------------------------------------------------------------------------------|------------------------------------|--------|
|                                                  |                                                                                                                                                                                                                                                                                                 | peer0.police.example.com:9444      | 138    |
|--------------------------------------------------|-------------------------------------------------------------------------------------------------------------------------------------------------------------------------------------------------------------------------------------------------------------------------------------------------|------------------------------------|--------|
|                                                  |                                                                                                                                                                                                                                                                                                 | peer0.prosecution.example.com:9446 | 128    |
|--------------------------------------------------|-------------------------------------------------------------------------------------------------------------------------------------------------------------------------------------------------------------------------------------------------------------------------------------------------|------------------------------------|--------|
| Process CPU rate (percent, max)                  | rate(process_cpu_seconds_total{job=~"fabric-.*"}[1m])                                                                                                                                                                                                                                           | orderer.example.com:9443           | 0.218  |
|--------------------------------------------------|-------------------------------------------------------------------------------------------------------------------------------------------------------------------------------------------------------------------------------------------------------------------------------------------------|------------------------------------|--------|
|                                                  |                                                                                                                                                                                                                                                                                                 | peer0.audit.example.com:9448       | 3.64   |
|--------------------------------------------------|-------------------------------------------------------------------------------------------------------------------------------------------------------------------------------------------------------------------------------------------------------------------------------------------------|------------------------------------|--------|
|                                                  |                                                                                                                                                                                                                                                                                                 | peer0.court.example.com:9447       | 3.40   |
|--------------------------------------------------|-------------------------------------------------------------------------------------------------------------------------------------------------------------------------------------------------------------------------------------------------------------------------------------------------|------------------------------------|--------|
|                                                  |                                                                                                                                                                                                                                                                                                 | peer0.forensics.example.com:9445   | 3.55   |
|--------------------------------------------------|-------------------------------------------------------------------------------------------------------------------------------------------------------------------------------------------------------------------------------------------------------------------------------------------------|------------------------------------|--------|
|                                                  |                                                                                                                                                                                                                                                                                                 | peer0.police.example.com:9444      | 4.67   |
|--------------------------------------------------|-------------------------------------------------------------------------------------------------------------------------------------------------------------------------------------------------------------------------------------------------------------------------------------------------|------------------------------------|--------|
|                                                  |                                                                                                                                                                                                                                                                                                 | peer0.prosecution.example.com:9446 | 3.33   |
|--------------------------------------------------|-------------------------------------------------------------------------------------------------------------------------------------------------------------------------------------------------------------------------------------------------------------------------------------------------|------------------------------------|--------|
| Crimerecords endorsement duration (seconds, avg) | sum by (instance) (rate(endorser_proposal_duration_sum{job=~"fabric-.*",channel="crimechannel",chaincode="crimerecords",success="true"}[1m])) / sum by (instance) (rate(endorser_proposal_duration_count{job=~"fabric-.*",channel="crimechannel",chaincode="crimerecords",success="true"}[1m])) | peer0.audit.example.com:9448       | NaN    |
|--------------------------------------------------|-------------------------------------------------------------------------------------------------------------------------------------------------------------------------------------------------------------------------------------------------------------------------------------------------|------------------------------------|--------|
|                                                  |                                                                                                                                                                                                                                                                                                 | peer0.court.example.com:9447       | NaN    |
|--------------------------------------------------|-------------------------------------------------------------------------------------------------------------------------------------------------------------------------------------------------------------------------------------------------------------------------------------------------|------------------------------------|--------|
|                                                  |                                                                                                                                                                                                                                                                                                 | peer0.forensics.example.com:9445   | NaN    |
|--------------------------------------------------|-------------------------------------------------------------------------------------------------------------------------------------------------------------------------------------------------------------------------------------------------------------------------------------------------|------------------------------------|--------|
|                                                  |                                                                                                                                                                                                                                                                                                 | peer0.police.example.com:9444      | 0.0105 |
|--------------------------------------------------|-------------------------------------------------------------------------------------------------------------------------------------------------------------------------------------------------------------------------------------------------------------------------------------------------|------------------------------------|--------|
|                                                  |                                                                                                                                                                                                                                                                                                 | peer0.prosecution.example.com:9446 | NaN    |
|--------------------------------------------------|-------------------------------------------------------------------------------------------------------------------------------------------------------------------------------------------------------------------------------------------------------------------------------------------------|------------------------------------|--------|
| Ledger height (blocks, max)                      | ledger_blockchain_height{job=~"fabric-.*",channel="crimechannel"}                                                                                                                                                                                                                               | orderer.example.com:9443           | 390    |
|--------------------------------------------------|-------------------------------------------------------------------------------------------------------------------------------------------------------------------------------------------------------------------------------------------------------------------------------------------------|------------------------------------|--------|
|                                                  |                                                                                                                                                                                                                                                                                                 | peer0.audit.example.com:9448       | 390    |
|--------------------------------------------------|-------------------------------------------------------------------------------------------------------------------------------------------------------------------------------------------------------------------------------------------------------------------------------------------------|------------------------------------|--------|
|                                                  |                                                                                                                                                                                                                                                                                                 | peer0.court.example.com:9447       | 390    |
|--------------------------------------------------|-------------------------------------------------------------------------------------------------------------------------------------------------------------------------------------------------------------------------------------------------------------------------------------------------|------------------------------------|--------|
|                                                  |                                                                                                                                                                                                                                                                                                 | peer0.forensics.example.com:9445   | 390    |
|--------------------------------------------------|-------------------------------------------------------------------------------------------------------------------------------------------------------------------------------------------------------------------------------------------------------------------------------------------------|------------------------------------|--------|
|                                                  |                                                                                                                                                                                                                                                                                                 | peer0.police.example.com:9444      | 390    |
|--------------------------------------------------|-------------------------------------------------------------------------------------------------------------------------------------------------------------------------------------------------------------------------------------------------------------------------------------------------|------------------------------------|--------|
|                                                  |                                                                                                                                                                                                                                                                                                 | peer0.prosecution.example.com:9446 | 390    |
+--------------------------------------------------+-------------------------------------------------------------------------------------------------------------------------------------------------------------------------------------------------------------------------------------------------------------------------------------------------+------------------------------------+--------+

2026.08.24-15:31:32.161[32m info [39m [caliper] [round-orchestrator] 	Finished round 1 (clients-8-warmup) in 10.107 seconds
2026.08.24-15:31:32.161[32m info [39m [caliper] [monitor.js] 	Stopping all monitors
2026.08.24-15:31:32.161[32m info [39m [caliper] [round-orchestrator] 	Waiting 5 seconds for the next round...
2026.08.24-15:31:37.163[32m info [39m [caliper] [round-orchestrator] 	Started round 2 (clients-8-read)
2026.08.24-15:31:37.164[32m info [39m [caliper] [worker-message-handler] 	Preparing Worker#0 for Round#1
2026.08.24-15:31:37.164[32m info [39m [caliper] [worker-message-handler] 	Preparing Worker#1 for Round#1
2026.08.24-15:31:37.165[32m info [39m [caliper] [worker-message-handler] 	Preparing Worker#4 for Round#1
2026.08.24-15:31:37.165[32m info [39m [caliper] [worker-message-handler] 	Preparing Worker#6 for Round#1
2026.08.24-15:31:37.165[32m info [39m [caliper] [worker-message-handler] 	Preparing Worker#5 for Round#1
2026.08.24-15:31:37.165[32m info [39m [caliper] [worker-message-handler] 	Preparing Worker#2 for Round#1
2026.08.24-15:31:37.166[32m info [39m [caliper] [worker-message-handler] 	Preparing Worker#3 for Round#1
2026.08.24-15:31:37.166[32m info [39m [caliper] [worker-message-handler] 	Preparing Worker#7 for Round#1
2026.08.24-15:31:37.168[32m info [39m [caliper] [connectors/peer-gateway/PeerGateway] 	Generating contract map for user io.krishnan
2026.08.24-15:31:37.168[32m info [39m [caliper] [connectors/peer-gateway/PeerGateway] 	Generating contract map for user io.krishnan
2026.08.24-15:31:37.168[32m info [39m [caliper] [connectors/peer-gateway/PeerGateway] 	Generating contract map for user io.krishnan
2026.08.24-15:31:37.168[32m info [39m [caliper] [connectors/peer-gateway/PeerGateway] 	Generating contract map for user io.krishnan
2026.08.24-15:31:37.168[32m info [39m [caliper] [connectors/peer-gateway/PeerGateway] 	Generating contract map for user io.krishnan
2026.08.24-15:31:37.168[32m info [39m [caliper] [connectors/peer-gateway/PeerGateway] 	Generating contract map for user io.krishnan
2026.08.24-15:31:37.168[32m info [39m [caliper] [connectors/peer-gateway/PeerGateway] 	Generating contract map for user insp.rathore
2026.08.24-15:31:37.169[32m info [39m [caliper] [connectors/peer-gateway/PeerGateway] 	Generating contract map for user insp.rathore
2026.08.24-15:31:37.169[32m info [39m [caliper] [connectors/peer-gateway/PeerGateway] 	Generating contract map for user insp.rathore
2026.08.24-15:31:37.169[32m info [39m [caliper] [connectors/peer-gateway/PeerGateway] 	Generating contract map for user insp.rathore
2026.08.24-15:31:37.169[32m info [39m [caliper] [connectors/peer-gateway/PeerGateway] 	Generating contract map for user insp.singh
2026.08.24-15:31:37.169[32m info [39m [caliper] [connectors/peer-gateway/PeerGateway] 	Generating contract map for user insp.rathore
2026.08.24-15:31:37.169[32m info [39m [caliper] [connectors/peer-gateway/PeerGateway] 	Generating contract map for user insp.rathore
2026.08.24-15:31:37.169[32m info [39m [caliper] [connectors/peer-gateway/PeerGateway] 	Generating contract map for user io.krishnan
2026.08.24-15:31:37.169[32m info [39m [caliper] [connectors/peer-gateway/PeerGateway] 	Generating contract map for user io.krishnan
2026.08.24-15:31:37.169[32m info [39m [caliper] [connectors/peer-gateway/PeerGateway] 	Generating contract map for user insp.singh
2026.08.24-15:31:37.169[32m info [39m [caliper] [connectors/peer-gateway/PeerGateway] 	Generating contract map for user insp.singh
2026.08.24-15:31:37.169[32m info [39m [caliper] [connectors/peer-gateway/PeerGateway] 	Generating contract map for user const.verma
2026.08.24-15:31:37.169[32m info [39m [caliper] [connectors/peer-gateway/PeerGateway] 	Generating contract map for user const.verma
2026.08.24-15:31:37.169[32m info [39m [caliper] [connectors/peer-gateway/PeerGateway] 	Generating contract map for user insp.singh
2026.08.24-15:31:37.169[32m info [39m [caliper] [connectors/peer-gateway/PeerGateway] 	Generating contract map for user insp.rathore
2026.08.24-15:31:37.169[32m info [39m [caliper] [connectors/peer-gateway/PeerGateway] 	Generating contract map for user insp.sharma
2026.08.24-15:31:37.169[32m info [39m [caliper] [connectors/peer-gateway/PeerGateway] 	Generating contract map for user const.verma
2026.08.24-15:31:37.169[32m info [39m [caliper] [connectors/peer-gateway/PeerGateway] 	Generating contract map for user insp.singh
2026.08.24-15:31:37.169[32m info [39m [caliper] [connectors/peer-gateway/PeerGateway] 	Generating contract map for user insp.singh
2026.08.24-15:31:37.169[32m info [39m [caliper] [connectors/peer-gateway/PeerGateway] 	Generating contract map for user insp.sharma
2026.08.24-15:31:37.169[32m info [39m [caliper] [connectors/peer-gateway/PeerGateway] 	Generating contract map for user const.verma
2026.08.24-15:31:37.169[32m info [39m [caliper] [connectors/peer-gateway/PeerGateway] 	Generating contract map for user insp.rathore
2026.08.24-15:31:37.169[32m info [39m [caliper] [connectors/peer-gateway/PeerGateway] 	Generating contract map for user const.verma
2026.08.24-15:31:37.169[32m info [39m [caliper] [connectors/peer-gateway/PeerGateway] 	Generating contract map for user insp.sharma
2026.08.24-15:31:37.169[32m info [39m [caliper] [connectors/peer-gateway/PeerGateway] 	Generating contract map for user const.verma
2026.08.24-15:31:37.169[32m info [39m [caliper] [connectors/peer-gateway/PeerGateway] 	Generating contract map for user insp.singh
2026.08.24-15:31:37.169[32m info [39m [caliper] [connectors/peer-gateway/PeerGateway] 	Generating contract map for user insp.sharma
2026.08.24-15:31:37.170[32m info [39m [caliper] [connectors/peer-gateway/PeerGateway] 	Generating contract map for user insp.sharma
2026.08.24-15:31:37.170[32m info [39m [caliper] [connectors/peer-gateway/PeerGateway] 	Generating contract map for user insp.sharma
2026.08.24-15:31:37.170[32m info [39m [caliper] [connectors/peer-gateway/PeerGateway] 	Generating contract map for user const.verma
2026.08.24-15:31:37.170[32m info [39m [caliper] [connectors/peer-gateway/PeerGateway] 	Generating contract map for user insp.singh
2026.08.24-15:31:37.170[32m info [39m [caliper] [connectors/peer-gateway/PeerGateway] 	Generating contract map for user insp.sharma
2026.08.24-15:31:37.170[32m info [39m [caliper] [connectors/peer-gateway/PeerGateway] 	Generating contract map for user const.verma
2026.08.24-15:31:37.170[32m info [39m [caliper] [connectors/peer-gateway/PeerGateway] 	Generating contract map for user insp.sharma
2026.08.24-15:31:37.172[32m info [39m [caliper] [connectors/peer-gateway/PeerGateway] 	Generating contract map for user _AuditMSP_aud.qureshi
2026.08.24-15:31:37.172[32m info [39m [caliper] [connectors/peer-gateway/PeerGateway] 	Generating contract map for user _AuditMSP_aud.qureshi
2026.08.24-15:31:37.172[32m info [39m [caliper] [caliper-worker] 	Info: worker 4 prepare test phase for round 1 is starting...
2026.08.24-15:31:37.172[32m info [39m [caliper] [caliper-worker] 	Info: worker 6 prepare test phase for round 1 is starting...
2026.08.24-15:31:37.172[32m info [39m [caliper] [connectors/peer-gateway/PeerGateway] 	Generating contract map for user _AuditMSP_aud.qureshi
2026.08.24-15:31:37.172[32m info [39m [caliper] [connectors/peer-gateway/PeerGateway] 	Generating contract map for user _AuditMSP_aud.qureshi
2026.08.24-15:31:37.172[32m info [39m [caliper] [connectors/peer-gateway/PeerGateway] 	Generating contract map for user _AuditMSP_aud.qureshi
2026.08.24-15:31:37.172[32m info [39m [caliper] [connectors/peer-gateway/PeerGateway] 	Generating contract map for user _AuditMSP_aud.qureshi
2026.08.24-15:31:37.172[32m info [39m [caliper] [caliper-worker] 	Info: worker 1 prepare test phase for round 1 is starting...
2026.08.24-15:31:37.172[32m info [39m [caliper] [connectors/peer-gateway/PeerGateway] 	Generating contract map for user _AuditMSP_aud.qureshi
2026.08.24-15:31:37.172[32m info [39m [caliper] [caliper-worker] 	Info: worker 5 prepare test phase for round 1 is starting...
2026.08.24-15:31:37.172[32m info [39m [caliper] [caliper-worker] 	Info: worker 2 prepare test phase for round 1 is starting...
2026.08.24-15:31:37.172[32m info [39m [caliper] [caliper-worker] 	Info: worker 7 prepare test phase for round 1 is starting...
2026.08.24-15:31:37.172[32m info [39m [caliper] [caliper-worker] 	Info: worker 0 prepare test phase for round 1 is starting...
2026.08.24-15:31:37.172[32m info [39m [caliper] [connectors/peer-gateway/PeerGateway] 	Generating contract map for user _AuditMSP_aud.qureshi
2026.08.24-15:31:37.172[32m info [39m [caliper] [caliper-worker] 	Info: worker 3 prepare test phase for round 1 is starting...
2026.08.24-15:31:37.173[32m info [39m [caliper] [connectors/peer-gateway/PeerGateway] 	disconnecting gateway for user io.krishnan
2026.08.24-15:31:37.173[32m info [39m [caliper] [connectors/peer-gateway/PeerGateway] 	disconnecting gateway for user insp.rathore
2026.08.24-15:31:37.173[32m info [39m [caliper] [connectors/peer-gateway/PeerGateway] 	disconnecting gateway for user insp.singh
2026.08.24-15:31:37.173[32m info [39m [caliper] [connectors/peer-gateway/PeerGateway] 	disconnecting gateway for user io.krishnan
2026.08.24-15:31:37.173[32m info [39m [caliper] [connectors/peer-gateway/PeerGateway] 	disconnecting gateway for user const.verma
2026.08.24-15:31:37.173[32m info [39m [caliper] [connectors/peer-gateway/PeerGateway] 	disconnecting gateway for user insp.rathore
2026.08.24-15:31:37.173[32m info [39m [caliper] [connectors/peer-gateway/PeerGateway] 	disconnecting gateway for user io.krishnan
2026.08.24-15:31:37.173[32m info [39m [caliper] [connectors/peer-gateway/PeerGateway] 	disconnecting gateway for user insp.sharma
2026.08.24-15:31:37.173[32m info [39m [caliper] [connectors/peer-gateway/PeerGateway] 	disconnecting gateway for user insp.singh
2026.08.24-15:31:37.173[32m info [39m [caliper] [connectors/peer-gateway/PeerGateway] 	disconnecting gateway for user _AuditMSP_aud.qureshi
2026.08.24-15:31:37.173[32m info [39m [caliper] [connectors/peer-gateway/PeerGateway] 	disconnecting gateway for user const.verma
2026.08.24-15:31:37.173[32m info [39m [caliper] [connectors/peer-gateway/PeerGateway] 	disconnecting gateway for user insp.rathore
2026.08.24-15:31:37.173[32m info [39m [caliper] [connectors/peer-gateway/PeerGateway] 	disconnecting gRpc client at peer PoliceMSP_localhost:7051
2026.08.24-15:31:37.173[32m info [39m [caliper] [connectors/peer-gateway/PeerGateway] 	disconnecting gateway for user insp.sharma
2026.08.24-15:31:37.173[32m info [39m [caliper] [connectors/peer-gateway/PeerGateway] 	disconnecting gateway for user io.krishnan
2026.08.24-15:31:37.173[32m info [39m [caliper] [connectors/peer-gateway/PeerGateway] 	disconnecting gateway for user insp.singh
2026.08.24-15:31:37.173[32m info [39m [caliper] [connectors/peer-gateway/PeerGateway] 	disconnecting gateway for user io.krishnan
2026.08.24-15:31:37.173[32m info [39m [caliper] [connectors/peer-gateway/PeerGateway] 	disconnecting gateway for user _AuditMSP_aud.qureshi
2026.08.24-15:31:37.173[32m info [39m [caliper] [connectors/peer-gateway/PeerGateway] 	disconnecting gateway for user io.krishnan
2026.08.24-15:31:37.173[32m info [39m [caliper] [connectors/peer-gateway/PeerGateway] 	disconnecting gateway for user io.krishnan
2026.08.24-15:31:37.173[32m info [39m [caliper] [connectors/peer-gateway/PeerGateway] 	disconnecting gateway for user const.verma
2026.08.24-15:31:37.173[32m info [39m [caliper] [connectors/peer-gateway/PeerGateway] 	disconnecting gRpc client at peer PoliceMSP_localhost:7051
2026.08.24-15:31:37.173[32m info [39m [caliper] [connectors/peer-gateway/PeerGateway] 	disconnecting gateway for user insp.sharma
2026.08.24-15:31:37.173[32m info [39m [caliper] [connectors/peer-gateway/PeerGateway] 	disconnecting gateway for user insp.rathore
2026.08.24-15:31:37.174[32m info [39m [caliper] [connectors/peer-gateway/PeerGateway] 	disconnecting gRpc client at peer AuditMSP_localhost:11051
2026.08.24-15:31:37.174[32m info [39m [caliper] [connectors/peer-gateway/PeerGateway] 	disconnecting gateway for user _AuditMSP_aud.qureshi
2026.08.24-15:31:37.173[32m info [39m [caliper] [connectors/peer-gateway/PeerGateway] 	disconnecting gateway for user insp.rathore
2026.08.24-15:31:37.174[32m info [39m [caliper] [connectors/peer-gateway/PeerGateway] 	disconnecting gateway for user insp.singh
2026.08.24-15:31:37.174[32m info [39m [caliper] [connectors/peer-gateway/PeerGateway] 	disconnecting gateway for user insp.rathore
2026.08.24-15:31:37.174[32m info [39m [caliper] [connectors/peer-gateway/PeerGateway] 	disconnecting gateway for user insp.rathore
2026.08.24-15:31:37.174[32m info [39m [caliper] [connectors/peer-gateway/PeerGateway] 	disconnecting gRpc client at peer PoliceMSP_localhost:7051
2026.08.24-15:31:37.174[32m info [39m [caliper] [connectors/peer-gateway/PeerGateway] 	disconnecting gateway for user insp.singh
2026.08.24-15:31:37.174[32m info [39m [caliper] [connectors/peer-gateway/PeerGateway] 	disconnecting gateway for user const.verma
2026.08.24-15:31:37.174[32m info [39m [caliper] [connectors/peer-gateway/PeerGateway] 	disconnecting gateway for user insp.singh
2026.08.24-15:31:37.174[32m info [39m [caliper] [connectors/peer-gateway/PeerGateway] 	disconnecting gateway for user insp.singh
2026.08.24-15:31:37.174[32m info [39m [caliper] [connectors/peer-gateway/PeerGateway] 	disconnecting gRpc client at peer AuditMSP_localhost:11051
2026.08.24-15:31:37.174[32m info [39m [caliper] [connectors/peer-gateway/PeerGateway] 	disconnecting gateway for user const.verma
2026.08.24-15:31:37.174[32m info [39m [caliper] [connectors/peer-gateway/PeerGateway] 	disconnecting gateway for user const.verma
2026.08.24-15:31:37.174[32m info [39m [caliper] [connectors/peer-gateway/PeerGateway] 	disconnecting gateway for user const.verma
2026.08.24-15:31:37.174[32m info [39m [caliper] [connectors/peer-gateway/PeerGateway] 	disconnecting gateway for user insp.sharma
2026.08.24-15:31:37.174[32m info [39m [caliper] [connectors/peer-gateway/PeerGateway] 	disconnecting gateway for user insp.sharma
2026.08.24-15:31:37.174[32m info [39m [caliper] [connectors/peer-gateway/PeerGateway] 	disconnecting gateway for user insp.sharma
2026.08.24-15:31:37.174[32m info [39m [caliper] [connectors/peer-gateway/PeerGateway] 	disconnecting gateway for user insp.sharma
2026.08.24-15:31:37.174[32m info [39m [caliper] [connectors/peer-gateway/PeerGateway] 	disconnecting gateway for user _AuditMSP_aud.qureshi
2026.08.24-15:31:37.174[32m info [39m [caliper] [connectors/peer-gateway/PeerGateway] 	disconnecting gateway for user _AuditMSP_aud.qureshi
2026.08.24-15:31:37.174[32m info [39m [caliper] [connectors/peer-gateway/PeerGateway] 	disconnecting gateway for user _AuditMSP_aud.qureshi
2026.08.24-15:31:37.174[32m info [39m [caliper] [connectors/peer-gateway/PeerGateway] 	disconnecting gateway for user _AuditMSP_aud.qureshi
2026.08.24-15:31:37.174[32m info [39m [caliper] [connectors/peer-gateway/PeerGateway] 	disconnecting gRpc client at peer PoliceMSP_localhost:7051
2026.08.24-15:31:37.174[32m info [39m [caliper] [connectors/peer-gateway/PeerGateway] 	disconnecting gRpc client at peer AuditMSP_localhost:11051
2026.08.24-15:31:37.174[32m info [39m [caliper] [connectors/peer-gateway/PeerGateway] 	disconnecting gRpc client at peer PoliceMSP_localhost:7051
2026.08.24-15:31:37.174[32m info [39m [caliper] [connectors/peer-gateway/PeerGateway] 	disconnecting gRpc client at peer PoliceMSP_localhost:7051
2026.08.24-15:31:37.174[32m info [39m [caliper] [connectors/peer-gateway/PeerGateway] 	disconnecting gRpc client at peer PoliceMSP_localhost:7051
2026.08.24-15:31:37.174[32m info [39m [caliper] [caliper-worker] 	Info: worker 4 prepare test phase for round 1 is completed
2026.08.24-15:31:37.174[32m info [39m [caliper] [worker-message-handler] 	Worker#4 prepared for Round#1
2026.08.24-15:31:37.174[32m info [39m [caliper] [connectors/peer-gateway/PeerGateway] 	disconnecting gRpc client at peer AuditMSP_localhost:11051
2026.08.24-15:31:37.174[32m info [39m [caliper] [caliper-worker] 	Info: worker 6 prepare test phase for round 1 is completed
2026.08.24-15:31:37.174[32m info [39m [caliper] [connectors/peer-gateway/PeerGateway] 	disconnecting gRpc client at peer AuditMSP_localhost:11051
2026.08.24-15:31:37.174[32m info [39m [caliper] [connectors/peer-gateway/PeerGateway] 	disconnecting gRpc client at peer AuditMSP_localhost:11051
2026.08.24-15:31:37.174[32m info [39m [caliper] [connectors/peer-gateway/PeerGateway] 	disconnecting gRpc client at peer AuditMSP_localhost:11051
2026.08.24-15:31:37.174[32m info [39m [caliper] [worker-message-handler] 	Worker#6 prepared for Round#1
2026.08.24-15:31:37.174[32m info [39m [caliper] [caliper-worker] 	Info: worker 1 prepare test phase for round 1 is completed
2026.08.24-15:31:37.174[32m info [39m [caliper] [connectors/peer-gateway/PeerGateway] 	disconnecting gateway for user io.krishnan
2026.08.24-15:31:37.174[32m info [39m [caliper] [worker-message-handler] 	Worker#1 prepared for Round#1
2026.08.24-15:31:37.174[32m info [39m [caliper] [caliper-worker] 	Info: worker 5 prepare test phase for round 1 is completed
2026.08.24-15:31:37.174[32m info [39m [caliper] [connectors/peer-gateway/PeerGateway] 	disconnecting gateway for user insp.rathore
2026.08.24-15:31:37.174[32m info [39m [caliper] [caliper-worker] 	Info: worker 0 prepare test phase for round 1 is completed
2026.08.24-15:31:37.174[32m info [39m [caliper] [worker-message-handler] 	Worker#5 prepared for Round#1
2026.08.24-15:31:37.174[32m info [39m [caliper] [connectors/peer-gateway/PeerGateway] 	disconnecting gateway for user insp.singh
2026.08.24-15:31:37.174[32m info [39m [caliper] [caliper-worker] 	Info: worker 7 prepare test phase for round 1 is completed
2026.08.24-15:31:37.174[32m info [39m [caliper] [caliper-worker] 	Info: worker 2 prepare test phase for round 1 is completed
2026.08.24-15:31:37.174[32m info [39m [caliper] [worker-message-handler] 	Worker#0 prepared for Round#1
2026.08.24-15:31:37.174[32m info [39m [caliper] [connectors/peer-gateway/PeerGateway] 	disconnecting gateway for user const.verma
2026.08.24-15:31:37.174[32m info [39m [caliper] [worker-message-handler] 	Worker#7 prepared for Round#1
2026.08.24-15:31:37.174[32m info [39m [caliper] [connectors/peer-gateway/PeerGateway] 	disconnecting gateway for user insp.sharma
2026.08.24-15:31:37.174[32m info [39m [caliper] [worker-message-handler] 	Worker#2 prepared for Round#1
2026.08.24-15:31:37.174[32m info [39m [caliper] [connectors/peer-gateway/PeerGateway] 	disconnecting gateway for user _AuditMSP_aud.qureshi
2026.08.24-15:31:37.174[32m info [39m [caliper] [connectors/peer-gateway/PeerGateway] 	disconnecting gRpc client at peer PoliceMSP_localhost:7051
2026.08.24-15:31:37.174[32m info [39m [caliper] [connectors/peer-gateway/PeerGateway] 	disconnecting gRpc client at peer AuditMSP_localhost:11051
2026.08.24-15:31:37.174[32m info [39m [caliper] [caliper-worker] 	Info: worker 3 prepare test phase for round 1 is completed
2026.08.24-15:31:37.174[32m info [39m [caliper] [worker-message-handler] 	Worker#3 prepared for Round#1
2026.08.24-15:31:37.175[32m info [39m [caliper] [worker-orchestrator] 	8 workers prepared, progressing to test phase.
2026.08.24-15:31:37.175[32m info [39m [caliper] [round-orchestrator] 	Monitors successfully started
2026.08.24-15:31:37.175[32m info [39m [caliper] [worker-message-handler] 	Worker#0 is starting Round#1
2026.08.24-15:31:37.175[32m info [39m [caliper] [worker-message-handler] 	Worker#1 is starting Round#1
2026.08.24-15:31:37.176[32m info [39m [caliper] [worker-message-handler] 	Worker#2 is starting Round#1
2026.08.24-15:31:37.176[32m info [39m [caliper] [worker-message-handler] 	Worker#3 is starting Round#1
2026.08.24-15:31:37.176[32m info [39m [caliper] [worker-message-handler] 	Worker#4 is starting Round#1
2026.08.24-15:31:37.176[32m info [39m [caliper] [worker-message-handler] 	Worker#5 is starting Round#1
2026.08.24-15:31:37.176[32m info [39m [caliper] [worker-message-handler] 	Worker#6 is starting Round#1
2026.08.24-15:31:37.177[32m info [39m [caliper] [worker-message-handler] 	Worker#7 is starting Round#1
2026.08.24-15:31:37.179[32m info [39m [caliper] [connectors/peer-gateway/PeerGateway] 	Generating contract map for user io.krishnan
2026.08.24-15:31:37.179[32m info [39m [caliper] [connectors/peer-gateway/PeerGateway] 	Generating contract map for user io.krishnan
2026.08.24-15:31:37.179[32m info [39m [caliper] [connectors/peer-gateway/PeerGateway] 	Generating contract map for user io.krishnan
2026.08.24-15:31:37.179[32m info [39m [caliper] [connectors/peer-gateway/PeerGateway] 	Generating contract map for user io.krishnan
2026.08.24-15:31:37.179[32m info [39m [caliper] [connectors/peer-gateway/PeerGateway] 	Generating contract map for user insp.rathore
2026.08.24-15:31:37.179[32m info [39m [caliper] [connectors/peer-gateway/PeerGateway] 	Generating contract map for user insp.rathore
2026.08.24-15:31:37.179[32m info [39m [caliper] [connectors/peer-gateway/PeerGateway] 	Generating contract map for user insp.rathore
2026.08.24-15:31:37.179[32m info [39m [caliper] [connectors/peer-gateway/PeerGateway] 	Generating contract map for user insp.rathore
2026.08.24-15:31:37.179[32m info [39m [caliper] [connectors/peer-gateway/PeerGateway] 	Generating contract map for user insp.singh
2026.08.24-15:31:37.179[32m info [39m [caliper] [connectors/peer-gateway/PeerGateway] 	Generating contract map for user io.krishnan
2026.08.24-15:31:37.179[32m info [39m [caliper] [connectors/peer-gateway/PeerGateway] 	Generating contract map for user insp.singh
2026.08.24-15:31:37.179[32m info [39m [caliper] [connectors/peer-gateway/PeerGateway] 	Generating contract map for user insp.singh
2026.08.24-15:31:37.179[32m info [39m [caliper] [connectors/peer-gateway/PeerGateway] 	Generating contract map for user io.krishnan
2026.08.24-15:31:37.179[32m info [39m [caliper] [connectors/peer-gateway/PeerGateway] 	Generating contract map for user io.krishnan
2026.08.24-15:31:37.179[32m info [39m [caliper] [connectors/peer-gateway/PeerGateway] 	Generating contract map for user io.krishnan
2026.08.24-15:31:37.179[32m info [39m [caliper] [connectors/peer-gateway/PeerGateway] 	Generating contract map for user insp.singh
2026.08.24-15:31:37.179[32m info [39m [caliper] [connectors/peer-gateway/PeerGateway] 	Generating contract map for user const.verma
2026.08.24-15:31:37.179[32m info [39m [caliper] [connectors/peer-gateway/PeerGateway] 	Generating contract map for user const.verma
2026.08.24-15:31:37.179[32m info [39m [caliper] [connectors/peer-gateway/PeerGateway] 	Generating contract map for user const.verma
2026.08.24-15:31:37.179[32m info [39m [caliper] [connectors/peer-gateway/PeerGateway] 	Generating contract map for user insp.rathore
2026.08.24-15:31:37.179[32m info [39m [caliper] [connectors/peer-gateway/PeerGateway] 	Generating contract map for user insp.rathore
2026.08.24-15:31:37.179[32m info [39m [caliper] [connectors/peer-gateway/PeerGateway] 	Generating contract map for user insp.rathore
2026.08.24-15:31:37.179[32m info [39m [caliper] [connectors/peer-gateway/PeerGateway] 	Generating contract map for user const.verma
2026.08.24-15:31:37.179[32m info [39m [caliper] [connectors/peer-gateway/PeerGateway] 	Generating contract map for user insp.sharma
2026.08.24-15:31:37.179[32m info [39m [caliper] [connectors/peer-gateway/PeerGateway] 	Generating contract map for user insp.rathore
2026.08.24-15:31:37.179[32m info [39m [caliper] [connectors/peer-gateway/PeerGateway] 	Generating contract map for user insp.sharma
2026.08.24-15:31:37.179[32m info [39m [caliper] [connectors/peer-gateway/PeerGateway] 	Generating contract map for user insp.sharma
2026.08.24-15:31:37.179[32m info [39m [caliper] [connectors/peer-gateway/PeerGateway] 	Generating contract map for user insp.singh
2026.08.24-15:31:37.179[32m info [39m [caliper] [connectors/peer-gateway/PeerGateway] 	Generating contract map for user insp.sharma
2026.08.24-15:31:37.179[32m info [39m [caliper] [connectors/peer-gateway/PeerGateway] 	Generating contract map for user insp.singh
2026.08.24-15:31:37.179[32m info [39m [caliper] [connectors/peer-gateway/PeerGateway] 	Generating contract map for user insp.singh
2026.08.24-15:31:37.179[32m info [39m [caliper] [connectors/peer-gateway/PeerGateway] 	Generating contract map for user insp.singh
2026.08.24-15:31:37.179[32m info [39m [caliper] [connectors/peer-gateway/PeerGateway] 	Generating contract map for user const.verma
2026.08.24-15:31:37.180[32m info [39m [caliper] [connectors/peer-gateway/PeerGateway] 	Generating contract map for user const.verma
2026.08.24-15:31:37.180[32m info [39m [caliper] [connectors/peer-gateway/PeerGateway] 	Generating contract map for user const.verma
2026.08.24-15:31:37.180[32m info [39m [caliper] [connectors/peer-gateway/PeerGateway] 	Generating contract map for user const.verma
2026.08.24-15:31:37.180[32m info [39m [caliper] [connectors/peer-gateway/PeerGateway] 	Generating contract map for user insp.sharma
2026.08.24-15:31:37.180[32m info [39m [caliper] [connectors/peer-gateway/PeerGateway] 	Generating contract map for user insp.sharma
2026.08.24-15:31:37.180[32m info [39m [caliper] [connectors/peer-gateway/PeerGateway] 	Generating contract map for user insp.sharma
2026.08.24-15:31:37.180[32m info [39m [caliper] [connectors/peer-gateway/PeerGateway] 	Generating contract map for user insp.sharma
2026.08.24-15:31:37.182[32m info [39m [caliper] [connectors/peer-gateway/PeerGateway] 	Generating contract map for user _AuditMSP_aud.qureshi
2026.08.24-15:31:37.182[32m info [39m [caliper] [connectors/peer-gateway/PeerGateway] 	Generating contract map for user _AuditMSP_aud.qureshi
2026.08.24-15:31:37.182[32m info [39m [caliper] [caliper-worker] 	Worker #2 starting workload loop
2026.08.24-15:31:37.182[32m info [39m [caliper] [caliper-worker] 	Worker #0 starting workload loop
2026.08.24-15:31:37.182[32m info [39m [caliper] [connectors/peer-gateway/PeerGateway] 	Generating contract map for user _AuditMSP_aud.qureshi
2026.08.24-15:31:37.182[32m info [39m [caliper] [connectors/peer-gateway/PeerGateway] 	Generating contract map for user _AuditMSP_aud.qureshi
2026.08.24-15:31:37.182[32m info [39m [caliper] [caliper-worker] 	Worker #1 starting workload loop
2026.08.24-15:31:37.182[32m info [39m [caliper] [caliper-worker] 	Worker #3 starting workload loop
2026.08.24-15:31:37.182[32m info [39m [caliper] [connectors/peer-gateway/PeerGateway] 	Generating contract map for user _AuditMSP_aud.qureshi
2026.08.24-15:31:37.182[32m info [39m [caliper] [connectors/peer-gateway/PeerGateway] 	Generating contract map for user _AuditMSP_aud.qureshi
2026.08.24-15:31:37.182[32m info [39m [caliper] [connectors/peer-gateway/PeerGateway] 	Generating contract map for user _AuditMSP_aud.qureshi
2026.08.24-15:31:37.182[32m info [39m [caliper] [connectors/peer-gateway/PeerGateway] 	Generating contract map for user _AuditMSP_aud.qureshi
2026.08.24-15:31:37.182[32m info [39m [caliper] [caliper-worker] 	Worker #4 starting workload loop
2026.08.24-15:31:37.183[32m info [39m [caliper] [caliper-worker] 	Worker #5 starting workload loop
2026.08.24-15:31:37.183[32m info [39m [caliper] [caliper-worker] 	Worker #6 starting workload loop
2026.08.24-15:31:37.183[32m info [39m [caliper] [caliper-worker] 	Worker #7 starting workload loop
CALIPER_TX_LATENCY {"workerIndex":6,"roundIndex":1,"roundLabel":"clients-8-read","transactionId":"ebcb0a9893c4949ad73847afd305a6bff655cf1c32d0db9348c55771991d2b8f","status":"success","startEpochMs":1787565697185,"endEpochMs":1787565697219,"latencyMs":34}
CALIPER_TX_LATENCY {"workerIndex":5,"roundIndex":1,"roundLabel":"clients-8-read","transactionId":"f3d267f330014469b9dfb9453de5ee9f8168484333050fe95abf5c834118cfb6","status":"success","startEpochMs":1787565697185,"endEpochMs":1787565697220,"latencyMs":35}
CALIPER_TX_LATENCY {"workerIndex":3,"roundIndex":1,"roundLabel":"clients-8-read","transactionId":"670e33f44bc878cadc12bab5a03bf1f1c163ae4e1b003bce3d3a1c54e0339e51","status":"success","startEpochMs":1787565697184,"endEpochMs":1787565697221,"latencyMs":37}
CALIPER_TX_LATENCY {"workerIndex":0,"roundIndex":1,"roundLabel":"clients-8-read","transactionId":"01ca6daffe7b868e809fbfaad47458cceecb1b403395efc836fed30138d51239","status":"success","startEpochMs":1787565697184,"endEpochMs":1787565697222,"latencyMs":38}
CALIPER_TX_LATENCY {"workerIndex":2,"roundIndex":1,"roundLabel":"clients-8-read","transactionId":"a42e2c34cb56dc19bc1fd9a919850a9a12551a918b2d7fc03ace1d7e5d297ff5","status":"success","startEpochMs":1787565697184,"endEpochMs":1787565697222,"latencyMs":38}
CALIPER_TX_LATENCY {"workerIndex":1,"roundIndex":1,"roundLabel":"clients-8-read","transactionId":"1c19d7b61ed07a74d12318ea3b74507705fd9fa0a87d78c335be57f508daa3ba","status":"success","startEpochMs":1787565697184,"endEpochMs":1787565697222,"latencyMs":38}
CALIPER_TX_LATENCY {"workerIndex":7,"roundIndex":1,"roundLabel":"clients-8-read","transactionId":"34885c885db0903e77112201fada6688279cd6d3790458a0b8f850f9f8665c66","status":"success","startEpochMs":1787565697185,"endEpochMs":1787565697222,"latencyMs":37}
CALIPER_TX_LATENCY {"workerIndex":4,"roundIndex":1,"roundLabel":"clients-8-read","transactionId":"466d988b158c54ef52797e315350eadec38d04f2057dfdceaee96432acf33703","status":"success","startEpochMs":1787565697184,"endEpochMs":1787565697222,"latencyMs":38}
CALIPER_TX_LATENCY {"workerIndex":5,"roundIndex":1,"roundLabel":"clients-8-read","transactionId":"88bc9f83806ea43fc5243a958b3725d68826e8723c12666600e1a63f451004c0","status":"success","startEpochMs":1787565698193,"endEpochMs":1787565698203,"latencyMs":10}
CALIPER_TX_LATENCY {"workerIndex":0,"roundIndex":1,"roundLabel":"clients-8-read","transactionId":"bff863e3d57eda68c1d253d42a60ba6c73145ccf67f35280fd34e6efdd97e87a","status":"success","startEpochMs":1787565698195,"endEpochMs":1787565698203,"latencyMs":8}
CALIPER_TX_LATENCY {"workerIndex":1,"roundIndex":1,"roundLabel":"clients-8-read","transactionId":"6056d57ea4813e1cf7fc5e695b9c550d00e4a908d36ac09bf4b25dea162f7f09","status":"success","startEpochMs":1787565698194,"endEpochMs":1787565698203,"latencyMs":9}
CALIPER_TX_LATENCY {"workerIndex":3,"roundIndex":1,"roundLabel":"clients-8-read","transactionId":"bb235d1fcc3bf996960eccf0b8b794fbc049d298717a11c564f12192070e99cf","status":"success","startEpochMs":1787565698194,"endEpochMs":1787565698203,"latencyMs":9}
CALIPER_TX_LATENCY {"workerIndex":2,"roundIndex":1,"roundLabel":"clients-8-read","transactionId":"41ce84886dfcea0b5d3fc9e5a7b778a4b0824105e8e89012228ef040c9f4c129","status":"success","startEpochMs":1787565698195,"endEpochMs":1787565698203,"latencyMs":8}
CALIPER_TX_LATENCY {"workerIndex":4,"roundIndex":1,"roundLabel":"clients-8-read","transactionId":"0f9bbadac1ed22aec9ae39f671129106acd05382132dd1c697c7733b04a5b296","status":"success","startEpochMs":1787565698195,"endEpochMs":1787565698203,"latencyMs":8}
CALIPER_TX_LATENCY {"workerIndex":7,"roundIndex":1,"roundLabel":"clients-8-read","transactionId":"554f4b253c72113071ccf4b47039f0b48d9e40daffbdaf0107fdc3542cb73673","status":"success","startEpochMs":1787565698195,"endEpochMs":1787565698203,"latencyMs":8}
CALIPER_TX_LATENCY {"workerIndex":6,"roundIndex":1,"roundLabel":"clients-8-read","transactionId":"f87dc821c8095879839128d8ec0a02cad36d681c88be3cb5f869eb2d3775cdc1","status":"success","startEpochMs":1787565698194,"endEpochMs":1787565698203,"latencyMs":9}
CALIPER_TX_LATENCY {"workerIndex":5,"roundIndex":1,"roundLabel":"clients-8-read","transactionId":"d5514b88c44a02ae7588b78eb3bb74c37459ba9974b1f8ef971a9f7c0dc5f91c","status":"success","startEpochMs":1787565699184,"endEpochMs":1787565699210,"latencyMs":26}
CALIPER_TX_LATENCY {"workerIndex":7,"roundIndex":1,"roundLabel":"clients-8-read","transactionId":"965d84910a7a28fa82b86f7424832c76ca0a088a8c9eb463247df7e8b9e2893d","status":"success","startEpochMs":1787565699184,"endEpochMs":1787565699210,"latencyMs":26}
CALIPER_TX_LATENCY {"workerIndex":4,"roundIndex":1,"roundLabel":"clients-8-read","transactionId":"f4499df5d1c1cdcc34fd49131edfd247213dd7c6ab706b962a547970d1854249","status":"success","startEpochMs":1787565699185,"endEpochMs":1787565699210,"latencyMs":25}
CALIPER_TX_LATENCY {"workerIndex":3,"roundIndex":1,"roundLabel":"clients-8-read","transactionId":"91b61242c96db54e3f3d4b533acb241a1d3389db97f51c5cbbcc6dcca72aa180","status":"success","startEpochMs":1787565699187,"endEpochMs":1787565699213,"latencyMs":26}
CALIPER_TX_LATENCY {"workerIndex":6,"roundIndex":1,"roundLabel":"clients-8-read","transactionId":"b8fd40f25f63f35ff1ee7abdbe1e1743c7ff8d81a01ecb80c51985a5f0a94a4e","status":"success","startEpochMs":1787565699189,"endEpochMs":1787565699214,"latencyMs":25}
CALIPER_TX_LATENCY {"workerIndex":2,"roundIndex":1,"roundLabel":"clients-8-read","transactionId":"fca99e2ceb88ba4f4baf24fe3ccab2513a1e737a265362122aa6a3b0e4a1e74c","status":"success","startEpochMs":1787565699188,"endEpochMs":1787565699215,"latencyMs":27}
CALIPER_TX_LATENCY {"workerIndex":1,"roundIndex":1,"roundLabel":"clients-8-read","transactionId":"ee1704690a4874889cc1f251e885e231d1ce19a75e3d3f94954b9ac039db7c60","status":"success","startEpochMs":1787565699185,"endEpochMs":1787565699215,"latencyMs":30}
CALIPER_TX_LATENCY {"workerIndex":0,"roundIndex":1,"roundLabel":"clients-8-read","transactionId":"05b29cb3259dee18bdd2298db9509c308fb4c4b035ef1bc7d2cc5293e42cebde","status":"success","startEpochMs":1787565699187,"endEpochMs":1787565699215,"latencyMs":28}
CALIPER_TX_LATENCY {"workerIndex":7,"roundIndex":1,"roundLabel":"clients-8-read","transactionId":"943eee572f21da4138bfa0d6ab63a9871ec6c5b3bab6535e5fbb39561592b97b","status":"success","startEpochMs":1787565700186,"endEpochMs":1787565700211,"latencyMs":25}
CALIPER_TX_LATENCY {"workerIndex":5,"roundIndex":1,"roundLabel":"clients-8-read","transactionId":"43cd3e58d85b77603d8198ae07472f4f44da71b4b7f9a56d55749ba2a5ac26c8","status":"success","startEpochMs":1787565700184,"endEpochMs":1787565700211,"latencyMs":27}
CALIPER_TX_LATENCY {"workerIndex":4,"roundIndex":1,"roundLabel":"clients-8-read","transactionId":"3bbf7221d9c670c865cee8deacff55cac7a7124c087fd55fc75cc2bbb0374987","status":"success","startEpochMs":1787565700184,"endEpochMs":1787565700211,"latencyMs":27}
CALIPER_TX_LATENCY {"workerIndex":3,"roundIndex":1,"roundLabel":"clients-8-read","transactionId":"39507f13731e917a1cffccdb3329d2c05ccacf0bb77a2dec9ad81ce712d87766","status":"success","startEpochMs":1787565700187,"endEpochMs":1787565700213,"latencyMs":26}
CALIPER_TX_LATENCY {"workerIndex":2,"roundIndex":1,"roundLabel":"clients-8-read","transactionId":"80eacfdb7cec231d2c50b6df51fe7de66515cc7477112afe786b92073d678188","status":"success","startEpochMs":1787565700187,"endEpochMs":1787565700214,"latencyMs":27}
CALIPER_TX_LATENCY {"workerIndex":6,"roundIndex":1,"roundLabel":"clients-8-read","transactionId":"50b8e97fd1ceb993e53e85ee51f9cd928ca78700538b5f9d3abb1fcb4c6b3e04","status":"success","startEpochMs":1787565700187,"endEpochMs":1787565700214,"latencyMs":27}
CALIPER_TX_LATENCY {"workerIndex":0,"roundIndex":1,"roundLabel":"clients-8-read","transactionId":"eb9d480813330631800f45a62c31495c9d00a456bd6ff9b46d272758d8f1ffad","status":"success","startEpochMs":1787565700187,"endEpochMs":1787565700214,"latencyMs":27}
CALIPER_TX_LATENCY {"workerIndex":1,"roundIndex":1,"roundLabel":"clients-8-read","transactionId":"a85491a29b26e07ca8330db64d33dc57103241a0772db86f9337444ba829316d","status":"success","startEpochMs":1787565700187,"endEpochMs":1787565700214,"latencyMs":27}
CALIPER_TX_LATENCY {"workerIndex":7,"roundIndex":1,"roundLabel":"clients-8-read","transactionId":"b433a2781b019f27b17a8a43880ba608afc63c76662a86e5387e9e0b5d97b3c5","status":"success","startEpochMs":1787565701185,"endEpochMs":1787565701214,"latencyMs":29}
CALIPER_TX_LATENCY {"workerIndex":6,"roundIndex":1,"roundLabel":"clients-8-read","transactionId":"d101e739374d3b6d0d3d6a198b3bb41ea1d94fda1876ce20fee33cf4944f69ed","status":"success","startEpochMs":1787565701184,"endEpochMs":1787565701214,"latencyMs":30}
CALIPER_TX_LATENCY {"workerIndex":5,"roundIndex":1,"roundLabel":"clients-8-read","transactionId":"72efd0d2d5fd09505a6d92a397410e302c9cffbdcd0ef3fd478476473f197e31","status":"success","startEpochMs":1787565701185,"endEpochMs":1787565701214,"latencyMs":29}
CALIPER_TX_LATENCY {"workerIndex":3,"roundIndex":1,"roundLabel":"clients-8-read","transactionId":"5ef10188b14387b83e9ce8a8280c64831df8f7d132c0845f091d9f3ef44dcbb3","status":"success","startEpochMs":1787565701184,"endEpochMs":1787565701214,"latencyMs":30}
CALIPER_TX_LATENCY {"workerIndex":1,"roundIndex":1,"roundLabel":"clients-8-read","transactionId":"dcc038bb90c353ee6201ac48e63ef1e37904531b1b6d1610b82dd1e2f560a149","status":"success","startEpochMs":1787565701184,"endEpochMs":1787565701214,"latencyMs":30}
CALIPER_TX_LATENCY {"workerIndex":0,"roundIndex":1,"roundLabel":"clients-8-read","transactionId":"2253cf876a4b399f1e97c081e313f5d4191c1d2809a05fba0806697d8fd1b9eb","status":"success","startEpochMs":1787565701184,"endEpochMs":1787565701214,"latencyMs":30}
CALIPER_TX_LATENCY {"workerIndex":4,"roundIndex":1,"roundLabel":"clients-8-read","transactionId":"9adf471c6d3b9cad057d45970e0137503bcf051da3d4d2238c59b532f509d0bc","status":"success","startEpochMs":1787565701184,"endEpochMs":1787565701214,"latencyMs":30}
CALIPER_TX_LATENCY {"workerIndex":2,"roundIndex":1,"roundLabel":"clients-8-read","transactionId":"57d60bba829f09b6f6097fafc57a5194c3a4ca1faf518a838bcb8d10114c5340","status":"success","startEpochMs":1787565701185,"endEpochMs":1787565701215,"latencyMs":30}
2026.08.24-15:31:42.176[32m info [39m [caliper] [default-observer] 	[clients-8-read Round 1 Transaction Info] - Submitted: 38 Succ: 32 Fail:0 Unfinished:6
CALIPER_TX_LATENCY {"workerIndex":7,"roundIndex":1,"roundLabel":"clients-8-read","transactionId":"9e5bcdeb12b215792044a64d0547e3534af305be8ff5599e3ac415ce4a90e0c3","status":"success","startEpochMs":1787565702184,"endEpochMs":1787565702209,"latencyMs":25}
CALIPER_TX_LATENCY {"workerIndex":6,"roundIndex":1,"roundLabel":"clients-8-read","transactionId":"0664668a75ae9154bc20f75a71f1f426b9859b5ae6710c085a03fe67e3b08190","status":"success","startEpochMs":1787565702188,"endEpochMs":1787565702209,"latencyMs":21}
CALIPER_TX_LATENCY {"workerIndex":5,"roundIndex":1,"roundLabel":"clients-8-read","transactionId":"a57e4c18c0d1469cd7ddbe70b7eb0425af9d4a9c63870b9cefd6435e7179c2e8","status":"success","startEpochMs":1787565702184,"endEpochMs":1787565702209,"latencyMs":25}
CALIPER_TX_LATENCY {"workerIndex":1,"roundIndex":1,"roundLabel":"clients-8-read","transactionId":"1b54f605db2128747662a39dc3057b6381978654eecc4c2992c28834de5fbdf5","status":"success","startEpochMs":1787565702188,"endEpochMs":1787565702209,"latencyMs":21}
CALIPER_TX_LATENCY {"workerIndex":2,"roundIndex":1,"roundLabel":"clients-8-read","transactionId":"f6fa18bf75c3871500a676b32fa581daa58e9499097ca7d7777a489367b48e4a","status":"success","startEpochMs":1787565702187,"endEpochMs":1787565702209,"latencyMs":22}
CALIPER_TX_LATENCY {"workerIndex":0,"roundIndex":1,"roundLabel":"clients-8-read","transactionId":"a5e43a9bdb6492ec23e3b05c8a1ef63e13f9918999d9433dab6c411eb18a02ea","status":"success","startEpochMs":1787565702184,"endEpochMs":1787565702209,"latencyMs":25}
CALIPER_TX_LATENCY {"workerIndex":3,"roundIndex":1,"roundLabel":"clients-8-read","transactionId":"f4675e3e2dfdc70681e5376b41d0c8c9a9e911298a93040ff0a6001b79dc5231","status":"success","startEpochMs":1787565702187,"endEpochMs":1787565702209,"latencyMs":22}
CALIPER_TX_LATENCY {"workerIndex":4,"roundIndex":1,"roundLabel":"clients-8-read","transactionId":"feeff3e24142465fa55c9819c44346ebc33ef57bb052e3c4db2e39d9a8c45dce","status":"success","startEpochMs":1787565702188,"endEpochMs":1787565702209,"latencyMs":21}
CALIPER_TX_LATENCY {"workerIndex":7,"roundIndex":1,"roundLabel":"clients-8-read","transactionId":"d80eb77f22180dac5cbd2ae4040762baee63638ac596b19b4bbe1caf337430d5","status":"success","startEpochMs":1787565703183,"endEpochMs":1787565703199,"latencyMs":16}
CALIPER_TX_LATENCY {"workerIndex":4,"roundIndex":1,"roundLabel":"clients-8-read","transactionId":"2ee56804f126efacc0607d05354e33b5f44785297dad12f7aa2721cd66792487","status":"success","startEpochMs":1787565703183,"endEpochMs":1787565703199,"latencyMs":16}
CALIPER_TX_LATENCY {"workerIndex":0,"roundIndex":1,"roundLabel":"clients-8-read","transactionId":"159b8ffd74ee42b1f6ab1259b28bcd85e645c7fcfd4953db588bd0e2ac34634f","status":"success","startEpochMs":1787565703184,"endEpochMs":1787565703201,"latencyMs":17}
CALIPER_TX_LATENCY {"workerIndex":1,"roundIndex":1,"roundLabel":"clients-8-read","transactionId":"f748cf10d11833bb27732ecd23e1254b61f197d3be89ab84f117d15be7b57671","status":"success","startEpochMs":1787565703189,"endEpochMs":1787565703201,"latencyMs":12}
CALIPER_TX_LATENCY {"workerIndex":3,"roundIndex":1,"roundLabel":"clients-8-read","transactionId":"8e00feeabfe7b8be7c1404a513925cca74fda0dd3f18b232958f8a8f3f252a11","status":"success","startEpochMs":1787565703189,"endEpochMs":1787565703201,"latencyMs":12}
CALIPER_TX_LATENCY {"workerIndex":6,"roundIndex":1,"roundLabel":"clients-8-read","transactionId":"89ee61934b2b2c004177c7702b0bb42797040c6de93fd3f32f4245f053252d3a","status":"success","startEpochMs":1787565703192,"endEpochMs":1787565703201,"latencyMs":9}
CALIPER_TX_LATENCY {"workerIndex":2,"roundIndex":1,"roundLabel":"clients-8-read","transactionId":"b04a27cecd8a9358f576afec0dbea5f1417c586254268efe069b9f6cb65558e5","status":"success","startEpochMs":1787565703189,"endEpochMs":1787565703201,"latencyMs":12}
CALIPER_TX_LATENCY {"workerIndex":5,"roundIndex":1,"roundLabel":"clients-8-read","transactionId":"ef505e24069406e9f37b91d21cf89e0d2b1954f80ac5ec19cb115fd77422c71c","status":"success","startEpochMs":1787565703184,"endEpochMs":1787565703201,"latencyMs":17}
CALIPER_TX_LATENCY {"workerIndex":2,"roundIndex":1,"roundLabel":"clients-8-read","transactionId":"33d79c5675340b866737573813368a7ee17e14dc14d573bdc4eb30eba5df0ca3","status":"success","startEpochMs":1787565704184,"endEpochMs":1787565704207,"latencyMs":23}
CALIPER_TX_LATENCY {"workerIndex":4,"roundIndex":1,"roundLabel":"clients-8-read","transactionId":"083b66d11ff904ccf91b4641e99836621a5c26b864d63397cc922fdb08015980","status":"success","startEpochMs":1787565704184,"endEpochMs":1787565704207,"latencyMs":23}
CALIPER_TX_LATENCY {"workerIndex":3,"roundIndex":1,"roundLabel":"clients-8-read","transactionId":"52e62e078872562456457302638331bfefcc8f4b55927479cd0b31dcdb636b3d","status":"success","startEpochMs":1787565704186,"endEpochMs":1787565704209,"latencyMs":23}
CALIPER_TX_LATENCY {"workerIndex":6,"roundIndex":1,"roundLabel":"clients-8-read","transactionId":"ff9d8d5a91511464e748a6287e5ca295028a957d8b2ce0af0197f2fa978ccafe","status":"success","startEpochMs":1787565704186,"endEpochMs":1787565704209,"latencyMs":23}
CALIPER_TX_LATENCY {"workerIndex":1,"roundIndex":1,"roundLabel":"clients-8-read","transactionId":"5f88a6975c3fb2a521cc982f4be59f7412331d4683c07640c0e176fbf84a53e1","status":"success","startEpochMs":1787565704184,"endEpochMs":1787565704209,"latencyMs":25}
CALIPER_TX_LATENCY {"workerIndex":0,"roundIndex":1,"roundLabel":"clients-8-read","transactionId":"a8f7374965812c131612d3101f7bd6954922029ea6d5ff3f1b66cdc4fdbb794f","status":"success","startEpochMs":1787565704186,"endEpochMs":1787565704209,"latencyMs":23}
CALIPER_TX_LATENCY {"workerIndex":5,"roundIndex":1,"roundLabel":"clients-8-read","transactionId":"92bb4f6dd89063c3df9266ad90f4b7d3727fc482f76514676228d460005a4b9b","status":"success","startEpochMs":1787565704183,"endEpochMs":1787565704210,"latencyMs":27}
CALIPER_TX_LATENCY {"workerIndex":7,"roundIndex":1,"roundLabel":"clients-8-read","transactionId":"f4fe3fc5dfd7ec34172fee5ea791df6eed3642b6cca9e637462927f8f44eeef1","status":"success","startEpochMs":1787565704186,"endEpochMs":1787565704211,"latencyMs":25}
CALIPER_TX_LATENCY {"workerIndex":3,"roundIndex":1,"roundLabel":"clients-8-read","transactionId":"94a56929a7a8e2aaf3cd35ddbb6b0d9ff160ade8fe5706639b1e9e89c2ce3e2c","status":"success","startEpochMs":1787565705184,"endEpochMs":1787565705204,"latencyMs":20}
CALIPER_TX_LATENCY {"workerIndex":0,"roundIndex":1,"roundLabel":"clients-8-read","transactionId":"a3a1aad72d7725a2c4edef02eda22d80c45c2634222f0edcdf51a49f4b839103","status":"success","startEpochMs":1787565705183,"endEpochMs":1787565705204,"latencyMs":21}
CALIPER_TX_LATENCY {"workerIndex":7,"roundIndex":1,"roundLabel":"clients-8-read","transactionId":"abae8d22005326b10269ae826931209a44bd82835da472ee20ff8f46e3e21115","status":"success","startEpochMs":1787565705183,"endEpochMs":1787565705206,"latencyMs":23}
CALIPER_TX_LATENCY {"workerIndex":5,"roundIndex":1,"roundLabel":"clients-8-read","transactionId":"96387b0eecd903a5348880b093092d7b5f8f30c66c14802330787e41f801f291","status":"success","startEpochMs":1787565705182,"endEpochMs":1787565705206,"latencyMs":24}
CALIPER_TX_LATENCY {"workerIndex":2,"roundIndex":1,"roundLabel":"clients-8-read","transactionId":"80f50d72d60ec29425f961cda91ec7d928418c7afc3026b98f33a9eb2f4240e0","status":"success","startEpochMs":1787565705184,"endEpochMs":1787565705207,"latencyMs":23}
CALIPER_TX_LATENCY {"workerIndex":1,"roundIndex":1,"roundLabel":"clients-8-read","transactionId":"57c6af2c84832fe422e20ef69f0c6a42c5f105d370d4d00ddfd40f32d8e75f17","status":"success","startEpochMs":1787565705185,"endEpochMs":1787565705207,"latencyMs":22}
CALIPER_TX_LATENCY {"workerIndex":6,"roundIndex":1,"roundLabel":"clients-8-read","transactionId":"0c8223a9ddb653f3cc1128e8a7c8d41abd76daf41f4e49442adbb56304102971","status":"success","startEpochMs":1787565705185,"endEpochMs":1787565705207,"latencyMs":22}
CALIPER_TX_LATENCY {"workerIndex":4,"roundIndex":1,"roundLabel":"clients-8-read","transactionId":"24905fcb9a6afa6b51bd550af8aab8811d885d16d13458938016752883a5d0eb","status":"success","startEpochMs":1787565705183,"endEpochMs":1787565705207,"latencyMs":24}
CALIPER_TX_LATENCY {"workerIndex":5,"roundIndex":1,"roundLabel":"clients-8-read","transactionId":"16caba447762dcdb54ab0cf3380ec76d9a346f7bc1aee9cfd044ef8dc3d8cebe","status":"success","startEpochMs":1787565706189,"endEpochMs":1787565706200,"latencyMs":11}
CALIPER_TX_LATENCY {"workerIndex":4,"roundIndex":1,"roundLabel":"clients-8-read","transactionId":"1fd7a2c7bf86f6c5e0165c592dc3de8ea04129f46a1d5d9a2e2841f476b9ac3b","status":"success","startEpochMs":1787565706184,"endEpochMs":1787565706200,"latencyMs":16}
CALIPER_TX_LATENCY {"workerIndex":0,"roundIndex":1,"roundLabel":"clients-8-read","transactionId":"6e1ab6922e1d90d8b94695984d87f12fb9baba6ab58d235a185f1a0893af4939","status":"success","startEpochMs":1787565706184,"endEpochMs":1787565706200,"latencyMs":16}
CALIPER_TX_LATENCY {"workerIndex":3,"roundIndex":1,"roundLabel":"clients-8-read","transactionId":"09797cfec16973aed42776c65b3abd585796f117d95df74fde1b349a29ea9c77","status":"success","startEpochMs":1787565706184,"endEpochMs":1787565706199,"latencyMs":15}
CALIPER_TX_LATENCY {"workerIndex":2,"roundIndex":1,"roundLabel":"clients-8-read","transactionId":"6b8f4b415a02cff375eb14e697c2097a052fd365bd83e9af6482523e61640628","status":"success","startEpochMs":1787565706184,"endEpochMs":1787565706200,"latencyMs":16}
CALIPER_TX_LATENCY {"workerIndex":6,"roundIndex":1,"roundLabel":"clients-8-read","transactionId":"63e79c53adfcd11e5e7cba9d71d40245f99b04efd36d559501b76b857777fcec","status":"success","startEpochMs":1787565706190,"endEpochMs":1787565706200,"latencyMs":10}
CALIPER_TX_LATENCY {"workerIndex":7,"roundIndex":1,"roundLabel":"clients-8-read","transactionId":"22c038f847401c0add8ff35a28089c135c6913554613abad75ca54075c41e8ec","status":"success","startEpochMs":1787565706193,"endEpochMs":1787565706201,"latencyMs":8}
CALIPER_TX_LATENCY {"workerIndex":1,"roundIndex":1,"roundLabel":"clients-8-read","transactionId":"4f318301fc241f2eb84cc568c10cb4114fd45aee290056ddd7a7202e89dc4f21","status":"success","startEpochMs":1787565706188,"endEpochMs":1787565706201,"latencyMs":13}
2026.08.24-15:31:47.178[32m info [39m [caliper] [default-observer] 	[clients-8-read Round 1 Transaction Info] - Submitted: 80 Succ: 72 Fail:0 Unfinished:8
CALIPER_TX_LATENCY {"workerIndex":5,"roundIndex":1,"roundLabel":"clients-8-read","transactionId":"fb8b83bcae04dde6a871ad838c1609f34498a9d8224c7891ced2615d86d705da","status":"success","startEpochMs":1787565707185,"endEpochMs":1787565707214,"latencyMs":29}
CALIPER_TX_LATENCY {"workerIndex":3,"roundIndex":1,"roundLabel":"clients-8-read","transactionId":"989b42b351de062e616eb53a78cc56cd0ae112a2bf1d21ef3ebc97401182f302","status":"success","startEpochMs":1787565707188,"endEpochMs":1787565707215,"latencyMs":27}
CALIPER_TX_LATENCY {"workerIndex":4,"roundIndex":1,"roundLabel":"clients-8-read","transactionId":"3069366330dce4aec646ddb21d0b294647a10777b258f88a921fa5538101e1bc","status":"success","startEpochMs":1787565707184,"endEpochMs":1787565707215,"latencyMs":31}
CALIPER_TX_LATENCY {"workerIndex":2,"roundIndex":1,"roundLabel":"clients-8-read","transactionId":"d1e60336a9d9e1890099eed00f1e60591334ffa40805cbd23c158577c9385274","status":"success","startEpochMs":1787565707188,"endEpochMs":1787565707215,"latencyMs":27}
CALIPER_TX_LATENCY {"workerIndex":1,"roundIndex":1,"roundLabel":"clients-8-read","transactionId":"c8cbaf2256d633bf9997e744a257bf80631694475cb2b149525af611b2b3f20d","status":"success","startEpochMs":1787565707188,"endEpochMs":1787565707215,"latencyMs":27}
CALIPER_TX_LATENCY {"workerIndex":6,"roundIndex":1,"roundLabel":"clients-8-read","transactionId":"40ba9d15df674d1554d38f5791e00cdebd8d96bf5b7a1253fb6c7d6e5f675c6c","status":"success","startEpochMs":1787565707184,"endEpochMs":1787565707215,"latencyMs":31}
CALIPER_TX_LATENCY {"workerIndex":7,"roundIndex":1,"roundLabel":"clients-8-read","transactionId":"9d8820fd0876cfac2db97305fdfb62bfac0705f43d92a32278e282784b7817c4","status":"success","startEpochMs":1787565707188,"endEpochMs":1787565707215,"latencyMs":27}
CALIPER_TX_LATENCY {"workerIndex":0,"roundIndex":1,"roundLabel":"clients-8-read","transactionId":"45ba400fb707449dffaad6ad10ed62dc2bfea97bc5f5148a7e253b6c31406b43","status":"success","startEpochMs":1787565707184,"endEpochMs":1787565707215,"latencyMs":31}
CALIPER_TX_LATENCY {"workerIndex":0,"roundIndex":1,"roundLabel":"clients-8-read","transactionId":"1e46c4c6ae303516c9ac7b8f79edbb20760a61b2b5b9d65161a0c2ce950f2e70","status":"success","startEpochMs":1787565708184,"endEpochMs":1787565708210,"latencyMs":26}
CALIPER_TX_LATENCY {"workerIndex":2,"roundIndex":1,"roundLabel":"clients-8-read","transactionId":"10dcb70b4e467da14d462715039d78f42af8d5aae052a3d714463f079eeab7a2","status":"success","startEpochMs":1787565708183,"endEpochMs":1787565708211,"latencyMs":28}
CALIPER_TX_LATENCY {"workerIndex":4,"roundIndex":1,"roundLabel":"clients-8-read","transactionId":"525ab4078d2a62e0a44cdd6c09f664e18927034c062e9ad84a00b896cf482ca9","status":"success","startEpochMs":1787565708184,"endEpochMs":1787565708210,"latencyMs":26}
CALIPER_TX_LATENCY {"workerIndex":5,"roundIndex":1,"roundLabel":"clients-8-read","transactionId":"166360ae818be6eb5979f8277d1ec9d8e52d9fda0186b581bba1dd13443ed072","status":"success","startEpochMs":1787565708183,"endEpochMs":1787565708211,"latencyMs":28}
CALIPER_TX_LATENCY {"workerIndex":3,"roundIndex":1,"roundLabel":"clients-8-read","transactionId":"f5675e44f95b3814ba6af636f9105f3248a54939c6b6304df9225106383f635e","status":"success","startEpochMs":1787565708183,"endEpochMs":1787565708211,"latencyMs":28}
CALIPER_TX_LATENCY {"workerIndex":6,"roundIndex":1,"roundLabel":"clients-8-read","transactionId":"818c8210105284a310e4fa71e8d7643141cd33d3b31cb30ac630c551bac7a1de","status":"success","startEpochMs":1787565708184,"endEpochMs":1787565708214,"latencyMs":30}
CALIPER_TX_LATENCY {"workerIndex":7,"roundIndex":1,"roundLabel":"clients-8-read","transactionId":"12fa8feba588b50bece25c69cfb3bb73fac50c614ee3e8977bf086caddbb6237","status":"success","startEpochMs":1787565708184,"endEpochMs":1787565708214,"latencyMs":30}
CALIPER_TX_LATENCY {"workerIndex":1,"roundIndex":1,"roundLabel":"clients-8-read","transactionId":"19eafe183c70e617520edf959dd5a36ac55033f78d1e594eb313abe51237ffc8","status":"success","startEpochMs":1787565708185,"endEpochMs":1787565708214,"latencyMs":29}
CALIPER_TX_LATENCY {"workerIndex":0,"roundIndex":1,"roundLabel":"clients-8-read","transactionId":"4657e4f50523aa5c6cbe28837ac548e1b62f4bfb007d8d98ea9a5b151b88405d","status":"success","startEpochMs":1787565709186,"endEpochMs":1787565709194,"latencyMs":8}
CALIPER_TX_LATENCY {"workerIndex":5,"roundIndex":1,"roundLabel":"clients-8-read","transactionId":"fa04bedf4ff3c4fafc11d688cf52783d0a4d11c04bd8afe4cf89198031f21005","status":"success","startEpochMs":1787565709185,"endEpochMs":1787565709194,"latencyMs":9}
CALIPER_TX_LATENCY {"workerIndex":1,"roundIndex":1,"roundLabel":"clients-8-read","transactionId":"78c7ee717360583d48551deb45245c48d9924bf8cf4201325a4fadd108cec90f","status":"success","startEpochMs":1787565709184,"endEpochMs":1787565709194,"latencyMs":10}
CALIPER_TX_LATENCY {"workerIndex":2,"roundIndex":1,"roundLabel":"clients-8-read","transactionId":"27f9436b94dab8b01519684d5524c14999e7e50a2382860fd00f122a19cdceb0","status":"success","startEpochMs":1787565709185,"endEpochMs":1787565709194,"latencyMs":9}
CALIPER_TX_LATENCY {"workerIndex":7,"roundIndex":1,"roundLabel":"clients-8-read","transactionId":"ebfbedbf34639d65981d08dbd2d038f7c9d0e43d8fe3fe9327cde1c741576a01","status":"success","startEpochMs":1787565709184,"endEpochMs":1787565709195,"latencyMs":11}
CALIPER_TX_LATENCY {"workerIndex":3,"roundIndex":1,"roundLabel":"clients-8-read","transactionId":"7af516ff19d2a8b2db82fc235b50d6659ea83026b7a80d95c75ed07fdac1e4ab","status":"success","startEpochMs":1787565709185,"endEpochMs":1787565709195,"latencyMs":10}
CALIPER_TX_LATENCY {"workerIndex":4,"roundIndex":1,"roundLabel":"clients-8-read","transactionId":"7e0834152ee7a392c84f7ab2b09a7a98ad76d55ed3c207e2c7b7be981fc7fe91","status":"success","startEpochMs":1787565709185,"endEpochMs":1787565709195,"latencyMs":10}
CALIPER_TX_LATENCY {"workerIndex":6,"roundIndex":1,"roundLabel":"clients-8-read","transactionId":"38bf8afad3507ac528bef61979f65bef2a0cd63bab5411ca940531e9b695d232","status":"success","startEpochMs":1787565709184,"endEpochMs":1787565709195,"latencyMs":11}
CALIPER_TX_LATENCY {"workerIndex":2,"roundIndex":1,"roundLabel":"clients-8-read","transactionId":"840e0274e65bca2f8b42f2f77907beca51d4d1c62acad9390d759643be1940ac","status":"success","startEpochMs":1787565710184,"endEpochMs":1787565710209,"latencyMs":25}
CALIPER_TX_LATENCY {"workerIndex":5,"roundIndex":1,"roundLabel":"clients-8-read","transactionId":"a59375e89bdd0addf1c96a9c5dc3c4944c69ddf4660c8da8c998d98c63cf4e97","status":"success","startEpochMs":1787565710184,"endEpochMs":1787565710209,"latencyMs":25}
CALIPER_TX_LATENCY {"workerIndex":7,"roundIndex":1,"roundLabel":"clients-8-read","transactionId":"fd1505a6173bf041096348b2c93576a759b50c2bc8eb6e497b05ebc9a0c9a017","status":"success","startEpochMs":1787565710184,"endEpochMs":1787565710209,"latencyMs":25}
CALIPER_TX_LATENCY {"workerIndex":1,"roundIndex":1,"roundLabel":"clients-8-read","transactionId":"b2bc2aa50f7ae7f3e946e765cebd234229e778f78d278c4a1b2043dfa6b814ea","status":"success","startEpochMs":1787565710186,"endEpochMs":1787565710210,"latencyMs":24}
CALIPER_TX_LATENCY {"workerIndex":4,"roundIndex":1,"roundLabel":"clients-8-read","transactionId":"f7ca8736313a9d7db667a5f2303a9aad15c70f4d3f28ec08c3ca0b5a9a83d89e","status":"success","startEpochMs":1787565710187,"endEpochMs":1787565710210,"latencyMs":23}
CALIPER_TX_LATENCY {"workerIndex":3,"roundIndex":1,"roundLabel":"clients-8-read","transactionId":"aa7c2e11cfb54f6a2803178f4904567c0bcf6745235f73abdfed5a5aef30b954","status":"success","startEpochMs":1787565710184,"endEpochMs":1787565710210,"latencyMs":26}
CALIPER_TX_LATENCY {"workerIndex":0,"roundIndex":1,"roundLabel":"clients-8-read","transactionId":"d43ba345faba9ae91b3bac105cb072aed3c9952b5901db9a91cfd2cc7b97914a","status":"success","startEpochMs":1787565710187,"endEpochMs":1787565710211,"latencyMs":24}
CALIPER_TX_LATENCY {"workerIndex":6,"roundIndex":1,"roundLabel":"clients-8-read","transactionId":"b42e9615904117653ee414667a107a83af2e9a7381b5da8ba0a943956bc16396","status":"success","startEpochMs":1787565710187,"endEpochMs":1787565710211,"latencyMs":24}
CALIPER_TX_LATENCY {"workerIndex":6,"roundIndex":1,"roundLabel":"clients-8-read","transactionId":"3deab1dedec992e604e29e75497a97ec9db01f74781bc33b232d488edddd4295","status":"success","startEpochMs":1787565711188,"endEpochMs":1787565711213,"latencyMs":25}
CALIPER_TX_LATENCY {"workerIndex":2,"roundIndex":1,"roundLabel":"clients-8-read","transactionId":"20437ed74e48f0a1b092e544b6a6692887dd1feba75a4f6b0557fe2343004d62","status":"success","startEpochMs":1787565711187,"endEpochMs":1787565711213,"latencyMs":26}
CALIPER_TX_LATENCY {"workerIndex":5,"roundIndex":1,"roundLabel":"clients-8-read","transactionId":"d8a9f300a81abef1007781a91aec61f069cd3c1cda3c421fcaaf1f78576cdf17","status":"success","startEpochMs":1787565711184,"endEpochMs":1787565711215,"latencyMs":31}
CALIPER_TX_LATENCY {"workerIndex":3,"roundIndex":1,"roundLabel":"clients-8-read","transactionId":"2de5d83b5eddc208949cfcdc93f2463f21b754b0d9bbd0f05802e1ffb1e231b6","status":"success","startEpochMs":1787565711184,"endEpochMs":1787565711215,"latencyMs":31}
CALIPER_TX_LATENCY {"workerIndex":0,"roundIndex":1,"roundLabel":"clients-8-read","transactionId":"dc84a4f3a6db3a19244724aec29fcff86ec22a4a97d7b0c38623a7db1e3bdaa7","status":"success","startEpochMs":1787565711188,"endEpochMs":1787565711215,"latencyMs":27}
CALIPER_TX_LATENCY {"workerIndex":1,"roundIndex":1,"roundLabel":"clients-8-read","transactionId":"5e682a2c3382c3258c2e29d38c007961b52b7593597e8053702be0ce2f6460a6","status":"success","startEpochMs":1787565711189,"endEpochMs":1787565711215,"latencyMs":26}
CALIPER_TX_LATENCY {"workerIndex":4,"roundIndex":1,"roundLabel":"clients-8-read","transactionId":"c9d331b360a46b08499cad8510a3849fa7af2ee3b76f4e4be107ce6b9f425eb4","status":"success","startEpochMs":1787565711188,"endEpochMs":1787565711215,"latencyMs":27}
CALIPER_TX_LATENCY {"workerIndex":7,"roundIndex":1,"roundLabel":"clients-8-read","transactionId":"0711db1e9144db6f66d6b8bc49cd3bb935aa89dce5581f9732745892dce925bb","status":"success","startEpochMs":1787565711183,"endEpochMs":1787565711216,"latencyMs":33}
2026.08.24-15:31:52.178[32m info [39m [caliper] [default-observer] 	[clients-8-read Round 1 Transaction Info] - Submitted: 120 Succ: 112 Fail:0 Unfinished:8
CALIPER_TX_LATENCY {"workerIndex":4,"roundIndex":1,"roundLabel":"clients-8-read","transactionId":"6abdcb0348549dd21892c2195206241cda01dedbd4dc354e3e445e9d67844ef9","status":"success","startEpochMs":1787565712184,"endEpochMs":1787565712207,"latencyMs":23}
CALIPER_TX_LATENCY {"workerIndex":1,"roundIndex":1,"roundLabel":"clients-8-read","transactionId":"83b66f9ed1a84d58ea6c1cb947b6dff8cadd1a12ecb1cc4e630bfbacfa731b2c","status":"success","startEpochMs":1787565712184,"endEpochMs":1787565712207,"latencyMs":23}
CALIPER_TX_LATENCY {"workerIndex":2,"roundIndex":1,"roundLabel":"clients-8-read","transactionId":"7d2fc40f4de77d5430334b163e320546224427a256e541db17b44b1d3a2281fc","status":"success","startEpochMs":1787565712184,"endEpochMs":1787565712212,"latencyMs":28}
CALIPER_TX_LATENCY {"workerIndex":6,"roundIndex":1,"roundLabel":"clients-8-read","transactionId":"49f44ef9614ea927f66a723b8dadeb6883c585f537197868da9fe18baca17dee","status":"success","startEpochMs":1787565712188,"endEpochMs":1787565712212,"latencyMs":24}
CALIPER_TX_LATENCY {"workerIndex":3,"roundIndex":1,"roundLabel":"clients-8-read","transactionId":"f965f6ae28cca377900f69a4f389c6bff7295dbe6d46780c5ab4d76be7c4f700","status":"success","startEpochMs":1787565712188,"endEpochMs":1787565712214,"latencyMs":26}
CALIPER_TX_LATENCY {"workerIndex":0,"roundIndex":1,"roundLabel":"clients-8-read","transactionId":"bec0f634e594f4baf1663bb9bda1df981b352266ef8344fbfda94287419422a2","status":"success","startEpochMs":1787565712188,"endEpochMs":1787565712214,"latencyMs":26}
CALIPER_TX_LATENCY {"workerIndex":7,"roundIndex":1,"roundLabel":"clients-8-read","transactionId":"2cde782e81f87933905748f2d4347a0ba709c3667f032849c9e56e8de921a94f","status":"success","startEpochMs":1787565712184,"endEpochMs":1787565712214,"latencyMs":30}
CALIPER_TX_LATENCY {"workerIndex":5,"roundIndex":1,"roundLabel":"clients-8-read","transactionId":"f74f55e6d5df0a938c63a6a55830a91e62ada23ac34fd0a5dcca50c465e6e976","status":"success","startEpochMs":1787565712188,"endEpochMs":1787565712214,"latencyMs":26}
CALIPER_TX_LATENCY {"workerIndex":1,"roundIndex":1,"roundLabel":"clients-8-read","transactionId":"60a9cd9b8b5ae36f34194fca56f4e5da1c66f75ab11fe0b723cb08e0f72fc385","status":"success","startEpochMs":1787565713183,"endEpochMs":1787565713204,"latencyMs":21}
CALIPER_TX_LATENCY {"workerIndex":3,"roundIndex":1,"roundLabel":"clients-8-read","transactionId":"3d92f8b136cc0be156e22b7af1715ce086017987cac10f31c15fd6640f965728","status":"success","startEpochMs":1787565713183,"endEpochMs":1787565713205,"latencyMs":22}
CALIPER_TX_LATENCY {"workerIndex":2,"roundIndex":1,"roundLabel":"clients-8-read","transactionId":"dcb7603973ab97513c6d66c9e0f7bde6288dd166da4debbcf103336346903b2d","status":"success","startEpochMs":1787565713184,"endEpochMs":1787565713205,"latencyMs":21}
CALIPER_TX_LATENCY {"workerIndex":6,"roundIndex":1,"roundLabel":"clients-8-read","transactionId":"84cc1e012de250f14e9112411269283d3444011087760a7d86fb06b174247a5c","status":"success","startEpochMs":1787565713185,"endEpochMs":1787565713205,"latencyMs":20}
CALIPER_TX_LATENCY {"workerIndex":0,"roundIndex":1,"roundLabel":"clients-8-read","transactionId":"1286bfdef9cdec05236968c518fba0f4dd77ca60d37fc29bcbab24e8ed8a6bb8","status":"success","startEpochMs":1787565713183,"endEpochMs":1787565713205,"latencyMs":22}
CALIPER_TX_LATENCY {"workerIndex":4,"roundIndex":1,"roundLabel":"clients-8-read","transactionId":"7ed2292d6d565ad5263480b0f76734654fc768390b714c53b95b6a0640a98815","status":"success","startEpochMs":1787565713183,"endEpochMs":1787565713205,"latencyMs":22}
CALIPER_TX_LATENCY {"workerIndex":5,"roundIndex":1,"roundLabel":"clients-8-read","transactionId":"44e887ab17ac42d171707036f4debe4a462041f4767b02b90d2b741f7d8c7389","status":"success","startEpochMs":1787565713184,"endEpochMs":1787565713205,"latencyMs":21}
CALIPER_TX_LATENCY {"workerIndex":7,"roundIndex":1,"roundLabel":"clients-8-read","transactionId":"361c0f9f18907748e0af483e8ed97b82ef5923b39c4c90dffa376c92fc8dbcda","status":"success","startEpochMs":1787565713183,"endEpochMs":1787565713205,"latencyMs":22}
CALIPER_TX_LATENCY {"workerIndex":0,"roundIndex":1,"roundLabel":"clients-8-read","transactionId":"e7da0a74282f12b7fab67ac691b3586fa2074f8696a457d32c34339e1071c2b1","status":"success","startEpochMs":1787565714189,"endEpochMs":1787565714211,"latencyMs":22}
CALIPER_TX_LATENCY {"workerIndex":4,"roundIndex":1,"roundLabel":"clients-8-read","transactionId":"845fadb30bc96af6e878e904c58997eade6e02d6ce13c5af7794f45c538fc053","status":"success","startEpochMs":1787565714184,"endEpochMs":1787565714211,"latencyMs":27}
CALIPER_TX_LATENCY {"workerIndex":5,"roundIndex":1,"roundLabel":"clients-8-read","transactionId":"75aa40e0749b3775a9987fd1440462729bbc1cba6cdf66302f923b2e5be15071","status":"success","startEpochMs":1787565714191,"endEpochMs":1787565714211,"latencyMs":20}
CALIPER_TX_LATENCY {"workerIndex":3,"roundIndex":1,"roundLabel":"clients-8-read","transactionId":"ba1528d794d9bb8343888be7608d0a1405f4bde39b56d80b7280b819027df662","status":"success","startEpochMs":1787565714187,"endEpochMs":1787565714211,"latencyMs":24}
CALIPER_TX_LATENCY {"workerIndex":1,"roundIndex":1,"roundLabel":"clients-8-read","transactionId":"2a82e1eb3b24cdf82e1990ba4b5964fe1f5bb926567cb3449640235dee95cec2","status":"success","startEpochMs":1787565714191,"endEpochMs":1787565714211,"latencyMs":20}
CALIPER_TX_LATENCY {"workerIndex":7,"roundIndex":1,"roundLabel":"clients-8-read","transactionId":"6a7161821d7f764704bd4c8d33c3fb616aaa6ecef29d58fbe50eb57036997b63","status":"success","startEpochMs":1787565714187,"endEpochMs":1787565714211,"latencyMs":24}
CALIPER_TX_LATENCY {"workerIndex":2,"roundIndex":1,"roundLabel":"clients-8-read","transactionId":"3f6f15e0829ac5f27ccf76ae9e2d058c97126c751e703ebca13c5624220e173c","status":"success","startEpochMs":1787565714188,"endEpochMs":1787565714211,"latencyMs":23}
CALIPER_TX_LATENCY {"workerIndex":6,"roundIndex":1,"roundLabel":"clients-8-read","transactionId":"d020d056fa4cf42883213d04c8b5bb304b13e134ef28570cb862da7518d5c02d","status":"success","startEpochMs":1787565714193,"endEpochMs":1787565714211,"latencyMs":18}
CALIPER_TX_LATENCY {"workerIndex":0,"roundIndex":1,"roundLabel":"clients-8-read","transactionId":"19ceab185dee9b00f1f7e0a7fa6a4c600059f7656003919b588e99f1775deac9","status":"success","startEpochMs":1787565715183,"endEpochMs":1787565715196,"latencyMs":13}
CALIPER_TX_LATENCY {"workerIndex":2,"roundIndex":1,"roundLabel":"clients-8-read","transactionId":"a6cc820c0b5c5cc2740a36e0f2b3179092c124c9a5fbb9293fecce9b004946be","status":"success","startEpochMs":1787565715183,"endEpochMs":1787565715196,"latencyMs":13}
CALIPER_TX_LATENCY {"workerIndex":3,"roundIndex":1,"roundLabel":"clients-8-read","transactionId":"65a185bca02a89d332b7484a5a855a1a4c65f5ce4182cb0890deb67c9800e32f","status":"success","startEpochMs":1787565715183,"endEpochMs":1787565715197,"latencyMs":14}
CALIPER_TX_LATENCY {"workerIndex":1,"roundIndex":1,"roundLabel":"clients-8-read","transactionId":"7003b00400cc41f17b95d9ff551b40a0f5eac4aa4c606d8f0b6d8561495fc0de","status":"success","startEpochMs":1787565715183,"endEpochMs":1787565715198,"latencyMs":15}
CALIPER_TX_LATENCY {"workerIndex":4,"roundIndex":1,"roundLabel":"clients-8-read","transactionId":"3ffc129f364fa09be2ca02dff0b90bc67777e97b4fced1e3be5612558c56a787","status":"success","startEpochMs":1787565715183,"endEpochMs":1787565715198,"latencyMs":15}
CALIPER_TX_LATENCY {"workerIndex":6,"roundIndex":1,"roundLabel":"clients-8-read","transactionId":"6701dcbce1d8114cf9f42e0be65799e1499bbee3ed4195ea0728616ca0a0961a","status":"success","startEpochMs":1787565715184,"endEpochMs":1787565715198,"latencyMs":14}
CALIPER_TX_LATENCY {"workerIndex":7,"roundIndex":1,"roundLabel":"clients-8-read","transactionId":"d694ebae7875b86c61f05f9a807034aaff999768501b726f5a556677126a132c","status":"success","startEpochMs":1787565715183,"endEpochMs":1787565715198,"latencyMs":15}
CALIPER_TX_LATENCY {"workerIndex":5,"roundIndex":1,"roundLabel":"clients-8-read","transactionId":"9fb5f5826a8c692663e6516f1abcfcd1e0ae93a5167e27f1a97b25223a42db22","status":"success","startEpochMs":1787565715183,"endEpochMs":1787565715198,"latencyMs":15}
CALIPER_TX_LATENCY {"workerIndex":4,"roundIndex":1,"roundLabel":"clients-8-read","transactionId":"dc6056e26afb7092aaf52a30f07a77ced234521b3ce7bca27b35a0dac5bf3d97","status":"success","startEpochMs":1787565716185,"endEpochMs":1787565716212,"latencyMs":27}
CALIPER_TX_LATENCY {"workerIndex":2,"roundIndex":1,"roundLabel":"clients-8-read","transactionId":"23cc1b6655953d7649cb926f3a4201be6afadeaa0bd017a609dc43922beec20f","status":"success","startEpochMs":1787565716188,"endEpochMs":1787565716212,"latencyMs":24}
CALIPER_TX_LATENCY {"workerIndex":7,"roundIndex":1,"roundLabel":"clients-8-read","transactionId":"d00d20f73877ceebea3f9f6faf9cc077c848681d551fee9e68c931f9674a4a20","status":"success","startEpochMs":1787565716188,"endEpochMs":1787565716212,"latencyMs":24}
CALIPER_TX_LATENCY {"workerIndex":0,"roundIndex":1,"roundLabel":"clients-8-read","transactionId":"22f6817d9fe51ecd11935653ef7b2cd75a94d3451213cf4eea2a68feb4d42494","status":"success","startEpochMs":1787565716183,"endEpochMs":1787565716217,"latencyMs":34}
CALIPER_TX_LATENCY {"workerIndex":6,"roundIndex":1,"roundLabel":"clients-8-read","transactionId":"98a39b6f74fdf4eca114a1ebe32733efb4d4a6a8f4feb564587d7c40487dab03","status":"success","startEpochMs":1787565716189,"endEpochMs":1787565716217,"latencyMs":28}
CALIPER_TX_LATENCY {"workerIndex":1,"roundIndex":1,"roundLabel":"clients-8-read","transactionId":"e50028ce4bf32271828a86bcdd5bed9ba8b8042b2f4b38c58b1e3e7abce7d49c","status":"success","startEpochMs":1787565716183,"endEpochMs":1787565716217,"latencyMs":34}
CALIPER_TX_LATENCY {"workerIndex":3,"roundIndex":1,"roundLabel":"clients-8-read","transactionId":"5389cffddadb30ef4872f5f162c897437014cc2f890d7b531b7a8bf403e515b6","status":"success","startEpochMs":1787565716188,"endEpochMs":1787565716217,"latencyMs":29}
CALIPER_TX_LATENCY {"workerIndex":5,"roundIndex":1,"roundLabel":"clients-8-read","transactionId":"e3202c0ab3385c39892871ae9c57e991fedb8123d7eebe3c4bef5ec1d751bb6c","status":"success","startEpochMs":1787565716183,"endEpochMs":1787565716219,"latencyMs":36}
2026.08.24-15:31:57.180[32m info [39m [caliper] [default-observer] 	[clients-8-read Round 1 Transaction Info] - Submitted: 160 Succ: 152 Fail:0 Unfinished:8
CALIPER_TX_LATENCY {"workerIndex":3,"roundIndex":1,"roundLabel":"clients-8-read","transactionId":"af24701866e68b11981b4df4dcb4c1ffe3b8bfb2e2587739720ba3f9b17a0059","status":"success","startEpochMs":1787565717184,"endEpochMs":1787565717209,"latencyMs":25}
CALIPER_TX_LATENCY {"workerIndex":7,"roundIndex":1,"roundLabel":"clients-8-read","transactionId":"00ecf009f3518fff1568c67d467b7214b5ec29506b35202b81252d19f1fb62da","status":"success","startEpochMs":1787565717183,"endEpochMs":1787565717209,"latencyMs":26}
CALIPER_TX_LATENCY {"workerIndex":5,"roundIndex":1,"roundLabel":"clients-8-read","transactionId":"21bec1e99d6f930b05ef6278d21eac43875409d08476c921d45637c1e997705f","status":"success","startEpochMs":1787565717184,"endEpochMs":1787565717210,"latencyMs":26}
CALIPER_TX_LATENCY {"workerIndex":2,"roundIndex":1,"roundLabel":"clients-8-read","transactionId":"750596abc74536d0033339fa747cebe77462f2d96039ac0d0a4e1cc823e528b7","status":"success","startEpochMs":1787565717184,"endEpochMs":1787565717210,"latencyMs":26}
CALIPER_TX_LATENCY {"workerIndex":1,"roundIndex":1,"roundLabel":"clients-8-read","transactionId":"f00c2bda4779becffb3f6a30609dee0d683ddcf59443d5a62a2b4f929e0a9465","status":"success","startEpochMs":1787565717184,"endEpochMs":1787565717210,"latencyMs":26}
CALIPER_TX_LATENCY {"workerIndex":4,"roundIndex":1,"roundLabel":"clients-8-read","transactionId":"1343e86e2f85a13ddc4b7c7733e916c3a973d9d27634bc374c115b4600534268","status":"success","startEpochMs":1787565717185,"endEpochMs":1787565717211,"latencyMs":26}
CALIPER_TX_LATENCY {"workerIndex":6,"roundIndex":1,"roundLabel":"clients-8-read","transactionId":"1da1b3da8d72a6fc86f5625387d49c563ef4ed19253a6ee8075c7428de460ab7","status":"success","startEpochMs":1787565717186,"endEpochMs":1787565717211,"latencyMs":25}
CALIPER_TX_LATENCY {"workerIndex":0,"roundIndex":1,"roundLabel":"clients-8-read","transactionId":"a9d5fd61b3e7d2a51d738f1e8ac1fd618d069ee50b490632b5062e43100f0113","status":"success","startEpochMs":1787565717184,"endEpochMs":1787565717211,"latencyMs":27}
CALIPER_TX_LATENCY {"workerIndex":7,"roundIndex":1,"roundLabel":"clients-8-read","transactionId":"e31d50e66dc3e7fd046cb6485c89acf37f0e912d99ac02acb144e165e9b9ef36","status":"success","startEpochMs":1787565718184,"endEpochMs":1787565718208,"latencyMs":24}
CALIPER_TX_LATENCY {"workerIndex":0,"roundIndex":1,"roundLabel":"clients-8-read","transactionId":"fae2b9da12e36ad397e6d12ae02e28b85e2919e3c6fc2b55a4a3f319b6944cc0","status":"success","startEpochMs":1787565718184,"endEpochMs":1787565718208,"latencyMs":24}
CALIPER_TX_LATENCY {"workerIndex":2,"roundIndex":1,"roundLabel":"clients-8-read","transactionId":"ebd71eff117a157a024480e91ace21d595de0e95caf3fcab7d32ed811ca62b65","status":"success","startEpochMs":1787565718186,"endEpochMs":1787565718209,"latencyMs":23}
CALIPER_TX_LATENCY {"workerIndex":1,"roundIndex":1,"roundLabel":"clients-8-read","transactionId":"f79d95c5f166ee977ffbddc31fe95cca013ce6e23c96270c6a1c8b7ad6414875","status":"success","startEpochMs":1787565718184,"endEpochMs":1787565718212,"latencyMs":28}
CALIPER_TX_LATENCY {"workerIndex":6,"roundIndex":1,"roundLabel":"clients-8-read","transactionId":"26614126524bea5c44f0a9e05918f481805445ecd5db15db1d1c3010905a5b11","status":"success","startEpochMs":1787565718187,"endEpochMs":1787565718212,"latencyMs":25}
CALIPER_TX_LATENCY {"workerIndex":4,"roundIndex":1,"roundLabel":"clients-8-read","transactionId":"75e6d6c62a979f86e0e1f484e940832f881e65b66ba77980d4eb94d14cb9a718","status":"success","startEpochMs":1787565718186,"endEpochMs":1787565718212,"latencyMs":26}
CALIPER_TX_LATENCY {"workerIndex":3,"roundIndex":1,"roundLabel":"clients-8-read","transactionId":"8647fbdbc231748c32e194b43a9ce764edf4d451d24b3dfad246d79d95ec9565","status":"success","startEpochMs":1787565718184,"endEpochMs":1787565718212,"latencyMs":28}
CALIPER_TX_LATENCY {"workerIndex":5,"roundIndex":1,"roundLabel":"clients-8-read","transactionId":"ed8f834f986de027e61c31a88b7947640f44ab46606916f661b78bd5978048f0","status":"success","startEpochMs":1787565718186,"endEpochMs":1787565718212,"latencyMs":26}
CALIPER_TX_LATENCY {"workerIndex":4,"roundIndex":1,"roundLabel":"clients-8-read","transactionId":"482bdf25778220150369dd254b4a7b7c31b4e594c3c5699d03a46d63158bc7e4","status":"success","startEpochMs":1787565719184,"endEpochMs":1787565719205,"latencyMs":21}
CALIPER_TX_LATENCY {"workerIndex":2,"roundIndex":1,"roundLabel":"clients-8-read","transactionId":"90d46841ffb3a1133958929a907fffe6d0067619963e131926e5c149dd0a11e0","status":"success","startEpochMs":1787565719184,"endEpochMs":1787565719205,"latencyMs":21}
CALIPER_TX_LATENCY {"workerIndex":6,"roundIndex":1,"roundLabel":"clients-8-read","transactionId":"dd89d52f9605c3ffa5ac1a26f3e2cb617a85c16be4f4801fcedf8f2ccbbb3804","status":"success","startEpochMs":1787565719191,"endEpochMs":1787565719205,"latencyMs":14}
CALIPER_TX_LATENCY {"workerIndex":0,"roundIndex":1,"roundLabel":"clients-8-read","transactionId":"419d32a21e82a36e85af48b8e003e2fde6123ef90c1910e5cbf8d77e2f8b7d6e","status":"success","startEpochMs":1787565719191,"endEpochMs":1787565719205,"latencyMs":14}
CALIPER_TX_LATENCY {"workerIndex":1,"roundIndex":1,"roundLabel":"clients-8-read","transactionId":"e3027178f38f403605a3a1f3b73551be51e1446ccb765cdf9bb76cc4a8621f2e","status":"success","startEpochMs":1787565719190,"endEpochMs":1787565719205,"latencyMs":15}
CALIPER_TX_LATENCY {"workerIndex":3,"roundIndex":1,"roundLabel":"clients-8-read","transactionId":"78980bae4b83692695ab894e5681d96d91e8ebe9e49a21ba62038c4644f4c1e7","status":"success","startEpochMs":1787565719184,"endEpochMs":1787565719205,"latencyMs":21}
CALIPER_TX_LATENCY {"workerIndex":5,"roundIndex":1,"roundLabel":"clients-8-read","transactionId":"e1e64ecb00137fde8317a84d5ad68f4f9ddb88631627d3e10352ebf90e929763","status":"success","startEpochMs":1787565719192,"endEpochMs":1787565719205,"latencyMs":13}
CALIPER_TX_LATENCY {"workerIndex":7,"roundIndex":1,"roundLabel":"clients-8-read","transactionId":"8d577099830c95fd914e359578dc80ecaaeb47e1575dff4602a789fdf603e91a","status":"success","startEpochMs":1787565719184,"endEpochMs":1787565719205,"latencyMs":21}
CALIPER_TX_LATENCY {"workerIndex":7,"roundIndex":1,"roundLabel":"clients-8-read","transactionId":"02be92c772ab2a1ed9a3bec5a278876d6bbc797a7728482a51fb14bdae1eb996","status":"success","startEpochMs":1787565720189,"endEpochMs":1787565720209,"latencyMs":20}
CALIPER_TX_LATENCY {"workerIndex":0,"roundIndex":1,"roundLabel":"clients-8-read","transactionId":"f695d4ca94708481b5178c911d88e2dc9032e0f6f4e5afb34d80cd3d2c5f480b","status":"success","startEpochMs":1787565720184,"endEpochMs":1787565720209,"latencyMs":25}
CALIPER_TX_LATENCY {"workerIndex":6,"roundIndex":1,"roundLabel":"clients-8-read","transactionId":"38971bfbfd856e202f5caa2862fc5ea024eb64ba89ce9a09bd41eed63cc38444","status":"success","startEpochMs":1787565720189,"endEpochMs":1787565720209,"latencyMs":20}
CALIPER_TX_LATENCY {"workerIndex":2,"roundIndex":1,"roundLabel":"clients-8-read","transactionId":"b681003a7894cce0e17cefeac9adeda02fb636801ab2c26303b23b4cac26df3a","status":"success","startEpochMs":1787565720184,"endEpochMs":1787565720209,"latencyMs":25}
CALIPER_TX_LATENCY {"workerIndex":3,"roundIndex":1,"roundLabel":"clients-8-read","transactionId":"8bf2365d390e53e092629eab3babab5c70a2f51a1806ed56ddf6bca3aa8701f5","status":"success","startEpochMs":1787565720184,"endEpochMs":1787565720209,"latencyMs":25}
CALIPER_TX_LATENCY {"workerIndex":4,"roundIndex":1,"roundLabel":"clients-8-read","transactionId":"4e386e853d3bb226011d7dedd69b5d0f757536354fbf3dc34ab2ac0b0a425b61","status":"success","startEpochMs":1787565720184,"endEpochMs":1787565720209,"latencyMs":25}
CALIPER_TX_LATENCY {"workerIndex":5,"roundIndex":1,"roundLabel":"clients-8-read","transactionId":"81b9c4fd781e2c5856c07da35d107a77f2503abd9c05fc03bdc268bc4ba1fb53","status":"success","startEpochMs":1787565720190,"endEpochMs":1787565720211,"latencyMs":21}
CALIPER_TX_LATENCY {"workerIndex":1,"roundIndex":1,"roundLabel":"clients-8-read","transactionId":"801dc2f763758bef36061d2604856e97e57dd173ac7bf5ef76d8ecf417fcfb5f","status":"success","startEpochMs":1787565720190,"endEpochMs":1787565720211,"latencyMs":21}
CALIPER_TX_LATENCY {"workerIndex":3,"roundIndex":1,"roundLabel":"clients-8-read","transactionId":"1769a81faadded7974594bd03394e8b77d33c291d1715e6c52477fec8acaf9f8","status":"success","startEpochMs":1787565721184,"endEpochMs":1787565721206,"latencyMs":22}
CALIPER_TX_LATENCY {"workerIndex":7,"roundIndex":1,"roundLabel":"clients-8-read","transactionId":"33c2bba60b01069694bba2b8a524e68297a11ba34d79a588c92c4344d8dc416d","status":"success","startEpochMs":1787565721184,"endEpochMs":1787565721206,"latencyMs":22}
CALIPER_TX_LATENCY {"workerIndex":5,"roundIndex":1,"roundLabel":"clients-8-read","transactionId":"e0b3a44cf0284f7a950ba183a6eb7a4e03bb6f158986f9165dd0d2f397269bc8","status":"success","startEpochMs":1787565721184,"endEpochMs":1787565721206,"latencyMs":22}
CALIPER_TX_LATENCY {"workerIndex":2,"roundIndex":1,"roundLabel":"clients-8-read","transactionId":"9e7d3ada7214d9118c71b5da541e53d694e24444aa0823fc880d03e84abc0ee9","status":"success","startEpochMs":1787565721184,"endEpochMs":1787565721209,"latencyMs":25}
CALIPER_TX_LATENCY {"workerIndex":4,"roundIndex":1,"roundLabel":"clients-8-read","transactionId":"7dc5a9695fabe0fc38262e1a583b9dbf9b3b24e5446fcdb68adc1a5616ffdb47","status":"success","startEpochMs":1787565721187,"endEpochMs":1787565721209,"latencyMs":22}
CALIPER_TX_LATENCY {"workerIndex":0,"roundIndex":1,"roundLabel":"clients-8-read","transactionId":"a817d6dc416ca71a1dd670cbde6deb11a03ed47ef8fb843210f4208dc861167b","status":"success","startEpochMs":1787565721186,"endEpochMs":1787565721209,"latencyMs":23}
CALIPER_TX_LATENCY {"workerIndex":6,"roundIndex":1,"roundLabel":"clients-8-read","transactionId":"88fd1ca61cfc0e1ae65ff079e204be3502ad279889267334d85a588642c932ae","status":"success","startEpochMs":1787565721187,"endEpochMs":1787565721210,"latencyMs":23}
CALIPER_TX_LATENCY {"workerIndex":1,"roundIndex":1,"roundLabel":"clients-8-read","transactionId":"c058f56142f5b929eafb3e8036549d53b4e76b7e1a2293471e126d89f9091131","status":"success","startEpochMs":1787565721186,"endEpochMs":1787565721210,"latencyMs":24}
2026.08.24-15:32:02.181[32m info [39m [caliper] [default-observer] 	[clients-8-read Round 1 Transaction Info] - Submitted: 200 Succ: 193 Fail:0 Unfinished:7
CALIPER_TX_LATENCY {"workerIndex":4,"roundIndex":1,"roundLabel":"clients-8-read","transactionId":"4272667e7cdbb0c71311c6ac0264ce3e58040b932e2270412bbfe2f861bf32f4","status":"success","startEpochMs":1787565722185,"endEpochMs":1787565722208,"latencyMs":23}
CALIPER_TX_LATENCY {"workerIndex":2,"roundIndex":1,"roundLabel":"clients-8-read","transactionId":"e1ecf06b3a4c931e8baf9abc9a2e7fd9770cbe683e2b66f4b46b50bd1ee6e365","status":"success","startEpochMs":1787565722185,"endEpochMs":1787565722208,"latencyMs":23}
CALIPER_TX_LATENCY {"workerIndex":3,"roundIndex":1,"roundLabel":"clients-8-read","transactionId":"b8b5b9a153d5b6fb2f18e02981ab03a3d75c9f02a6b317bc6c24fdf025650684","status":"success","startEpochMs":1787565722185,"endEpochMs":1787565722210,"latencyMs":25}
CALIPER_TX_LATENCY {"workerIndex":5,"roundIndex":1,"roundLabel":"clients-8-read","transactionId":"a431d5f8ba96511dd80bd498b5cbf1e1ab51fd9303408f67daf5e17bea4ddde8","status":"success","startEpochMs":1787565722187,"endEpochMs":1787565722211,"latencyMs":24}
CALIPER_TX_LATENCY {"workerIndex":7,"roundIndex":1,"roundLabel":"clients-8-read","transactionId":"7a8915988ab4a91e33629db0e147a715462c9719fe58a07b6e08e4bb63ec2096","status":"success","startEpochMs":1787565722188,"endEpochMs":1787565722211,"latencyMs":23}
CALIPER_TX_LATENCY {"workerIndex":6,"roundIndex":1,"roundLabel":"clients-8-read","transactionId":"5fb110d41cf8e024dec79d9218b1ded30fac69b366eab8a94d61beaa55be3118","status":"success","startEpochMs":1787565722188,"endEpochMs":1787565722211,"latencyMs":23}
CALIPER_TX_LATENCY {"workerIndex":0,"roundIndex":1,"roundLabel":"clients-8-read","transactionId":"a6625f260fc4c4c92fc4d1e82a796a4a9deb3c05a4c7424b9df1f224b97d3eae","status":"success","startEpochMs":1787565722186,"endEpochMs":1787565722211,"latencyMs":25}
CALIPER_TX_LATENCY {"workerIndex":1,"roundIndex":1,"roundLabel":"clients-8-read","transactionId":"a0678d4a14ab3e285e142c8b9a8aa08484344155b23e7de52563d8c91981f190","status":"success","startEpochMs":1787565722187,"endEpochMs":1787565722211,"latencyMs":24}
CALIPER_TX_LATENCY {"workerIndex":3,"roundIndex":1,"roundLabel":"clients-8-read","transactionId":"bc66c1e902048299f855ad0801f62babb51133310c196d57db84a8226d196c7a","status":"success","startEpochMs":1787565723184,"endEpochMs":1787565723210,"latencyMs":26}
CALIPER_TX_LATENCY {"workerIndex":7,"roundIndex":1,"roundLabel":"clients-8-read","transactionId":"ff3d10bee6a9ee508217ae76c5925385a6dbff770f4033f4dd765674c7772e70","status":"success","startEpochMs":1787565723184,"endEpochMs":1787565723210,"latencyMs":26}
CALIPER_TX_LATENCY {"workerIndex":0,"roundIndex":1,"roundLabel":"clients-8-read","transactionId":"3346e1bf6cb71ecad231807c3ab6375679651488282a418e6a05a164063dd090","status":"success","startEpochMs":1787565723184,"endEpochMs":1787565723210,"latencyMs":26}
CALIPER_TX_LATENCY {"workerIndex":2,"roundIndex":1,"roundLabel":"clients-8-read","transactionId":"6ea70d39d352a152d06e30f154c3c289f84480333d61925e64004701076a2581","status":"success","startEpochMs":1787565723184,"endEpochMs":1787565723210,"latencyMs":26}
CALIPER_TX_LATENCY {"workerIndex":5,"roundIndex":1,"roundLabel":"clients-8-read","transactionId":"262205a00992e32ee7d9104dbd8832c625ce26067590d7346e934f51a1ed9c29","status":"success","startEpochMs":1787565723189,"endEpochMs":1787565723213,"latencyMs":24}
CALIPER_TX_LATENCY {"workerIndex":6,"roundIndex":1,"roundLabel":"clients-8-read","transactionId":"131fea3f775fe7b9102dc480d796c38a4f87bcbe53ba635b50443d7fe7315899","status":"success","startEpochMs":1787565723189,"endEpochMs":1787565723214,"latencyMs":25}
CALIPER_TX_LATENCY {"workerIndex":1,"roundIndex":1,"roundLabel":"clients-8-read","transactionId":"4947337284d602b82a05a8fa53a793b39a4b48c3185c58916f4a0c39742b6f13","status":"success","startEpochMs":1787565723189,"endEpochMs":1787565723214,"latencyMs":25}
CALIPER_TX_LATENCY {"workerIndex":4,"roundIndex":1,"roundLabel":"clients-8-read","transactionId":"420825e906c955ada3d608d0e8ff6895fc09413c40af9144b49dde9a3e7321c1","status":"success","startEpochMs":1787565723189,"endEpochMs":1787565723214,"latencyMs":25}
CALIPER_TX_LATENCY {"workerIndex":5,"roundIndex":1,"roundLabel":"clients-8-read","transactionId":"21e3bd38696ed479223207d294bf7ac8288cf80801d826c2910bcc9506284363","status":"success","startEpochMs":1787565724184,"endEpochMs":1787565724208,"latencyMs":24}
CALIPER_TX_LATENCY {"workerIndex":2,"roundIndex":1,"roundLabel":"clients-8-read","transactionId":"d8680045acc6290a08f3f23529fab1207975f61c6ca0117349a2823c99dac795","status":"success","startEpochMs":1787565724191,"endEpochMs":1787565724208,"latencyMs":17}
CALIPER_TX_LATENCY {"workerIndex":3,"roundIndex":1,"roundLabel":"clients-8-read","transactionId":"8d448d3a611326bf1319444ca19487baa028136f9e3e0d91f3a21c816aab199e","status":"success","startEpochMs":1787565724184,"endEpochMs":1787565724208,"latencyMs":24}
CALIPER_TX_LATENCY {"workerIndex":4,"roundIndex":1,"roundLabel":"clients-8-read","transactionId":"9047312adc02cd9aee88211faf1f504c4348a28a2baec98d321769db84d93387","status":"success","startEpochMs":1787565724184,"endEpochMs":1787565724209,"latencyMs":25}
CALIPER_TX_LATENCY {"workerIndex":7,"roundIndex":1,"roundLabel":"clients-8-read","transactionId":"aa90ebe8453f2f5f8a6f77b82f42f6a5a255e13b025575f7318d415a86ea908f","status":"success","startEpochMs":1787565724190,"endEpochMs":1787565724209,"latencyMs":19}
CALIPER_TX_LATENCY {"workerIndex":1,"roundIndex":1,"roundLabel":"clients-8-read","transactionId":"1be49d01b8eb725bdebe15349bb3f6d540873a84b14c3d33502ad70fd8c49f51","status":"success","startEpochMs":1787565724184,"endEpochMs":1787565724209,"latencyMs":25}
CALIPER_TX_LATENCY {"workerIndex":6,"roundIndex":1,"roundLabel":"clients-8-read","transactionId":"54417e4150b7bb35931a09d10849b25d375083215ee3f5d1a632f0c7e134880b","status":"success","startEpochMs":1787565724190,"endEpochMs":1787565724209,"latencyMs":19}
CALIPER_TX_LATENCY {"workerIndex":0,"roundIndex":1,"roundLabel":"clients-8-read","transactionId":"9e8c9964567fc36e7369f02e2b0c0063fac7998ee764ecba179dfae1b4bb7003","status":"success","startEpochMs":1787565724190,"endEpochMs":1787565724209,"latencyMs":19}
CALIPER_TX_LATENCY {"workerIndex":0,"roundIndex":1,"roundLabel":"clients-8-read","transactionId":"93ec01d6a19d06eb3447d0087350388bab5cf95248e5c3ebde40aa8438880e12","status":"success","startEpochMs":1787565725184,"endEpochMs":1787565725206,"latencyMs":22}
CALIPER_TX_LATENCY {"workerIndex":2,"roundIndex":1,"roundLabel":"clients-8-read","transactionId":"2c2449c143b4322b55329d9ee22ad4118d083966cf26245deb1b00ecdd539594","status":"success","startEpochMs":1787565725183,"endEpochMs":1787565725207,"latencyMs":24}
CALIPER_TX_LATENCY {"workerIndex":5,"roundIndex":1,"roundLabel":"clients-8-read","transactionId":"55a8fc3797a4b68df9f0f7e9f8ff0d7a1dc82a9bafc698be58d244a9a2edaff0","status":"success","startEpochMs":1787565725184,"endEpochMs":1787565725207,"latencyMs":23}
CALIPER_TX_LATENCY {"workerIndex":4,"roundIndex":1,"roundLabel":"clients-8-read","transactionId":"432d1b30c0e2700f8bfa6746612dc14146d98eafb53ff32e132e46e87f568f3b","status":"success","startEpochMs":1787565725184,"endEpochMs":1787565725207,"latencyMs":23}
CALIPER_TX_LATENCY {"workerIndex":3,"roundIndex":1,"roundLabel":"clients-8-read","transactionId":"49ba0bdacd1fe60098fa7fd0632d22efc5145b376c1fdbbd5db0b6d7b588b248","status":"success","startEpochMs":1787565725184,"endEpochMs":1787565725207,"latencyMs":23}
CALIPER_TX_LATENCY {"workerIndex":7,"roundIndex":1,"roundLabel":"clients-8-read","transactionId":"57a2f953b1ac253913a4df0ee8eac9b22a7844777e51a674d3c9e33174fd9e3a","status":"success","startEpochMs":1787565725184,"endEpochMs":1787565725207,"latencyMs":23}
CALIPER_TX_LATENCY {"workerIndex":1,"roundIndex":1,"roundLabel":"clients-8-read","transactionId":"50375fb40ba9db7de5ce4d668239a8c01cf0fffd99a3884203a65f2670cfb5cc","status":"success","startEpochMs":1787565725184,"endEpochMs":1787565725207,"latencyMs":23}
CALIPER_TX_LATENCY {"workerIndex":6,"roundIndex":1,"roundLabel":"clients-8-read","transactionId":"a1710e0f4af1b3c26a7bee6b06837f9dff0a127690a1aefbe506eb4cb66d5b33","status":"success","startEpochMs":1787565725184,"endEpochMs":1787565725207,"latencyMs":23}
CALIPER_TX_LATENCY {"workerIndex":4,"roundIndex":1,"roundLabel":"clients-8-read","transactionId":"573a63fea1cf628a0516c263e26b2d6dc0d37e69ab6d4d687ab10efc9bee8d9e","status":"success","startEpochMs":1787565726184,"endEpochMs":1787565726209,"latencyMs":25}
CALIPER_TX_LATENCY {"workerIndex":2,"roundIndex":1,"roundLabel":"clients-8-read","transactionId":"4a63ea5e145c358847f1550712e31f531702e3779f0ccf85d72d84573a771929","status":"success","startEpochMs":1787565726184,"endEpochMs":1787565726209,"latencyMs":25}
CALIPER_TX_LATENCY {"workerIndex":3,"roundIndex":1,"roundLabel":"clients-8-read","transactionId":"2b518dc1287aaf70d76be4a7c9d355449f11ed22562768f0cf497ee67b53a55c","status":"success","startEpochMs":1787565726184,"endEpochMs":1787565726209,"latencyMs":25}
CALIPER_TX_LATENCY {"workerIndex":6,"roundIndex":1,"roundLabel":"clients-8-read","transactionId":"410e0bdada2406792ef0b0d3d147c95f1e592dbf4b99fd196062b6c7da07b37f","status":"success","startEpochMs":1787565726188,"endEpochMs":1787565726211,"latencyMs":23}
CALIPER_TX_LATENCY {"workerIndex":7,"roundIndex":1,"roundLabel":"clients-8-read","transactionId":"085a17f72d7fe852b7a0bb446cc30a84d71f26a25e369c1f506d60bb0ae9ba44","status":"success","startEpochMs":1787565726188,"endEpochMs":1787565726211,"latencyMs":23}
CALIPER_TX_LATENCY {"workerIndex":0,"roundIndex":1,"roundLabel":"clients-8-read","transactionId":"052e2523673b0c544258fde4337f166753cc5e3101ec04ff050085c22c689434","status":"success","startEpochMs":1787565726184,"endEpochMs":1787565726211,"latencyMs":27}
CALIPER_TX_LATENCY {"workerIndex":5,"roundIndex":1,"roundLabel":"clients-8-read","transactionId":"ddb22dcd7769b69d32379019be808ba1a2046b6f236acc57d80d15dcc78a849e","status":"success","startEpochMs":1787565726184,"endEpochMs":1787565726211,"latencyMs":27}
CALIPER_TX_LATENCY {"workerIndex":1,"roundIndex":1,"roundLabel":"clients-8-read","transactionId":"4bf1ed1934338388e00d9c81069c3dc0124a75430a54786009cf533f6781a231","status":"success","startEpochMs":1787565726184,"endEpochMs":1787565726211,"latencyMs":27}
2026.08.24-15:32:07.181[32m info [39m [caliper] [default-observer] 	[clients-8-read Round 1 Transaction Info] - Submitted: 240 Succ: 232 Fail:0 Unfinished:8
CALIPER_TX_LATENCY {"workerIndex":4,"roundIndex":1,"roundLabel":"clients-8-read","transactionId":"2bde0450e5f46edd27df4e29fc8a4a3259511d973a686e9c4abd5e7f47a50e84","status":"success","startEpochMs":1787565727182,"endEpochMs":1787565727203,"latencyMs":21}
CALIPER_TX_LATENCY {"workerIndex":6,"roundIndex":1,"roundLabel":"clients-8-read","transactionId":"de73b36ec28c47e8b38e3d7966f339a97b6d33047591fdc09c2f22849ead9475","status":"success","startEpochMs":1787565727184,"endEpochMs":1787565727207,"latencyMs":23}
CALIPER_TX_LATENCY {"workerIndex":3,"roundIndex":1,"roundLabel":"clients-8-read","transactionId":"08cad0621895501513be0b678ba19c835264ade7d7aac34b5048de6078381d88","status":"success","startEpochMs":1787565727183,"endEpochMs":1787565727207,"latencyMs":24}
CALIPER_TX_LATENCY {"workerIndex":2,"roundIndex":1,"roundLabel":"clients-8-read","transactionId":"db6d1c9d8c1bb52f051f1479094cc7d4744e40d8a3a7ccb2c3f007a8b46750d2","status":"success","startEpochMs":1787565727184,"endEpochMs":1787565727209,"latencyMs":25}
CALIPER_TX_LATENCY {"workerIndex":1,"roundIndex":1,"roundLabel":"clients-8-read","transactionId":"9273f9ead26ff3cc371aa3fd7999917adfe4dfe78c9208c180074e584089f4ab","status":"success","startEpochMs":1787565727184,"endEpochMs":1787565727209,"latencyMs":25}
CALIPER_TX_LATENCY {"workerIndex":0,"roundIndex":1,"roundLabel":"clients-8-read","transactionId":"a8462e733974c598bf8075d11e3d7f8b976700bd90fb2b4df8d4a73e06aacd17","status":"success","startEpochMs":1787565727184,"endEpochMs":1787565727209,"latencyMs":25}
CALIPER_TX_LATENCY {"workerIndex":7,"roundIndex":1,"roundLabel":"clients-8-read","transactionId":"52e6d6f9d396d81d32a90d06678178ead09f4f080c555baceba95c468bc3ff35","status":"success","startEpochMs":1787565727183,"endEpochMs":1787565727209,"latencyMs":26}
CALIPER_TX_LATENCY {"workerIndex":5,"roundIndex":1,"roundLabel":"clients-8-read","transactionId":"bdf32ad91c00f7aa6e6c2d7c4379e136d0494b29a573ebbadb03af44f25561a8","status":"success","startEpochMs":1787565727184,"endEpochMs":1787565727209,"latencyMs":25}
CALIPER_TX_LATENCY {"workerIndex":6,"roundIndex":1,"roundLabel":"clients-8-read","transactionId":"f7a78a2a2a27cf8548e964283cbeb180609906610b126ffaaff23fcbf1cd67ba","status":"success","startEpochMs":1787565728184,"endEpochMs":1787565728209,"latencyMs":25}
CALIPER_TX_LATENCY {"workerIndex":4,"roundIndex":1,"roundLabel":"clients-8-read","transactionId":"79a2ca516049acc77d5c11c38a215cb11c0fed9bc49ca22e2ccccdf4cbaa2272","status":"success","startEpochMs":1787565728184,"endEpochMs":1787565728210,"latencyMs":26}
CALIPER_TX_LATENCY {"workerIndex":2,"roundIndex":1,"roundLabel":"clients-8-read","transactionId":"8a39632cf7d118c80e3f18c695719963d0aba52ebd1cad6085a9bf3b12aef2dd","status":"success","startEpochMs":1787565728188,"endEpochMs":1787565728211,"latencyMs":23}
CALIPER_TX_LATENCY {"workerIndex":3,"roundIndex":1,"roundLabel":"clients-8-read","transactionId":"2c61c2d581e0d58c3136fbf8bfa3e7ffc40b9f8ceb36b10da1ed424a19189489","status":"success","startEpochMs":1787565728184,"endEpochMs":1787565728211,"latencyMs":27}
CALIPER_TX_LATENCY {"workerIndex":0,"roundIndex":1,"roundLabel":"clients-8-read","transactionId":"f2173e40e8c7f9345ade50e6d6ae7215fceb4817d478a37392f76858b7df3645","status":"success","startEpochMs":1787565728188,"endEpochMs":1787565728211,"latencyMs":23}
CALIPER_TX_LATENCY {"workerIndex":1,"roundIndex":1,"roundLabel":"clients-8-read","transactionId":"00c92e30071e1553d89be4794ca727a9287c6103393d9c3ae18afed45c9367eb","status":"success","startEpochMs":1787565728184,"endEpochMs":1787565728212,"latencyMs":28}
CALIPER_TX_LATENCY {"workerIndex":7,"roundIndex":1,"roundLabel":"clients-8-read","transactionId":"0571d1dea5cc9502266bf1803d7803b7cd5536511e46740e7b16a8e07747f4ec","status":"success","startEpochMs":1787565728187,"endEpochMs":1787565728212,"latencyMs":25}
CALIPER_TX_LATENCY {"workerIndex":5,"roundIndex":1,"roundLabel":"clients-8-read","transactionId":"e811b95f0b22aeb95c27c3eed66a9546b9d356bf6adf25c0d5857d95473481ff","status":"success","startEpochMs":1787565728187,"endEpochMs":1787565728212,"latencyMs":25}
CALIPER_TX_LATENCY {"workerIndex":3,"roundIndex":1,"roundLabel":"clients-8-read","transactionId":"8874714ea385cb902094c1b7d3f1471b531fdbd4ef5a683fd2125d8ddb3c280c","status":"success","startEpochMs":1787565729184,"endEpochMs":1787565729208,"latencyMs":24}
CALIPER_TX_LATENCY {"workerIndex":2,"roundIndex":1,"roundLabel":"clients-8-read","transactionId":"307ca9797f03d950b987e1b03a27a1bc48418aea1c9787d5f87da6ea2fdbae0a","status":"success","startEpochMs":1787565729184,"endEpochMs":1787565729208,"latencyMs":24}
CALIPER_TX_LATENCY {"workerIndex":5,"roundIndex":1,"roundLabel":"clients-8-read","transactionId":"91a393f8a9405aa8a564d793a5b17f038f3e3c2c30fc6c5aa9289a9f4bba35e1","status":"success","startEpochMs":1787565729184,"endEpochMs":1787565729208,"latencyMs":24}
CALIPER_TX_LATENCY {"workerIndex":7,"roundIndex":1,"roundLabel":"clients-8-read","transactionId":"656a7bc2b616b7a269bfc9aecddacbbb132d3317131dd128fc0edccdc7837cfd","status":"success","startEpochMs":1787565729184,"endEpochMs":1787565729208,"latencyMs":24}
CALIPER_TX_LATENCY {"workerIndex":0,"roundIndex":1,"roundLabel":"clients-8-read","transactionId":"6d6c0806c0481d1ccb47679a146c518e25a078594c4eb404b5a727afeee97ad6","status":"success","startEpochMs":1787565729184,"endEpochMs":1787565729208,"latencyMs":24}
CALIPER_TX_LATENCY {"workerIndex":4,"roundIndex":1,"roundLabel":"clients-8-read","transactionId":"8037eae163fe2c2ad7dc457258a03951a3d68047fe51e896137446540705035b","status":"success","startEpochMs":1787565729186,"endEpochMs":1787565729209,"latencyMs":23}
CALIPER_TX_LATENCY {"workerIndex":1,"roundIndex":1,"roundLabel":"clients-8-read","transactionId":"360554a595e7661ed70a72790d4ca016ebaf407f87b0995b10739cac2d09754a","status":"success","startEpochMs":1787565729184,"endEpochMs":1787565729209,"latencyMs":25}
CALIPER_TX_LATENCY {"workerIndex":6,"roundIndex":1,"roundLabel":"clients-8-read","transactionId":"de08866cef48cc22ae2c72f2f26e6c44946194104b688acb2f1bfca4692e2ace","status":"success","startEpochMs":1787565729186,"endEpochMs":1787565729210,"latencyMs":24}
CALIPER_TX_LATENCY {"workerIndex":1,"roundIndex":1,"roundLabel":"clients-8-read","transactionId":"c00178e8adde9449f7b0ca38ae1c3d0f2e147d08dce108ba9683f3b2a5e1abc9","status":"success","startEpochMs":1787565730183,"endEpochMs":1787565730202,"latencyMs":19}
CALIPER_TX_LATENCY {"workerIndex":5,"roundIndex":1,"roundLabel":"clients-8-read","transactionId":"b3a0c33591c15fdf170dad15c634b8ef35197de81e21b2743e68baeb80856021","status":"success","startEpochMs":1787565730184,"endEpochMs":1787565730207,"latencyMs":23}
CALIPER_TX_LATENCY {"workerIndex":3,"roundIndex":1,"roundLabel":"clients-8-read","transactionId":"b34a5da4b9197cb1af8bcff39d684f2935f47d6d665e50da2ce440d5bd406082","status":"success","startEpochMs":1787565730185,"endEpochMs":1787565730207,"latencyMs":22}
CALIPER_TX_LATENCY {"workerIndex":0,"roundIndex":1,"roundLabel":"clients-8-read","transactionId":"345e79a0c1a71230adb5e23586d0680a2044ef8f0da3242957d2f5e4f03c9fd5","status":"success","startEpochMs":1787565730183,"endEpochMs":1787565730207,"latencyMs":24}
CALIPER_TX_LATENCY {"workerIndex":4,"roundIndex":1,"roundLabel":"clients-8-read","transactionId":"faac8decce570053eef3c9666777770218fe5585415816b515996889a3b760d3","status":"success","startEpochMs":1787565730183,"endEpochMs":1787565730208,"latencyMs":25}
CALIPER_TX_LATENCY {"workerIndex":2,"roundIndex":1,"roundLabel":"clients-8-read","transactionId":"6e74783724ce19dc3dd9ea53966e81cfcf434ba893630ea9e6ac5d0cebf860b2","status":"success","startEpochMs":1787565730186,"endEpochMs":1787565730209,"latencyMs":23}
CALIPER_TX_LATENCY {"workerIndex":6,"roundIndex":1,"roundLabel":"clients-8-read","transactionId":"1482b0582921bc208aa9e093c52819aed8b1917accf95269de5350d36106705b","status":"success","startEpochMs":1787565730186,"endEpochMs":1787565730209,"latencyMs":23}
CALIPER_TX_LATENCY {"workerIndex":7,"roundIndex":1,"roundLabel":"clients-8-read","transactionId":"082fb0b89e55950c73575437c36ae1b29531a71380e2477bd7f229252236dd47","status":"success","startEpochMs":1787565730186,"endEpochMs":1787565730210,"latencyMs":24}
CALIPER_TX_LATENCY {"workerIndex":5,"roundIndex":1,"roundLabel":"clients-8-read","transactionId":"9a3c02d1960a8edb00d0947e2724a5d92c0ee2bfae2b5945bc32b336e766cbae","status":"success","startEpochMs":1787565731185,"endEpochMs":1787565731207,"latencyMs":22}
CALIPER_TX_LATENCY {"workerIndex":0,"roundIndex":1,"roundLabel":"clients-8-read","transactionId":"60f0e4867e615f840ba4028e42aaeb183c539a240e65d48e81464d207f724e7a","status":"success","startEpochMs":1787565731185,"endEpochMs":1787565731206,"latencyMs":21}
CALIPER_TX_LATENCY {"workerIndex":1,"roundIndex":1,"roundLabel":"clients-8-read","transactionId":"0da67118d7633a6d25f08ac111f7b077d138261cdf14677c8df759fe5caa874b","status":"success","startEpochMs":1787565731191,"endEpochMs":1787565731206,"latencyMs":15}
CALIPER_TX_LATENCY {"workerIndex":6,"roundIndex":1,"roundLabel":"clients-8-read","transactionId":"575b749dd09ffb19c4e2ac2344ab44b827f34e54cf6e64c2781f8641122fcf12","status":"success","startEpochMs":1787565731191,"endEpochMs":1787565731206,"latencyMs":15}
CALIPER_TX_LATENCY {"workerIndex":2,"roundIndex":1,"roundLabel":"clients-8-read","transactionId":"b9963cd6cf8619cd6050104120e8c427ca6029d311b1c119f6bae11da33fe911","status":"success","startEpochMs":1787565731184,"endEpochMs":1787565731206,"latencyMs":22}
CALIPER_TX_LATENCY {"workerIndex":4,"roundIndex":1,"roundLabel":"clients-8-read","transactionId":"b841a5a4d810211808a9e6e61ea1938b3689275fe5a0e60ee60b0309d7ef3708","status":"success","startEpochMs":1787565731189,"endEpochMs":1787565731207,"latencyMs":18}
CALIPER_TX_LATENCY {"workerIndex":7,"roundIndex":1,"roundLabel":"clients-8-read","transactionId":"bc931bf3cbd0f5aaa81489e23e9db11242de60ea816933caf082ff3bfe981097","status":"success","startEpochMs":1787565731190,"endEpochMs":1787565731207,"latencyMs":17}
CALIPER_TX_LATENCY {"workerIndex":3,"roundIndex":1,"roundLabel":"clients-8-read","transactionId":"ef024bcc03cb39e8b51aafdb30dd26737f3bed0c0fece3f795d0c1f053792860","status":"success","startEpochMs":1787565731185,"endEpochMs":1787565731207,"latencyMs":22}
2026.08.24-15:32:12.183[32m info [39m [caliper] [default-observer] 	[clients-8-read Round 1 Transaction Info] - Submitted: 280 Succ: 278 Fail:0 Unfinished:2
CALIPER_TX_LATENCY {"workerIndex":0,"roundIndex":1,"roundLabel":"clients-8-read","transactionId":"dbc48acf123ee40b91920ca67a2ae75105e9eb2acce56cf3069446398f9908b5","status":"success","startEpochMs":1787565732187,"endEpochMs":1787565732207,"latencyMs":20}
CALIPER_TX_LATENCY {"workerIndex":1,"roundIndex":1,"roundLabel":"clients-8-read","transactionId":"d8482d718826815cc108dfa3c7c2175d998bbd505ac1e15d2af43d4f3e673630","status":"success","startEpochMs":1787565732183,"endEpochMs":1787565732207,"latencyMs":24}
CALIPER_TX_LATENCY {"workerIndex":7,"roundIndex":1,"roundLabel":"clients-8-read","transactionId":"1e3a97b9cbbf4e528a7cddee568c6a7f3a3e72dce6babcdbf7278387306680b5","status":"success","startEpochMs":1787565732188,"endEpochMs":1787565732209,"latencyMs":21}
CALIPER_TX_LATENCY {"workerIndex":2,"roundIndex":1,"roundLabel":"clients-8-read","transactionId":"c674da28d8fa6d51c6063a83a9275d9750195106772969fb777d5e27c39e4221","status":"success","startEpochMs":1787565732187,"endEpochMs":1787565732209,"latencyMs":22}
CALIPER_TX_LATENCY {"workerIndex":6,"roundIndex":1,"roundLabel":"clients-8-read","transactionId":"9185c6abc278f6a5f551522ed9f95b6ca3ce0217a640ede2105854290b3ac16e","status":"success","startEpochMs":1787565732191,"endEpochMs":1787565732209,"latencyMs":18}
CALIPER_TX_LATENCY {"workerIndex":3,"roundIndex":1,"roundLabel":"clients-8-read","transactionId":"b8d1fad2a3488ad726bfe6a792462fb7477e7b3807a90b005e8dd2a0a4b8c201","status":"success","startEpochMs":1787565732185,"endEpochMs":1787565732209,"latencyMs":24}
CALIPER_TX_LATENCY {"workerIndex":5,"roundIndex":1,"roundLabel":"clients-8-read","transactionId":"0927b1f84032093fea2f083dbf0ddd3ee5fe24d8248599088b05f268947ccbff","status":"success","startEpochMs":1787565732183,"endEpochMs":1787565732210,"latencyMs":27}
CALIPER_TX_LATENCY {"workerIndex":4,"roundIndex":1,"roundLabel":"clients-8-read","transactionId":"aa019dc138ebcef305053d0da21300ec1fe140f77727a06d46a233709dcbcabc","status":"success","startEpochMs":1787565732188,"endEpochMs":1787565732210,"latencyMs":22}
CALIPER_TX_LATENCY {"workerIndex":3,"roundIndex":1,"roundLabel":"clients-8-read","transactionId":"3f0f77a8f445e0ea93fa9d5ee52cb079d82bf1188e2b315e433e0a905f69a56f","status":"success","startEpochMs":1787565733184,"endEpochMs":1787565733212,"latencyMs":28}
CALIPER_TX_LATENCY {"workerIndex":6,"roundIndex":1,"roundLabel":"clients-8-read","transactionId":"631ff4bd9dba2003258127c0d2c746aeed5d6421afd73fa7edb092899cd069dc","status":"success","startEpochMs":1787565733184,"endEpochMs":1787565733212,"latencyMs":28}
CALIPER_TX_LATENCY {"workerIndex":0,"roundIndex":1,"roundLabel":"clients-8-read","transactionId":"73724da253b263bd04c509c4c3fa65d03acba4f6c45b81196b5d6f60222f6abf","status":"success","startEpochMs":1787565733184,"endEpochMs":1787565733212,"latencyMs":28}
CALIPER_TX_LATENCY {"workerIndex":1,"roundIndex":1,"roundLabel":"clients-8-read","transactionId":"ff539130c80220e4f4dbfa43a90617871c718adbb1ddf420095cb3e0847ef3be","status":"success","startEpochMs":1787565733184,"endEpochMs":1787565733214,"latencyMs":30}
CALIPER_TX_LATENCY {"workerIndex":5,"roundIndex":1,"roundLabel":"clients-8-read","transactionId":"741132c1e1f4849b3a382f0464bb8665d705a5644d61c25c0b15b0be123880ec","status":"success","startEpochMs":1787565733184,"endEpochMs":1787565733214,"latencyMs":30}
CALIPER_TX_LATENCY {"workerIndex":4,"roundIndex":1,"roundLabel":"clients-8-read","transactionId":"93cacb60cb635ff51006cfd1afb680ae1e85289d807288d48fb90b764e87cb59","status":"success","startEpochMs":1787565733184,"endEpochMs":1787565733214,"latencyMs":30}
CALIPER_TX_LATENCY {"workerIndex":7,"roundIndex":1,"roundLabel":"clients-8-read","transactionId":"fe2b3860800c141ba5f6654599cda5064cd9275869709866106ad85159f660f9","status":"success","startEpochMs":1787565733184,"endEpochMs":1787565733214,"latencyMs":30}
CALIPER_TX_LATENCY {"workerIndex":2,"roundIndex":1,"roundLabel":"clients-8-read","transactionId":"e1a9973c0a02fc7cef23523608fe847f5040670cfb99e05a8c0def924bfddab5","status":"success","startEpochMs":1787565733184,"endEpochMs":1787565733214,"latencyMs":30}
CALIPER_TX_LATENCY {"workerIndex":4,"roundIndex":1,"roundLabel":"clients-8-read","transactionId":"109a9e598eb5f3d264d110508d2e9a20b68e0d6cb8d94343bb6b55d637147679","status":"success","startEpochMs":1787565734185,"endEpochMs":1787565734213,"latencyMs":28}
CALIPER_TX_LATENCY {"workerIndex":3,"roundIndex":1,"roundLabel":"clients-8-read","transactionId":"bb6b4f838a86be6161b9ec91824289c804c3fdb43e36aebf360f823b8e480396","status":"success","startEpochMs":1787565734185,"endEpochMs":1787565734215,"latencyMs":30}
CALIPER_TX_LATENCY {"workerIndex":7,"roundIndex":1,"roundLabel":"clients-8-read","transactionId":"a5c066e04868e1d443ff97b7092c304441a7f30c9faebd158eb7b5f068cbe51c","status":"success","startEpochMs":1787565734185,"endEpochMs":1787565734215,"latencyMs":30}
CALIPER_TX_LATENCY {"workerIndex":5,"roundIndex":1,"roundLabel":"clients-8-read","transactionId":"0b4ec3e113858ee4fec56f2baff0c6c6148ad4d1dddede3b894684fa9c4f4cf9","status":"success","startEpochMs":1787565734189,"endEpochMs":1787565734215,"latencyMs":26}
CALIPER_TX_LATENCY {"workerIndex":2,"roundIndex":1,"roundLabel":"clients-8-read","transactionId":"4c3a14ce54fe140da62cb3f5af04e21a967c4c65986995155937d3ecc1770a5c","status":"success","startEpochMs":1787565734189,"endEpochMs":1787565734215,"latencyMs":26}
CALIPER_TX_LATENCY {"workerIndex":0,"roundIndex":1,"roundLabel":"clients-8-read","transactionId":"f120ccdc669d1c7bdf5235210caaec6ae665d7956351f12e0cc3a3609caac102","status":"success","startEpochMs":1787565734189,"endEpochMs":1787565734215,"latencyMs":26}
CALIPER_TX_LATENCY {"workerIndex":6,"roundIndex":1,"roundLabel":"clients-8-read","transactionId":"492df3365b959c72d59b570619ba807aed2024b5205abf52e670edd3ddd35cd2","status":"success","startEpochMs":1787565734188,"endEpochMs":1787565734215,"latencyMs":27}
CALIPER_TX_LATENCY {"workerIndex":1,"roundIndex":1,"roundLabel":"clients-8-read","transactionId":"035abe775b300d42876b86a93928f970d56b537fb98f048bf664fe1d0bf4ecb9","status":"success","startEpochMs":1787565734185,"endEpochMs":1787565734215,"latencyMs":30}
CALIPER_TX_LATENCY {"workerIndex":2,"roundIndex":1,"roundLabel":"clients-8-read","transactionId":"05ca7c25a8ed2cd5e4419fc219ae9bfdea9eb0164a8bd521a21d5478cca209a9","status":"success","startEpochMs":1787565735184,"endEpochMs":1787565735207,"latencyMs":23}
CALIPER_TX_LATENCY {"workerIndex":0,"roundIndex":1,"roundLabel":"clients-8-read","transactionId":"da25b8620484f0e1fa58270fff6ac7130f069b557af8eada097f7636610ac5eb","status":"success","startEpochMs":1787565735184,"endEpochMs":1787565735207,"latencyMs":23}
CALIPER_TX_LATENCY {"workerIndex":7,"roundIndex":1,"roundLabel":"clients-8-read","transactionId":"70c01e3d313cebbc77b2fd308b19628ae1e5ca0e9dd26b2e117e5e933c48baa0","status":"success","startEpochMs":1787565735188,"endEpochMs":1787565735210,"latencyMs":22}
CALIPER_TX_LATENCY {"workerIndex":4,"roundIndex":1,"roundLabel":"clients-8-read","transactionId":"20c613949d9f19bc6f142953d4a7cd70190fe14f3934f7d5f827b032dfe748b5","status":"success","startEpochMs":1787565735184,"endEpochMs":1787565735210,"latencyMs":26}
CALIPER_TX_LATENCY {"workerIndex":3,"roundIndex":1,"roundLabel":"clients-8-read","transactionId":"46f9aaa99b915d0e99e77d3c77c04fc925b610c7da911a3086c358bad6671877","status":"success","startEpochMs":1787565735186,"endEpochMs":1787565735210,"latencyMs":24}
CALIPER_TX_LATENCY {"workerIndex":1,"roundIndex":1,"roundLabel":"clients-8-read","transactionId":"87c76cfc545d8478154b05404b298e42bcd30aec341c4a07a9d983143fd88f10","status":"success","startEpochMs":1787565735188,"endEpochMs":1787565735210,"latencyMs":22}
CALIPER_TX_LATENCY {"workerIndex":6,"roundIndex":1,"roundLabel":"clients-8-read","transactionId":"2aa166fb88c0f6bcb2bcd9f2bac019aea85677dce727ddde2893ec3069ac9f16","status":"success","startEpochMs":1787565735188,"endEpochMs":1787565735210,"latencyMs":22}
CALIPER_TX_LATENCY {"workerIndex":5,"roundIndex":1,"roundLabel":"clients-8-read","transactionId":"4829862e4c75d8c6c5aaacaa1afab3f5a6c9917e5059c353e8c7384be4e9d2d2","status":"success","startEpochMs":1787565735188,"endEpochMs":1787565735210,"latencyMs":22}
CALIPER_TX_LATENCY {"workerIndex":7,"roundIndex":1,"roundLabel":"clients-8-read","transactionId":"ebdecb90ed1e91367754a156616fee0fe9c30f9db5e6ca1ea148e7040c1eda33","status":"success","startEpochMs":1787565736183,"endEpochMs":1787565736206,"latencyMs":23}
CALIPER_TX_LATENCY {"workerIndex":0,"roundIndex":1,"roundLabel":"clients-8-read","transactionId":"4f373763b479940b95d405f4e6c60be789637a95f51710661e05202e5eb8ae30","status":"success","startEpochMs":1787565736187,"endEpochMs":1787565736206,"latencyMs":19}
CALIPER_TX_LATENCY {"workerIndex":6,"roundIndex":1,"roundLabel":"clients-8-read","transactionId":"9bba7373ef60e9c37d9edc6e0c3ee00e774e8cfb5e2f49bda03754c963d3e85f","status":"success","startEpochMs":1787565736187,"endEpochMs":1787565736211,"latencyMs":24}
CALIPER_TX_LATENCY {"workerIndex":3,"roundIndex":1,"roundLabel":"clients-8-read","transactionId":"d7fc308594f897e031c78514b2648e7af4f6b94dcf4f155c7ab24b228f57e51f","status":"success","startEpochMs":1787565736187,"endEpochMs":1787565736211,"latencyMs":24}
CALIPER_TX_LATENCY {"workerIndex":1,"roundIndex":1,"roundLabel":"clients-8-read","transactionId":"585798a28f21840b7f0e9408bf752191bafa1dba1d364d14e7f3a92c4c51a8fd","status":"success","startEpochMs":1787565736183,"endEpochMs":1787565736212,"latencyMs":29}
CALIPER_TX_LATENCY {"workerIndex":2,"roundIndex":1,"roundLabel":"clients-8-read","transactionId":"5e7429cdb1eb4532be5d9ef6fa9807811e4cfda4e793d0248a032ee67323e2c5","status":"success","startEpochMs":1787565736188,"endEpochMs":1787565736211,"latencyMs":23}
CALIPER_TX_LATENCY {"workerIndex":4,"roundIndex":1,"roundLabel":"clients-8-read","transactionId":"bee5f31459056ee11dda2babee757cdab40fd1fa55f860a97ffe30f1bea764c8","status":"success","startEpochMs":1787565736189,"endEpochMs":1787565736212,"latencyMs":23}
CALIPER_TX_LATENCY {"workerIndex":5,"roundIndex":1,"roundLabel":"clients-8-read","transactionId":"cfb477fcaeda76a447ebe4a98780b21d6e33cd450f6a913cd4c263e7ed489802","status":"success","startEpochMs":1787565736183,"endEpochMs":1787565736212,"latencyMs":29}
2026.08.24-15:32:17.182[32m info [39m [caliper] [default-observer] 	[clients-8-read Round 1 Transaction Info] - Submitted: 320 Succ: 320 Fail:0 Unfinished:0
CALIPER_TX_LATENCY {"workerIndex":1,"roundIndex":1,"roundLabel":"clients-8-read","transactionId":"c1e39f256603a514db8e1156626ab472b0f1d07689193514e0777d190bbfb941","status":"success","startEpochMs":1787565737182,"endEpochMs":1787565737207,"latencyMs":25}
CALIPER_TX_LATENCY {"workerIndex":3,"roundIndex":1,"roundLabel":"clients-8-read","transactionId":"b09c70b1ed00fe02980662068a300a972342d6752931944f972705395ab6724e","status":"success","startEpochMs":1787565737183,"endEpochMs":1787565737207,"latencyMs":24}
CALIPER_TX_LATENCY {"workerIndex":0,"roundIndex":1,"roundLabel":"clients-8-read","transactionId":"f308bd362d99784c6fce9dea51357e673c96e425f2229ec40cc1664a3457f016","status":"success","startEpochMs":1787565737183,"endEpochMs":1787565737207,"latencyMs":24}
CALIPER_TX_LATENCY {"workerIndex":2,"roundIndex":1,"roundLabel":"clients-8-read","transactionId":"059010c8339ffcbb9a795d7ffb979e320800bef540b06102213042e87eb53839","status":"success","startEpochMs":1787565737184,"endEpochMs":1787565737209,"latencyMs":25}
CALIPER_TX_LATENCY {"workerIndex":6,"roundIndex":1,"roundLabel":"clients-8-read","transactionId":"036e36b691161fde040f3109250f582b6bee5c28447d39977236e4961152a6c6","status":"success","startEpochMs":1787565737185,"endEpochMs":1787565737209,"latencyMs":24}
CALIPER_TX_LATENCY {"workerIndex":4,"roundIndex":1,"roundLabel":"clients-8-read","transactionId":"0cf45b408ff64b7ff4a2c38e999f266e848ee81fb4c5f2b7e6adcae23063d2f9","status":"success","startEpochMs":1787565737184,"endEpochMs":1787565737209,"latencyMs":25}
CALIPER_TX_LATENCY {"workerIndex":7,"roundIndex":1,"roundLabel":"clients-8-read","transactionId":"0b15cc75aeffcf907ade25705f399ffed0b4312660800ac751e11772c3a19fd9","status":"success","startEpochMs":1787565737182,"endEpochMs":1787565737209,"latencyMs":27}
CALIPER_TX_LATENCY {"workerIndex":5,"roundIndex":1,"roundLabel":"clients-8-read","transactionId":"ed103c6c5bc45400c8690c1bd25336fc6da21c3e45fe705d20f43ec1458e2d7b","status":"success","startEpochMs":1787565737184,"endEpochMs":1787565737209,"latencyMs":25}
CALIPER_TX_LATENCY {"workerIndex":0,"roundIndex":1,"roundLabel":"clients-8-read","transactionId":"3339cd17250a8eac68d5baaa104946166ec1a22f51c681b947cd5e14e859d9a3","status":"success","startEpochMs":1787565738183,"endEpochMs":1787565738211,"latencyMs":28}
CALIPER_TX_LATENCY {"workerIndex":5,"roundIndex":1,"roundLabel":"clients-8-read","transactionId":"cd26ed1c4ab204f92622a7e8dca39709e8624a7ad4810132609d51ca1512ff05","status":"success","startEpochMs":1787565738184,"endEpochMs":1787565738211,"latencyMs":27}
CALIPER_TX_LATENCY {"workerIndex":6,"roundIndex":1,"roundLabel":"clients-8-read","transactionId":"c95ad07bc2b2898eb84465e4fc98b4fee928c3de278c12ed93d983a0c983a47d","status":"success","startEpochMs":1787565738186,"endEpochMs":1787565738211,"latencyMs":25}
CALIPER_TX_LATENCY {"workerIndex":1,"roundIndex":1,"roundLabel":"clients-8-read","transactionId":"b6abe0c6b438f01ee0ab8b52af741604ca18be853e5883a4d9daf5a5951f1c7f","status":"success","startEpochMs":1787565738184,"endEpochMs":1787565738211,"latencyMs":27}
CALIPER_TX_LATENCY {"workerIndex":3,"roundIndex":1,"roundLabel":"clients-8-read","transactionId":"f639bfc4e3e946990eaa592149bd605d64a8c36b4b7585384c1d7ee14d30efd4","status":"success","startEpochMs":1787565738185,"endEpochMs":1787565738211,"latencyMs":26}
CALIPER_TX_LATENCY {"workerIndex":7,"roundIndex":1,"roundLabel":"clients-8-read","transactionId":"16d914e14614bf354b29788a36f8e0f01346a992311a867ca6e613e4c09f84da","status":"success","startEpochMs":1787565738183,"endEpochMs":1787565738211,"latencyMs":28}
CALIPER_TX_LATENCY {"workerIndex":2,"roundIndex":1,"roundLabel":"clients-8-read","transactionId":"a1caffcb711a5b7dcd1ce7e0746e49da806831cfc1911ce014485abdbe71e4c8","status":"success","startEpochMs":1787565738184,"endEpochMs":1787565738211,"latencyMs":27}
CALIPER_TX_LATENCY {"workerIndex":4,"roundIndex":1,"roundLabel":"clients-8-read","transactionId":"b4cfb7ece2ac59fc2ec803e1aaeacf6ae87e72670c4f457289bed5797aef8c34","status":"success","startEpochMs":1787565738184,"endEpochMs":1787565738211,"latencyMs":27}
CALIPER_TX_LATENCY {"workerIndex":0,"roundIndex":1,"roundLabel":"clients-8-read","transactionId":"b9be45b7e6dbdafc9179eadfa7e3e37e1dc73ae326ff051158e587a7a79b62ea","status":"success","startEpochMs":1787565739184,"endEpochMs":1787565739211,"latencyMs":27}
CALIPER_TX_LATENCY {"workerIndex":1,"roundIndex":1,"roundLabel":"clients-8-read","transactionId":"be86a49bce2f21bbdeb8733823747cc50112d61d663ec18239e18c5e965dfb26","status":"success","startEpochMs":1787565739184,"endEpochMs":1787565739211,"latencyMs":27}
CALIPER_TX_LATENCY {"workerIndex":2,"roundIndex":1,"roundLabel":"clients-8-read","transactionId":"7a425d3d0ff6a80ee8a9c09c17c600d77eb43623cf3c69889965c593bf462fd4","status":"success","startEpochMs":1787565739185,"endEpochMs":1787565739211,"latencyMs":26}
CALIPER_TX_LATENCY {"workerIndex":4,"roundIndex":1,"roundLabel":"clients-8-read","transactionId":"b234d469255d1c228612068e45f533c8a9c1c6c45cee59eaf9a2306de7415829","status":"success","startEpochMs":1787565739184,"endEpochMs":1787565739213,"latencyMs":29}
CALIPER_TX_LATENCY {"workerIndex":3,"roundIndex":1,"roundLabel":"clients-8-read","transactionId":"6137a465a04a42e708157ccb5b35a1d07211170a1d1b0dd64413581d4929648e","status":"success","startEpochMs":1787565739184,"endEpochMs":1787565739213,"latencyMs":29}
CALIPER_TX_LATENCY {"workerIndex":7,"roundIndex":1,"roundLabel":"clients-8-read","transactionId":"54cf98b1449390df3f4d72cb26f2895601d4946946895a27fe9ec54be3ca390f","status":"success","startEpochMs":1787565739185,"endEpochMs":1787565739213,"latencyMs":28}
CALIPER_TX_LATENCY {"workerIndex":5,"roundIndex":1,"roundLabel":"clients-8-read","transactionId":"860d6e6b65a434e7aa731934a9e6e6b27fbca282c38a9b92642449c03578abef","status":"success","startEpochMs":1787565739187,"endEpochMs":1787565739213,"latencyMs":26}
CALIPER_TX_LATENCY {"workerIndex":6,"roundIndex":1,"roundLabel":"clients-8-read","transactionId":"d57fcda6bb541b4f2cb82021706c6b81e605a5ac94da5bcef84b9729a7ee9913","status":"success","startEpochMs":1787565739184,"endEpochMs":1787565739213,"latencyMs":29}
CALIPER_TX_LATENCY {"workerIndex":1,"roundIndex":1,"roundLabel":"clients-8-read","transactionId":"aec717f2b8f7a0d1f2910caffb418adfcb2cc071161d4c7378ea90fec5b01bd7","status":"success","startEpochMs":1787565740191,"endEpochMs":1787565740203,"latencyMs":12}
CALIPER_TX_LATENCY {"workerIndex":0,"roundIndex":1,"roundLabel":"clients-8-read","transactionId":"26946e30bbbdb356cb791df0dfd2c076b5d4e58873e1066d5297d3b4de0b9a6b","status":"success","startEpochMs":1787565740184,"endEpochMs":1787565740203,"latencyMs":19}
CALIPER_TX_LATENCY {"workerIndex":6,"roundIndex":1,"roundLabel":"clients-8-read","transactionId":"8b189785d7650f0a7e264e6208ef0e08afaae448c87a444f958262b97578f438","status":"success","startEpochMs":1787565740192,"endEpochMs":1787565740203,"latencyMs":11}
CALIPER_TX_LATENCY {"workerIndex":7,"roundIndex":1,"roundLabel":"clients-8-read","transactionId":"5750ec15f7ddc9d46909c1c3d680cd003d19c5e8fbbfc76cf97e9a0294df5827","status":"success","startEpochMs":1787565740184,"endEpochMs":1787565740204,"latencyMs":20}
CALIPER_TX_LATENCY {"workerIndex":5,"roundIndex":1,"roundLabel":"clients-8-read","transactionId":"e0f46996e18e67533e9bdf2de77e19966b71b1324274c412bb449c766beebb1b","status":"success","startEpochMs":1787565740184,"endEpochMs":1787565740204,"latencyMs":20}
CALIPER_TX_LATENCY {"workerIndex":3,"roundIndex":1,"roundLabel":"clients-8-read","transactionId":"02beb3f83a029eed68b6fa8928ef6003c0ae8e6929add4d80d4d40ae85d65958","status":"success","startEpochMs":1787565740187,"endEpochMs":1787565740204,"latencyMs":17}
CALIPER_TX_LATENCY {"workerIndex":2,"roundIndex":1,"roundLabel":"clients-8-read","transactionId":"cc18e8dca09308ec11ba8b7751945dab2d26d3f465a8ccce6e1536b245f1e957","status":"success","startEpochMs":1787565740191,"endEpochMs":1787565740204,"latencyMs":13}
CALIPER_TX_LATENCY {"workerIndex":4,"roundIndex":1,"roundLabel":"clients-8-read","transactionId":"408d92deb7d40c1e6ff6fade1fe18ab88446e98e8122c0d77d7d8cbd01a23e90","status":"success","startEpochMs":1787565740184,"endEpochMs":1787565740204,"latencyMs":20}
CALIPER_TX_LATENCY {"workerIndex":3,"roundIndex":1,"roundLabel":"clients-8-read","transactionId":"50c9c02c8995814da270fc143a06bb25ce4d214cc29fd1977071f66c55d68246","status":"success","startEpochMs":1787565741183,"endEpochMs":1787565741212,"latencyMs":29}
CALIPER_TX_LATENCY {"workerIndex":7,"roundIndex":1,"roundLabel":"clients-8-read","transactionId":"b2b5a8f13bb614d35c7985f941dffff0cd274c735e75c257dd95c4309e750831","status":"success","startEpochMs":1787565741183,"endEpochMs":1787565741212,"latencyMs":29}
CALIPER_TX_LATENCY {"workerIndex":5,"roundIndex":1,"roundLabel":"clients-8-read","transactionId":"f596359bcf87e819f09c33f14e95f8d741e46749087cec1481e391cf58239540","status":"success","startEpochMs":1787565741184,"endEpochMs":1787565741213,"latencyMs":29}
CALIPER_TX_LATENCY {"workerIndex":2,"roundIndex":1,"roundLabel":"clients-8-read","transactionId":"d31c31198f7acc43f1160aab334b661b6d3fcf26e1ad49f3d0256faf6932823f","status":"success","startEpochMs":1787565741183,"endEpochMs":1787565741214,"latencyMs":31}
CALIPER_TX_LATENCY {"workerIndex":0,"roundIndex":1,"roundLabel":"clients-8-read","transactionId":"5478c5864a811875f651a211854712f551a489b0d04ac8c7052250e9167f0c18","status":"success","startEpochMs":1787565741184,"endEpochMs":1787565741214,"latencyMs":30}
CALIPER_TX_LATENCY {"workerIndex":1,"roundIndex":1,"roundLabel":"clients-8-read","transactionId":"816d89634fd58246a2dcc06b0d7997b5e9bcbfb531c42a5af176ef41c5acc620","status":"success","startEpochMs":1787565741184,"endEpochMs":1787565741214,"latencyMs":30}
CALIPER_TX_LATENCY {"workerIndex":4,"roundIndex":1,"roundLabel":"clients-8-read","transactionId":"6e267eef0515a9712817aa982b8305f6c9c77c05b9a5f0d3593f7ef27cbf87a6","status":"success","startEpochMs":1787565741183,"endEpochMs":1787565741214,"latencyMs":31}
CALIPER_TX_LATENCY {"workerIndex":6,"roundIndex":1,"roundLabel":"clients-8-read","transactionId":"8e9840809c0ab1866b56a1e69ccd14d2b6736681b12fdb902d55d9736e60499a","status":"success","startEpochMs":1787565741184,"endEpochMs":1787565741214,"latencyMs":30}
2026.08.24-15:32:22.184[32m info [39m [caliper] [default-observer] 	[clients-8-read Round 1 Transaction Info] - Submitted: 360 Succ: 359 Fail:0 Unfinished:1
CALIPER_TX_LATENCY {"workerIndex":3,"roundIndex":1,"roundLabel":"clients-8-read","transactionId":"fbea4430c4558ad248e5a7b04413f62ae83e16c4d930bbab3eb9b0a2bc9601f6","status":"success","startEpochMs":1787565742184,"endEpochMs":1787565742204,"latencyMs":20}
CALIPER_TX_LATENCY {"workerIndex":6,"roundIndex":1,"roundLabel":"clients-8-read","transactionId":"7f7f8ca544ae7c8f79a2b3be492bfe344af6c4d99d974215cb6f44ab34a84ae2","status":"success","startEpochMs":1787565742189,"endEpochMs":1787565742205,"latencyMs":16}
CALIPER_TX_LATENCY {"workerIndex":7,"roundIndex":1,"roundLabel":"clients-8-read","transactionId":"aea6a43fa284a67d7b3d8bb54ac5a3a7cc656baa464a31c227aa42a956b25e01","status":"success","startEpochMs":1787565742184,"endEpochMs":1787565742205,"latencyMs":21}
CALIPER_TX_LATENCY {"workerIndex":0,"roundIndex":1,"roundLabel":"clients-8-read","transactionId":"862d51b3d99e6c318bc74a37932bbc901b4797eeeeedbe9c96594b080623a96e","status":"success","startEpochMs":1787565742192,"endEpochMs":1787565742206,"latencyMs":14}
CALIPER_TX_LATENCY {"workerIndex":1,"roundIndex":1,"roundLabel":"clients-8-read","transactionId":"8b85d06f8455ccfe759cbbcafeb023c5e856dd3207dcef60e01b02fa803ea448","status":"success","startEpochMs":1787565742188,"endEpochMs":1787565742206,"latencyMs":18}
CALIPER_TX_LATENCY {"workerIndex":4,"roundIndex":1,"roundLabel":"clients-8-read","transactionId":"e5417977929ce7142dbb4a242695e87117a18c924595827b17b95981d5a2ada3","status":"success","startEpochMs":1787565742189,"endEpochMs":1787565742206,"latencyMs":17}
CALIPER_TX_LATENCY {"workerIndex":2,"roundIndex":1,"roundLabel":"clients-8-read","transactionId":"23f44dbb6572990101a3d489e8c63941393ff4d5afd0ab9f1dcca075bf8ec6b7","status":"success","startEpochMs":1787565742188,"endEpochMs":1787565742206,"latencyMs":18}
CALIPER_TX_LATENCY {"workerIndex":5,"roundIndex":1,"roundLabel":"clients-8-read","transactionId":"362549115dfb6d446e535a15bb18d9f54a80c6f170f68b4cb844c647d4a7542b","status":"success","startEpochMs":1787565742192,"endEpochMs":1787565742206,"latencyMs":14}
2026.08.24-15:32:23.289[32m info [39m [caliper] [connectors/peer-gateway/PeerGateway] 	disconnecting gateway for user io.krishnan
2026.08.24-15:32:23.289[32m info [39m [caliper] [connectors/peer-gateway/PeerGateway] 	disconnecting gateway for user insp.rathore
2026.08.24-15:32:23.289[32m info [39m [caliper] [connectors/peer-gateway/PeerGateway] 	disconnecting gateway for user insp.singh
2026.08.24-15:32:23.289[32m info [39m [caliper] [connectors/peer-gateway/PeerGateway] 	disconnecting gateway for user const.verma
2026.08.24-15:32:23.289[32m info [39m [caliper] [connectors/peer-gateway/PeerGateway] 	disconnecting gateway for user insp.sharma
2026.08.24-15:32:23.289[32m info [39m [caliper] [connectors/peer-gateway/PeerGateway] 	disconnecting gateway for user io.krishnan
2026.08.24-15:32:23.289[32m info [39m [caliper] [connectors/peer-gateway/PeerGateway] 	disconnecting gateway for user _AuditMSP_aud.qureshi
2026.08.24-15:32:23.289[32m info [39m [caliper] [connectors/peer-gateway/PeerGateway] 	disconnecting gateway for user insp.rathore
2026.08.24-15:32:23.289[32m info [39m [caliper] [connectors/peer-gateway/PeerGateway] 	disconnecting gRpc client at peer PoliceMSP_localhost:7051
2026.08.24-15:32:23.289[32m info [39m [caliper] [connectors/peer-gateway/PeerGateway] 	disconnecting gateway for user insp.singh
2026.08.24-15:32:23.289[32m info [39m [caliper] [connectors/peer-gateway/PeerGateway] 	disconnecting gateway for user const.verma
2026.08.24-15:32:23.289[32m info [39m [caliper] [connectors/peer-gateway/PeerGateway] 	disconnecting gateway for user insp.sharma
2026.08.24-15:32:23.290[32m info [39m [caliper] [connectors/peer-gateway/PeerGateway] 	disconnecting gateway for user _AuditMSP_aud.qureshi
2026.08.24-15:32:23.290[32m info [39m [caliper] [connectors/peer-gateway/PeerGateway] 	disconnecting gRpc client at peer PoliceMSP_localhost:7051
2026.08.24-15:32:23.290[32m info [39m [caliper] [connectors/peer-gateway/PeerGateway] 	disconnecting gRpc client at peer AuditMSP_localhost:11051
2026.08.24-15:32:23.290[32m info [39m [caliper] [connectors/peer-gateway/PeerGateway] 	disconnecting gRpc client at peer AuditMSP_localhost:11051
2026.08.24-15:32:23.290[32m info [39m [caliper] [worker-message-handler] 	Worker#3 finished Round#1
2026.08.24-15:32:23.290[32m info [39m [caliper] [worker-message-handler] 	Worker#7 finished Round#1
2026.08.24-15:32:23.292[32m info [39m [caliper] [connectors/peer-gateway/PeerGateway] 	disconnecting gateway for user io.krishnan
2026.08.24-15:32:23.292[32m info [39m [caliper] [connectors/peer-gateway/PeerGateway] 	disconnecting gateway for user insp.rathore
2026.08.24-15:32:23.292[32m info [39m [caliper] [connectors/peer-gateway/PeerGateway] 	disconnecting gateway for user insp.singh
2026.08.24-15:32:23.292[32m info [39m [caliper] [connectors/peer-gateway/PeerGateway] 	disconnecting gateway for user const.verma
2026.08.24-15:32:23.292[32m info [39m [caliper] [connectors/peer-gateway/PeerGateway] 	disconnecting gateway for user insp.sharma
2026.08.24-15:32:23.292[32m info [39m [caliper] [connectors/peer-gateway/PeerGateway] 	disconnecting gateway for user _AuditMSP_aud.qureshi
2026.08.24-15:32:23.292[32m info [39m [caliper] [connectors/peer-gateway/PeerGateway] 	disconnecting gRpc client at peer PoliceMSP_localhost:7051
2026.08.24-15:32:23.292[32m info [39m [caliper] [connectors/peer-gateway/PeerGateway] 	disconnecting gRpc client at peer AuditMSP_localhost:11051
2026.08.24-15:32:23.293[32m info [39m [caliper] [worker-message-handler] 	Worker#1 finished Round#1
2026.08.24-15:32:23.293[32m info [39m [caliper] [connectors/peer-gateway/PeerGateway] 	disconnecting gateway for user io.krishnan
2026.08.24-15:32:23.293[32m info [39m [caliper] [connectors/peer-gateway/PeerGateway] 	disconnecting gateway for user io.krishnan
2026.08.24-15:32:23.293[32m info [39m [caliper] [connectors/peer-gateway/PeerGateway] 	disconnecting gateway for user insp.rathore
2026.08.24-15:32:23.293[32m info [39m [caliper] [connectors/peer-gateway/PeerGateway] 	disconnecting gateway for user insp.rathore
2026.08.24-15:32:23.293[32m info [39m [caliper] [connectors/peer-gateway/PeerGateway] 	disconnecting gateway for user insp.singh
2026.08.24-15:32:23.293[32m info [39m [caliper] [connectors/peer-gateway/PeerGateway] 	disconnecting gateway for user insp.singh
2026.08.24-15:32:23.293[32m info [39m [caliper] [connectors/peer-gateway/PeerGateway] 	disconnecting gateway for user const.verma
2026.08.24-15:32:23.293[32m info [39m [caliper] [connectors/peer-gateway/PeerGateway] 	disconnecting gateway for user const.verma
2026.08.24-15:32:23.293[32m info [39m [caliper] [connectors/peer-gateway/PeerGateway] 	disconnecting gateway for user insp.sharma
2026.08.24-15:32:23.293[32m info [39m [caliper] [connectors/peer-gateway/PeerGateway] 	disconnecting gateway for user insp.sharma
2026.08.24-15:32:23.293[32m info [39m [caliper] [connectors/peer-gateway/PeerGateway] 	disconnecting gateway for user _AuditMSP_aud.qureshi
2026.08.24-15:32:23.293[32m info [39m [caliper] [connectors/peer-gateway/PeerGateway] 	disconnecting gateway for user io.krishnan
2026.08.24-15:32:23.293[32m info [39m [caliper] [connectors/peer-gateway/PeerGateway] 	disconnecting gateway for user _AuditMSP_aud.qureshi
2026.08.24-15:32:23.293[32m info [39m [caliper] [connectors/peer-gateway/PeerGateway] 	disconnecting gateway for user insp.rathore
2026.08.24-15:32:23.293[32m info [39m [caliper] [connectors/peer-gateway/PeerGateway] 	disconnecting gRpc client at peer PoliceMSP_localhost:7051
2026.08.24-15:32:23.293[32m info [39m [caliper] [connectors/peer-gateway/PeerGateway] 	disconnecting gateway for user insp.singh
2026.08.24-15:32:23.293[32m info [39m [caliper] [connectors/peer-gateway/PeerGateway] 	disconnecting gateway for user const.verma
2026.08.24-15:32:23.293[32m info [39m [caliper] [connectors/peer-gateway/PeerGateway] 	disconnecting gateway for user insp.sharma
2026.08.24-15:32:23.293[32m info [39m [caliper] [connectors/peer-gateway/PeerGateway] 	disconnecting gateway for user _AuditMSP_aud.qureshi
2026.08.24-15:32:23.293[32m info [39m [caliper] [connectors/peer-gateway/PeerGateway] 	disconnecting gRpc client at peer PoliceMSP_localhost:7051
2026.08.24-15:32:23.294[32m info [39m [caliper] [connectors/peer-gateway/PeerGateway] 	disconnecting gRpc client at peer AuditMSP_localhost:11051
2026.08.24-15:32:23.294[32m info [39m [caliper] [worker-message-handler] 	Worker#2 finished Round#1
2026.08.24-15:32:23.295[32m info [39m [caliper] [connectors/peer-gateway/PeerGateway] 	disconnecting gRpc client at peer AuditMSP_localhost:11051
2026.08.24-15:32:23.295[32m info [39m [caliper] [worker-message-handler] 	Worker#4 finished Round#1
2026.08.24-15:32:23.293[32m info [39m [caliper] [connectors/peer-gateway/PeerGateway] 	disconnecting gRpc client at peer PoliceMSP_localhost:7051
2026.08.24-15:32:23.296[32m info [39m [caliper] [connectors/peer-gateway/PeerGateway] 	disconnecting gRpc client at peer AuditMSP_localhost:11051
2026.08.24-15:32:23.296[32m info [39m [caliper] [worker-message-handler] 	Worker#6 finished Round#1
2026.08.24-15:32:23.297[32m info [39m [caliper] [connectors/peer-gateway/PeerGateway] 	disconnecting gateway for user io.krishnan
2026.08.24-15:32:23.297[32m info [39m [caliper] [connectors/peer-gateway/PeerGateway] 	disconnecting gateway for user io.krishnan
2026.08.24-15:32:23.297[32m info [39m [caliper] [connectors/peer-gateway/PeerGateway] 	disconnecting gateway for user insp.rathore
2026.08.24-15:32:23.297[32m info [39m [caliper] [connectors/peer-gateway/PeerGateway] 	disconnecting gateway for user insp.singh
2026.08.24-15:32:23.297[32m info [39m [caliper] [connectors/peer-gateway/PeerGateway] 	disconnecting gateway for user const.verma
2026.08.24-15:32:23.297[32m info [39m [caliper] [connectors/peer-gateway/PeerGateway] 	disconnecting gateway for user insp.sharma
2026.08.24-15:32:23.297[32m info [39m [caliper] [connectors/peer-gateway/PeerGateway] 	disconnecting gateway for user insp.rathore
2026.08.24-15:32:23.297[32m info [39m [caliper] [connectors/peer-gateway/PeerGateway] 	disconnecting gateway for user _AuditMSP_aud.qureshi
2026.08.24-15:32:23.297[32m info [39m [caliper] [connectors/peer-gateway/PeerGateway] 	disconnecting gateway for user insp.singh
2026.08.24-15:32:23.297[32m info [39m [caliper] [connectors/peer-gateway/PeerGateway] 	disconnecting gateway for user const.verma
2026.08.24-15:32:23.297[32m info [39m [caliper] [connectors/peer-gateway/PeerGateway] 	disconnecting gateway for user insp.sharma
2026.08.24-15:32:23.297[32m info [39m [caliper] [connectors/peer-gateway/PeerGateway] 	disconnecting gRpc client at peer PoliceMSP_localhost:7051
2026.08.24-15:32:23.297[32m info [39m [caliper] [connectors/peer-gateway/PeerGateway] 	disconnecting gateway for user _AuditMSP_aud.qureshi
2026.08.24-15:32:23.297[32m info [39m [caliper] [connectors/peer-gateway/PeerGateway] 	disconnecting gRpc client at peer PoliceMSP_localhost:7051
2026.08.24-15:32:23.297[32m info [39m [caliper] [connectors/peer-gateway/PeerGateway] 	disconnecting gRpc client at peer AuditMSP_localhost:11051
2026.08.24-15:32:23.297[32m info [39m [caliper] [connectors/peer-gateway/PeerGateway] 	disconnecting gRpc client at peer AuditMSP_localhost:11051
2026.08.24-15:32:23.297[32m info [39m [caliper] [worker-message-handler] 	Worker#0 finished Round#1
2026.08.24-15:32:23.297[32m info [39m [caliper] [worker-message-handler] 	Worker#5 finished Round#1
2026.08.24-15:32:28.300[32m info [39m [caliper] [default-observer] 	Resetting txCount indicator count
2026.08.24-15:32:28.301[32m info [39m [caliper] [report-builder] 	### Test result ###
2026.08.24-15:32:28.301[32m info [39m [caliper] [report-builder] 	
+----------------+------+------+-----------------+-----------------+-----------------+-----------------+------------------+
| Name           | Succ | Fail | Send Rate (TPS) | Max Latency (s) | Min Latency (s) | Avg Latency (s) | Throughput (TPS) |
|----------------|------|------|-----------------|-----------------|-----------------|-----------------|------------------|
| clients-8-read | 368  | 0    | 8.2             | 0.04            | 0.01            | 0.02            | 8.2              |
+----------------+------+------+-----------------+-----------------+-----------------+-----------------+------------------+

2026.08.24-15:32:28.325[32m info [39m [caliper] [report-builder] 	### prometheus resource stats ###'
2026.08.24-15:32:28.327[32m info [39m [caliper] [report-builder] 	
+--------------------------------------------------+-------------------------------------------------------------------------------------------------------------------------------------------------------------------------------------------------------------------------------------------------------------------------------------------------+------------------------------------+--------+
| Metric                                           | Prometheus Query                                                                                                                                                                                                                                                                                | Name                               | Value  |
|--------------------------------------------------|-------------------------------------------------------------------------------------------------------------------------------------------------------------------------------------------------------------------------------------------------------------------------------------------------|------------------------------------|--------|
| Process resident memory (MiB, max)               | process_resident_memory_bytes{job=~"fabric-.*"}                                                                                                                                                                                                                                                 | orderer.example.com:9443           | 65.2   |
|--------------------------------------------------|-------------------------------------------------------------------------------------------------------------------------------------------------------------------------------------------------------------------------------------------------------------------------------------------------|------------------------------------|--------|
|                                                  |                                                                                                                                                                                                                                                                                                 | peer0.audit.example.com:9448       | 132    |
|--------------------------------------------------|-------------------------------------------------------------------------------------------------------------------------------------------------------------------------------------------------------------------------------------------------------------------------------------------------|------------------------------------|--------|
|                                                  |                                                                                                                                                                                                                                                                                                 | peer0.court.example.com:9447       | 131    |
|--------------------------------------------------|-------------------------------------------------------------------------------------------------------------------------------------------------------------------------------------------------------------------------------------------------------------------------------------------------|------------------------------------|--------|
|                                                  |                                                                                                                                                                                                                                                                                                 | peer0.forensics.example.com:9445   | 132    |
|--------------------------------------------------|-------------------------------------------------------------------------------------------------------------------------------------------------------------------------------------------------------------------------------------------------------------------------------------------------|------------------------------------|--------|
|                                                  |                                                                                                                                                                                                                                                                                                 | peer0.police.example.com:9444      | 139    |
|--------------------------------------------------|-------------------------------------------------------------------------------------------------------------------------------------------------------------------------------------------------------------------------------------------------------------------------------------------------|------------------------------------|--------|
|                                                  |                                                                                                                                                                                                                                                                                                 | peer0.prosecution.example.com:9446 | 128    |
|--------------------------------------------------|-------------------------------------------------------------------------------------------------------------------------------------------------------------------------------------------------------------------------------------------------------------------------------------------------|------------------------------------|--------|
| Process CPU rate (percent, max)                  | rate(process_cpu_seconds_total{job=~"fabric-.*"}[1m])                                                                                                                                                                                                                                           | orderer.example.com:9443           | 0.236  |
|--------------------------------------------------|-------------------------------------------------------------------------------------------------------------------------------------------------------------------------------------------------------------------------------------------------------------------------------------------------|------------------------------------|--------|
|                                                  |                                                                                                                                                                                                                                                                                                 | peer0.audit.example.com:9448       | 3.53   |
|--------------------------------------------------|-------------------------------------------------------------------------------------------------------------------------------------------------------------------------------------------------------------------------------------------------------------------------------------------------|------------------------------------|--------|
|                                                  |                                                                                                                                                                                                                                                                                                 | peer0.court.example.com:9447       | 3.47   |
|--------------------------------------------------|-------------------------------------------------------------------------------------------------------------------------------------------------------------------------------------------------------------------------------------------------------------------------------------------------|------------------------------------|--------|
|                                                  |                                                                                                                                                                                                                                                                                                 | peer0.forensics.example.com:9445   | 3.44   |
|--------------------------------------------------|-------------------------------------------------------------------------------------------------------------------------------------------------------------------------------------------------------------------------------------------------------------------------------------------------|------------------------------------|--------|
|                                                  |                                                                                                                                                                                                                                                                                                 | peer0.police.example.com:9444      | 5.07   |
|--------------------------------------------------|-------------------------------------------------------------------------------------------------------------------------------------------------------------------------------------------------------------------------------------------------------------------------------------------------|------------------------------------|--------|
|                                                  |                                                                                                                                                                                                                                                                                                 | peer0.prosecution.example.com:9446 | 3.40   |
|--------------------------------------------------|-------------------------------------------------------------------------------------------------------------------------------------------------------------------------------------------------------------------------------------------------------------------------------------------------|------------------------------------|--------|
| Crimerecords endorsement duration (seconds, avg) | sum by (instance) (rate(endorser_proposal_duration_sum{job=~"fabric-.*",channel="crimechannel",chaincode="crimerecords",success="true"}[1m])) / sum by (instance) (rate(endorser_proposal_duration_count{job=~"fabric-.*",channel="crimechannel",chaincode="crimerecords",success="true"}[1m])) | peer0.audit.example.com:9448       | NaN    |
|--------------------------------------------------|-------------------------------------------------------------------------------------------------------------------------------------------------------------------------------------------------------------------------------------------------------------------------------------------------|------------------------------------|--------|
|                                                  |                                                                                                                                                                                                                                                                                                 | peer0.court.example.com:9447       | NaN    |
|--------------------------------------------------|-------------------------------------------------------------------------------------------------------------------------------------------------------------------------------------------------------------------------------------------------------------------------------------------------|------------------------------------|--------|
|                                                  |                                                                                                                                                                                                                                                                                                 | peer0.forensics.example.com:9445   | NaN    |
|--------------------------------------------------|-------------------------------------------------------------------------------------------------------------------------------------------------------------------------------------------------------------------------------------------------------------------------------------------------|------------------------------------|--------|
|                                                  |                                                                                                                                                                                                                                                                                                 | peer0.police.example.com:9444      | 0.0135 |
|--------------------------------------------------|-------------------------------------------------------------------------------------------------------------------------------------------------------------------------------------------------------------------------------------------------------------------------------------------------|------------------------------------|--------|
|                                                  |                                                                                                                                                                                                                                                                                                 | peer0.prosecution.example.com:9446 | NaN    |
|--------------------------------------------------|-------------------------------------------------------------------------------------------------------------------------------------------------------------------------------------------------------------------------------------------------------------------------------------------------|------------------------------------|--------|
| Ledger height (blocks, max)                      | ledger_blockchain_height{job=~"fabric-.*",channel="crimechannel"}                                                                                                                                                                                                                               | orderer.example.com:9443           | 390    |
|--------------------------------------------------|-------------------------------------------------------------------------------------------------------------------------------------------------------------------------------------------------------------------------------------------------------------------------------------------------|------------------------------------|--------|
|                                                  |                                                                                                                                                                                                                                                                                                 | peer0.audit.example.com:9448       | 390    |
|--------------------------------------------------|-------------------------------------------------------------------------------------------------------------------------------------------------------------------------------------------------------------------------------------------------------------------------------------------------|------------------------------------|--------|
|                                                  |                                                                                                                                                                                                                                                                                                 | peer0.court.example.com:9447       | 390    |
|--------------------------------------------------|-------------------------------------------------------------------------------------------------------------------------------------------------------------------------------------------------------------------------------------------------------------------------------------------------|------------------------------------|--------|
|                                                  |                                                                                                                                                                                                                                                                                                 | peer0.forensics.example.com:9445   | 390    |
|--------------------------------------------------|-------------------------------------------------------------------------------------------------------------------------------------------------------------------------------------------------------------------------------------------------------------------------------------------------|------------------------------------|--------|
|                                                  |                                                                                                                                                                                                                                                                                                 | peer0.police.example.com:9444      | 390    |
|--------------------------------------------------|-------------------------------------------------------------------------------------------------------------------------------------------------------------------------------------------------------------------------------------------------------------------------------------------------|------------------------------------|--------|
|                                                  |                                                                                                                                                                                                                                                                                                 | peer0.prosecution.example.com:9446 | 390    |
+--------------------------------------------------+-------------------------------------------------------------------------------------------------------------------------------------------------------------------------------------------------------------------------------------------------------------------------------------------------+------------------------------------+--------+

2026.08.24-15:32:28.327[32m info [39m [caliper] [round-orchestrator] 	Finished round 2 (clients-8-read) in 45.113 seconds
2026.08.24-15:32:28.327[32m info [39m [caliper] [monitor.js] 	Stopping all monitors
2026.08.24-15:32:28.327[32m info [39m [caliper] [report-builder] 	### All test results ###
2026.08.24-15:32:28.328[32m info [39m [caliper] [report-builder] 	
+------------------+------+------+-----------------+-----------------+-----------------+-----------------+------------------+
| Name             | Succ | Fail | Send Rate (TPS) | Max Latency (s) | Min Latency (s) | Avg Latency (s) | Throughput (TPS) |
|------------------|------|------|-----------------|-----------------|-----------------|-----------------|------------------|
| clients-8-warmup | 88   | 0    | 8.8             | 0.07            | 0.01            | 0.03            | 8.8              |
|------------------|------|------|-----------------|-----------------|-----------------|-----------------|------------------|
| clients-8-read   | 368  | 0    | 8.2             | 0.04            | 0.01            | 0.02            | 8.2              |
+------------------+------+------+-----------------+-----------------+-----------------+-----------------+------------------+

2026.08.24-15:32:28.336[32m info [39m [caliper] [report-builder] 	Generated report with path /Users/venkatrayudu/Workspace/XAI workspace/crime-records-network/experiments/runs/2026-08-24T10-01-15-573Z_caliper_latency-clients-8/caliper-report.html
2026.08.24-15:32:28.336[32m info [39m [caliper] [monitor.js] 	Stopping all monitors
2026.08.24-15:32:28.336[32m info [39m [caliper] [worker-orchestrator] 	Sending exit message to connected workers
2026.08.24-15:32:28.336[32m info [39m [caliper] [round-orchestrator] 	Benchmark finished in 72.336 seconds. Total rounds: 2. Successful rounds: 2. Failed rounds: 0.
2026.08.24-15:32:28.337[32m info [39m [caliper] [caliper-engine] 	Skipping end command due to benchmark flow conditioning
2026.08.24-15:32:28.337[32m info [39m [caliper] [worker-message-handler] 	Worker#1 is exiting
2026.08.24-15:32:28.337[32m info [39m [caliper] [cli-launch-manager] 	Benchmark successfully finished!
2026.08.24-15:32:28.337[32m info [39m [caliper] [worker-message-handler] 	Worker#0 is exiting
2026.08.24-15:32:28.337[32m info [39m [caliper] [worker-message-handler] 	Worker#2 is exiting
2026.08.24-15:32:28.337[32m info [39m [caliper] [worker-message-handler] 	Worker#6 is exiting
2026.08.24-15:32:28.337[32m info [39m [caliper] [worker-message-handler] 	Worker#3 is exiting
2026.08.24-15:32:28.337[32m info [39m [caliper] [worker-message-handler] 	Worker#7 is exiting
2026.08.24-15:32:28.338[32m info [39m [caliper] [worker-message-handler] 	Worker#4 is exiting
2026.08.24-15:32:28.338[32m info [39m [caliper] [worker-message-handler] 	Worker#5 is exiting
