2026.08.24-15:28:49.378[32m info [39m [caliper] [cli-launch-manager] 	Set workspace path: /Users/venkatrayudu/Workspace/XAI workspace/crime-records-network/benchmarks/caliper
2026.08.24-15:28:49.379[32m info [39m [caliper] [cli-launch-manager] 	Set benchmark configuration path: /Users/venkatrayudu/Workspace/XAI workspace/crime-records-network/experiments/runs/2026-08-24T09-58-49-262Z_caliper_latency-clients-2/caliper-executed-benchmark.yaml
2026.08.24-15:28:49.379[32m info [39m [caliper] [cli-launch-manager] 	Set network configuration path: /Users/venkatrayudu/Workspace/XAI workspace/crime-records-network/benchmarks/caliper/generated/network-config.json
2026.08.24-15:28:49.379[32m info [39m [caliper] [cli-launch-manager] 	Set SUT type: fabric
2026.08.24-15:28:49.387[32m info [39m [caliper] [benchmark-validator] 	No observer specified, will default to `none`
2026.08.24-15:28:49.387[32m info [39m [caliper] [caliper-engine] 	Starting benchmark flow
2026.08.24-15:28:49.387[32m info [39m [caliper] [caliper-engine] 	Skipping start commands due to benchmark flow conditioning
2026.08.24-15:28:49.387[32m info [39m [caliper] [caliper-engine] 	Skipping initialization phase due to benchmark flow conditioning
2026.08.24-15:28:49.387[32m info [39m [caliper] [caliper-engine] 	Skipping install smart contract phase due to benchmark flow conditioning
2026.08.24-15:28:49.432[32m info [39m [caliper] [FabricConnectorFactory] 	Initializing peer gateway connector compatible with installed fabric-gateway SDK: 1.7.1
2026.08.24-15:28:49.439[32m info [39m [caliper] [IdentityManager] 	Adding io.krishnan (admin=false) as io.krishnan for organization PoliceMSP
2026.08.24-15:28:49.439[32m info [39m [caliper] [IdentityManager] 	Adding insp.rathore (admin=false) as insp.rathore for organization PoliceMSP
2026.08.24-15:28:49.440[32m info [39m [caliper] [IdentityManager] 	Adding insp.singh (admin=false) as insp.singh for organization PoliceMSP
2026.08.24-15:28:49.440[32m info [39m [caliper] [IdentityManager] 	Adding const.verma (admin=false) as const.verma for organization PoliceMSP
2026.08.24-15:28:49.440[32m info [39m [caliper] [IdentityManager] 	Adding insp.sharma (admin=false) as insp.sharma for organization PoliceMSP
2026.08.24-15:28:49.441[32m info [39m [caliper] [IdentityManager] 	Adding aud.qureshi (admin=false) as _AuditMSP_aud.qureshi for organization AuditMSP
2026.08.24-15:28:49.442[32m info [39m [caliper] [monitor.js] 	Attempting to create resource monitor of type prometheus
2026.08.24-15:28:49.442[32m info [39m [caliper] [default-observer] 	Observer interval set to 5000 milliseconds
2026.08.24-15:28:49.443[32m info [39m [caliper] [round-orchestrator] 	Preparing worker connections
2026.08.24-15:28:49.443[32m info [39m [caliper] [worker-orchestrator] 	Launching worker 1 of 2
2026.08.24-15:28:49.445[32m info [39m [caliper] [worker-orchestrator] 	Launching worker 2 of 2
2026.08.24-15:28:49.445[32m info [39m [caliper] [worker-orchestrator] 	Messenger not configured, entering configure phase...
2026.08.24-15:28:49.445[32m info [39m [caliper] [worker-orchestrator] 	No existing workers detected, entering worker launch phase...
2026.08.24-15:28:49.445[32m info [39m [caliper] [worker-orchestrator] 	Waiting for 2 workers to be connected...
2026.08.24-15:28:49.556[32m info [39m [caliper] [cli-launch-worker] 	Set workspace path: /Users/venkatrayudu/Workspace/XAI workspace/crime-records-network/benchmarks/caliper
2026.08.24-15:28:49.556[32m info [39m [caliper] [cli-launch-worker] 	Set benchmark configuration path: /Users/venkatrayudu/Workspace/XAI workspace/crime-records-network/experiments/runs/2026-08-24T09-58-49-262Z_caliper_latency-clients-2/caliper-executed-benchmark.yaml
2026.08.24-15:28:49.556[32m info [39m [caliper] [cli-launch-worker] 	Set network configuration path: /Users/venkatrayudu/Workspace/XAI workspace/crime-records-network/benchmarks/caliper/generated/network-config.json
2026.08.24-15:28:49.556[32m info [39m [caliper] [cli-launch-worker] 	Set SUT type: fabric
2026.08.24-15:28:49.557[32m info [39m [caliper] [cli-launch-worker] 	Set workspace path: /Users/venkatrayudu/Workspace/XAI workspace/crime-records-network/benchmarks/caliper
2026.08.24-15:28:49.557[32m info [39m [caliper] [cli-launch-worker] 	Set benchmark configuration path: /Users/venkatrayudu/Workspace/XAI workspace/crime-records-network/experiments/runs/2026-08-24T09-58-49-262Z_caliper_latency-clients-2/caliper-executed-benchmark.yaml
2026.08.24-15:28:49.557[32m info [39m [caliper] [cli-launch-worker] 	Set network configuration path: /Users/venkatrayudu/Workspace/XAI workspace/crime-records-network/benchmarks/caliper/generated/network-config.json
2026.08.24-15:28:49.557[32m info [39m [caliper] [cli-launch-worker] 	Set SUT type: fabric
2026.08.24-15:28:49.572[32m info [39m [caliper] [worker-orchestrator] 	2 workers connected, progressing to worker assignment phase.
2026.08.24-15:28:49.572[32m info [39m [caliper] [worker-orchestrator] 	Workers currently unassigned, awaiting index assignment...
2026.08.24-15:28:49.572[32m info [39m [caliper] [worker-orchestrator] 	Waiting for 2 workers to be assigned...
2026.08.24-15:28:49.575[32m info [39m [caliper] [worker-orchestrator] 	2 workers assigned, progressing to worker initialization phase.
2026.08.24-15:28:49.575[32m info [39m [caliper] [worker-orchestrator] 	Waiting for 2 workers to be ready...
2026.08.24-15:28:49.575[32m info [39m [caliper] [worker-message-handler] 	Initializing Worker#0...
2026.08.24-15:28:49.575[32m info [39m [caliper] [worker-message-handler] 	Initializing Worker#1...
2026.08.24-15:28:49.623[32m info [39m [caliper] [FabricConnectorFactory] 	Initializing peer gateway connector compatible with installed fabric-gateway SDK: 1.7.1
2026.08.24-15:28:49.623[32m info [39m [caliper] [FabricConnectorFactory] 	Initializing peer gateway connector compatible with installed fabric-gateway SDK: 1.7.1
2026.08.24-15:28:49.625[32m info [39m [caliper] [IdentityManager] 	Adding io.krishnan (admin=false) as io.krishnan for organization PoliceMSP
2026.08.24-15:28:49.625[32m info [39m [caliper] [IdentityManager] 	Adding io.krishnan (admin=false) as io.krishnan for organization PoliceMSP
2026.08.24-15:28:49.625[32m info [39m [caliper] [IdentityManager] 	Adding insp.rathore (admin=false) as insp.rathore for organization PoliceMSP
2026.08.24-15:28:49.625[32m info [39m [caliper] [IdentityManager] 	Adding insp.rathore (admin=false) as insp.rathore for organization PoliceMSP
2026.08.24-15:28:49.625[32m info [39m [caliper] [IdentityManager] 	Adding insp.singh (admin=false) as insp.singh for organization PoliceMSP
2026.08.24-15:28:49.626[32m info [39m [caliper] [IdentityManager] 	Adding insp.singh (admin=false) as insp.singh for organization PoliceMSP
2026.08.24-15:28:49.626[32m info [39m [caliper] [IdentityManager] 	Adding const.verma (admin=false) as const.verma for organization PoliceMSP
2026.08.24-15:28:49.626[32m info [39m [caliper] [IdentityManager] 	Adding const.verma (admin=false) as const.verma for organization PoliceMSP
2026.08.24-15:28:49.626[32m info [39m [caliper] [IdentityManager] 	Adding insp.sharma (admin=false) as insp.sharma for organization PoliceMSP
2026.08.24-15:28:49.626[32m info [39m [caliper] [IdentityManager] 	Adding insp.sharma (admin=false) as insp.sharma for organization PoliceMSP
2026.08.24-15:28:49.627[32m info [39m [caliper] [IdentityManager] 	Adding aud.qureshi (admin=false) as _AuditMSP_aud.qureshi for organization AuditMSP
2026.08.24-15:28:49.627[32m info [39m [caliper] [IdentityManager] 	Adding aud.qureshi (admin=false) as _AuditMSP_aud.qureshi for organization AuditMSP
2026.08.24-15:28:49.629[32m info [39m [caliper] [worker-message-handler] 	Worker#0 initialized
2026.08.24-15:28:49.629[32m info [39m [caliper] [worker-message-handler] 	Worker#1 initialized
2026.08.24-15:28:49.629[32m info [39m [caliper] [worker-orchestrator] 	2 workers ready, progressing to test preparation phase.
2026.08.24-15:28:49.629[32m info [39m [caliper] [round-orchestrator] 	Started round 1 (clients-2-warmup)
2026.08.24-15:28:49.629[32m info [39m [caliper] [worker-message-handler] 	Preparing Worker#0 for Round#0
2026.08.24-15:28:49.629[32m info [39m [caliper] [worker-message-handler] 	Preparing Worker#1 for Round#0
2026.08.24-15:28:49.638[32m info [39m [caliper] [connectors/peer-gateway/PeerGateway] 	Generating contract map for user io.krishnan
2026.08.24-15:28:49.638[32m info [39m [caliper] [connectors/peer-gateway/PeerGateway] 	Generating contract map for user io.krishnan
2026.08.24-15:28:49.639[32m info [39m [caliper] [connectors/peer-gateway/PeerGateway] 	Generating contract map for user insp.rathore
2026.08.24-15:28:49.639[32m info [39m [caliper] [connectors/peer-gateway/PeerGateway] 	Generating contract map for user insp.rathore
2026.08.24-15:28:49.639[32m info [39m [caliper] [connectors/peer-gateway/PeerGateway] 	Generating contract map for user insp.singh
2026.08.24-15:28:49.639[32m info [39m [caliper] [connectors/peer-gateway/PeerGateway] 	Generating contract map for user insp.singh
2026.08.24-15:28:49.639[32m info [39m [caliper] [connectors/peer-gateway/PeerGateway] 	Generating contract map for user const.verma
2026.08.24-15:28:49.639[32m info [39m [caliper] [connectors/peer-gateway/PeerGateway] 	Generating contract map for user const.verma
2026.08.24-15:28:49.639[32m info [39m [caliper] [connectors/peer-gateway/PeerGateway] 	Generating contract map for user insp.sharma
2026.08.24-15:28:49.639[32m info [39m [caliper] [connectors/peer-gateway/PeerGateway] 	Generating contract map for user insp.sharma
2026.08.24-15:28:49.641[32m info [39m [caliper] [connectors/peer-gateway/PeerGateway] 	Generating contract map for user _AuditMSP_aud.qureshi
2026.08.24-15:28:49.641[32m info [39m [caliper] [connectors/peer-gateway/PeerGateway] 	Generating contract map for user _AuditMSP_aud.qureshi
2026.08.24-15:28:49.641[32m info [39m [caliper] [caliper-worker] 	Info: worker 0 prepare test phase for round 0 is starting...
2026.08.24-15:28:49.641[32m info [39m [caliper] [caliper-worker] 	Info: worker 1 prepare test phase for round 0 is starting...
2026.08.24-15:28:49.643[32m info [39m [caliper] [connectors/peer-gateway/PeerGateway] 	disconnecting gateway for user io.krishnan
2026.08.24-15:28:49.643[32m info [39m [caliper] [connectors/peer-gateway/PeerGateway] 	disconnecting gateway for user io.krishnan
2026.08.24-15:28:49.643[32m info [39m [caliper] [connectors/peer-gateway/PeerGateway] 	disconnecting gateway for user insp.rathore
2026.08.24-15:28:49.643[32m info [39m [caliper] [connectors/peer-gateway/PeerGateway] 	disconnecting gateway for user insp.rathore
2026.08.24-15:28:49.643[32m info [39m [caliper] [connectors/peer-gateway/PeerGateway] 	disconnecting gateway for user insp.singh
2026.08.24-15:28:49.643[32m info [39m [caliper] [connectors/peer-gateway/PeerGateway] 	disconnecting gateway for user insp.singh
2026.08.24-15:28:49.643[32m info [39m [caliper] [connectors/peer-gateway/PeerGateway] 	disconnecting gateway for user const.verma
2026.08.24-15:28:49.643[32m info [39m [caliper] [connectors/peer-gateway/PeerGateway] 	disconnecting gateway for user const.verma
2026.08.24-15:28:49.643[32m info [39m [caliper] [connectors/peer-gateway/PeerGateway] 	disconnecting gateway for user insp.sharma
2026.08.24-15:28:49.643[32m info [39m [caliper] [connectors/peer-gateway/PeerGateway] 	disconnecting gateway for user insp.sharma
2026.08.24-15:28:49.643[32m info [39m [caliper] [connectors/peer-gateway/PeerGateway] 	disconnecting gateway for user _AuditMSP_aud.qureshi
2026.08.24-15:28:49.643[32m info [39m [caliper] [connectors/peer-gateway/PeerGateway] 	disconnecting gateway for user _AuditMSP_aud.qureshi
2026.08.24-15:28:49.643[32m info [39m [caliper] [connectors/peer-gateway/PeerGateway] 	disconnecting gRpc client at peer PoliceMSP_localhost:7051
2026.08.24-15:28:49.643[32m info [39m [caliper] [connectors/peer-gateway/PeerGateway] 	disconnecting gRpc client at peer PoliceMSP_localhost:7051
2026.08.24-15:28:49.643[32m info [39m [caliper] [connectors/peer-gateway/PeerGateway] 	disconnecting gRpc client at peer AuditMSP_localhost:11051
2026.08.24-15:28:49.643[32m info [39m [caliper] [connectors/peer-gateway/PeerGateway] 	disconnecting gRpc client at peer AuditMSP_localhost:11051
2026.08.24-15:28:49.643[32m info [39m [caliper] [caliper-worker] 	Info: worker 0 prepare test phase for round 0 is completed
2026.08.24-15:28:49.643[32m info [39m [caliper] [caliper-worker] 	Info: worker 1 prepare test phase for round 0 is completed
2026.08.24-15:28:49.643[32m info [39m [caliper] [worker-message-handler] 	Worker#0 prepared for Round#0
2026.08.24-15:28:49.643[32m info [39m [caliper] [worker-message-handler] 	Worker#1 prepared for Round#0
2026.08.24-15:28:49.644[32m info [39m [caliper] [worker-orchestrator] 	2 workers prepared, progressing to test phase.
2026.08.24-15:28:49.644[32m info [39m [caliper] [round-orchestrator] 	Monitors successfully started
2026.08.24-15:28:49.644[32m info [39m [caliper] [worker-message-handler] 	Worker#0 is starting Round#0
2026.08.24-15:28:49.644[32m info [39m [caliper] [worker-message-handler] 	Worker#1 is starting Round#0
2026.08.24-15:28:49.645[32m info [39m [caliper] [connectors/peer-gateway/PeerGateway] 	Generating contract map for user io.krishnan
2026.08.24-15:28:49.645[32m info [39m [caliper] [connectors/peer-gateway/PeerGateway] 	Generating contract map for user io.krishnan
2026.08.24-15:28:49.645[32m info [39m [caliper] [connectors/peer-gateway/PeerGateway] 	Generating contract map for user insp.rathore
2026.08.24-15:28:49.645[32m info [39m [caliper] [connectors/peer-gateway/PeerGateway] 	Generating contract map for user insp.rathore
2026.08.24-15:28:49.646[32m info [39m [caliper] [connectors/peer-gateway/PeerGateway] 	Generating contract map for user insp.singh
2026.08.24-15:28:49.646[32m info [39m [caliper] [connectors/peer-gateway/PeerGateway] 	Generating contract map for user insp.singh
2026.08.24-15:28:49.646[32m info [39m [caliper] [connectors/peer-gateway/PeerGateway] 	Generating contract map for user const.verma
2026.08.24-15:28:49.646[32m info [39m [caliper] [connectors/peer-gateway/PeerGateway] 	Generating contract map for user const.verma
2026.08.24-15:28:49.646[32m info [39m [caliper] [connectors/peer-gateway/PeerGateway] 	Generating contract map for user insp.sharma
2026.08.24-15:28:49.646[32m info [39m [caliper] [connectors/peer-gateway/PeerGateway] 	Generating contract map for user insp.sharma
2026.08.24-15:28:49.647[32m info [39m [caliper] [connectors/peer-gateway/PeerGateway] 	Generating contract map for user _AuditMSP_aud.qureshi
2026.08.24-15:28:49.647[32m info [39m [caliper] [connectors/peer-gateway/PeerGateway] 	Generating contract map for user _AuditMSP_aud.qureshi
2026.08.24-15:28:49.648[32m info [39m [caliper] [caliper-worker] 	Worker #0 starting workload loop
2026.08.24-15:28:49.648[32m info [39m [caliper] [caliper-worker] 	Worker #1 starting workload loop
CALIPER_TX_LATENCY {"workerIndex":0,"roundIndex":0,"roundLabel":"clients-2-warmup","transactionId":"33614767acc681b5fc29717d37a494002132fb5775b917b7c80844b21810bad9","status":"success","startEpochMs":1787565529650,"endEpochMs":1787565529711,"latencyMs":61}
CALIPER_TX_LATENCY {"workerIndex":1,"roundIndex":0,"roundLabel":"clients-2-warmup","transactionId":"9c258d6b48b77c2b2bcfc069841f311dc9d6413b99f6c08d37ad0aed527d54a1","status":"success","startEpochMs":1787565529650,"endEpochMs":1787565529711,"latencyMs":61}
CALIPER_TX_LATENCY {"workerIndex":0,"roundIndex":0,"roundLabel":"clients-2-warmup","transactionId":"1145575bb7407785849dc1a4d46cd26fbdec9a18d5db1e461f02561e76e02f29","status":"success","startEpochMs":1787565530649,"endEpochMs":1787565530662,"latencyMs":13}
CALIPER_TX_LATENCY {"workerIndex":1,"roundIndex":0,"roundLabel":"clients-2-warmup","transactionId":"923849447ed385d41a70d3bd2e68b655c50e06035cc76134b12d94474f2980c9","status":"success","startEpochMs":1787565530649,"endEpochMs":1787565530662,"latencyMs":13}
CALIPER_TX_LATENCY {"workerIndex":0,"roundIndex":0,"roundLabel":"clients-2-warmup","transactionId":"65f6a9f168c546a0e241c2f231f9c763023ab1e4da38580e92cd7525c3eb85e4","status":"success","startEpochMs":1787565531651,"endEpochMs":1787565531670,"latencyMs":19}
CALIPER_TX_LATENCY {"workerIndex":1,"roundIndex":0,"roundLabel":"clients-2-warmup","transactionId":"c27dc9e6f4391506b84a6717de0b12256f03187792de8f4c96dd83086547e250","status":"success","startEpochMs":1787565531651,"endEpochMs":1787565531670,"latencyMs":19}
CALIPER_TX_LATENCY {"workerIndex":1,"roundIndex":0,"roundLabel":"clients-2-warmup","transactionId":"ffa7426a20e3f938dfc5a75090dda25d37182d357b55da9d295e944f8417b02f","status":"success","startEpochMs":1787565532651,"endEpochMs":1787565532668,"latencyMs":17}
CALIPER_TX_LATENCY {"workerIndex":0,"roundIndex":0,"roundLabel":"clients-2-warmup","transactionId":"7b014442ab96d7dca91b12cae69d506d7156d7ad31149065b569f0e6afebd00b","status":"success","startEpochMs":1787565532651,"endEpochMs":1787565532668,"latencyMs":17}
CALIPER_TX_LATENCY {"workerIndex":1,"roundIndex":0,"roundLabel":"clients-2-warmup","transactionId":"54e78c9eeadb3dd4e01417ebc1406432f47dcc5d0e216d0ee004194f356f14fe","status":"success","startEpochMs":1787565533649,"endEpochMs":1787565533669,"latencyMs":20}
CALIPER_TX_LATENCY {"workerIndex":0,"roundIndex":0,"roundLabel":"clients-2-warmup","transactionId":"530faf4487345661e0d01a155ee5f28f26f8d7fa57721b790d32b0fb36bfee85","status":"success","startEpochMs":1787565533649,"endEpochMs":1787565533669,"latencyMs":20}
2026.08.24-15:28:54.659[32m info [39m [caliper] [default-observer] 	[clients-2-warmup Round 0 Transaction Info] - Submitted: 10 Succ: 8 Fail:0 Unfinished:2
CALIPER_TX_LATENCY {"workerIndex":0,"roundIndex":0,"roundLabel":"clients-2-warmup","transactionId":"6058506b19197c029b616622033712b10c46c929b605ba5928a5698b06441da3","status":"success","startEpochMs":1787565534649,"endEpochMs":1787565534664,"latencyMs":15}
CALIPER_TX_LATENCY {"workerIndex":1,"roundIndex":0,"roundLabel":"clients-2-warmup","transactionId":"18f3b854335eb6115c609884b637b19126d1412061eead74cd63a80cf5769546","status":"success","startEpochMs":1787565534649,"endEpochMs":1787565534664,"latencyMs":15}
CALIPER_TX_LATENCY {"workerIndex":1,"roundIndex":0,"roundLabel":"clients-2-warmup","transactionId":"7a8a28c143e34cd48db537251d0e02263517ed9ae2c59dfa3e65524dd7dab10e","status":"success","startEpochMs":1787565535651,"endEpochMs":1787565535666,"latencyMs":15}
CALIPER_TX_LATENCY {"workerIndex":0,"roundIndex":0,"roundLabel":"clients-2-warmup","transactionId":"6b3c738a58340a6f0bdf7b4d543fac274b920427bc9702f7a97369e26aacd828","status":"success","startEpochMs":1787565535651,"endEpochMs":1787565535666,"latencyMs":15}
CALIPER_TX_LATENCY {"workerIndex":1,"roundIndex":0,"roundLabel":"clients-2-warmup","transactionId":"0a233bdfcef94749498b5bc2fddeb9e1173c5f29d10e4bea843d2fcf7992b2da","status":"success","startEpochMs":1787565536649,"endEpochMs":1787565536668,"latencyMs":19}
CALIPER_TX_LATENCY {"workerIndex":0,"roundIndex":0,"roundLabel":"clients-2-warmup","transactionId":"f56dc2c1204bc1876473aaa6a923a722e3143cf8992e7c021d5b0327bbcec762","status":"success","startEpochMs":1787565536649,"endEpochMs":1787565536668,"latencyMs":19}
CALIPER_TX_LATENCY {"workerIndex":1,"roundIndex":0,"roundLabel":"clients-2-warmup","transactionId":"16647775ddfc28da707e0cdb6b10d6a4ccde3f89ef24da92e053a173062b94cd","status":"success","startEpochMs":1787565537653,"endEpochMs":1787565537670,"latencyMs":17}
CALIPER_TX_LATENCY {"workerIndex":0,"roundIndex":0,"roundLabel":"clients-2-warmup","transactionId":"79f3f7e021c91fa111008b23510c8703ee9c6bd15cd79bdac97dfcdbdbc7a588","status":"success","startEpochMs":1787565537653,"endEpochMs":1787565537670,"latencyMs":17}
CALIPER_TX_LATENCY {"workerIndex":1,"roundIndex":0,"roundLabel":"clients-2-warmup","transactionId":"73576e2f9cd681ced83846569132019589ddba7a1c4890acbc307070573aea7f","status":"success","startEpochMs":1787565538651,"endEpochMs":1787565538666,"latencyMs":15}
CALIPER_TX_LATENCY {"workerIndex":0,"roundIndex":0,"roundLabel":"clients-2-warmup","transactionId":"f90b33d7b4ed0421f538a07cacdd4be7fc176668bce7f6329611dbb042cd0ef7","status":"success","startEpochMs":1787565538651,"endEpochMs":1787565538666,"latencyMs":15}
2026.08.24-15:28:59.647[32m info [39m [caliper] [default-observer] 	[clients-2-warmup Round 0 Transaction Info] - Submitted: 20 Succ: 18 Fail:0 Unfinished:2
CALIPER_TX_LATENCY {"workerIndex":1,"roundIndex":0,"roundLabel":"clients-2-warmup","transactionId":"477ab8328aa7e50edca539b879655f72c6490fd969e6ffe7c2eb912702d87760","status":"success","startEpochMs":1787565539650,"endEpochMs":1787565539666,"latencyMs":16}
CALIPER_TX_LATENCY {"workerIndex":0,"roundIndex":0,"roundLabel":"clients-2-warmup","transactionId":"95abfce6a99c1a679b6eff003237f22279012521b0e3ad7a4450a7750c6c0c22","status":"success","startEpochMs":1787565539650,"endEpochMs":1787565539666,"latencyMs":16}
2026.08.24-15:29:00.755[32m info [39m [caliper] [connectors/peer-gateway/PeerGateway] 	disconnecting gateway for user io.krishnan
2026.08.24-15:29:00.755[32m info [39m [caliper] [connectors/peer-gateway/PeerGateway] 	disconnecting gateway for user insp.rathore
2026.08.24-15:29:00.755[32m info [39m [caliper] [connectors/peer-gateway/PeerGateway] 	disconnecting gateway for user insp.singh
2026.08.24-15:29:00.755[32m info [39m [caliper] [connectors/peer-gateway/PeerGateway] 	disconnecting gateway for user const.verma
2026.08.24-15:29:00.755[32m info [39m [caliper] [connectors/peer-gateway/PeerGateway] 	disconnecting gateway for user insp.sharma
2026.08.24-15:29:00.755[32m info [39m [caliper] [connectors/peer-gateway/PeerGateway] 	disconnecting gateway for user _AuditMSP_aud.qureshi
2026.08.24-15:29:00.756[32m info [39m [caliper] [connectors/peer-gateway/PeerGateway] 	disconnecting gRpc client at peer PoliceMSP_localhost:7051
2026.08.24-15:29:00.756[32m info [39m [caliper] [connectors/peer-gateway/PeerGateway] 	disconnecting gRpc client at peer AuditMSP_localhost:11051
2026.08.24-15:29:00.756[32m info [39m [caliper] [worker-message-handler] 	Worker#1 finished Round#0
2026.08.24-15:29:00.756[32m info [39m [caliper] [connectors/peer-gateway/PeerGateway] 	disconnecting gateway for user io.krishnan
2026.08.24-15:29:00.756[32m info [39m [caliper] [connectors/peer-gateway/PeerGateway] 	disconnecting gateway for user insp.rathore
2026.08.24-15:29:00.757[32m info [39m [caliper] [connectors/peer-gateway/PeerGateway] 	disconnecting gateway for user insp.singh
2026.08.24-15:29:00.757[32m info [39m [caliper] [connectors/peer-gateway/PeerGateway] 	disconnecting gateway for user const.verma
2026.08.24-15:29:00.757[32m info [39m [caliper] [connectors/peer-gateway/PeerGateway] 	disconnecting gateway for user insp.sharma
2026.08.24-15:29:00.757[32m info [39m [caliper] [connectors/peer-gateway/PeerGateway] 	disconnecting gateway for user _AuditMSP_aud.qureshi
2026.08.24-15:29:00.757[32m info [39m [caliper] [connectors/peer-gateway/PeerGateway] 	disconnecting gRpc client at peer PoliceMSP_localhost:7051
2026.08.24-15:29:00.757[32m info [39m [caliper] [connectors/peer-gateway/PeerGateway] 	disconnecting gRpc client at peer AuditMSP_localhost:11051
2026.08.24-15:29:00.757[32m info [39m [caliper] [worker-message-handler] 	Worker#0 finished Round#0
2026.08.24-15:29:05.760[32m info [39m [caliper] [default-observer] 	Resetting txCount indicator count
2026.08.24-15:29:05.760[32m info [39m [caliper] [report-builder] 	### Test result ###
2026.08.24-15:29:05.764[32m info [39m [caliper] [report-builder] 	
+------------------+------+------+-----------------+-----------------+-----------------+-----------------+------------------+
| Name             | Succ | Fail | Send Rate (TPS) | Max Latency (s) | Min Latency (s) | Avg Latency (s) | Throughput (TPS) |
|------------------|------|------|-----------------|-----------------|-----------------|-----------------|------------------|
| clients-2-warmup | 22   | 0    | 2.2             | 0.06            | 0.01            | 0.02            | 2.2              |
+------------------+------+------+-----------------+-----------------+-----------------+-----------------+------------------+

2026.08.24-15:29:05.787[32m info [39m [caliper] [report-builder] 	### prometheus resource stats ###'
2026.08.24-15:29:05.790[32m info [39m [caliper] [report-builder] 	
+--------------------------------------------------+-------------------------------------------------------------------------------------------------------------------------------------------------------------------------------------------------------------------------------------------------------------------------------------------------+------------------------------------+---------+
| Metric                                           | Prometheus Query                                                                                                                                                                                                                                                                                | Name                               | Value   |
|--------------------------------------------------|-------------------------------------------------------------------------------------------------------------------------------------------------------------------------------------------------------------------------------------------------------------------------------------------------|------------------------------------|---------|
| Process resident memory (MiB, max)               | process_resident_memory_bytes{job=~"fabric-.*"}                                                                                                                                                                                                                                                 | orderer.example.com:9443           | 66.2    |
|--------------------------------------------------|-------------------------------------------------------------------------------------------------------------------------------------------------------------------------------------------------------------------------------------------------------------------------------------------------|------------------------------------|---------|
|                                                  |                                                                                                                                                                                                                                                                                                 | peer0.audit.example.com:9448       | 132     |
|--------------------------------------------------|-------------------------------------------------------------------------------------------------------------------------------------------------------------------------------------------------------------------------------------------------------------------------------------------------|------------------------------------|---------|
|                                                  |                                                                                                                                                                                                                                                                                                 | peer0.court.example.com:9447       | 133     |
|--------------------------------------------------|-------------------------------------------------------------------------------------------------------------------------------------------------------------------------------------------------------------------------------------------------------------------------------------------------|------------------------------------|---------|
|                                                  |                                                                                                                                                                                                                                                                                                 | peer0.forensics.example.com:9445   | 132     |
|--------------------------------------------------|-------------------------------------------------------------------------------------------------------------------------------------------------------------------------------------------------------------------------------------------------------------------------------------------------|------------------------------------|---------|
|                                                  |                                                                                                                                                                                                                                                                                                 | peer0.police.example.com:9444      | 138     |
|--------------------------------------------------|-------------------------------------------------------------------------------------------------------------------------------------------------------------------------------------------------------------------------------------------------------------------------------------------------|------------------------------------|---------|
|                                                  |                                                                                                                                                                                                                                                                                                 | peer0.prosecution.example.com:9446 | 130     |
|--------------------------------------------------|-------------------------------------------------------------------------------------------------------------------------------------------------------------------------------------------------------------------------------------------------------------------------------------------------|------------------------------------|---------|
| Process CPU rate (percent, max)                  | rate(process_cpu_seconds_total{job=~"fabric-.*"}[1m])                                                                                                                                                                                                                                           | orderer.example.com:9443           | 0.182   |
|--------------------------------------------------|-------------------------------------------------------------------------------------------------------------------------------------------------------------------------------------------------------------------------------------------------------------------------------------------------|------------------------------------|---------|
|                                                  |                                                                                                                                                                                                                                                                                                 | peer0.audit.example.com:9448       | 2.89    |
|--------------------------------------------------|-------------------------------------------------------------------------------------------------------------------------------------------------------------------------------------------------------------------------------------------------------------------------------------------------|------------------------------------|---------|
|                                                  |                                                                                                                                                                                                                                                                                                 | peer0.court.example.com:9447       | 2.75    |
|--------------------------------------------------|-------------------------------------------------------------------------------------------------------------------------------------------------------------------------------------------------------------------------------------------------------------------------------------------------|------------------------------------|---------|
|                                                  |                                                                                                                                                                                                                                                                                                 | peer0.forensics.example.com:9445   | 2.69    |
|--------------------------------------------------|-------------------------------------------------------------------------------------------------------------------------------------------------------------------------------------------------------------------------------------------------------------------------------------------------|------------------------------------|---------|
|                                                  |                                                                                                                                                                                                                                                                                                 | peer0.police.example.com:9444      | 3.31    |
|--------------------------------------------------|-------------------------------------------------------------------------------------------------------------------------------------------------------------------------------------------------------------------------------------------------------------------------------------------------|------------------------------------|---------|
|                                                  |                                                                                                                                                                                                                                                                                                 | peer0.prosecution.example.com:9446 | 2.76    |
|--------------------------------------------------|-------------------------------------------------------------------------------------------------------------------------------------------------------------------------------------------------------------------------------------------------------------------------------------------------|------------------------------------|---------|
| Crimerecords endorsement duration (seconds, avg) | sum by (instance) (rate(endorser_proposal_duration_sum{job=~"fabric-.*",channel="crimechannel",chaincode="crimerecords",success="true"}[1m])) / sum by (instance) (rate(endorser_proposal_duration_count{job=~"fabric-.*",channel="crimechannel",chaincode="crimerecords",success="true"}[1m])) | peer0.audit.example.com:9448       | NaN     |
|--------------------------------------------------|-------------------------------------------------------------------------------------------------------------------------------------------------------------------------------------------------------------------------------------------------------------------------------------------------|------------------------------------|---------|
|                                                  |                                                                                                                                                                                                                                                                                                 | peer0.court.example.com:9447       | NaN     |
|--------------------------------------------------|-------------------------------------------------------------------------------------------------------------------------------------------------------------------------------------------------------------------------------------------------------------------------------------------------|------------------------------------|---------|
|                                                  |                                                                                                                                                                                                                                                                                                 | peer0.forensics.example.com:9445   | NaN     |
|--------------------------------------------------|-------------------------------------------------------------------------------------------------------------------------------------------------------------------------------------------------------------------------------------------------------------------------------------------------|------------------------------------|---------|
|                                                  |                                                                                                                                                                                                                                                                                                 | peer0.police.example.com:9444      | 0.00626 |
|--------------------------------------------------|-------------------------------------------------------------------------------------------------------------------------------------------------------------------------------------------------------------------------------------------------------------------------------------------------|------------------------------------|---------|
|                                                  |                                                                                                                                                                                                                                                                                                 | peer0.prosecution.example.com:9446 | NaN     |
|--------------------------------------------------|-------------------------------------------------------------------------------------------------------------------------------------------------------------------------------------------------------------------------------------------------------------------------------------------------|------------------------------------|---------|
| Ledger height (blocks, max)                      | ledger_blockchain_height{job=~"fabric-.*",channel="crimechannel"}                                                                                                                                                                                                                               | orderer.example.com:9443           | 390     |
|--------------------------------------------------|-------------------------------------------------------------------------------------------------------------------------------------------------------------------------------------------------------------------------------------------------------------------------------------------------|------------------------------------|---------|
|                                                  |                                                                                                                                                                                                                                                                                                 | peer0.audit.example.com:9448       | 390     |
|--------------------------------------------------|-------------------------------------------------------------------------------------------------------------------------------------------------------------------------------------------------------------------------------------------------------------------------------------------------|------------------------------------|---------|
|                                                  |                                                                                                                                                                                                                                                                                                 | peer0.court.example.com:9447       | 390     |
|--------------------------------------------------|-------------------------------------------------------------------------------------------------------------------------------------------------------------------------------------------------------------------------------------------------------------------------------------------------|------------------------------------|---------|
|                                                  |                                                                                                                                                                                                                                                                                                 | peer0.forensics.example.com:9445   | 390     |
|--------------------------------------------------|-------------------------------------------------------------------------------------------------------------------------------------------------------------------------------------------------------------------------------------------------------------------------------------------------|------------------------------------|---------|
|                                                  |                                                                                                                                                                                                                                                                                                 | peer0.police.example.com:9444      | 390     |
|--------------------------------------------------|-------------------------------------------------------------------------------------------------------------------------------------------------------------------------------------------------------------------------------------------------------------------------------------------------|------------------------------------|---------|
|                                                  |                                                                                                                                                                                                                                                                                                 | peer0.prosecution.example.com:9446 | 390     |
+--------------------------------------------------+-------------------------------------------------------------------------------------------------------------------------------------------------------------------------------------------------------------------------------------------------------------------------------------------------+------------------------------------+---------+

2026.08.24-15:29:05.790[32m info [39m [caliper] [round-orchestrator] 	Finished round 1 (clients-2-warmup) in 10.107 seconds
2026.08.24-15:29:05.791[32m info [39m [caliper] [monitor.js] 	Stopping all monitors
2026.08.24-15:29:05.791[32m info [39m [caliper] [round-orchestrator] 	Waiting 5 seconds for the next round...
2026.08.24-15:29:10.792[32m info [39m [caliper] [round-orchestrator] 	Started round 2 (clients-2-read)
2026.08.24-15:29:10.792[32m info [39m [caliper] [worker-message-handler] 	Preparing Worker#0 for Round#1
2026.08.24-15:29:10.793[32m info [39m [caliper] [worker-message-handler] 	Preparing Worker#1 for Round#1
2026.08.24-15:29:10.796[32m info [39m [caliper] [connectors/peer-gateway/PeerGateway] 	Generating contract map for user io.krishnan
2026.08.24-15:29:10.796[32m info [39m [caliper] [connectors/peer-gateway/PeerGateway] 	Generating contract map for user io.krishnan
2026.08.24-15:29:10.796[32m info [39m [caliper] [connectors/peer-gateway/PeerGateway] 	Generating contract map for user insp.rathore
2026.08.24-15:29:10.796[32m info [39m [caliper] [connectors/peer-gateway/PeerGateway] 	Generating contract map for user insp.rathore
2026.08.24-15:29:10.796[32m info [39m [caliper] [connectors/peer-gateway/PeerGateway] 	Generating contract map for user insp.singh
2026.08.24-15:29:10.796[32m info [39m [caliper] [connectors/peer-gateway/PeerGateway] 	Generating contract map for user insp.singh
2026.08.24-15:29:10.796[32m info [39m [caliper] [connectors/peer-gateway/PeerGateway] 	Generating contract map for user const.verma
2026.08.24-15:29:10.796[32m info [39m [caliper] [connectors/peer-gateway/PeerGateway] 	Generating contract map for user const.verma
2026.08.24-15:29:10.797[32m info [39m [caliper] [connectors/peer-gateway/PeerGateway] 	Generating contract map for user insp.sharma
2026.08.24-15:29:10.797[32m info [39m [caliper] [connectors/peer-gateway/PeerGateway] 	Generating contract map for user insp.sharma
2026.08.24-15:29:10.799[32m info [39m [caliper] [connectors/peer-gateway/PeerGateway] 	Generating contract map for user _AuditMSP_aud.qureshi
2026.08.24-15:29:10.799[32m info [39m [caliper] [connectors/peer-gateway/PeerGateway] 	Generating contract map for user _AuditMSP_aud.qureshi
2026.08.24-15:29:10.799[32m info [39m [caliper] [caliper-worker] 	Info: worker 1 prepare test phase for round 1 is starting...
2026.08.24-15:29:10.799[32m info [39m [caliper] [caliper-worker] 	Info: worker 0 prepare test phase for round 1 is starting...
2026.08.24-15:29:10.800[32m info [39m [caliper] [connectors/peer-gateway/PeerGateway] 	disconnecting gateway for user io.krishnan
2026.08.24-15:29:10.800[32m info [39m [caliper] [connectors/peer-gateway/PeerGateway] 	disconnecting gateway for user insp.rathore
2026.08.24-15:29:10.800[32m info [39m [caliper] [connectors/peer-gateway/PeerGateway] 	disconnecting gateway for user insp.singh
2026.08.24-15:29:10.800[32m info [39m [caliper] [connectors/peer-gateway/PeerGateway] 	disconnecting gateway for user const.verma
2026.08.24-15:29:10.800[32m info [39m [caliper] [connectors/peer-gateway/PeerGateway] 	disconnecting gateway for user insp.sharma
2026.08.24-15:29:10.800[32m info [39m [caliper] [connectors/peer-gateway/PeerGateway] 	disconnecting gateway for user _AuditMSP_aud.qureshi
2026.08.24-15:29:10.800[32m info [39m [caliper] [connectors/peer-gateway/PeerGateway] 	disconnecting gRpc client at peer PoliceMSP_localhost:7051
2026.08.24-15:29:10.800[32m info [39m [caliper] [connectors/peer-gateway/PeerGateway] 	disconnecting gRpc client at peer AuditMSP_localhost:11051
2026.08.24-15:29:10.800[32m info [39m [caliper] [connectors/peer-gateway/PeerGateway] 	disconnecting gateway for user io.krishnan
2026.08.24-15:29:10.800[32m info [39m [caliper] [connectors/peer-gateway/PeerGateway] 	disconnecting gateway for user insp.rathore
2026.08.24-15:29:10.800[32m info [39m [caliper] [connectors/peer-gateway/PeerGateway] 	disconnecting gateway for user insp.singh
2026.08.24-15:29:10.800[32m info [39m [caliper] [connectors/peer-gateway/PeerGateway] 	disconnecting gateway for user const.verma
2026.08.24-15:29:10.800[32m info [39m [caliper] [caliper-worker] 	Info: worker 1 prepare test phase for round 1 is completed
2026.08.24-15:29:10.800[32m info [39m [caliper] [connectors/peer-gateway/PeerGateway] 	disconnecting gateway for user insp.sharma
2026.08.24-15:29:10.800[32m info [39m [caliper] [connectors/peer-gateway/PeerGateway] 	disconnecting gateway for user _AuditMSP_aud.qureshi
2026.08.24-15:29:10.800[32m info [39m [caliper] [worker-message-handler] 	Worker#1 prepared for Round#1
2026.08.24-15:29:10.800[32m info [39m [caliper] [connectors/peer-gateway/PeerGateway] 	disconnecting gRpc client at peer PoliceMSP_localhost:7051
2026.08.24-15:29:10.800[32m info [39m [caliper] [connectors/peer-gateway/PeerGateway] 	disconnecting gRpc client at peer AuditMSP_localhost:11051
2026.08.24-15:29:10.801[32m info [39m [caliper] [caliper-worker] 	Info: worker 0 prepare test phase for round 1 is completed
2026.08.24-15:29:10.801[32m info [39m [caliper] [worker-message-handler] 	Worker#0 prepared for Round#1
2026.08.24-15:29:10.801[32m info [39m [caliper] [worker-orchestrator] 	2 workers prepared, progressing to test phase.
2026.08.24-15:29:10.801[32m info [39m [caliper] [round-orchestrator] 	Monitors successfully started
2026.08.24-15:29:10.801[32m info [39m [caliper] [worker-message-handler] 	Worker#0 is starting Round#1
2026.08.24-15:29:10.802[32m info [39m [caliper] [worker-message-handler] 	Worker#1 is starting Round#1
2026.08.24-15:29:10.804[32m info [39m [caliper] [connectors/peer-gateway/PeerGateway] 	Generating contract map for user io.krishnan
2026.08.24-15:29:10.804[32m info [39m [caliper] [connectors/peer-gateway/PeerGateway] 	Generating contract map for user io.krishnan
2026.08.24-15:29:10.804[32m info [39m [caliper] [connectors/peer-gateway/PeerGateway] 	Generating contract map for user insp.rathore
2026.08.24-15:29:10.804[32m info [39m [caliper] [connectors/peer-gateway/PeerGateway] 	Generating contract map for user insp.rathore
2026.08.24-15:29:10.804[32m info [39m [caliper] [connectors/peer-gateway/PeerGateway] 	Generating contract map for user insp.singh
2026.08.24-15:29:10.804[32m info [39m [caliper] [connectors/peer-gateway/PeerGateway] 	Generating contract map for user insp.singh
2026.08.24-15:29:10.804[32m info [39m [caliper] [connectors/peer-gateway/PeerGateway] 	Generating contract map for user const.verma
2026.08.24-15:29:10.804[32m info [39m [caliper] [connectors/peer-gateway/PeerGateway] 	Generating contract map for user const.verma
2026.08.24-15:29:10.804[32m info [39m [caliper] [connectors/peer-gateway/PeerGateway] 	Generating contract map for user insp.sharma
2026.08.24-15:29:10.805[32m info [39m [caliper] [connectors/peer-gateway/PeerGateway] 	Generating contract map for user insp.sharma
2026.08.24-15:29:10.807[32m info [39m [caliper] [connectors/peer-gateway/PeerGateway] 	Generating contract map for user _AuditMSP_aud.qureshi
2026.08.24-15:29:10.807[32m info [39m [caliper] [connectors/peer-gateway/PeerGateway] 	Generating contract map for user _AuditMSP_aud.qureshi
2026.08.24-15:29:10.807[32m info [39m [caliper] [caliper-worker] 	Worker #1 starting workload loop
2026.08.24-15:29:10.807[32m info [39m [caliper] [caliper-worker] 	Worker #0 starting workload loop
CALIPER_TX_LATENCY {"workerIndex":1,"roundIndex":1,"roundLabel":"clients-2-read","transactionId":"b885c50017022f05b682c3299bb108c0514977b019a163be8d141afce009ea67","status":"success","startEpochMs":1787565550809,"endEpochMs":1787565550830,"latencyMs":21}
CALIPER_TX_LATENCY {"workerIndex":0,"roundIndex":1,"roundLabel":"clients-2-read","transactionId":"eec15314e001d17ce8593e2d054b83cc683899760fecc25fc86b7452ce57d3ff","status":"success","startEpochMs":1787565550809,"endEpochMs":1787565550830,"latencyMs":21}
CALIPER_TX_LATENCY {"workerIndex":0,"roundIndex":1,"roundLabel":"clients-2-read","transactionId":"ae1825de0bfde1adbc78be1b48a780e2771b9c41645d86d67d9827bbdc049dd8","status":"success","startEpochMs":1787565551809,"endEpochMs":1787565551825,"latencyMs":16}
CALIPER_TX_LATENCY {"workerIndex":1,"roundIndex":1,"roundLabel":"clients-2-read","transactionId":"92e639085a37bb546e8812442253fce1a4ae391455e7bccd90e2de23799f3013","status":"success","startEpochMs":1787565551809,"endEpochMs":1787565551825,"latencyMs":16}
CALIPER_TX_LATENCY {"workerIndex":0,"roundIndex":1,"roundLabel":"clients-2-read","transactionId":"a85234084b29834eae8a4705accbdf92ad8a2afc5814f929ab985393bd0dc6f1","status":"success","startEpochMs":1787565552810,"endEpochMs":1787565552825,"latencyMs":15}
CALIPER_TX_LATENCY {"workerIndex":1,"roundIndex":1,"roundLabel":"clients-2-read","transactionId":"d13757b1e8433972597c5d2495f84cbd286c0fcf3a24c577d9c4cc4feee60dc8","status":"success","startEpochMs":1787565552810,"endEpochMs":1787565552825,"latencyMs":15}
CALIPER_TX_LATENCY {"workerIndex":0,"roundIndex":1,"roundLabel":"clients-2-read","transactionId":"083d01bc24b43056e162f34c9904efc6000bfbc2a8eee9d3393aea12ccec47b3","status":"success","startEpochMs":1787565553810,"endEpochMs":1787565553821,"latencyMs":11}
CALIPER_TX_LATENCY {"workerIndex":1,"roundIndex":1,"roundLabel":"clients-2-read","transactionId":"a0f9c32a329e452d6374b2a6396fa077a0baca0eef15a39835890c3cd8f74267","status":"success","startEpochMs":1787565553809,"endEpochMs":1787565553821,"latencyMs":12}
CALIPER_TX_LATENCY {"workerIndex":0,"roundIndex":1,"roundLabel":"clients-2-read","transactionId":"1637c5d51af9dbec6dfcecc119a29824f5bf0ae3b386f6d5f013894500f76088","status":"success","startEpochMs":1787565554810,"endEpochMs":1787565554826,"latencyMs":16}
CALIPER_TX_LATENCY {"workerIndex":1,"roundIndex":1,"roundLabel":"clients-2-read","transactionId":"20c98e9b0f5e751ab712cd972d6e541a51556d03984a8fb27c9177d0593fdddb","status":"success","startEpochMs":1787565554810,"endEpochMs":1787565554826,"latencyMs":16}
2026.08.24-15:29:15.802[32m info [39m [caliper] [default-observer] 	[clients-2-read Round 1 Transaction Info] - Submitted: 8 Succ: 8 Fail:0 Unfinished:0
CALIPER_TX_LATENCY {"workerIndex":0,"roundIndex":1,"roundLabel":"clients-2-read","transactionId":"8f89c8ec7c177ea9779f1c4c4d449c2c61d5279aae24f095976650ff9b856225","status":"success","startEpochMs":1787565555810,"endEpochMs":1787565555825,"latencyMs":15}
CALIPER_TX_LATENCY {"workerIndex":1,"roundIndex":1,"roundLabel":"clients-2-read","transactionId":"95c67b9440e56a2d64753bc84326e4a07216f65c2010fd9ab7a4554444d1127e","status":"success","startEpochMs":1787565555810,"endEpochMs":1787565555825,"latencyMs":15}
CALIPER_TX_LATENCY {"workerIndex":1,"roundIndex":1,"roundLabel":"clients-2-read","transactionId":"cc90a6937e9a60ba7c43306177945d51ff91ab03c937ac4caf909014ea2168ef","status":"success","startEpochMs":1787565556810,"endEpochMs":1787565556824,"latencyMs":14}
CALIPER_TX_LATENCY {"workerIndex":0,"roundIndex":1,"roundLabel":"clients-2-read","transactionId":"93d02b6eb0d00e47adfc62e8e7428f961d16edbf46111e80e28b5248bc03265a","status":"success","startEpochMs":1787565556809,"endEpochMs":1787565556824,"latencyMs":15}
CALIPER_TX_LATENCY {"workerIndex":0,"roundIndex":1,"roundLabel":"clients-2-read","transactionId":"5f7b11ade8e79e8eb21442878f3ea4fee46669b41ad12f2deee5eca1ae1005ad","status":"success","startEpochMs":1787565557809,"endEpochMs":1787565557822,"latencyMs":13}
CALIPER_TX_LATENCY {"workerIndex":1,"roundIndex":1,"roundLabel":"clients-2-read","transactionId":"30750d61b2fc3f66687ead450213c6f179a5a64df6f059355d7221d0b700798d","status":"success","startEpochMs":1787565557809,"endEpochMs":1787565557822,"latencyMs":13}
CALIPER_TX_LATENCY {"workerIndex":1,"roundIndex":1,"roundLabel":"clients-2-read","transactionId":"6f724ca8870e20c61002c92dbb8f472cfbf95ad64b09ebdee2e0f82ca3362c64","status":"success","startEpochMs":1787565558808,"endEpochMs":1787565558826,"latencyMs":18}
CALIPER_TX_LATENCY {"workerIndex":0,"roundIndex":1,"roundLabel":"clients-2-read","transactionId":"8e4d11ce8167aef62be4b41d2cedccb5af2814a3f0cc6bc68cc4bc55bc2b9d16","status":"success","startEpochMs":1787565558808,"endEpochMs":1787565558826,"latencyMs":18}
CALIPER_TX_LATENCY {"workerIndex":1,"roundIndex":1,"roundLabel":"clients-2-read","transactionId":"a2aa6382bf22b29f1bf124caf9814faab97338eca37951cd98b5627b7aa9a968","status":"success","startEpochMs":1787565559810,"endEpochMs":1787565559824,"latencyMs":14}
CALIPER_TX_LATENCY {"workerIndex":0,"roundIndex":1,"roundLabel":"clients-2-read","transactionId":"ed0fdb0e864ad9acbad792aa7851ccbc6cb22768780540056eccece3fab8fdbf","status":"success","startEpochMs":1787565559810,"endEpochMs":1787565559824,"latencyMs":14}
2026.08.24-15:29:20.804[32m info [39m [caliper] [default-observer] 	[clients-2-read Round 1 Transaction Info] - Submitted: 20 Succ: 18 Fail:0 Unfinished:2
CALIPER_TX_LATENCY {"workerIndex":0,"roundIndex":1,"roundLabel":"clients-2-read","transactionId":"78d28177f00925a25a9990f432adb2aefa87a62c8bef5aaef8d63ae5bad8af35","status":"success","startEpochMs":1787565560810,"endEpochMs":1787565560827,"latencyMs":17}
CALIPER_TX_LATENCY {"workerIndex":1,"roundIndex":1,"roundLabel":"clients-2-read","transactionId":"f9b94df16aaceaddd365f9ce2edd0e50ad82ad583559fe8259a427e03f6cdfe5","status":"success","startEpochMs":1787565560810,"endEpochMs":1787565560827,"latencyMs":17}
CALIPER_TX_LATENCY {"workerIndex":1,"roundIndex":1,"roundLabel":"clients-2-read","transactionId":"bc8e33a62ccaa8d312df2ee41723ce3076c5a2dd94c3deae72a6ddc78f3e17bf","status":"success","startEpochMs":1787565561810,"endEpochMs":1787565561825,"latencyMs":15}
CALIPER_TX_LATENCY {"workerIndex":0,"roundIndex":1,"roundLabel":"clients-2-read","transactionId":"ea9c46efb8ae807fff4521d0dcecfcc90a9a8cf1b84641b4f2526e37309e4030","status":"success","startEpochMs":1787565561810,"endEpochMs":1787565561825,"latencyMs":15}
CALIPER_TX_LATENCY {"workerIndex":0,"roundIndex":1,"roundLabel":"clients-2-read","transactionId":"806b0e20e4fd119674ea114faf4f967ff75c07aa1b2c695d5f0c3a7f7aff379d","status":"success","startEpochMs":1787565562810,"endEpochMs":1787565562824,"latencyMs":14}
CALIPER_TX_LATENCY {"workerIndex":1,"roundIndex":1,"roundLabel":"clients-2-read","transactionId":"edb80979b860080dde1b61e2644668e07c65c95f22f375f23f15f8508504400d","status":"success","startEpochMs":1787565562809,"endEpochMs":1787565562824,"latencyMs":15}
CALIPER_TX_LATENCY {"workerIndex":1,"roundIndex":1,"roundLabel":"clients-2-read","transactionId":"c5b3f9c546d7daa08ccd497db00360b2d70bdb7ea93be050cd9645ae43263e9d","status":"success","startEpochMs":1787565563808,"endEpochMs":1787565563822,"latencyMs":14}
CALIPER_TX_LATENCY {"workerIndex":0,"roundIndex":1,"roundLabel":"clients-2-read","transactionId":"d8c57ec0f5f6eda319a24f78c5d1ceaea447bd4dd0e415e826b6eb1e2c8ee84e","status":"success","startEpochMs":1787565563808,"endEpochMs":1787565563822,"latencyMs":14}
CALIPER_TX_LATENCY {"workerIndex":1,"roundIndex":1,"roundLabel":"clients-2-read","transactionId":"e3aead4241d3c1190432733539fb0661c36d5a8bb13df86b47088e7dc85ec2a4","status":"success","startEpochMs":1787565564809,"endEpochMs":1787565564822,"latencyMs":13}
CALIPER_TX_LATENCY {"workerIndex":0,"roundIndex":1,"roundLabel":"clients-2-read","transactionId":"3a2474d4ffd9784e1adb4bb6be2178ea7a6a1355c0c35911e5005395ff896a99","status":"success","startEpochMs":1787565564809,"endEpochMs":1787565564822,"latencyMs":13}
2026.08.24-15:29:25.805[32m info [39m [caliper] [default-observer] 	[clients-2-read Round 1 Transaction Info] - Submitted: 30 Succ: 28 Fail:0 Unfinished:2
CALIPER_TX_LATENCY {"workerIndex":0,"roundIndex":1,"roundLabel":"clients-2-read","transactionId":"402826b776c5a7f18cb8f92ebdc33f9dc251968dcba760e569bb5a5d5bd5ddcc","status":"success","startEpochMs":1787565565808,"endEpochMs":1787565565823,"latencyMs":15}
CALIPER_TX_LATENCY {"workerIndex":1,"roundIndex":1,"roundLabel":"clients-2-read","transactionId":"405f2b9d7b525cff43d63e60a82a28e7cfa7de93e00ff1893b5b13261fff3b28","status":"success","startEpochMs":1787565565808,"endEpochMs":1787565565823,"latencyMs":15}
CALIPER_TX_LATENCY {"workerIndex":0,"roundIndex":1,"roundLabel":"clients-2-read","transactionId":"5006a66581926299bd2cdee03d6b6ba15db6860080c60f6295c593c50ca2fd33","status":"success","startEpochMs":1787565566810,"endEpochMs":1787565566831,"latencyMs":21}
CALIPER_TX_LATENCY {"workerIndex":1,"roundIndex":1,"roundLabel":"clients-2-read","transactionId":"e8f1e5b7807c1cf13c62480448690fd18d181c1f4a058884a935d30394894b56","status":"success","startEpochMs":1787565566810,"endEpochMs":1787565566831,"latencyMs":21}
CALIPER_TX_LATENCY {"workerIndex":0,"roundIndex":1,"roundLabel":"clients-2-read","transactionId":"0bf298eefad45fd7bb829289a0f158bcaf0825386df3c01ae0c8e1b8d74b4bd2","status":"success","startEpochMs":1787565567809,"endEpochMs":1787565567825,"latencyMs":16}
CALIPER_TX_LATENCY {"workerIndex":1,"roundIndex":1,"roundLabel":"clients-2-read","transactionId":"2a9297ff7aa0b750787330bc10c8f10346f64bba251cc6018815f6d3032b6a6c","status":"success","startEpochMs":1787565567809,"endEpochMs":1787565567825,"latencyMs":16}
CALIPER_TX_LATENCY {"workerIndex":0,"roundIndex":1,"roundLabel":"clients-2-read","transactionId":"5f1ed415b6f2590b63cdbabf636c94f242d025c44a20d9302ccc96e174331f9a","status":"success","startEpochMs":1787565568809,"endEpochMs":1787565568825,"latencyMs":16}
CALIPER_TX_LATENCY {"workerIndex":1,"roundIndex":1,"roundLabel":"clients-2-read","transactionId":"80e5d6ca8fbe2a7519b4de10b12ec51ef8758f3e9d79d0708b81f1e03c646013","status":"success","startEpochMs":1787565568809,"endEpochMs":1787565568825,"latencyMs":16}
CALIPER_TX_LATENCY {"workerIndex":0,"roundIndex":1,"roundLabel":"clients-2-read","transactionId":"1715f5099e6f3cfc36eeb3a018426028e08f5d0b14880cea96cd5906b0e06dfc","status":"success","startEpochMs":1787565569809,"endEpochMs":1787565569822,"latencyMs":13}
CALIPER_TX_LATENCY {"workerIndex":1,"roundIndex":1,"roundLabel":"clients-2-read","transactionId":"182c74df4d5f74457b60cd6e513276045599797e27f9fe98a31ce2b53723e115","status":"success","startEpochMs":1787565569809,"endEpochMs":1787565569823,"latencyMs":14}
2026.08.24-15:29:30.805[32m info [39m [caliper] [default-observer] 	[clients-2-read Round 1 Transaction Info] - Submitted: 40 Succ: 38 Fail:0 Unfinished:2
CALIPER_TX_LATENCY {"workerIndex":1,"roundIndex":1,"roundLabel":"clients-2-read","transactionId":"2381bbccf1bc87b87cf26b112f8cfc506aecbb6292fbe7552940b141eaa12eb5","status":"success","startEpochMs":1787565570809,"endEpochMs":1787565570826,"latencyMs":17}
CALIPER_TX_LATENCY {"workerIndex":0,"roundIndex":1,"roundLabel":"clients-2-read","transactionId":"b9516c9c2adf2aa377af5579bd6a7570b8108212081fcec105d84bc12b326f19","status":"success","startEpochMs":1787565570809,"endEpochMs":1787565570826,"latencyMs":17}
CALIPER_TX_LATENCY {"workerIndex":0,"roundIndex":1,"roundLabel":"clients-2-read","transactionId":"ee872a3bf5a3bfb0de482c87bd4a81ccf247c4b9dfc6fbb48b26ad55752ea6ea","status":"success","startEpochMs":1787565571810,"endEpochMs":1787565571823,"latencyMs":13}
CALIPER_TX_LATENCY {"workerIndex":1,"roundIndex":1,"roundLabel":"clients-2-read","transactionId":"ae86c2e7cb14ac8fcbac90f5793c8bbab3c7fb13af35c360c773aedcd120f67d","status":"success","startEpochMs":1787565571810,"endEpochMs":1787565571824,"latencyMs":14}
CALIPER_TX_LATENCY {"workerIndex":1,"roundIndex":1,"roundLabel":"clients-2-read","transactionId":"99bd3465e978fc29b9d0eb005291642e5cd92e1ef96baf425b4595119519b4cb","status":"success","startEpochMs":1787565572809,"endEpochMs":1787565572826,"latencyMs":17}
CALIPER_TX_LATENCY {"workerIndex":0,"roundIndex":1,"roundLabel":"clients-2-read","transactionId":"113d64a1ba45244e713c8d91ca0a5aae6ff20b46a577167b90e52a4ae9a58e89","status":"success","startEpochMs":1787565572808,"endEpochMs":1787565572826,"latencyMs":18}
CALIPER_TX_LATENCY {"workerIndex":1,"roundIndex":1,"roundLabel":"clients-2-read","transactionId":"e559bb17d18abe9771d6d10f0b1bc1b5050befaa58c7d1ab49e5bb0a742a8f0b","status":"success","startEpochMs":1787565573809,"endEpochMs":1787565573823,"latencyMs":14}
CALIPER_TX_LATENCY {"workerIndex":0,"roundIndex":1,"roundLabel":"clients-2-read","transactionId":"d151f6e4a3d1493d25566a7389a6a6f672c2d73d01b67a16996b364518794a55","status":"success","startEpochMs":1787565573808,"endEpochMs":1787565573823,"latencyMs":15}
CALIPER_TX_LATENCY {"workerIndex":0,"roundIndex":1,"roundLabel":"clients-2-read","transactionId":"5fb9bfb74a4aad6b1b748df845684037f001e0cea65ec0b3b82098408c85929e","status":"success","startEpochMs":1787565574809,"endEpochMs":1787565574818,"latencyMs":9}
CALIPER_TX_LATENCY {"workerIndex":1,"roundIndex":1,"roundLabel":"clients-2-read","transactionId":"d09eaf95f7e7fef001e04dc2a0cc080d69bd661ebc0505ddd35411310eee5d5f","status":"success","startEpochMs":1787565574809,"endEpochMs":1787565574818,"latencyMs":9}
2026.08.24-15:29:35.808[32m info [39m [caliper] [default-observer] 	[clients-2-read Round 1 Transaction Info] - Submitted: 50 Succ: 49 Fail:0 Unfinished:1
CALIPER_TX_LATENCY {"workerIndex":1,"roundIndex":1,"roundLabel":"clients-2-read","transactionId":"a854cf6ff20b8dd591a504da1bf65b170c29d93177f38ca65f901bab00218933","status":"success","startEpochMs":1787565575809,"endEpochMs":1787565575825,"latencyMs":16}
CALIPER_TX_LATENCY {"workerIndex":0,"roundIndex":1,"roundLabel":"clients-2-read","transactionId":"c8e5374d63b27cd450ab2b801b4d2fe0942185632bd06eeb11f0448f31993cd6","status":"success","startEpochMs":1787565575809,"endEpochMs":1787565575825,"latencyMs":16}
CALIPER_TX_LATENCY {"workerIndex":0,"roundIndex":1,"roundLabel":"clients-2-read","transactionId":"8d431e32880fde7742c4b6b0c2ad3b3b71c160ed1d5ee43a80deea7f2d98c881","status":"success","startEpochMs":1787565576809,"endEpochMs":1787565576823,"latencyMs":14}
CALIPER_TX_LATENCY {"workerIndex":1,"roundIndex":1,"roundLabel":"clients-2-read","transactionId":"e6a79a468a67df3fc312b88c75c9c5082f87a6bf9c75e71d41230cfd5170bb4f","status":"success","startEpochMs":1787565576809,"endEpochMs":1787565576823,"latencyMs":14}
CALIPER_TX_LATENCY {"workerIndex":0,"roundIndex":1,"roundLabel":"clients-2-read","transactionId":"efbe1cf6d8706d95e0cde69391d12db18baebab03fbd05eb30296118bf0fda9d","status":"success","startEpochMs":1787565577809,"endEpochMs":1787565577816,"latencyMs":7}
CALIPER_TX_LATENCY {"workerIndex":1,"roundIndex":1,"roundLabel":"clients-2-read","transactionId":"fa0eb3eef7524f826835cffafbe3774c56e11689b3408e7091816b767988b44d","status":"success","startEpochMs":1787565577809,"endEpochMs":1787565577816,"latencyMs":7}
CALIPER_TX_LATENCY {"workerIndex":0,"roundIndex":1,"roundLabel":"clients-2-read","transactionId":"ad3baa73747cf82f0790bbc53da8af5a42e343f6fdbc38025e624f5fda55e819","status":"success","startEpochMs":1787565578810,"endEpochMs":1787565578828,"latencyMs":18}
CALIPER_TX_LATENCY {"workerIndex":1,"roundIndex":1,"roundLabel":"clients-2-read","transactionId":"4bc2bb053a6ca0b6b74cd234c6ea998070ca70fb5ae74bfa75a7ea537ed7e412","status":"success","startEpochMs":1787565578810,"endEpochMs":1787565578828,"latencyMs":18}
CALIPER_TX_LATENCY {"workerIndex":0,"roundIndex":1,"roundLabel":"clients-2-read","transactionId":"95f5360fdab44d5fbeb518f24c2f09ed89a8f3277385e4a2cba93fed3eb02675","status":"success","startEpochMs":1787565579808,"endEpochMs":1787565579823,"latencyMs":15}
CALIPER_TX_LATENCY {"workerIndex":1,"roundIndex":1,"roundLabel":"clients-2-read","transactionId":"bbf79f338bd1debcca36e985a37b73ba6e3a5fb13601db6b05965f12c7cee45c","status":"success","startEpochMs":1787565579808,"endEpochMs":1787565579825,"latencyMs":17}
2026.08.24-15:29:40.809[32m info [39m [caliper] [default-observer] 	[clients-2-read Round 1 Transaction Info] - Submitted: 60 Succ: 59 Fail:0 Unfinished:1
CALIPER_TX_LATENCY {"workerIndex":0,"roundIndex":1,"roundLabel":"clients-2-read","transactionId":"f06ea0beb74fcc7f3f77a11b8f99a3fc9a79628d26f63544e9d9778386aafc6a","status":"success","startEpochMs":1787565580810,"endEpochMs":1787565580818,"latencyMs":8}
CALIPER_TX_LATENCY {"workerIndex":1,"roundIndex":1,"roundLabel":"clients-2-read","transactionId":"584b26e75d594bf52bfc952c803c5f35d7895f110963eaceac4605a3ab933854","status":"success","startEpochMs":1787565580809,"endEpochMs":1787565580819,"latencyMs":10}
CALIPER_TX_LATENCY {"workerIndex":1,"roundIndex":1,"roundLabel":"clients-2-read","transactionId":"f52693c6817f35a276e7c97bb51d3c0801689c366f80df088984076080aa423c","status":"success","startEpochMs":1787565581809,"endEpochMs":1787565581820,"latencyMs":11}
CALIPER_TX_LATENCY {"workerIndex":0,"roundIndex":1,"roundLabel":"clients-2-read","transactionId":"dfadd12f597cebed10f2ba4ce0e8874094c078bdb86c2bd415dee84d95fa3a55","status":"success","startEpochMs":1787565581809,"endEpochMs":1787565581820,"latencyMs":11}
CALIPER_TX_LATENCY {"workerIndex":1,"roundIndex":1,"roundLabel":"clients-2-read","transactionId":"edbe0ee705d186e4ff49a4fdd9d0b5c0648e9419212acaf991a6da79d4bf9cf4","status":"success","startEpochMs":1787565582809,"endEpochMs":1787565582830,"latencyMs":21}
CALIPER_TX_LATENCY {"workerIndex":0,"roundIndex":1,"roundLabel":"clients-2-read","transactionId":"2f5365d0f41f487a490d467bcef76094aac42fdeb4612a419e399b4f232b5b01","status":"success","startEpochMs":1787565582809,"endEpochMs":1787565582830,"latencyMs":21}
CALIPER_TX_LATENCY {"workerIndex":1,"roundIndex":1,"roundLabel":"clients-2-read","transactionId":"875ab30896d303d07253d9c1edb22e12f18ab9886e3c0a1602f9b8665914b4ec","status":"success","startEpochMs":1787565583809,"endEpochMs":1787565583820,"latencyMs":11}
CALIPER_TX_LATENCY {"workerIndex":0,"roundIndex":1,"roundLabel":"clients-2-read","transactionId":"7d1f5a94abe726c4d79ac8ffeb42da224b7216ecdec4369b7a9f3e0b6b799a8e","status":"success","startEpochMs":1787565583809,"endEpochMs":1787565583820,"latencyMs":11}
CALIPER_TX_LATENCY {"workerIndex":1,"roundIndex":1,"roundLabel":"clients-2-read","transactionId":"006ba8e359ad0ed58926556bee16c490d8812e42be81c30ae3960e9a4e13b91e","status":"success","startEpochMs":1787565584810,"endEpochMs":1787565584819,"latencyMs":9}
CALIPER_TX_LATENCY {"workerIndex":0,"roundIndex":1,"roundLabel":"clients-2-read","transactionId":"fa2daf9125c965fa8df21c4423888cf543d4c299bbf64c15addcfe93988fec4d","status":"success","startEpochMs":1787565584810,"endEpochMs":1787565584819,"latencyMs":9}
2026.08.24-15:29:45.810[32m info [39m [caliper] [default-observer] 	[clients-2-read Round 1 Transaction Info] - Submitted: 70 Succ: 70 Fail:0 Unfinished:0
CALIPER_TX_LATENCY {"workerIndex":0,"roundIndex":1,"roundLabel":"clients-2-read","transactionId":"97762fafec288a83c584e79d9371b1cd67929a1520fef3b18978aac6ee7923f5","status":"success","startEpochMs":1787565585809,"endEpochMs":1787565585821,"latencyMs":12}
CALIPER_TX_LATENCY {"workerIndex":1,"roundIndex":1,"roundLabel":"clients-2-read","transactionId":"7ce95a534a6ca504b52461da16202eb79b7f80be55b340f32495660dcf5bcf51","status":"success","startEpochMs":1787565585809,"endEpochMs":1787565585821,"latencyMs":12}
CALIPER_TX_LATENCY {"workerIndex":0,"roundIndex":1,"roundLabel":"clients-2-read","transactionId":"61dc2b2b9983a106de89458fe7a4c03e5ad6ad69729a54c03ff9b3a21a274350","status":"success","startEpochMs":1787565586809,"endEpochMs":1787565586833,"latencyMs":24}
CALIPER_TX_LATENCY {"workerIndex":1,"roundIndex":1,"roundLabel":"clients-2-read","transactionId":"d0432a22bade63b8cb5f77d8229f1c47f2cfd5f455d5a85c6a080950bdf4e71f","status":"success","startEpochMs":1787565586809,"endEpochMs":1787565586834,"latencyMs":25}
CALIPER_TX_LATENCY {"workerIndex":0,"roundIndex":1,"roundLabel":"clients-2-read","transactionId":"c08b7e6e3700d770b20eed5ae2b308d7619f32d41e49864f7a7211668b06d522","status":"success","startEpochMs":1787565587808,"endEpochMs":1787565587821,"latencyMs":13}
CALIPER_TX_LATENCY {"workerIndex":1,"roundIndex":1,"roundLabel":"clients-2-read","transactionId":"aac5a249a51bc9d75cbbf5861fc7c99b75089f165db5b1b76548a7c4a501fa9d","status":"success","startEpochMs":1787565587808,"endEpochMs":1787565587821,"latencyMs":13}
CALIPER_TX_LATENCY {"workerIndex":1,"roundIndex":1,"roundLabel":"clients-2-read","transactionId":"92deb8bbdeef937f8dbf180ef7af86943b4741547222348297aa0b256765e6a5","status":"success","startEpochMs":1787565588809,"endEpochMs":1787565588821,"latencyMs":12}
CALIPER_TX_LATENCY {"workerIndex":0,"roundIndex":1,"roundLabel":"clients-2-read","transactionId":"e78c1f5ef243b1d3481531b1a407ddf9ef13e1d723398df2d41ccf6d91fb86f8","status":"success","startEpochMs":1787565588809,"endEpochMs":1787565588821,"latencyMs":12}
CALIPER_TX_LATENCY {"workerIndex":1,"roundIndex":1,"roundLabel":"clients-2-read","transactionId":"69d0c972d123b87245506481f10d48e50f2f0dffb3f5f3a2020da2ccd81676f9","status":"success","startEpochMs":1787565589809,"endEpochMs":1787565589828,"latencyMs":19}
CALIPER_TX_LATENCY {"workerIndex":0,"roundIndex":1,"roundLabel":"clients-2-read","transactionId":"763ce1ca7f2169e98915b46463f99c4b8f9d94554c9ae45a532be04b5579827e","status":"success","startEpochMs":1787565589808,"endEpochMs":1787565589829,"latencyMs":21}
2026.08.24-15:29:50.811[32m info [39m [caliper] [default-observer] 	[clients-2-read Round 1 Transaction Info] - Submitted: 80 Succ: 79 Fail:0 Unfinished:1
CALIPER_TX_LATENCY {"workerIndex":1,"roundIndex":1,"roundLabel":"clients-2-read","transactionId":"ae76f34bc1e66d2a72324440e69a3084b579bdce47699a2405ee8915a1867c92","status":"success","startEpochMs":1787565590810,"endEpochMs":1787565590823,"latencyMs":13}
CALIPER_TX_LATENCY {"workerIndex":0,"roundIndex":1,"roundLabel":"clients-2-read","transactionId":"bd78fa57eeeaa19b38007b4077c6c9e624119e8cc1c22784c561c3289a5ea917","status":"success","startEpochMs":1787565590810,"endEpochMs":1787565590823,"latencyMs":13}
CALIPER_TX_LATENCY {"workerIndex":0,"roundIndex":1,"roundLabel":"clients-2-read","transactionId":"b015f11d89608d312c3cacf19da193a5973a74428373d5e951e5e3e9659999dc","status":"success","startEpochMs":1787565591809,"endEpochMs":1787565591820,"latencyMs":11}
CALIPER_TX_LATENCY {"workerIndex":1,"roundIndex":1,"roundLabel":"clients-2-read","transactionId":"47ae66b52e9dba85676aeb8e61d9c713ec800727a42b8dc9a3d0454b47fdaee7","status":"success","startEpochMs":1787565591809,"endEpochMs":1787565591820,"latencyMs":11}
CALIPER_TX_LATENCY {"workerIndex":0,"roundIndex":1,"roundLabel":"clients-2-read","transactionId":"35bdd6c291dd655c0808b8857981f80393c1431bcfdb08925c4a24f7479fd248","status":"success","startEpochMs":1787565592810,"endEpochMs":1787565592827,"latencyMs":17}
CALIPER_TX_LATENCY {"workerIndex":1,"roundIndex":1,"roundLabel":"clients-2-read","transactionId":"f7c02c9ce816e484fa7155112067a44da9fa8eacae28445fb0da4d276d886f65","status":"success","startEpochMs":1787565592809,"endEpochMs":1787565592827,"latencyMs":18}
CALIPER_TX_LATENCY {"workerIndex":1,"roundIndex":1,"roundLabel":"clients-2-read","transactionId":"df8e26e943bf1d887085e8b72fc497b04eb616d6f2eb0f37ca3d10cd6a4a647c","status":"success","startEpochMs":1787565593808,"endEpochMs":1787565593819,"latencyMs":11}
CALIPER_TX_LATENCY {"workerIndex":0,"roundIndex":1,"roundLabel":"clients-2-read","transactionId":"3f539b875dccbe4791ecb5d5dffc004e6f9617eea031fb270bb3338ae1ebcc55","status":"success","startEpochMs":1787565593808,"endEpochMs":1787565593819,"latencyMs":11}
CALIPER_TX_LATENCY {"workerIndex":0,"roundIndex":1,"roundLabel":"clients-2-read","transactionId":"94d1138d2f853fb767fbcde5e9da8a6f2ea380603427758796b45381664f29e4","status":"success","startEpochMs":1787565594808,"endEpochMs":1787565594828,"latencyMs":20}
CALIPER_TX_LATENCY {"workerIndex":1,"roundIndex":1,"roundLabel":"clients-2-read","transactionId":"7162753784c7d036dff1e949a49a3b4f8d9f9b85cbb989075f71595ddaa3f94a","status":"success","startEpochMs":1787565594808,"endEpochMs":1787565594828,"latencyMs":20}
2026.08.24-15:29:55.812[32m info [39m [caliper] [default-observer] 	[clients-2-read Round 1 Transaction Info] - Submitted: 90 Succ: 89 Fail:0 Unfinished:1
CALIPER_TX_LATENCY {"workerIndex":0,"roundIndex":1,"roundLabel":"clients-2-read","transactionId":"b63c63556dd650200c286812c4098ba17cbc3c04759192171154421c82490a20","status":"success","startEpochMs":1787565595809,"endEpochMs":1787565595819,"latencyMs":10}
CALIPER_TX_LATENCY {"workerIndex":1,"roundIndex":1,"roundLabel":"clients-2-read","transactionId":"0c330d0b8ca786b53ef456b96a7f46ae3dc1957a3374ce12f1fd3da573c14190","status":"success","startEpochMs":1787565595808,"endEpochMs":1787565595819,"latencyMs":11}
2026.08.24-15:29:56.912[32m info [39m [caliper] [connectors/peer-gateway/PeerGateway] 	disconnecting gateway for user io.krishnan
2026.08.24-15:29:56.912[32m info [39m [caliper] [connectors/peer-gateway/PeerGateway] 	disconnecting gateway for user insp.rathore
2026.08.24-15:29:56.912[32m info [39m [caliper] [connectors/peer-gateway/PeerGateway] 	disconnecting gateway for user insp.singh
2026.08.24-15:29:56.912[32m info [39m [caliper] [connectors/peer-gateway/PeerGateway] 	disconnecting gateway for user const.verma
2026.08.24-15:29:56.912[32m info [39m [caliper] [connectors/peer-gateway/PeerGateway] 	disconnecting gateway for user insp.sharma
2026.08.24-15:29:56.912[32m info [39m [caliper] [connectors/peer-gateway/PeerGateway] 	disconnecting gateway for user _AuditMSP_aud.qureshi
2026.08.24-15:29:56.912[32m info [39m [caliper] [connectors/peer-gateway/PeerGateway] 	disconnecting gRpc client at peer PoliceMSP_localhost:7051
2026.08.24-15:29:56.912[32m info [39m [caliper] [connectors/peer-gateway/PeerGateway] 	disconnecting gRpc client at peer AuditMSP_localhost:11051
2026.08.24-15:29:56.912[32m info [39m [caliper] [worker-message-handler] 	Worker#0 finished Round#1
2026.08.24-15:29:56.913[32m info [39m [caliper] [connectors/peer-gateway/PeerGateway] 	disconnecting gateway for user io.krishnan
2026.08.24-15:29:56.913[32m info [39m [caliper] [connectors/peer-gateway/PeerGateway] 	disconnecting gateway for user insp.rathore
2026.08.24-15:29:56.913[32m info [39m [caliper] [connectors/peer-gateway/PeerGateway] 	disconnecting gateway for user insp.singh
2026.08.24-15:29:56.913[32m info [39m [caliper] [connectors/peer-gateway/PeerGateway] 	disconnecting gateway for user const.verma
2026.08.24-15:29:56.913[32m info [39m [caliper] [connectors/peer-gateway/PeerGateway] 	disconnecting gateway for user insp.sharma
2026.08.24-15:29:56.913[32m info [39m [caliper] [connectors/peer-gateway/PeerGateway] 	disconnecting gateway for user _AuditMSP_aud.qureshi
2026.08.24-15:29:56.913[32m info [39m [caliper] [connectors/peer-gateway/PeerGateway] 	disconnecting gRpc client at peer PoliceMSP_localhost:7051
2026.08.24-15:29:56.913[32m info [39m [caliper] [connectors/peer-gateway/PeerGateway] 	disconnecting gRpc client at peer AuditMSP_localhost:11051
2026.08.24-15:29:56.913[32m info [39m [caliper] [worker-message-handler] 	Worker#1 finished Round#1
2026.08.24-15:30:01.913[32m info [39m [caliper] [default-observer] 	Resetting txCount indicator count
2026.08.24-15:30:01.914[32m info [39m [caliper] [report-builder] 	### Test result ###
2026.08.24-15:30:01.916[32m info [39m [caliper] [report-builder] 	
+----------------+------+------+-----------------+-----------------+-----------------+-----------------+------------------+
| Name           | Succ | Fail | Send Rate (TPS) | Max Latency (s) | Min Latency (s) | Avg Latency (s) | Throughput (TPS) |
|----------------|------|------|-----------------|-----------------|-----------------|-----------------|------------------|
| clients-2-read | 92   | 0    | 2.0             | 0.03            | 0.01            | 0.01            | 2.0              |
+----------------+------+------+-----------------+-----------------+-----------------+-----------------+------------------+

2026.08.24-15:30:01.938[32m info [39m [caliper] [report-builder] 	### prometheus resource stats ###'
2026.08.24-15:30:01.940[32m info [39m [caliper] [report-builder] 	
+--------------------------------------------------+-------------------------------------------------------------------------------------------------------------------------------------------------------------------------------------------------------------------------------------------------------------------------------------------------+------------------------------------+---------+
| Metric                                           | Prometheus Query                                                                                                                                                                                                                                                                                | Name                               | Value   |
|--------------------------------------------------|-------------------------------------------------------------------------------------------------------------------------------------------------------------------------------------------------------------------------------------------------------------------------------------------------|------------------------------------|---------|
| Process resident memory (MiB, max)               | process_resident_memory_bytes{job=~"fabric-.*"}                                                                                                                                                                                                                                                 | orderer.example.com:9443           | 66.9    |
|--------------------------------------------------|-------------------------------------------------------------------------------------------------------------------------------------------------------------------------------------------------------------------------------------------------------------------------------------------------|------------------------------------|---------|
|                                                  |                                                                                                                                                                                                                                                                                                 | peer0.audit.example.com:9448       | 132     |
|--------------------------------------------------|-------------------------------------------------------------------------------------------------------------------------------------------------------------------------------------------------------------------------------------------------------------------------------------------------|------------------------------------|---------|
|                                                  |                                                                                                                                                                                                                                                                                                 | peer0.court.example.com:9447       | 133     |
|--------------------------------------------------|-------------------------------------------------------------------------------------------------------------------------------------------------------------------------------------------------------------------------------------------------------------------------------------------------|------------------------------------|---------|
|                                                  |                                                                                                                                                                                                                                                                                                 | peer0.forensics.example.com:9445   | 132     |
|--------------------------------------------------|-------------------------------------------------------------------------------------------------------------------------------------------------------------------------------------------------------------------------------------------------------------------------------------------------|------------------------------------|---------|
|                                                  |                                                                                                                                                                                                                                                                                                 | peer0.police.example.com:9444      | 137     |
|--------------------------------------------------|-------------------------------------------------------------------------------------------------------------------------------------------------------------------------------------------------------------------------------------------------------------------------------------------------|------------------------------------|---------|
|                                                  |                                                                                                                                                                                                                                                                                                 | peer0.prosecution.example.com:9446 | 128     |
|--------------------------------------------------|-------------------------------------------------------------------------------------------------------------------------------------------------------------------------------------------------------------------------------------------------------------------------------------------------|------------------------------------|---------|
| Process CPU rate (percent, max)                  | rate(process_cpu_seconds_total{job=~"fabric-.*"}[1m])                                                                                                                                                                                                                                           | orderer.example.com:9443           | 0.236   |
|--------------------------------------------------|-------------------------------------------------------------------------------------------------------------------------------------------------------------------------------------------------------------------------------------------------------------------------------------------------|------------------------------------|---------|
|                                                  |                                                                                                                                                                                                                                                                                                 | peer0.audit.example.com:9448       | 3.20    |
|--------------------------------------------------|-------------------------------------------------------------------------------------------------------------------------------------------------------------------------------------------------------------------------------------------------------------------------------------------------|------------------------------------|---------|
|                                                  |                                                                                                                                                                                                                                                                                                 | peer0.court.example.com:9447       | 3.16    |
|--------------------------------------------------|-------------------------------------------------------------------------------------------------------------------------------------------------------------------------------------------------------------------------------------------------------------------------------------------------|------------------------------------|---------|
|                                                  |                                                                                                                                                                                                                                                                                                 | peer0.forensics.example.com:9445   | 3.18    |
|--------------------------------------------------|-------------------------------------------------------------------------------------------------------------------------------------------------------------------------------------------------------------------------------------------------------------------------------------------------|------------------------------------|---------|
|                                                  |                                                                                                                                                                                                                                                                                                 | peer0.police.example.com:9444      | 3.76    |
|--------------------------------------------------|-------------------------------------------------------------------------------------------------------------------------------------------------------------------------------------------------------------------------------------------------------------------------------------------------|------------------------------------|---------|
|                                                  |                                                                                                                                                                                                                                                                                                 | peer0.prosecution.example.com:9446 | 3.09    |
|--------------------------------------------------|-------------------------------------------------------------------------------------------------------------------------------------------------------------------------------------------------------------------------------------------------------------------------------------------------|------------------------------------|---------|
| Crimerecords endorsement duration (seconds, avg) | sum by (instance) (rate(endorser_proposal_duration_sum{job=~"fabric-.*",channel="crimechannel",chaincode="crimerecords",success="true"}[1m])) / sum by (instance) (rate(endorser_proposal_duration_count{job=~"fabric-.*",channel="crimechannel",chaincode="crimerecords",success="true"}[1m])) | peer0.audit.example.com:9448       | NaN     |
|--------------------------------------------------|-------------------------------------------------------------------------------------------------------------------------------------------------------------------------------------------------------------------------------------------------------------------------------------------------|------------------------------------|---------|
|                                                  |                                                                                                                                                                                                                                                                                                 | peer0.court.example.com:9447       | NaN     |
|--------------------------------------------------|-------------------------------------------------------------------------------------------------------------------------------------------------------------------------------------------------------------------------------------------------------------------------------------------------|------------------------------------|---------|
|                                                  |                                                                                                                                                                                                                                                                                                 | peer0.forensics.example.com:9445   | NaN     |
|--------------------------------------------------|-------------------------------------------------------------------------------------------------------------------------------------------------------------------------------------------------------------------------------------------------------------------------------------------------|------------------------------------|---------|
|                                                  |                                                                                                                                                                                                                                                                                                 | peer0.police.example.com:9444      | 0.00748 |
|--------------------------------------------------|-------------------------------------------------------------------------------------------------------------------------------------------------------------------------------------------------------------------------------------------------------------------------------------------------|------------------------------------|---------|
|                                                  |                                                                                                                                                                                                                                                                                                 | peer0.prosecution.example.com:9446 | NaN     |
|--------------------------------------------------|-------------------------------------------------------------------------------------------------------------------------------------------------------------------------------------------------------------------------------------------------------------------------------------------------|------------------------------------|---------|
| Ledger height (blocks, max)                      | ledger_blockchain_height{job=~"fabric-.*",channel="crimechannel"}                                                                                                                                                                                                                               | orderer.example.com:9443           | 390     |
|--------------------------------------------------|-------------------------------------------------------------------------------------------------------------------------------------------------------------------------------------------------------------------------------------------------------------------------------------------------|------------------------------------|---------|
|                                                  |                                                                                                                                                                                                                                                                                                 | peer0.audit.example.com:9448       | 390     |
|--------------------------------------------------|-------------------------------------------------------------------------------------------------------------------------------------------------------------------------------------------------------------------------------------------------------------------------------------------------|------------------------------------|---------|
|                                                  |                                                                                                                                                                                                                                                                                                 | peer0.court.example.com:9447       | 390     |
|--------------------------------------------------|-------------------------------------------------------------------------------------------------------------------------------------------------------------------------------------------------------------------------------------------------------------------------------------------------|------------------------------------|---------|
|                                                  |                                                                                                                                                                                                                                                                                                 | peer0.forensics.example.com:9445   | 390     |
|--------------------------------------------------|-------------------------------------------------------------------------------------------------------------------------------------------------------------------------------------------------------------------------------------------------------------------------------------------------|------------------------------------|---------|
|                                                  |                                                                                                                                                                                                                                                                                                 | peer0.police.example.com:9444      | 390     |
|--------------------------------------------------|-------------------------------------------------------------------------------------------------------------------------------------------------------------------------------------------------------------------------------------------------------------------------------------------------|------------------------------------|---------|
|                                                  |                                                                                                                                                                                                                                                                                                 | peer0.prosecution.example.com:9446 | 390     |
+--------------------------------------------------+-------------------------------------------------------------------------------------------------------------------------------------------------------------------------------------------------------------------------------------------------------------------------------------------------+------------------------------------+---------+

2026.08.24-15:30:01.940[32m info [39m [caliper] [round-orchestrator] 	Finished round 2 (clients-2-read) in 45.104 seconds
2026.08.24-15:30:01.940[32m info [39m [caliper] [monitor.js] 	Stopping all monitors
2026.08.24-15:30:01.940[32m info [39m [caliper] [report-builder] 	### All test results ###
2026.08.24-15:30:01.941[32m info [39m [caliper] [report-builder] 	
+------------------+------+------+-----------------+-----------------+-----------------+-----------------+------------------+
| Name             | Succ | Fail | Send Rate (TPS) | Max Latency (s) | Min Latency (s) | Avg Latency (s) | Throughput (TPS) |
|------------------|------|------|-----------------|-----------------|-----------------|-----------------|------------------|
| clients-2-warmup | 22   | 0    | 2.2             | 0.06            | 0.01            | 0.02            | 2.2              |
|------------------|------|------|-----------------|-----------------|-----------------|-----------------|------------------|
| clients-2-read   | 92   | 0    | 2.0             | 0.03            | 0.01            | 0.01            | 2.0              |
+------------------+------+------+-----------------+-----------------+-----------------+-----------------+------------------+

2026.08.24-15:30:01.947[32m info [39m [caliper] [report-builder] 	Generated report with path /Users/venkatrayudu/Workspace/XAI workspace/crime-records-network/experiments/runs/2026-08-24T09-58-49-262Z_caliper_latency-clients-2/caliper-report.html
2026.08.24-15:30:01.948[32m info [39m [caliper] [monitor.js] 	Stopping all monitors
2026.08.24-15:30:01.948[32m info [39m [caliper] [worker-orchestrator] 	Sending exit message to connected workers
2026.08.24-15:30:01.948[32m info [39m [caliper] [round-orchestrator] 	Benchmark finished in 72.319 seconds. Total rounds: 2. Successful rounds: 2. Failed rounds: 0.
2026.08.24-15:30:01.948[32m info [39m [caliper] [caliper-engine] 	Skipping end command due to benchmark flow conditioning
2026.08.24-15:30:01.949[32m info [39m [caliper] [cli-launch-manager] 	Benchmark successfully finished!
2026.08.24-15:30:01.949[32m info [39m [caliper] [worker-message-handler] 	Worker#0 is exiting
2026.08.24-15:30:01.949[32m info [39m [caliper] [worker-message-handler] 	Worker#1 is exiting
