2026.08.24-14:51:50.885[32m info [39m [caliper] [cli-launch-manager] 	Set workspace path: /Users/venkatrayudu/Workspace/XAI workspace/crime-records-network/benchmarks/caliper
2026.08.24-14:51:50.886[32m info [39m [caliper] [cli-launch-manager] 	Set benchmark configuration path: /Users/venkatrayudu/Workspace/XAI workspace/crime-records-network/benchmarks/caliper/configs/read-performance.yaml
2026.08.24-14:51:50.886[32m info [39m [caliper] [cli-launch-manager] 	Set network configuration path: /Users/venkatrayudu/Workspace/XAI workspace/crime-records-network/benchmarks/caliper/generated/network-config.json
2026.08.24-14:51:50.886[32m info [39m [caliper] [cli-launch-manager] 	Set SUT type: fabric
2026.08.24-14:51:50.895[32m info [39m [caliper] [benchmark-validator] 	No observer specified, will default to `none`
2026.08.24-14:51:50.895[32m info [39m [caliper] [caliper-engine] 	Starting benchmark flow
2026.08.24-14:51:50.895[32m info [39m [caliper] [caliper-engine] 	Skipping start commands due to benchmark flow conditioning
2026.08.24-14:51:50.895[32m info [39m [caliper] [caliper-engine] 	Skipping initialization phase due to benchmark flow conditioning
2026.08.24-14:51:50.895[32m info [39m [caliper] [caliper-engine] 	Skipping install smart contract phase due to benchmark flow conditioning
2026.08.24-14:51:50.941[32m info [39m [caliper] [FabricConnectorFactory] 	Initializing peer gateway connector compatible with installed fabric-gateway SDK: 1.7.1
2026.08.24-14:51:50.948[32m info [39m [caliper] [IdentityManager] 	Adding io.krishnan (admin=false) as io.krishnan for organization PoliceMSP
2026.08.24-14:51:50.949[32m info [39m [caliper] [IdentityManager] 	Adding aud.qureshi (admin=false) as _AuditMSP_aud.qureshi for organization AuditMSP
2026.08.24-14:51:50.950[32m info [39m [caliper] [monitor.js] 	Attempting to create resource monitor of type docker
2026.08.24-14:51:50.950[32m info [39m [caliper] [monitor.js] 	Attempting to create resource monitor of type prometheus
2026.08.24-14:51:50.950[32m info [39m [caliper] [default-observer] 	Observer interval set to 5000 milliseconds
2026.08.24-14:51:50.952[32m info [39m [caliper] [round-orchestrator] 	Preparing worker connections
2026.08.24-14:51:50.952[32m info [39m [caliper] [worker-orchestrator] 	Launching worker 1 of 2
2026.08.24-14:51:50.953[32m info [39m [caliper] [worker-orchestrator] 	Launching worker 2 of 2
2026.08.24-14:51:50.954[32m info [39m [caliper] [worker-orchestrator] 	Messenger not configured, entering configure phase...
2026.08.24-14:51:50.954[32m info [39m [caliper] [worker-orchestrator] 	No existing workers detected, entering worker launch phase...
2026.08.24-14:51:50.954[32m info [39m [caliper] [worker-orchestrator] 	Waiting for 2 workers to be connected...
2026.08.24-14:51:51.061[32m info [39m [caliper] [cli-launch-worker] 	Set workspace path: /Users/venkatrayudu/Workspace/XAI workspace/crime-records-network/benchmarks/caliper
2026.08.24-14:51:51.061[32m info [39m [caliper] [cli-launch-worker] 	Set workspace path: /Users/venkatrayudu/Workspace/XAI workspace/crime-records-network/benchmarks/caliper
2026.08.24-14:51:51.062[32m info [39m [caliper] [cli-launch-worker] 	Set benchmark configuration path: /Users/venkatrayudu/Workspace/XAI workspace/crime-records-network/benchmarks/caliper/configs/read-performance.yaml
2026.08.24-14:51:51.062[32m info [39m [caliper] [cli-launch-worker] 	Set benchmark configuration path: /Users/venkatrayudu/Workspace/XAI workspace/crime-records-network/benchmarks/caliper/configs/read-performance.yaml
2026.08.24-14:51:51.062[32m info [39m [caliper] [cli-launch-worker] 	Set network configuration path: /Users/venkatrayudu/Workspace/XAI workspace/crime-records-network/benchmarks/caliper/generated/network-config.json
2026.08.24-14:51:51.062[32m info [39m [caliper] [cli-launch-worker] 	Set SUT type: fabric
2026.08.24-14:51:51.062[32m info [39m [caliper] [cli-launch-worker] 	Set network configuration path: /Users/venkatrayudu/Workspace/XAI workspace/crime-records-network/benchmarks/caliper/generated/network-config.json
2026.08.24-14:51:51.062[32m info [39m [caliper] [cli-launch-worker] 	Set SUT type: fabric
2026.08.24-14:51:51.077[32m info [39m [caliper] [worker-orchestrator] 	2 workers connected, progressing to worker assignment phase.
2026.08.24-14:51:51.077[32m info [39m [caliper] [worker-orchestrator] 	Workers currently unassigned, awaiting index assignment...
2026.08.24-14:51:51.077[32m info [39m [caliper] [worker-orchestrator] 	Waiting for 2 workers to be assigned...
2026.08.24-14:51:51.080[32m info [39m [caliper] [worker-orchestrator] 	2 workers assigned, progressing to worker initialization phase.
2026.08.24-14:51:51.080[32m info [39m [caliper] [worker-orchestrator] 	Waiting for 2 workers to be ready...
2026.08.24-14:51:51.081[32m info [39m [caliper] [worker-message-handler] 	Initializing Worker#1...
2026.08.24-14:51:51.081[32m info [39m [caliper] [worker-message-handler] 	Initializing Worker#0...
2026.08.24-14:51:51.126[32m info [39m [caliper] [FabricConnectorFactory] 	Initializing peer gateway connector compatible with installed fabric-gateway SDK: 1.7.1
2026.08.24-14:51:51.126[32m info [39m [caliper] [FabricConnectorFactory] 	Initializing peer gateway connector compatible with installed fabric-gateway SDK: 1.7.1
2026.08.24-14:51:51.128[32m info [39m [caliper] [IdentityManager] 	Adding io.krishnan (admin=false) as io.krishnan for organization PoliceMSP
2026.08.24-14:51:51.128[32m info [39m [caliper] [IdentityManager] 	Adding io.krishnan (admin=false) as io.krishnan for organization PoliceMSP
2026.08.24-14:51:51.129[32m info [39m [caliper] [IdentityManager] 	Adding aud.qureshi (admin=false) as _AuditMSP_aud.qureshi for organization AuditMSP
2026.08.24-14:51:51.129[32m info [39m [caliper] [IdentityManager] 	Adding aud.qureshi (admin=false) as _AuditMSP_aud.qureshi for organization AuditMSP
2026.08.24-14:51:51.130[32m info [39m [caliper] [worker-message-handler] 	Worker#0 initialized
2026.08.24-14:51:51.131[32m info [39m [caliper] [worker-message-handler] 	Worker#1 initialized
2026.08.24-14:51:51.131[32m info [39m [caliper] [worker-orchestrator] 	2 workers ready, progressing to test preparation phase.
2026.08.24-14:51:51.131[32m info [39m [caliper] [round-orchestrator] 	Started round 1 (read-warmup-2-tps)
2026.08.24-14:51:51.132[32m info [39m [caliper] [worker-message-handler] 	Preparing Worker#0 for Round#0
2026.08.24-14:51:51.132[32m info [39m [caliper] [worker-message-handler] 	Preparing Worker#1 for Round#0
2026.08.24-14:51:51.140[32m info [39m [caliper] [connectors/peer-gateway/PeerGateway] 	Generating contract map for user io.krishnan
2026.08.24-14:51:51.141[32m info [39m [caliper] [connectors/peer-gateway/PeerGateway] 	Generating contract map for user io.krishnan
2026.08.24-14:51:51.143[32m info [39m [caliper] [connectors/peer-gateway/PeerGateway] 	Generating contract map for user _AuditMSP_aud.qureshi
2026.08.24-14:51:51.143[32m info [39m [caliper] [caliper-worker] 	Info: worker 1 prepare test phase for round 0 is starting...
2026.08.24-14:51:51.143[32m info [39m [caliper] [connectors/peer-gateway/PeerGateway] 	Generating contract map for user _AuditMSP_aud.qureshi
2026.08.24-14:51:51.143[32m info [39m [caliper] [caliper-worker] 	Info: worker 0 prepare test phase for round 0 is starting...
2026.08.24-14:51:51.144[32m info [39m [caliper] [connectors/peer-gateway/PeerGateway] 	disconnecting gateway for user io.krishnan
2026.08.24-14:51:51.144[32m info [39m [caliper] [connectors/peer-gateway/PeerGateway] 	disconnecting gateway for user _AuditMSP_aud.qureshi
2026.08.24-14:51:51.144[32m info [39m [caliper] [connectors/peer-gateway/PeerGateway] 	disconnecting gRpc client at peer PoliceMSP_localhost:7051
2026.08.24-14:51:51.145[32m info [39m [caliper] [connectors/peer-gateway/PeerGateway] 	disconnecting gateway for user io.krishnan
2026.08.24-14:51:51.145[32m info [39m [caliper] [connectors/peer-gateway/PeerGateway] 	disconnecting gateway for user _AuditMSP_aud.qureshi
2026.08.24-14:51:51.145[32m info [39m [caliper] [connectors/peer-gateway/PeerGateway] 	disconnecting gRpc client at peer PoliceMSP_localhost:7051
2026.08.24-14:51:51.145[32m info [39m [caliper] [connectors/peer-gateway/PeerGateway] 	disconnecting gRpc client at peer AuditMSP_localhost:11051
2026.08.24-14:51:51.145[32m info [39m [caliper] [caliper-worker] 	Info: worker 1 prepare test phase for round 0 is completed
2026.08.24-14:51:51.145[32m info [39m [caliper] [worker-message-handler] 	Worker#1 prepared for Round#0
2026.08.24-14:51:51.145[32m info [39m [caliper] [connectors/peer-gateway/PeerGateway] 	disconnecting gRpc client at peer AuditMSP_localhost:11051
2026.08.24-14:51:51.145[32m info [39m [caliper] [caliper-worker] 	Info: worker 0 prepare test phase for round 0 is completed
2026.08.24-14:51:51.145[32m info [39m [caliper] [worker-message-handler] 	Worker#0 prepared for Round#0
2026.08.24-14:51:51.145[32m info [39m [caliper] [worker-orchestrator] 	2 workers prepared, progressing to test phase.
2026.08.24-14:51:53.314[31m error[39m [caliper] [monitor-docker] 	Error reading monitor statistics: TypeError: Cannot read properties of null (reading 'length')
2026.08.24-14:51:53.315[32m info [39m [caliper] [round-orchestrator] 	Monitors successfully started
2026.08.24-14:51:53.315[32m info [39m [caliper] [worker-message-handler] 	Worker#0 is starting Round#0
2026.08.24-14:51:53.316[32m info [39m [caliper] [worker-message-handler] 	Worker#1 is starting Round#0
2026.08.24-14:51:53.319[32m info [39m [caliper] [connectors/peer-gateway/PeerGateway] 	Generating contract map for user io.krishnan
2026.08.24-14:51:53.319[32m info [39m [caliper] [connectors/peer-gateway/PeerGateway] 	Generating contract map for user io.krishnan
2026.08.24-14:51:53.321[32m info [39m [caliper] [connectors/peer-gateway/PeerGateway] 	Generating contract map for user _AuditMSP_aud.qureshi
2026.08.24-14:51:53.321[32m info [39m [caliper] [connectors/peer-gateway/PeerGateway] 	Generating contract map for user _AuditMSP_aud.qureshi
2026.08.24-14:51:53.322[32m info [39m [caliper] [caliper-worker] 	Worker #1 starting workload loop
2026.08.24-14:51:53.323[32m info [39m [caliper] [caliper-worker] 	Worker #0 starting workload loop
2026.08.24-14:51:56.160[32m info [39m [caliper] [default-observer] 	[read-warmup-2-tps Round 0 Transaction Info] - Submitted: 4 Succ: 4 Fail:0 Unfinished:0
2026.08.24-14:51:56.427[31m error[39m [caliper] [monitor-docker] 	Error reading monitor statistics: TypeError: Cannot read properties of null (reading 'length')
2026.08.24-14:51:58.532[31m error[39m [caliper] [monitor-docker] 	Error reading monitor statistics: TypeError: Cannot read properties of null (reading 'length')
2026.08.24-14:52:00.630[31m error[39m [caliper] [monitor-docker] 	Error reading monitor statistics: TypeError: Cannot read properties of null (reading 'length')
2026.08.24-14:52:01.148[32m info [39m [caliper] [default-observer] 	[read-warmup-2-tps Round 0 Transaction Info] - Submitted: 16 Succ: 14 Fail:0 Unfinished:2
2026.08.24-14:52:02.734[31m error[39m [caliper] [monitor-docker] 	Error reading monitor statistics: TypeError: Cannot read properties of null (reading 'length')
2026.08.24-14:52:04.829[31m error[39m [caliper] [monitor-docker] 	Error reading monitor statistics: TypeError: Cannot read properties of null (reading 'length')
2026.08.24-14:52:06.149[32m info [39m [caliper] [default-observer] 	[read-warmup-2-tps Round 0 Transaction Info] - Submitted: 26 Succ: 24 Fail:0 Unfinished:2
2026.08.24-14:52:06.926[31m error[39m [caliper] [monitor-docker] 	Error reading monitor statistics: TypeError: Cannot read properties of null (reading 'length')
2026.08.24-14:52:09.019[31m error[39m [caliper] [monitor-docker] 	Error reading monitor statistics: TypeError: Cannot read properties of null (reading 'length')
2026.08.24-14:52:09.429[32m info [39m [caliper] [connectors/peer-gateway/PeerGateway] 	disconnecting gateway for user io.krishnan
2026.08.24-14:52:09.429[32m info [39m [caliper] [connectors/peer-gateway/PeerGateway] 	disconnecting gateway for user io.krishnan
2026.08.24-14:52:09.429[32m info [39m [caliper] [connectors/peer-gateway/PeerGateway] 	disconnecting gateway for user _AuditMSP_aud.qureshi
2026.08.24-14:52:09.429[32m info [39m [caliper] [connectors/peer-gateway/PeerGateway] 	disconnecting gRpc client at peer PoliceMSP_localhost:7051
2026.08.24-14:52:09.429[32m info [39m [caliper] [connectors/peer-gateway/PeerGateway] 	disconnecting gateway for user _AuditMSP_aud.qureshi
2026.08.24-14:52:09.429[32m info [39m [caliper] [connectors/peer-gateway/PeerGateway] 	disconnecting gRpc client at peer PoliceMSP_localhost:7051
2026.08.24-14:52:09.430[32m info [39m [caliper] [connectors/peer-gateway/PeerGateway] 	disconnecting gRpc client at peer AuditMSP_localhost:11051
2026.08.24-14:52:09.430[32m info [39m [caliper] [connectors/peer-gateway/PeerGateway] 	disconnecting gRpc client at peer AuditMSP_localhost:11051
2026.08.24-14:52:09.430[32m info [39m [caliper] [worker-message-handler] 	Worker#0 finished Round#0
2026.08.24-14:52:09.430[32m info [39m [caliper] [worker-message-handler] 	Worker#1 finished Round#0
2026.08.24-14:52:11.094[31m error[39m [caliper] [monitor-docker] 	Error reading monitor statistics: TypeError: Cannot read properties of null (reading 'length')
2026.08.24-14:52:13.194[31m error[39m [caliper] [monitor-docker] 	Error reading monitor statistics: TypeError: Cannot read properties of null (reading 'length')
2026.08.24-14:52:14.435[32m info [39m [caliper] [default-observer] 	Resetting txCount indicator count
2026.08.24-14:52:14.436[32m info [39m [caliper] [report-builder] 	### Test result ###
2026.08.24-14:52:14.442[32m info [39m [caliper] [report-builder] 	
+-------------------+------+------+-----------------+-----------------+-----------------+-----------------+------------------+
| Name              | Succ | Fail | Send Rate (TPS) | Max Latency (s) | Min Latency (s) | Avg Latency (s) | Throughput (TPS) |
|-------------------|------|------|-----------------|-----------------|-----------------|-----------------|------------------|
| read-warmup-2-tps | 32   | 0    | 2.1             | 0.07            | 0.01            | 0.02            | 2.1              |
+-------------------+------+------+-----------------+-----------------+-----------------+-----------------+------------------+

2026.08.24-14:52:14.447[32m info [39m [caliper] [report-builder] 	### docker resource stats ###'
2026.08.24-14:52:14.451[32m info [39m [caliper] [report-builder] 	
+----------------------------------------------------------------------------------------------------------------------+-----------+-----------+------------------+------------------+-----------------+------------------+-----------------+---------------+
| Name                                                                                                                 | CPU%(max) | CPU%(avg) | Memory(max) [MB] | Memory(avg) [MB] | Traffic In [KB] | Traffic Out [KB] | Disc Write [KB] | Disc Read [B] |
|----------------------------------------------------------------------------------------------------------------------|-----------|-----------|------------------|------------------|-----------------|------------------|-----------------|---------------|
| /caliper-prometheus                                                                                                  | 0.0175    | 0.008125  | 41.4             | 41.4             | 250             | 14.8             | 52.0            | 0.00          |
|----------------------------------------------------------------------------------------------------------------------|-----------|-----------|------------------|------------------|-----------------|------------------|-----------------|---------------|
| /dev-peer0.forensics.example.com-crimerecords_2.3-97784f7fb69353014f85563171b6ed3e2b9c6a32f1c765c7e59f0979532de512   | 0         | 0         | 52.6             | 52.6             | 0.272           | 0.272            | 0.00            | 0.00          |
|----------------------------------------------------------------------------------------------------------------------|-----------|-----------|------------------|------------------|-----------------|------------------|-----------------|---------------|
| /dev-peer0.police.example.com-crimerecords_2.3-97784f7fb69353014f85563171b6ed3e2b9c6a32f1c765c7e59f0979532de512      | 0.015625  | 0.006875  | 54.0             | 53.8             | 88.8            | 37.1             | 0.00            | 0.00          |
|----------------------------------------------------------------------------------------------------------------------|-----------|-----------|------------------|------------------|-----------------|------------------|-----------------|---------------|
| /dev-peer0.prosecution.example.com-crimerecords_2.3-97784f7fb69353014f85563171b6ed3e2b9c6a32f1c765c7e59f0979532de512 | 0.000625  | 0         | 53.4             | 53.4             | 0.272           | 0.272            | 0.00            | 0.00          |
|----------------------------------------------------------------------------------------------------------------------|-----------|-----------|------------------|------------------|-----------------|------------------|-----------------|---------------|
| /dev-peer0.audit.example.com-crimerecords_2.3-97784f7fb69353014f85563171b6ed3e2b9c6a32f1c765c7e59f0979532de512       | 0         | 0         | 53.2             | 53.2             | 0.231           | 0.231            | 0.00            | 0.00          |
|----------------------------------------------------------------------------------------------------------------------|-----------|-----------|------------------|------------------|-----------------|------------------|-----------------|---------------|
| /dev-peer0.court.example.com-crimerecords_2.3-97784f7fb69353014f85563171b6ed3e2b9c6a32f1c765c7e59f0979532de512       | 0         | 0         | 52.5             | 52.5             | 0.272           | 0.272            | 0.00            | 0.00          |
|----------------------------------------------------------------------------------------------------------------------|-----------|-----------|------------------|------------------|-----------------|------------------|-----------------|---------------|
| /peer0.audit.example.com                                                                                             | 0.020625  | 0.014375  | 82.3             | 82.3             | 63.6            | 107              | 0.00            | 0.00          |
|----------------------------------------------------------------------------------------------------------------------|-----------|-----------|------------------|------------------|-----------------|------------------|-----------------|---------------|
| /peer0.court.example.com                                                                                             | 0.019375  | 0.014375  | 80.0             | 80.0             | 60.1            | 100              | 0.00            | 0.00          |
|----------------------------------------------------------------------------------------------------------------------|-----------|-----------|------------------|------------------|-----------------|------------------|-----------------|---------------|
| /peer0.prosecution.example.com                                                                                       | 0.021875  | 0.014375  | 75.3             | 75.3             | 62.6            | 107              | 0.00            | 0.00          |
|----------------------------------------------------------------------------------------------------------------------|-----------|-----------|------------------|------------------|-----------------|------------------|-----------------|---------------|
| /peer0.police.example.com                                                                                            | 0.033125  | 0.01875   | 81.8             | 81.6             | 172             | 237              | 0.00            | 0.00          |
|----------------------------------------------------------------------------------------------------------------------|-----------|-----------|------------------|------------------|-----------------|------------------|-----------------|---------------|
| /peer0.forensics.example.com                                                                                         | 0.02375   | 0.014375  | 81.4             | 81.4             | 63.9            | 108              | 0.00            | 0.00          |
|----------------------------------------------------------------------------------------------------------------------|-----------|-----------|------------------|------------------|-----------------|------------------|-----------------|---------------|
| /couchdb-audit                                                                                                       | 0.015     | 0.008125  | 64.7             | 64.5             | 0.00            | 0.00             | 0.00            | 0.00          |
|----------------------------------------------------------------------------------------------------------------------|-----------|-----------|------------------|------------------|-----------------|------------------|-----------------|---------------|
| /couchdb-court                                                                                                       | 0.01875   | 0.00875   | 65.8             | 64.6             | 0.00            | 0.00             | 0.00            | 0.00          |
|----------------------------------------------------------------------------------------------------------------------|-----------|-----------|------------------|------------------|-----------------|------------------|-----------------|---------------|
| /couchdb-prosecution                                                                                                 | 0.015     | 0.009375  | 64.9             | 64.9             | 0.00            | 0.00             | 0.00            | 0.00          |
|----------------------------------------------------------------------------------------------------------------------|-----------|-----------|------------------|------------------|-----------------|------------------|-----------------|---------------|
| /couchdb-forensics                                                                                                   | 0.018125  | 0.01      | 65.6             | 65.6             | 0.00            | 0.00             | 0.00            | 0.00          |
|----------------------------------------------------------------------------------------------------------------------|-----------|-----------|------------------|------------------|-----------------|------------------|-----------------|---------------|
| /couchdb-police                                                                                                      | 0.015     | 0.009375  | 68.9             | 67.1             | 0.00            | 0.00             | 0.00            | 0.00          |
|----------------------------------------------------------------------------------------------------------------------|-----------|-----------|------------------|------------------|-----------------|------------------|-----------------|---------------|
| /orderer.example.com                                                                                                 | 0.003125  | 0.00125   | 22.2             | 22.1             | 2.71            | 19.6             | 0.00            | 0.00          |
|----------------------------------------------------------------------------------------------------------------------|-----------|-----------|------------------|------------------|-----------------|------------------|-----------------|---------------|
| /ca_police                                                                                                           | 0         | 0         | 9.37             | 9.37             | 0.00            | 0.00             | -               | -             |
|----------------------------------------------------------------------------------------------------------------------|-----------|-----------|------------------|------------------|-----------------|------------------|-----------------|---------------|
| /ca_forensics                                                                                                        | NaN       | NaN       | -                | -                | -               | -                | -               | -             |
|----------------------------------------------------------------------------------------------------------------------|-----------|-----------|------------------|------------------|-----------------|------------------|-----------------|---------------|
| /ca_orderer                                                                                                          | NaN       | NaN       | -                | -                | -               | -                | -               | -             |
|----------------------------------------------------------------------------------------------------------------------|-----------|-----------|------------------|------------------|-----------------|------------------|-----------------|---------------|
| /ca_court                                                                                                            | NaN       | NaN       | -                | -                | -               | -                | -               | -             |
|----------------------------------------------------------------------------------------------------------------------|-----------|-----------|------------------|------------------|-----------------|------------------|-----------------|---------------|
| /ca_audit                                                                                                            | NaN       | NaN       | -                | -                | -               | -                | -               | -             |
|----------------------------------------------------------------------------------------------------------------------|-----------|-----------|------------------|------------------|-----------------|------------------|-----------------|---------------|
| /ca_prosecution                                                                                                      | NaN       | NaN       | -                | -                | -               | -                | -               | -             |
+----------------------------------------------------------------------------------------------------------------------+-----------+-----------+------------------+------------------+-----------------+------------------+-----------------+---------------+

2026.08.24-14:52:14.469[32m info [39m [caliper] [report-builder] 	### prometheus resource stats ###'
2026.08.24-14:52:14.470[32m info [39m [caliper] [report-builder] 	
+--------------------------------------------------+-------------------------------------------------------------------------------------------------------------------------------------------------------------------------------------------------------------------------------------------------------------------------------------------------+------------------------------------+-------+
| Metric                                           | Prometheus Query                                                                                                                                                                                                                                                                                | Name                               | Value |
|--------------------------------------------------|-------------------------------------------------------------------------------------------------------------------------------------------------------------------------------------------------------------------------------------------------------------------------------------------------|------------------------------------|-------|
| Process resident memory (MiB, max)               | process_resident_memory_bytes{job=~"fabric-.*"}                                                                                                                                                                                                                                                 | orderer.example.com:9443           | 43.1  |
|--------------------------------------------------|-------------------------------------------------------------------------------------------------------------------------------------------------------------------------------------------------------------------------------------------------------------------------------------------------|------------------------------------|-------|
|                                                  |                                                                                                                                                                                                                                                                                                 | peer0.audit.example.com:9448       | 114   |
|--------------------------------------------------|-------------------------------------------------------------------------------------------------------------------------------------------------------------------------------------------------------------------------------------------------------------------------------------------------|------------------------------------|-------|
|                                                  |                                                                                                                                                                                                                                                                                                 | peer0.court.example.com:9447       | 111   |
|--------------------------------------------------|-------------------------------------------------------------------------------------------------------------------------------------------------------------------------------------------------------------------------------------------------------------------------------------------------|------------------------------------|-------|
|                                                  |                                                                                                                                                                                                                                                                                                 | peer0.forensics.example.com:9445   | 113   |
|--------------------------------------------------|-------------------------------------------------------------------------------------------------------------------------------------------------------------------------------------------------------------------------------------------------------------------------------------------------|------------------------------------|-------|
|                                                  |                                                                                                                                                                                                                                                                                                 | peer0.police.example.com:9444      | 113   |
|--------------------------------------------------|-------------------------------------------------------------------------------------------------------------------------------------------------------------------------------------------------------------------------------------------------------------------------------------------------|------------------------------------|-------|
|                                                  |                                                                                                                                                                                                                                                                                                 | peer0.prosecution.example.com:9446 | 106   |
|--------------------------------------------------|-------------------------------------------------------------------------------------------------------------------------------------------------------------------------------------------------------------------------------------------------------------------------------------------------|------------------------------------|-------|
| Process CPU rate (percent, max)                  | rate(process_cpu_seconds_total{job=~"fabric-.*"}[1m])                                                                                                                                                                                                                                           | orderer.example.com:9443           | 0.218 |
|--------------------------------------------------|-------------------------------------------------------------------------------------------------------------------------------------------------------------------------------------------------------------------------------------------------------------------------------------------------|------------------------------------|-------|
|                                                  |                                                                                                                                                                                                                                                                                                 | peer0.audit.example.com:9448       | 2.75  |
|--------------------------------------------------|-------------------------------------------------------------------------------------------------------------------------------------------------------------------------------------------------------------------------------------------------------------------------------------------------|------------------------------------|-------|
|                                                  |                                                                                                                                                                                                                                                                                                 | peer0.court.example.com:9447       | 2.62  |
|--------------------------------------------------|-------------------------------------------------------------------------------------------------------------------------------------------------------------------------------------------------------------------------------------------------------------------------------------------------|------------------------------------|-------|
|                                                  |                                                                                                                                                                                                                                                                                                 | peer0.forensics.example.com:9445   | 2.65  |
|--------------------------------------------------|-------------------------------------------------------------------------------------------------------------------------------------------------------------------------------------------------------------------------------------------------------------------------------------------------|------------------------------------|-------|
|                                                  |                                                                                                                                                                                                                                                                                                 | peer0.police.example.com:9444      | 2.95  |
|--------------------------------------------------|-------------------------------------------------------------------------------------------------------------------------------------------------------------------------------------------------------------------------------------------------------------------------------------------------|------------------------------------|-------|
|                                                  |                                                                                                                                                                                                                                                                                                 | peer0.prosecution.example.com:9446 | 2.78  |
|--------------------------------------------------|-------------------------------------------------------------------------------------------------------------------------------------------------------------------------------------------------------------------------------------------------------------------------------------------------|------------------------------------|-------|
| Crimerecords endorsement duration (seconds, avg) | sum by (instance) (rate(endorser_proposal_duration_sum{job=~"fabric-.*",channel="crimechannel",chaincode="crimerecords",success="true"}[1m])) / sum by (instance) (rate(endorser_proposal_duration_count{job=~"fabric-.*",channel="crimechannel",chaincode="crimerecords",success="true"}[1m])) | peer0.audit.example.com:9448       | NaN   |
|--------------------------------------------------|-------------------------------------------------------------------------------------------------------------------------------------------------------------------------------------------------------------------------------------------------------------------------------------------------|------------------------------------|-------|
|                                                  |                                                                                                                                                                                                                                                                                                 | peer0.court.example.com:9447       | NaN   |
|--------------------------------------------------|-------------------------------------------------------------------------------------------------------------------------------------------------------------------------------------------------------------------------------------------------------------------------------------------------|------------------------------------|-------|
|                                                  |                                                                                                                                                                                                                                                                                                 | peer0.forensics.example.com:9445   | NaN   |
|--------------------------------------------------|-------------------------------------------------------------------------------------------------------------------------------------------------------------------------------------------------------------------------------------------------------------------------------------------------|------------------------------------|-------|
|                                                  |                                                                                                                                                                                                                                                                                                 | peer0.police.example.com:9444      | NaN   |
|--------------------------------------------------|-------------------------------------------------------------------------------------------------------------------------------------------------------------------------------------------------------------------------------------------------------------------------------------------------|------------------------------------|-------|
|                                                  |                                                                                                                                                                                                                                                                                                 | peer0.prosecution.example.com:9446 | NaN   |
|--------------------------------------------------|-------------------------------------------------------------------------------------------------------------------------------------------------------------------------------------------------------------------------------------------------------------------------------------------------|------------------------------------|-------|
| Ledger height (blocks, max)                      | ledger_blockchain_height{job=~"fabric-.*",channel="crimechannel"}                                                                                                                                                                                                                               | orderer.example.com:9443           | 39.0  |
|--------------------------------------------------|-------------------------------------------------------------------------------------------------------------------------------------------------------------------------------------------------------------------------------------------------------------------------------------------------|------------------------------------|-------|
|                                                  |                                                                                                                                                                                                                                                                                                 | peer0.audit.example.com:9448       | 39.0  |
|--------------------------------------------------|-------------------------------------------------------------------------------------------------------------------------------------------------------------------------------------------------------------------------------------------------------------------------------------------------|------------------------------------|-------|
|                                                  |                                                                                                                                                                                                                                                                                                 | peer0.court.example.com:9447       | 39.0  |
|--------------------------------------------------|-------------------------------------------------------------------------------------------------------------------------------------------------------------------------------------------------------------------------------------------------------------------------------------------------|------------------------------------|-------|
|                                                  |                                                                                                                                                                                                                                                                                                 | peer0.forensics.example.com:9445   | 39.0  |
|--------------------------------------------------|-------------------------------------------------------------------------------------------------------------------------------------------------------------------------------------------------------------------------------------------------------------------------------------------------|------------------------------------|-------|
|                                                  |                                                                                                                                                                                                                                                                                                 | peer0.police.example.com:9444      | 39.0  |
|--------------------------------------------------|-------------------------------------------------------------------------------------------------------------------------------------------------------------------------------------------------------------------------------------------------------------------------------------------------|------------------------------------|-------|
|                                                  |                                                                                                                                                                                                                                                                                                 | peer0.prosecution.example.com:9446 | 39.0  |
+--------------------------------------------------+-------------------------------------------------------------------------------------------------------------------------------------------------------------------------------------------------------------------------------------------------------------------------------------------------+------------------------------------+-------+

2026.08.24-14:52:14.470[32m info [39m [caliper] [round-orchestrator] 	Finished round 1 (read-warmup-2-tps) in 15.105 seconds
2026.08.24-14:52:14.471[32m info [39m [caliper] [monitor.js] 	Stopping all monitors
2026.08.24-14:52:14.572[32m info [39m [caliper] [round-orchestrator] 	Waiting 5 seconds for the next round...
2026.08.24-14:52:19.574[32m info [39m [caliper] [round-orchestrator] 	Started round 2 (read-measurement-10-tps)
2026.08.24-14:52:19.575[32m info [39m [caliper] [worker-message-handler] 	Preparing Worker#1 for Round#1
2026.08.24-14:52:19.575[32m info [39m [caliper] [worker-message-handler] 	Preparing Worker#0 for Round#1
2026.08.24-14:52:19.579[32m info [39m [caliper] [connectors/peer-gateway/PeerGateway] 	Generating contract map for user io.krishnan
2026.08.24-14:52:19.579[32m info [39m [caliper] [connectors/peer-gateway/PeerGateway] 	Generating contract map for user io.krishnan
2026.08.24-14:52:19.581[32m info [39m [caliper] [connectors/peer-gateway/PeerGateway] 	Generating contract map for user _AuditMSP_aud.qureshi
2026.08.24-14:52:19.582[32m info [39m [caliper] [connectors/peer-gateway/PeerGateway] 	Generating contract map for user _AuditMSP_aud.qureshi
2026.08.24-14:52:19.582[32m info [39m [caliper] [caliper-worker] 	Info: worker 1 prepare test phase for round 1 is starting...
2026.08.24-14:52:19.582[32m info [39m [caliper] [caliper-worker] 	Info: worker 0 prepare test phase for round 1 is starting...
2026.08.24-14:52:19.583[32m info [39m [caliper] [connectors/peer-gateway/PeerGateway] 	disconnecting gateway for user io.krishnan
2026.08.24-14:52:19.583[32m info [39m [caliper] [connectors/peer-gateway/PeerGateway] 	disconnecting gateway for user io.krishnan
2026.08.24-14:52:19.583[32m info [39m [caliper] [connectors/peer-gateway/PeerGateway] 	disconnecting gateway for user _AuditMSP_aud.qureshi
2026.08.24-14:52:19.583[32m info [39m [caliper] [connectors/peer-gateway/PeerGateway] 	disconnecting gateway for user _AuditMSP_aud.qureshi
2026.08.24-14:52:19.583[32m info [39m [caliper] [connectors/peer-gateway/PeerGateway] 	disconnecting gRpc client at peer PoliceMSP_localhost:7051
2026.08.24-14:52:19.583[32m info [39m [caliper] [connectors/peer-gateway/PeerGateway] 	disconnecting gRpc client at peer PoliceMSP_localhost:7051
2026.08.24-14:52:19.583[32m info [39m [caliper] [connectors/peer-gateway/PeerGateway] 	disconnecting gRpc client at peer AuditMSP_localhost:11051
2026.08.24-14:52:19.583[32m info [39m [caliper] [connectors/peer-gateway/PeerGateway] 	disconnecting gRpc client at peer AuditMSP_localhost:11051
2026.08.24-14:52:19.583[32m info [39m [caliper] [caliper-worker] 	Info: worker 0 prepare test phase for round 1 is completed
2026.08.24-14:52:19.583[32m info [39m [caliper] [caliper-worker] 	Info: worker 1 prepare test phase for round 1 is completed
2026.08.24-14:52:19.584[32m info [39m [caliper] [worker-message-handler] 	Worker#0 prepared for Round#1
2026.08.24-14:52:19.584[32m info [39m [caliper] [worker-message-handler] 	Worker#1 prepared for Round#1
2026.08.24-14:52:19.584[32m info [39m [caliper] [worker-orchestrator] 	2 workers prepared, progressing to test phase.
2026.08.24-14:52:21.751[31m error[39m [caliper] [monitor-docker] 	Error reading monitor statistics: TypeError: Cannot read properties of null (reading 'length')
2026.08.24-14:52:21.751[32m info [39m [caliper] [round-orchestrator] 	Monitors successfully started
2026.08.24-14:52:21.752[32m info [39m [caliper] [worker-message-handler] 	Worker#0 is starting Round#1
2026.08.24-14:52:21.752[32m info [39m [caliper] [worker-message-handler] 	Worker#1 is starting Round#1
2026.08.24-14:52:21.755[32m info [39m [caliper] [connectors/peer-gateway/PeerGateway] 	Generating contract map for user io.krishnan
2026.08.24-14:52:21.755[32m info [39m [caliper] [connectors/peer-gateway/PeerGateway] 	Generating contract map for user io.krishnan
2026.08.24-14:52:21.757[32m info [39m [caliper] [connectors/peer-gateway/PeerGateway] 	Generating contract map for user _AuditMSP_aud.qureshi
2026.08.24-14:52:21.757[32m info [39m [caliper] [connectors/peer-gateway/PeerGateway] 	Generating contract map for user _AuditMSP_aud.qureshi
2026.08.24-14:52:21.758[32m info [39m [caliper] [caliper-worker] 	Worker #1 starting workload loop
2026.08.24-14:52:21.758[32m info [39m [caliper] [caliper-worker] 	Worker #0 starting workload loop
2026.08.24-14:52:24.586[32m info [39m [caliper] [default-observer] 	[read-measurement-10-tps Round 1 Transaction Info] - Submitted: 20 Succ: 20 Fail:0 Unfinished:0
2026.08.24-14:52:24.862[31m error[39m [caliper] [monitor-docker] 	Error reading monitor statistics: TypeError: Cannot read properties of null (reading 'length')
2026.08.24-14:52:26.956[31m error[39m [caliper] [monitor-docker] 	Error reading monitor statistics: TypeError: Cannot read properties of null (reading 'length')
2026.08.24-14:52:29.058[31m error[39m [caliper] [monitor-docker] 	Error reading monitor statistics: TypeError: Cannot read properties of null (reading 'length')
2026.08.24-14:52:29.587[32m info [39m [caliper] [default-observer] 	[read-measurement-10-tps Round 1 Transaction Info] - Submitted: 72 Succ: 70 Fail:0 Unfinished:2
2026.08.24-14:52:31.152[31m error[39m [caliper] [monitor-docker] 	Error reading monitor statistics: TypeError: Cannot read properties of null (reading 'length')
2026.08.24-14:52:33.254[31m error[39m [caliper] [monitor-docker] 	Error reading monitor statistics: TypeError: Cannot read properties of null (reading 'length')
2026.08.24-14:52:34.588[32m info [39m [caliper] [default-observer] 	[read-measurement-10-tps Round 1 Transaction Info] - Submitted: 122 Succ: 120 Fail:0 Unfinished:2
2026.08.24-14:52:35.360[31m error[39m [caliper] [monitor-docker] 	Error reading monitor statistics: TypeError: Cannot read properties of null (reading 'length')
2026.08.24-14:52:37.463[31m error[39m [caliper] [monitor-docker] 	Error reading monitor statistics: TypeError: Cannot read properties of null (reading 'length')
2026.08.24-14:52:39.565[31m error[39m [caliper] [monitor-docker] 	Error reading monitor statistics: TypeError: Cannot read properties of null (reading 'length')
2026.08.24-14:52:39.589[32m info [39m [caliper] [default-observer] 	[read-measurement-10-tps Round 1 Transaction Info] - Submitted: 172 Succ: 170 Fail:0 Unfinished:2
2026.08.24-14:52:41.631[31m error[39m [caliper] [monitor-docker] 	Error reading monitor statistics: TypeError: Cannot read properties of null (reading 'length')
2026.08.24-14:52:43.733[31m error[39m [caliper] [monitor-docker] 	Error reading monitor statistics: TypeError: Cannot read properties of null (reading 'length')
2026.08.24-14:52:44.591[32m info [39m [caliper] [default-observer] 	[read-measurement-10-tps Round 1 Transaction Info] - Submitted: 222 Succ: 220 Fail:0 Unfinished:2
2026.08.24-14:52:45.818[31m error[39m [caliper] [monitor-docker] 	Error reading monitor statistics: TypeError: Cannot read properties of null (reading 'length')
2026.08.24-14:52:47.906[31m error[39m [caliper] [monitor-docker] 	Error reading monitor statistics: TypeError: Cannot read properties of null (reading 'length')
2026.08.24-14:52:49.594[32m info [39m [caliper] [default-observer] 	[read-measurement-10-tps Round 1 Transaction Info] - Submitted: 272 Succ: 270 Fail:0 Unfinished:2
2026.08.24-14:52:50.009[31m error[39m [caliper] [monitor-docker] 	Error reading monitor statistics: TypeError: Cannot read properties of null (reading 'length')
2026.08.24-14:52:52.095[31m error[39m [caliper] [monitor-docker] 	Error reading monitor statistics: TypeError: Cannot read properties of null (reading 'length')
2026.08.24-14:52:54.199[31m error[39m [caliper] [monitor-docker] 	Error reading monitor statistics: TypeError: Cannot read properties of null (reading 'length')
2026.08.24-14:52:54.596[32m info [39m [caliper] [default-observer] 	[read-measurement-10-tps Round 1 Transaction Info] - Submitted: 322 Succ: 321 Fail:0 Unfinished:1
2026.08.24-14:52:56.302[31m error[39m [caliper] [monitor-docker] 	Error reading monitor statistics: TypeError: Cannot read properties of null (reading 'length')
2026.08.24-14:52:58.398[31m error[39m [caliper] [monitor-docker] 	Error reading monitor statistics: TypeError: Cannot read properties of null (reading 'length')
2026.08.24-14:52:59.596[32m info [39m [caliper] [default-observer] 	[read-measurement-10-tps Round 1 Transaction Info] - Submitted: 372 Succ: 371 Fail:0 Unfinished:1
2026.08.24-14:53:00.493[31m error[39m [caliper] [monitor-docker] 	Error reading monitor statistics: TypeError: Cannot read properties of null (reading 'length')
2026.08.24-14:53:02.590[31m error[39m [caliper] [monitor-docker] 	Error reading monitor statistics: TypeError: Cannot read properties of null (reading 'length')
2026.08.24-14:53:04.598[32m info [39m [caliper] [default-observer] 	[read-measurement-10-tps Round 1 Transaction Info] - Submitted: 422 Succ: 422 Fail:0 Unfinished:0
2026.08.24-14:53:04.684[31m error[39m [caliper] [monitor-docker] 	Error reading monitor statistics: TypeError: Cannot read properties of null (reading 'length')
2026.08.24-14:53:06.792[31m error[39m [caliper] [monitor-docker] 	Error reading monitor statistics: TypeError: Cannot read properties of null (reading 'length')
2026.08.24-14:53:08.880[31m error[39m [caliper] [monitor-docker] 	Error reading monitor statistics: TypeError: Cannot read properties of null (reading 'length')
2026.08.24-14:53:09.598[32m info [39m [caliper] [default-observer] 	[read-measurement-10-tps Round 1 Transaction Info] - Submitted: 472 Succ: 471 Fail:0 Unfinished:1
2026.08.24-14:53:10.960[31m error[39m [caliper] [monitor-docker] 	Error reading monitor statistics: TypeError: Cannot read properties of null (reading 'length')
2026.08.24-14:53:13.061[31m error[39m [caliper] [monitor-docker] 	Error reading monitor statistics: TypeError: Cannot read properties of null (reading 'length')
2026.08.24-14:53:14.601[32m info [39m [caliper] [default-observer] 	[read-measurement-10-tps Round 1 Transaction Info] - Submitted: 522 Succ: 522 Fail:0 Unfinished:0
2026.08.24-14:53:15.159[31m error[39m [caliper] [monitor-docker] 	Error reading monitor statistics: TypeError: Cannot read properties of null (reading 'length')
2026.08.24-14:53:17.252[31m error[39m [caliper] [monitor-docker] 	Error reading monitor statistics: TypeError: Cannot read properties of null (reading 'length')
2026.08.24-14:53:19.355[31m error[39m [caliper] [monitor-docker] 	Error reading monitor statistics: TypeError: Cannot read properties of null (reading 'length')
2026.08.24-14:53:19.603[32m info [39m [caliper] [default-observer] 	[read-measurement-10-tps Round 1 Transaction Info] - Submitted: 572 Succ: 572 Fail:0 Unfinished:0
2026.08.24-14:53:21.435[31m error[39m [caliper] [monitor-docker] 	Error reading monitor statistics: TypeError: Cannot read properties of null (reading 'length')
2026.08.24-14:53:23.535[31m error[39m [caliper] [monitor-docker] 	Error reading monitor statistics: TypeError: Cannot read properties of null (reading 'length')
2026.08.24-14:53:24.604[32m info [39m [caliper] [default-observer] 	[read-measurement-10-tps Round 1 Transaction Info] - Submitted: 622 Succ: 622 Fail:0 Unfinished:0
2026.08.24-14:53:25.619[31m error[39m [caliper] [monitor-docker] 	Error reading monitor statistics: TypeError: Cannot read properties of null (reading 'length')
2026.08.24-14:53:27.714[31m error[39m [caliper] [monitor-docker] 	Error reading monitor statistics: TypeError: Cannot read properties of null (reading 'length')
2026.08.24-14:53:29.605[32m info [39m [caliper] [default-observer] 	[read-measurement-10-tps Round 1 Transaction Info] - Submitted: 672 Succ: 672 Fail:0 Unfinished:0
2026.08.24-14:53:29.813[31m error[39m [caliper] [monitor-docker] 	Error reading monitor statistics: TypeError: Cannot read properties of null (reading 'length')
2026.08.24-14:53:31.908[31m error[39m [caliper] [monitor-docker] 	Error reading monitor statistics: TypeError: Cannot read properties of null (reading 'length')
2026.08.24-14:53:34.008[31m error[39m [caliper] [monitor-docker] 	Error reading monitor statistics: TypeError: Cannot read properties of null (reading 'length')
2026.08.24-14:53:34.607[32m info [39m [caliper] [default-observer] 	[read-measurement-10-tps Round 1 Transaction Info] - Submitted: 722 Succ: 722 Fail:0 Unfinished:0
2026.08.24-14:53:36.112[31m error[39m [caliper] [monitor-docker] 	Error reading monitor statistics: TypeError: Cannot read properties of null (reading 'length')
2026.08.24-14:53:38.209[31m error[39m [caliper] [monitor-docker] 	Error reading monitor statistics: TypeError: Cannot read properties of null (reading 'length')
2026.08.24-14:53:39.609[32m info [39m [caliper] [default-observer] 	[read-measurement-10-tps Round 1 Transaction Info] - Submitted: 772 Succ: 772 Fail:0 Unfinished:0
2026.08.24-14:53:40.305[31m error[39m [caliper] [monitor-docker] 	Error reading monitor statistics: TypeError: Cannot read properties of null (reading 'length')
2026.08.24-14:53:42.407[31m error[39m [caliper] [monitor-docker] 	Error reading monitor statistics: TypeError: Cannot read properties of null (reading 'length')
2026.08.24-14:53:44.491[31m error[39m [caliper] [monitor-docker] 	Error reading monitor statistics: TypeError: Cannot read properties of null (reading 'length')
2026.08.24-14:53:44.610[32m info [39m [caliper] [default-observer] 	[read-measurement-10-tps Round 1 Transaction Info] - Submitted: 822 Succ: 822 Fail:0 Unfinished:0
2026.08.24-14:53:46.595[31m error[39m [caliper] [monitor-docker] 	Error reading monitor statistics: TypeError: Cannot read properties of null (reading 'length')
2026.08.24-14:53:48.694[31m error[39m [caliper] [monitor-docker] 	Error reading monitor statistics: TypeError: Cannot read properties of null (reading 'length')
2026.08.24-14:53:49.613[32m info [39m [caliper] [default-observer] 	[read-measurement-10-tps Round 1 Transaction Info] - Submitted: 872 Succ: 872 Fail:0 Unfinished:0
2026.08.24-14:53:50.805[31m error[39m [caliper] [monitor-docker] 	Error reading monitor statistics: TypeError: Cannot read properties of null (reading 'length')
2026.08.24-14:53:52.899[31m error[39m [caliper] [monitor-docker] 	Error reading monitor statistics: TypeError: Cannot read properties of null (reading 'length')
2026.08.24-14:53:54.614[32m info [39m [caliper] [default-observer] 	[read-measurement-10-tps Round 1 Transaction Info] - Submitted: 922 Succ: 922 Fail:0 Unfinished:0
2026.08.24-14:53:54.979[31m error[39m [caliper] [monitor-docker] 	Error reading monitor statistics: TypeError: Cannot read properties of null (reading 'length')
2026.08.24-14:53:57.075[31m error[39m [caliper] [monitor-docker] 	Error reading monitor statistics: TypeError: Cannot read properties of null (reading 'length')
2026.08.24-14:53:59.152[31m error[39m [caliper] [monitor-docker] 	Error reading monitor statistics: TypeError: Cannot read properties of null (reading 'length')
2026.08.24-14:53:59.615[32m info [39m [caliper] [default-observer] 	[read-measurement-10-tps Round 1 Transaction Info] - Submitted: 972 Succ: 972 Fail:0 Unfinished:0
2026.08.24-14:54:01.232[31m error[39m [caliper] [monitor-docker] 	Error reading monitor statistics: TypeError: Cannot read properties of null (reading 'length')
2026.08.24-14:54:03.325[31m error[39m [caliper] [monitor-docker] 	Error reading monitor statistics: TypeError: Cannot read properties of null (reading 'length')
2026.08.24-14:54:04.616[32m info [39m [caliper] [default-observer] 	[read-measurement-10-tps Round 1 Transaction Info] - Submitted: 1022 Succ: 1022 Fail:0 Unfinished:0
2026.08.24-14:54:05.417[31m error[39m [caliper] [monitor-docker] 	Error reading monitor statistics: TypeError: Cannot read properties of null (reading 'length')
2026.08.24-14:54:07.514[31m error[39m [caliper] [monitor-docker] 	Error reading monitor statistics: TypeError: Cannot read properties of null (reading 'length')
2026.08.24-14:54:09.614[31m error[39m [caliper] [monitor-docker] 	Error reading monitor statistics: TypeError: Cannot read properties of null (reading 'length')
2026.08.24-14:54:09.617[32m info [39m [caliper] [default-observer] 	[read-measurement-10-tps Round 1 Transaction Info] - Submitted: 1072 Succ: 1072 Fail:0 Unfinished:0
2026.08.24-14:54:11.706[31m error[39m [caliper] [monitor-docker] 	Error reading monitor statistics: TypeError: Cannot read properties of null (reading 'length')
2026.08.24-14:54:13.799[31m error[39m [caliper] [monitor-docker] 	Error reading monitor statistics: TypeError: Cannot read properties of null (reading 'length')
2026.08.24-14:54:14.617[32m info [39m [caliper] [default-observer] 	[read-measurement-10-tps Round 1 Transaction Info] - Submitted: 1122 Succ: 1122 Fail:0 Unfinished:0
2026.08.24-14:54:15.885[31m error[39m [caliper] [monitor-docker] 	Error reading monitor statistics: TypeError: Cannot read properties of null (reading 'length')
2026.08.24-14:54:17.975[31m error[39m [caliper] [monitor-docker] 	Error reading monitor statistics: TypeError: Cannot read properties of null (reading 'length')
2026.08.24-14:54:19.617[32m info [39m [caliper] [default-observer] 	[read-measurement-10-tps Round 1 Transaction Info] - Submitted: 1172 Succ: 1172 Fail:0 Unfinished:0
2026.08.24-14:54:20.057[31m error[39m [caliper] [monitor-docker] 	Error reading monitor statistics: TypeError: Cannot read properties of null (reading 'length')
2026.08.24-14:54:22.144[31m error[39m [caliper] [monitor-docker] 	Error reading monitor statistics: TypeError: Cannot read properties of null (reading 'length')
2026.08.24-14:54:22.861[32m info [39m [caliper] [connectors/peer-gateway/PeerGateway] 	disconnecting gateway for user io.krishnan
2026.08.24-14:54:22.861[32m info [39m [caliper] [connectors/peer-gateway/PeerGateway] 	disconnecting gateway for user _AuditMSP_aud.qureshi
2026.08.24-14:54:22.861[32m info [39m [caliper] [connectors/peer-gateway/PeerGateway] 	disconnecting gRpc client at peer PoliceMSP_localhost:7051
2026.08.24-14:54:22.862[32m info [39m [caliper] [connectors/peer-gateway/PeerGateway] 	disconnecting gRpc client at peer AuditMSP_localhost:11051
2026.08.24-14:54:22.862[32m info [39m [caliper] [worker-message-handler] 	Worker#1 finished Round#1
2026.08.24-14:54:22.862[32m info [39m [caliper] [connectors/peer-gateway/PeerGateway] 	disconnecting gateway for user io.krishnan
2026.08.24-14:54:22.862[32m info [39m [caliper] [connectors/peer-gateway/PeerGateway] 	disconnecting gateway for user _AuditMSP_aud.qureshi
2026.08.24-14:54:22.862[32m info [39m [caliper] [connectors/peer-gateway/PeerGateway] 	disconnecting gRpc client at peer PoliceMSP_localhost:7051
2026.08.24-14:54:22.862[32m info [39m [caliper] [connectors/peer-gateway/PeerGateway] 	disconnecting gRpc client at peer AuditMSP_localhost:11051
2026.08.24-14:54:22.863[32m info [39m [caliper] [worker-message-handler] 	Worker#0 finished Round#1
2026.08.24-14:54:24.240[31m error[39m [caliper] [monitor-docker] 	Error reading monitor statistics: TypeError: Cannot read properties of null (reading 'length')
2026.08.24-14:54:26.333[31m error[39m [caliper] [monitor-docker] 	Error reading monitor statistics: TypeError: Cannot read properties of null (reading 'length')
2026.08.24-14:54:27.864[32m info [39m [caliper] [default-observer] 	Resetting txCount indicator count
2026.08.24-14:54:27.864[32m info [39m [caliper] [report-builder] 	### Test result ###
2026.08.24-14:54:27.864[32m info [39m [caliper] [report-builder] 	
+-------------------------+------+------+-----------------+-----------------+-----------------+-----------------+------------------+
| Name                    | Succ | Fail | Send Rate (TPS) | Max Latency (s) | Min Latency (s) | Avg Latency (s) | Throughput (TPS) |
|-------------------------|------|------|-----------------|-----------------|-----------------|-----------------|------------------|
| read-measurement-10-tps | 1202 | 0    | 10.0            | 0.04            | 0.00            | 0.01            | 10.0             |
+-------------------------+------+------+-----------------+-----------------+-----------------+-----------------+------------------+

2026.08.24-14:54:27.866[32m info [39m [caliper] [report-builder] 	### docker resource stats ###'
2026.08.24-14:54:27.868[32m info [39m [caliper] [report-builder] 	
+----------------------------------------------------------------------------------------------------------------------+-----------+-----------+------------------+------------------+-----------------+------------------+-----------------+---------------+
| Name                                                                                                                 | CPU%(max) | CPU%(avg) | Memory(max) [MB] | Memory(avg) [MB] | Traffic In [MB] | Traffic Out [MB] | Disc Write [MB] | Disc Read [B] |
|----------------------------------------------------------------------------------------------------------------------|-----------|-----------|------------------|------------------|-----------------|------------------|-----------------|---------------|
| /caliper-prometheus                                                                                                  | 0.018125  | 0.006875  | 42.4             | 42.1             | 1.51            | 0.0890           | 1.01            | 0.00          |
|----------------------------------------------------------------------------------------------------------------------|-----------|-----------|------------------|------------------|-----------------|------------------|-----------------|---------------|
| /dev-peer0.forensics.example.com-crimerecords_2.3-97784f7fb69353014f85563171b6ed3e2b9c6a32f1c765c7e59f0979532de512   | 0         | 0         | 52.6             | 52.6             | 0.000804        | 0.000867         | 0.00            | 0.00          |
|----------------------------------------------------------------------------------------------------------------------|-----------|-----------|------------------|------------------|-----------------|------------------|-----------------|---------------|
| /dev-peer0.police.example.com-crimerecords_2.3-97784f7fb69353014f85563171b6ed3e2b9c6a32f1c765c7e59f0979532de512      | 0.059375  | 0.024375  | 59.0             | 55.8             | 3.23            | 1.35             | 0.00            | 0.00          |
|----------------------------------------------------------------------------------------------------------------------|-----------|-----------|------------------|------------------|-----------------|------------------|-----------------|---------------|
| /dev-peer0.prosecution.example.com-crimerecords_2.3-97784f7fb69353014f85563171b6ed3e2b9c6a32f1c765c7e59f0979532de512 | 0         | 0         | 53.4             | 53.4             | 0.000764        | 0.000827         | 0.00            | 0.00          |
|----------------------------------------------------------------------------------------------------------------------|-----------|-----------|------------------|------------------|-----------------|------------------|-----------------|---------------|
| /dev-peer0.audit.example.com-crimerecords_2.3-97784f7fb69353014f85563171b6ed3e2b9c6a32f1c765c7e59f0979532de512       | 0.000625  | 0         | 53.2             | 53.2             | 0.000844        | 0.000907         | 0.00            | 0.00          |
|----------------------------------------------------------------------------------------------------------------------|-----------|-----------|------------------|------------------|-----------------|------------------|-----------------|---------------|
| /dev-peer0.court.example.com-crimerecords_2.3-97784f7fb69353014f85563171b6ed3e2b9c6a32f1c765c7e59f0979532de512       | 0.000625  | 0         | 52.5             | 52.5             | 0.000844        | 0.000907         | 0.00            | 0.00          |
|----------------------------------------------------------------------------------------------------------------------|-----------|-----------|------------------|------------------|-----------------|------------------|-----------------|---------------|
| /peer0.audit.example.com                                                                                             | 0.029375  | 0.01625   | 85.3             | 83.5             | 0.388           | 0.651            | 0.00            | 0.00          |
|----------------------------------------------------------------------------------------------------------------------|-----------|-----------|------------------|------------------|-----------------|------------------|-----------------|---------------|
| /peer0.court.example.com                                                                                             | 0.028125  | 0.015625  | 85.4             | 82.6             | 0.383           | 0.654            | 0.00            | 0.00          |
|----------------------------------------------------------------------------------------------------------------------|-----------|-----------|------------------|------------------|-----------------|------------------|-----------------|---------------|
| /peer0.prosecution.example.com                                                                                       | 0.029375  | 0.015625  | 80.0             | 77.4             | 0.384           | 0.644            | 0.00            | 0.00          |
|----------------------------------------------------------------------------------------------------------------------|-----------|-----------|------------------|------------------|-----------------|------------------|-----------------|---------------|
| /peer0.police.example.com                                                                                            | 0.059375  | 0.03875   | 87.7             | 86.2             | 4.06            | 4.96             | 0.00            | 0.00          |
|----------------------------------------------------------------------------------------------------------------------|-----------|-----------|------------------|------------------|-----------------|------------------|-----------------|---------------|
| /peer0.forensics.example.com                                                                                         | 0.03      | 0.01625   | 84.2             | 82.1             | 0.385           | 0.642            | 0.00            | 0.00          |
|----------------------------------------------------------------------------------------------------------------------|-----------|-----------|------------------|------------------|-----------------|------------------|-----------------|---------------|
| /couchdb-audit                                                                                                       | 0.023125  | 0.008125  | 64.7             | 64.5             | 0.00            | 0.00             | 0.00            | 0.00          |
|----------------------------------------------------------------------------------------------------------------------|-----------|-----------|------------------|------------------|-----------------|------------------|-----------------|---------------|
| /couchdb-court                                                                                                       | 0.021875  | 0.008125  | 65.5             | 64.5             | 0.00            | 0.00             | 0.00            | 0.00          |
|----------------------------------------------------------------------------------------------------------------------|-----------|-----------|------------------|------------------|-----------------|------------------|-----------------|---------------|
| /couchdb-prosecution                                                                                                 | 0.02      | 0.008125  | 65.0             | 65.0             | 0.00            | 0.00             | 0.00            | 0.00          |
|----------------------------------------------------------------------------------------------------------------------|-----------|-----------|------------------|------------------|-----------------|------------------|-----------------|---------------|
| /couchdb-forensics                                                                                                   | 0.0225    | 0.008125  | 65.6             | 65.6             | 0.00            | 0.00             | 0.00            | 0.00          |
|----------------------------------------------------------------------------------------------------------------------|-----------|-----------|------------------|------------------|-----------------|------------------|-----------------|---------------|
| /couchdb-police                                                                                                      | 0.02      | 0.008125  | 67.0             | 67.0             | 0.00            | 0.00             | 0.00            | 0.00          |
|----------------------------------------------------------------------------------------------------------------------|-----------|-----------|------------------|------------------|-----------------|------------------|-----------------|---------------|
| /orderer.example.com                                                                                                 | 0.005625  | 0.00125   | 25.5             | 24.0             | 0.0180          | 0.116            | 0.00            | 0.00          |
|----------------------------------------------------------------------------------------------------------------------|-----------|-----------|------------------|------------------|-----------------|------------------|-----------------|---------------|
| /ca_police                                                                                                           | 0.0025    | 0         | 9.37             | 9.37             | 0.00            | 0.00             | -               | -             |
|----------------------------------------------------------------------------------------------------------------------|-----------|-----------|------------------|------------------|-----------------|------------------|-----------------|---------------|
| /ca_forensics                                                                                                        | NaN       | NaN       | -                | -                | -               | -                | -               | -             |
|----------------------------------------------------------------------------------------------------------------------|-----------|-----------|------------------|------------------|-----------------|------------------|-----------------|---------------|
| /ca_orderer                                                                                                          | NaN       | NaN       | -                | -                | -               | -                | -               | -             |
|----------------------------------------------------------------------------------------------------------------------|-----------|-----------|------------------|------------------|-----------------|------------------|-----------------|---------------|
| /ca_court                                                                                                            | NaN       | NaN       | -                | -                | -               | -                | -               | -             |
|----------------------------------------------------------------------------------------------------------------------|-----------|-----------|------------------|------------------|-----------------|------------------|-----------------|---------------|
| /ca_audit                                                                                                            | NaN       | NaN       | -                | -                | -               | -                | -               | -             |
|----------------------------------------------------------------------------------------------------------------------|-----------|-----------|------------------|------------------|-----------------|------------------|-----------------|---------------|
| /ca_prosecution                                                                                                      | NaN       | NaN       | -                | -                | -               | -                | -               | -             |
+----------------------------------------------------------------------------------------------------------------------+-----------+-----------+------------------+------------------+-----------------+------------------+-----------------+---------------+

2026.08.24-14:54:27.887[32m info [39m [caliper] [report-builder] 	### prometheus resource stats ###'
2026.08.24-14:54:27.888[32m info [39m [caliper] [report-builder] 	
+--------------------------------------------------+-------------------------------------------------------------------------------------------------------------------------------------------------------------------------------------------------------------------------------------------------------------------------------------------------+------------------------------------+---------+
| Metric                                           | Prometheus Query                                                                                                                                                                                                                                                                                | Name                               | Value   |
|--------------------------------------------------|-------------------------------------------------------------------------------------------------------------------------------------------------------------------------------------------------------------------------------------------------------------------------------------------------|------------------------------------|---------|
| Process resident memory (MiB, max)               | process_resident_memory_bytes{job=~"fabric-.*"}                                                                                                                                                                                                                                                 | orderer.example.com:9443           | 46.4    |
|--------------------------------------------------|-------------------------------------------------------------------------------------------------------------------------------------------------------------------------------------------------------------------------------------------------------------------------------------------------|------------------------------------|---------|
|                                                  |                                                                                                                                                                                                                                                                                                 | peer0.audit.example.com:9448       | 117     |
|--------------------------------------------------|-------------------------------------------------------------------------------------------------------------------------------------------------------------------------------------------------------------------------------------------------------------------------------------------------|------------------------------------|---------|
|                                                  |                                                                                                                                                                                                                                                                                                 | peer0.court.example.com:9447       | 117     |
|--------------------------------------------------|-------------------------------------------------------------------------------------------------------------------------------------------------------------------------------------------------------------------------------------------------------------------------------------------------|------------------------------------|---------|
|                                                  |                                                                                                                                                                                                                                                                                                 | peer0.forensics.example.com:9445   | 116     |
|--------------------------------------------------|-------------------------------------------------------------------------------------------------------------------------------------------------------------------------------------------------------------------------------------------------------------------------------------------------|------------------------------------|---------|
|                                                  |                                                                                                                                                                                                                                                                                                 | peer0.police.example.com:9444      | 118     |
|--------------------------------------------------|-------------------------------------------------------------------------------------------------------------------------------------------------------------------------------------------------------------------------------------------------------------------------------------------------|------------------------------------|---------|
|                                                  |                                                                                                                                                                                                                                                                                                 | peer0.prosecution.example.com:9446 | 111     |
|--------------------------------------------------|-------------------------------------------------------------------------------------------------------------------------------------------------------------------------------------------------------------------------------------------------------------------------------------------------|------------------------------------|---------|
| Process CPU rate (percent, max)                  | rate(process_cpu_seconds_total{job=~"fabric-.*"}[1m])                                                                                                                                                                                                                                           | orderer.example.com:9443           | 0.236   |
|--------------------------------------------------|-------------------------------------------------------------------------------------------------------------------------------------------------------------------------------------------------------------------------------------------------------------------------------------------------|------------------------------------|---------|
|                                                  |                                                                                                                                                                                                                                                                                                 | peer0.audit.example.com:9448       | 2.69    |
|--------------------------------------------------|-------------------------------------------------------------------------------------------------------------------------------------------------------------------------------------------------------------------------------------------------------------------------------------------------|------------------------------------|---------|
|                                                  |                                                                                                                                                                                                                                                                                                 | peer0.court.example.com:9447       | 2.56    |
|--------------------------------------------------|-------------------------------------------------------------------------------------------------------------------------------------------------------------------------------------------------------------------------------------------------------------------------------------------------|------------------------------------|---------|
|                                                  |                                                                                                                                                                                                                                                                                                 | peer0.forensics.example.com:9445   | 2.65    |
|--------------------------------------------------|-------------------------------------------------------------------------------------------------------------------------------------------------------------------------------------------------------------------------------------------------------------------------------------------------|------------------------------------|---------|
|                                                  |                                                                                                                                                                                                                                                                                                 | peer0.police.example.com:9444      | 6.45    |
|--------------------------------------------------|-------------------------------------------------------------------------------------------------------------------------------------------------------------------------------------------------------------------------------------------------------------------------------------------------|------------------------------------|---------|
|                                                  |                                                                                                                                                                                                                                                                                                 | peer0.prosecution.example.com:9446 | 2.73    |
|--------------------------------------------------|-------------------------------------------------------------------------------------------------------------------------------------------------------------------------------------------------------------------------------------------------------------------------------------------------|------------------------------------|---------|
| Crimerecords endorsement duration (seconds, avg) | sum by (instance) (rate(endorser_proposal_duration_sum{job=~"fabric-.*",channel="crimechannel",chaincode="crimerecords",success="true"}[1m])) / sum by (instance) (rate(endorser_proposal_duration_count{job=~"fabric-.*",channel="crimechannel",chaincode="crimerecords",success="true"}[1m])) | peer0.audit.example.com:9448       | NaN     |
|--------------------------------------------------|-------------------------------------------------------------------------------------------------------------------------------------------------------------------------------------------------------------------------------------------------------------------------------------------------|------------------------------------|---------|
|                                                  |                                                                                                                                                                                                                                                                                                 | peer0.court.example.com:9447       | NaN     |
|--------------------------------------------------|-------------------------------------------------------------------------------------------------------------------------------------------------------------------------------------------------------------------------------------------------------------------------------------------------|------------------------------------|---------|
|                                                  |                                                                                                                                                                                                                                                                                                 | peer0.forensics.example.com:9445   | NaN     |
|--------------------------------------------------|-------------------------------------------------------------------------------------------------------------------------------------------------------------------------------------------------------------------------------------------------------------------------------------------------|------------------------------------|---------|
|                                                  |                                                                                                                                                                                                                                                                                                 | peer0.police.example.com:9444      | 0.00898 |
|--------------------------------------------------|-------------------------------------------------------------------------------------------------------------------------------------------------------------------------------------------------------------------------------------------------------------------------------------------------|------------------------------------|---------|
|                                                  |                                                                                                                                                                                                                                                                                                 | peer0.prosecution.example.com:9446 | NaN     |
|--------------------------------------------------|-------------------------------------------------------------------------------------------------------------------------------------------------------------------------------------------------------------------------------------------------------------------------------------------------|------------------------------------|---------|
| Ledger height (blocks, max)                      | ledger_blockchain_height{job=~"fabric-.*",channel="crimechannel"}                                                                                                                                                                                                                               | orderer.example.com:9443           | 39.0    |
|--------------------------------------------------|-------------------------------------------------------------------------------------------------------------------------------------------------------------------------------------------------------------------------------------------------------------------------------------------------|------------------------------------|---------|
|                                                  |                                                                                                                                                                                                                                                                                                 | peer0.audit.example.com:9448       | 39.0    |
|--------------------------------------------------|-------------------------------------------------------------------------------------------------------------------------------------------------------------------------------------------------------------------------------------------------------------------------------------------------|------------------------------------|---------|
|                                                  |                                                                                                                                                                                                                                                                                                 | peer0.court.example.com:9447       | 39.0    |
|--------------------------------------------------|-------------------------------------------------------------------------------------------------------------------------------------------------------------------------------------------------------------------------------------------------------------------------------------------------|------------------------------------|---------|
|                                                  |                                                                                                                                                                                                                                                                                                 | peer0.forensics.example.com:9445   | 39.0    |
|--------------------------------------------------|-------------------------------------------------------------------------------------------------------------------------------------------------------------------------------------------------------------------------------------------------------------------------------------------------|------------------------------------|---------|
|                                                  |                                                                                                                                                                                                                                                                                                 | peer0.police.example.com:9444      | 39.0    |
|--------------------------------------------------|-------------------------------------------------------------------------------------------------------------------------------------------------------------------------------------------------------------------------------------------------------------------------------------------------|------------------------------------|---------|
|                                                  |                                                                                                                                                                                                                                                                                                 | peer0.prosecution.example.com:9446 | 39.0    |
+--------------------------------------------------+-------------------------------------------------------------------------------------------------------------------------------------------------------------------------------------------------------------------------------------------------------------------------------------------------+------------------------------------+---------+

2026.08.24-14:54:27.888[32m info [39m [caliper] [round-orchestrator] 	Finished round 2 (read-measurement-10-tps) in 120.104 seconds
2026.08.24-14:54:27.888[32m info [39m [caliper] [monitor.js] 	Stopping all monitors
2026.08.24-14:54:27.989[32m info [39m [caliper] [report-builder] 	### All test results ###
2026.08.24-14:54:27.990[32m info [39m [caliper] [report-builder] 	
+-------------------------+------+------+-----------------+-----------------+-----------------+-----------------+------------------+
| Name                    | Succ | Fail | Send Rate (TPS) | Max Latency (s) | Min Latency (s) | Avg Latency (s) | Throughput (TPS) |
|-------------------------|------|------|-----------------|-----------------|-----------------|-----------------|------------------|
| read-warmup-2-tps       | 32   | 0    | 2.1             | 0.07            | 0.01            | 0.02            | 2.1              |
|-------------------------|------|------|-----------------|-----------------|-----------------|-----------------|------------------|
| read-measurement-10-tps | 1202 | 0    | 10.0            | 0.04            | 0.00            | 0.01            | 10.0             |
+-------------------------+------+------+-----------------+-----------------+-----------------+-----------------+------------------+

2026.08.24-14:54:27.997[32m info [39m [caliper] [report-builder] 	Generated report with path /Users/venkatrayudu/Workspace/XAI workspace/crime-records-network/experiments/runs/2026-08-24T09-21-50-774Z_caliper_read/caliper-report.html
2026.08.24-14:54:27.997[32m info [39m [caliper] [monitor.js] 	Stopping all monitors
2026.08.24-14:54:27.997[32m info [39m [caliper] [worker-orchestrator] 	Sending exit message to connected workers
2026.08.24-14:54:27.997[32m info [39m [caliper] [round-orchestrator] 	Benchmark finished in 156.866 seconds. Total rounds: 2. Successful rounds: 2. Failed rounds: 0.
2026.08.24-14:54:27.997[32m info [39m [caliper] [caliper-engine] 	Skipping end command due to benchmark flow conditioning
2026.08.24-14:54:27.997[32m info [39m [caliper] [cli-launch-manager] 	Benchmark successfully finished!
2026.08.24-14:54:27.998[32m info [39m [caliper] [worker-message-handler] 	Worker#0 is exiting
2026.08.24-14:54:27.998[32m info [39m [caliper] [worker-message-handler] 	Worker#1 is exiting
