2026.08.24-15:09:27.389[32m info [39m [caliper] [cli-launch-manager] 	Set workspace path: /Users/venkatrayudu/Workspace/XAI workspace/crime-records-network/benchmarks/caliper
2026.08.24-15:09:27.390[32m info [39m [caliper] [cli-launch-manager] 	Set benchmark configuration path: /Users/venkatrayudu/Workspace/XAI workspace/crime-records-network/experiments/runs/2026-08-24T09-39-27-274Z_caliper_latency-write-tps/caliper-executed-benchmark.yaml
2026.08.24-15:09:27.391[32m info [39m [caliper] [cli-launch-manager] 	Set network configuration path: /Users/venkatrayudu/Workspace/XAI workspace/crime-records-network/benchmarks/caliper/generated/network-config.json
2026.08.24-15:09:27.391[32m info [39m [caliper] [cli-launch-manager] 	Set SUT type: fabric
2026.08.24-15:09:27.398[32m info [39m [caliper] [benchmark-validator] 	No observer specified, will default to `none`
2026.08.24-15:09:27.399[32m info [39m [caliper] [caliper-engine] 	Starting benchmark flow
2026.08.24-15:09:27.399[32m info [39m [caliper] [caliper-engine] 	Skipping start commands due to benchmark flow conditioning
2026.08.24-15:09:27.399[32m info [39m [caliper] [caliper-engine] 	Skipping initialization phase due to benchmark flow conditioning
2026.08.24-15:09:27.399[32m info [39m [caliper] [caliper-engine] 	Skipping install smart contract phase due to benchmark flow conditioning
2026.08.24-15:09:27.442[32m info [39m [caliper] [FabricConnectorFactory] 	Initializing peer gateway connector compatible with installed fabric-gateway SDK: 1.7.1
2026.08.24-15:09:27.449[32m info [39m [caliper] [IdentityManager] 	Adding io.krishnan (admin=false) as io.krishnan for organization PoliceMSP
2026.08.24-15:09:27.449[32m info [39m [caliper] [IdentityManager] 	Adding insp.rathore (admin=false) as insp.rathore for organization PoliceMSP
2026.08.24-15:09:27.450[32m info [39m [caliper] [IdentityManager] 	Adding insp.singh (admin=false) as insp.singh for organization PoliceMSP
2026.08.24-15:09:27.450[32m info [39m [caliper] [IdentityManager] 	Adding const.verma (admin=false) as const.verma for organization PoliceMSP
2026.08.24-15:09:27.450[32m info [39m [caliper] [IdentityManager] 	Adding insp.sharma (admin=false) as insp.sharma for organization PoliceMSP
2026.08.24-15:09:27.451[32m info [39m [caliper] [IdentityManager] 	Adding aud.qureshi (admin=false) as _AuditMSP_aud.qureshi for organization AuditMSP
2026.08.24-15:09:27.452[32m info [39m [caliper] [monitor.js] 	No resource monitors specified
2026.08.24-15:09:27.452[32m info [39m [caliper] [default-observer] 	Observer interval set to 5000 milliseconds
2026.08.24-15:09:27.454[32m info [39m [caliper] [round-orchestrator] 	Preparing worker connections
2026.08.24-15:09:27.454[32m info [39m [caliper] [worker-orchestrator] 	Launching worker 1 of 4
2026.08.24-15:09:27.455[32m info [39m [caliper] [worker-orchestrator] 	Launching worker 2 of 4
2026.08.24-15:09:27.455[32m info [39m [caliper] [worker-orchestrator] 	Launching worker 3 of 4
2026.08.24-15:09:27.456[32m info [39m [caliper] [worker-orchestrator] 	Launching worker 4 of 4
2026.08.24-15:09:27.456[32m info [39m [caliper] [worker-orchestrator] 	Messenger not configured, entering configure phase...
2026.08.24-15:09:27.456[32m info [39m [caliper] [worker-orchestrator] 	No existing workers detected, entering worker launch phase...
2026.08.24-15:09:27.456[32m info [39m [caliper] [worker-orchestrator] 	Waiting for 4 workers to be connected...
2026.08.24-15:09:27.573[32m info [39m [caliper] [cli-launch-worker] 	Set workspace path: /Users/venkatrayudu/Workspace/XAI workspace/crime-records-network/benchmarks/caliper
2026.08.24-15:09:27.574[32m info [39m [caliper] [cli-launch-worker] 	Set benchmark configuration path: /Users/venkatrayudu/Workspace/XAI workspace/crime-records-network/experiments/runs/2026-08-24T09-39-27-274Z_caliper_latency-write-tps/caliper-executed-benchmark.yaml
2026.08.24-15:09:27.574[32m info [39m [caliper] [cli-launch-worker] 	Set network configuration path: /Users/venkatrayudu/Workspace/XAI workspace/crime-records-network/benchmarks/caliper/generated/network-config.json
2026.08.24-15:09:27.574[32m info [39m [caliper] [cli-launch-worker] 	Set SUT type: fabric
2026.08.24-15:09:27.574[32m info [39m [caliper] [cli-launch-worker] 	Set workspace path: /Users/venkatrayudu/Workspace/XAI workspace/crime-records-network/benchmarks/caliper
2026.08.24-15:09:27.574[32m info [39m [caliper] [cli-launch-worker] 	Set benchmark configuration path: /Users/venkatrayudu/Workspace/XAI workspace/crime-records-network/experiments/runs/2026-08-24T09-39-27-274Z_caliper_latency-write-tps/caliper-executed-benchmark.yaml
2026.08.24-15:09:27.574[32m info [39m [caliper] [cli-launch-worker] 	Set network configuration path: /Users/venkatrayudu/Workspace/XAI workspace/crime-records-network/benchmarks/caliper/generated/network-config.json
2026.08.24-15:09:27.574[32m info [39m [caliper] [cli-launch-worker] 	Set SUT type: fabric
2026.08.24-15:09:27.574[32m info [39m [caliper] [cli-launch-worker] 	Set workspace path: /Users/venkatrayudu/Workspace/XAI workspace/crime-records-network/benchmarks/caliper
2026.08.24-15:09:27.574[32m info [39m [caliper] [cli-launch-worker] 	Set workspace path: /Users/venkatrayudu/Workspace/XAI workspace/crime-records-network/benchmarks/caliper
2026.08.24-15:09:27.575[32m info [39m [caliper] [cli-launch-worker] 	Set benchmark configuration path: /Users/venkatrayudu/Workspace/XAI workspace/crime-records-network/experiments/runs/2026-08-24T09-39-27-274Z_caliper_latency-write-tps/caliper-executed-benchmark.yaml
2026.08.24-15:09:27.575[32m info [39m [caliper] [cli-launch-worker] 	Set network configuration path: /Users/venkatrayudu/Workspace/XAI workspace/crime-records-network/benchmarks/caliper/generated/network-config.json
2026.08.24-15:09:27.575[32m info [39m [caliper] [cli-launch-worker] 	Set benchmark configuration path: /Users/venkatrayudu/Workspace/XAI workspace/crime-records-network/experiments/runs/2026-08-24T09-39-27-274Z_caliper_latency-write-tps/caliper-executed-benchmark.yaml
2026.08.24-15:09:27.575[32m info [39m [caliper] [cli-launch-worker] 	Set SUT type: fabric
2026.08.24-15:09:27.575[32m info [39m [caliper] [cli-launch-worker] 	Set network configuration path: /Users/venkatrayudu/Workspace/XAI workspace/crime-records-network/benchmarks/caliper/generated/network-config.json
2026.08.24-15:09:27.575[32m info [39m [caliper] [cli-launch-worker] 	Set SUT type: fabric
2026.08.24-15:09:27.591[32m info [39m [caliper] [worker-orchestrator] 	4 workers connected, progressing to worker assignment phase.
2026.08.24-15:09:27.591[32m info [39m [caliper] [worker-orchestrator] 	Workers currently unassigned, awaiting index assignment...
2026.08.24-15:09:27.591[32m info [39m [caliper] [worker-orchestrator] 	Waiting for 4 workers to be assigned...
2026.08.24-15:09:27.594[32m info [39m [caliper] [worker-orchestrator] 	4 workers assigned, progressing to worker initialization phase.
2026.08.24-15:09:27.594[32m info [39m [caliper] [worker-orchestrator] 	Waiting for 4 workers to be ready...
2026.08.24-15:09:27.595[32m info [39m [caliper] [worker-message-handler] 	Initializing Worker#0...
2026.08.24-15:09:27.595[32m info [39m [caliper] [worker-message-handler] 	Initializing Worker#2...
2026.08.24-15:09:27.595[32m info [39m [caliper] [worker-message-handler] 	Initializing Worker#3...
2026.08.24-15:09:27.595[32m info [39m [caliper] [worker-message-handler] 	Initializing Worker#1...
2026.08.24-15:09:27.645[32m info [39m [caliper] [FabricConnectorFactory] 	Initializing peer gateway connector compatible with installed fabric-gateway SDK: 1.7.1
2026.08.24-15:09:27.645[32m info [39m [caliper] [FabricConnectorFactory] 	Initializing peer gateway connector compatible with installed fabric-gateway SDK: 1.7.1
2026.08.24-15:09:27.645[32m info [39m [caliper] [FabricConnectorFactory] 	Initializing peer gateway connector compatible with installed fabric-gateway SDK: 1.7.1
2026.08.24-15:09:27.645[32m info [39m [caliper] [FabricConnectorFactory] 	Initializing peer gateway connector compatible with installed fabric-gateway SDK: 1.7.1
2026.08.24-15:09:27.648[32m info [39m [caliper] [IdentityManager] 	Adding io.krishnan (admin=false) as io.krishnan for organization PoliceMSP
2026.08.24-15:09:27.648[32m info [39m [caliper] [IdentityManager] 	Adding io.krishnan (admin=false) as io.krishnan for organization PoliceMSP
2026.08.24-15:09:27.648[32m info [39m [caliper] [IdentityManager] 	Adding io.krishnan (admin=false) as io.krishnan for organization PoliceMSP
2026.08.24-15:09:27.648[32m info [39m [caliper] [IdentityManager] 	Adding io.krishnan (admin=false) as io.krishnan for organization PoliceMSP
2026.08.24-15:09:27.648[32m info [39m [caliper] [IdentityManager] 	Adding insp.rathore (admin=false) as insp.rathore for organization PoliceMSP
2026.08.24-15:09:27.648[32m info [39m [caliper] [IdentityManager] 	Adding insp.rathore (admin=false) as insp.rathore for organization PoliceMSP
2026.08.24-15:09:27.648[32m info [39m [caliper] [IdentityManager] 	Adding insp.rathore (admin=false) as insp.rathore for organization PoliceMSP
2026.08.24-15:09:27.648[32m info [39m [caliper] [IdentityManager] 	Adding insp.rathore (admin=false) as insp.rathore for organization PoliceMSP
2026.08.24-15:09:27.648[32m info [39m [caliper] [IdentityManager] 	Adding insp.singh (admin=false) as insp.singh for organization PoliceMSP
2026.08.24-15:09:27.648[32m info [39m [caliper] [IdentityManager] 	Adding insp.singh (admin=false) as insp.singh for organization PoliceMSP
2026.08.24-15:09:27.648[32m info [39m [caliper] [IdentityManager] 	Adding insp.singh (admin=false) as insp.singh for organization PoliceMSP
2026.08.24-15:09:27.648[32m info [39m [caliper] [IdentityManager] 	Adding insp.singh (admin=false) as insp.singh for organization PoliceMSP
2026.08.24-15:09:27.649[32m info [39m [caliper] [IdentityManager] 	Adding const.verma (admin=false) as const.verma for organization PoliceMSP
2026.08.24-15:09:27.649[32m info [39m [caliper] [IdentityManager] 	Adding const.verma (admin=false) as const.verma for organization PoliceMSP
2026.08.24-15:09:27.649[32m info [39m [caliper] [IdentityManager] 	Adding const.verma (admin=false) as const.verma for organization PoliceMSP
2026.08.24-15:09:27.649[32m info [39m [caliper] [IdentityManager] 	Adding const.verma (admin=false) as const.verma for organization PoliceMSP
2026.08.24-15:09:27.649[32m info [39m [caliper] [IdentityManager] 	Adding insp.sharma (admin=false) as insp.sharma for organization PoliceMSP
2026.08.24-15:09:27.649[32m info [39m [caliper] [IdentityManager] 	Adding insp.sharma (admin=false) as insp.sharma for organization PoliceMSP
2026.08.24-15:09:27.649[32m info [39m [caliper] [IdentityManager] 	Adding insp.sharma (admin=false) as insp.sharma for organization PoliceMSP
2026.08.24-15:09:27.650[32m info [39m [caliper] [IdentityManager] 	Adding insp.sharma (admin=false) as insp.sharma for organization PoliceMSP
2026.08.24-15:09:27.650[32m info [39m [caliper] [IdentityManager] 	Adding aud.qureshi (admin=false) as _AuditMSP_aud.qureshi for organization AuditMSP
2026.08.24-15:09:27.650[32m info [39m [caliper] [IdentityManager] 	Adding aud.qureshi (admin=false) as _AuditMSP_aud.qureshi for organization AuditMSP
2026.08.24-15:09:27.650[32m info [39m [caliper] [IdentityManager] 	Adding aud.qureshi (admin=false) as _AuditMSP_aud.qureshi for organization AuditMSP
2026.08.24-15:09:27.650[32m info [39m [caliper] [IdentityManager] 	Adding aud.qureshi (admin=false) as _AuditMSP_aud.qureshi for organization AuditMSP
2026.08.24-15:09:27.652[32m info [39m [caliper] [worker-message-handler] 	Worker#1 initialized
2026.08.24-15:09:27.652[32m info [39m [caliper] [worker-message-handler] 	Worker#3 initialized
2026.08.24-15:09:27.652[32m info [39m [caliper] [worker-message-handler] 	Worker#0 initialized
2026.08.24-15:09:27.652[32m info [39m [caliper] [worker-message-handler] 	Worker#2 initialized
2026.08.24-15:09:27.652[32m info [39m [caliper] [worker-orchestrator] 	4 workers ready, progressing to test preparation phase.
2026.08.24-15:09:27.653[32m info [39m [caliper] [round-orchestrator] 	Started round 1 (write-tps-1)
2026.08.24-15:09:27.653[32m info [39m [caliper] [worker-message-handler] 	Preparing Worker#0 for Round#0
2026.08.24-15:09:27.653[32m info [39m [caliper] [worker-message-handler] 	Preparing Worker#2 for Round#0
2026.08.24-15:09:27.653[32m info [39m [caliper] [worker-message-handler] 	Preparing Worker#1 for Round#0
2026.08.24-15:09:27.653[32m info [39m [caliper] [worker-message-handler] 	Preparing Worker#3 for Round#0
2026.08.24-15:09:27.662[32m info [39m [caliper] [connectors/peer-gateway/PeerGateway] 	Generating contract map for user io.krishnan
2026.08.24-15:09:27.662[32m info [39m [caliper] [connectors/peer-gateway/PeerGateway] 	Generating contract map for user insp.rathore
2026.08.24-15:09:27.662[32m info [39m [caliper] [connectors/peer-gateway/PeerGateway] 	Generating contract map for user insp.singh
2026.08.24-15:09:27.662[32m info [39m [caliper] [connectors/peer-gateway/PeerGateway] 	Generating contract map for user io.krishnan
2026.08.24-15:09:27.662[32m info [39m [caliper] [connectors/peer-gateway/PeerGateway] 	Generating contract map for user io.krishnan
2026.08.24-15:09:27.662[32m info [39m [caliper] [connectors/peer-gateway/PeerGateway] 	Generating contract map for user const.verma
2026.08.24-15:09:27.662[32m info [39m [caliper] [connectors/peer-gateway/PeerGateway] 	Generating contract map for user io.krishnan
2026.08.24-15:09:27.663[32m info [39m [caliper] [connectors/peer-gateway/PeerGateway] 	Generating contract map for user insp.sharma
2026.08.24-15:09:27.663[32m info [39m [caliper] [connectors/peer-gateway/PeerGateway] 	Generating contract map for user insp.rathore
2026.08.24-15:09:27.663[32m info [39m [caliper] [connectors/peer-gateway/PeerGateway] 	Generating contract map for user insp.rathore
2026.08.24-15:09:27.663[32m info [39m [caliper] [connectors/peer-gateway/PeerGateway] 	Generating contract map for user insp.rathore
2026.08.24-15:09:27.663[32m info [39m [caliper] [connectors/peer-gateway/PeerGateway] 	Generating contract map for user insp.singh
2026.08.24-15:09:27.663[32m info [39m [caliper] [connectors/peer-gateway/PeerGateway] 	Generating contract map for user insp.singh
2026.08.24-15:09:27.663[32m info [39m [caliper] [connectors/peer-gateway/PeerGateway] 	Generating contract map for user const.verma
2026.08.24-15:09:27.663[32m info [39m [caliper] [connectors/peer-gateway/PeerGateway] 	Generating contract map for user const.verma
2026.08.24-15:09:27.663[32m info [39m [caliper] [connectors/peer-gateway/PeerGateway] 	Generating contract map for user insp.singh
2026.08.24-15:09:27.663[32m info [39m [caliper] [connectors/peer-gateway/PeerGateway] 	Generating contract map for user insp.sharma
2026.08.24-15:09:27.663[32m info [39m [caliper] [connectors/peer-gateway/PeerGateway] 	Generating contract map for user insp.sharma
2026.08.24-15:09:27.663[32m info [39m [caliper] [connectors/peer-gateway/PeerGateway] 	Generating contract map for user const.verma
2026.08.24-15:09:27.663[32m info [39m [caliper] [connectors/peer-gateway/PeerGateway] 	Generating contract map for user insp.sharma
2026.08.24-15:09:27.665[32m info [39m [caliper] [connectors/peer-gateway/PeerGateway] 	Generating contract map for user _AuditMSP_aud.qureshi
2026.08.24-15:09:27.665[32m info [39m [caliper] [caliper-worker] 	Info: worker 0 prepare test phase for round 0 is starting...
2026.08.24-15:09:27.665[32m info [39m [caliper] [connectors/peer-gateway/PeerGateway] 	Generating contract map for user _AuditMSP_aud.qureshi
2026.08.24-15:09:27.665[32m info [39m [caliper] [connectors/peer-gateway/PeerGateway] 	Generating contract map for user _AuditMSP_aud.qureshi
2026.08.24-15:09:27.665[32m info [39m [caliper] [caliper-worker] 	Info: worker 2 prepare test phase for round 0 is starting...
2026.08.24-15:09:27.665[32m info [39m [caliper] [caliper-worker] 	Info: worker 3 prepare test phase for round 0 is starting...
2026.08.24-15:09:27.666[32m info [39m [caliper] [connectors/peer-gateway/PeerGateway] 	Generating contract map for user _AuditMSP_aud.qureshi
2026.08.24-15:09:27.666[32m info [39m [caliper] [caliper-worker] 	Info: worker 1 prepare test phase for round 0 is starting...
2026.08.24-15:09:27.666[32m info [39m [caliper] [connectors/peer-gateway/PeerGateway] 	disconnecting gateway for user io.krishnan
2026.08.24-15:09:27.666[32m info [39m [caliper] [connectors/peer-gateway/PeerGateway] 	disconnecting gateway for user insp.rathore
2026.08.24-15:09:27.666[32m info [39m [caliper] [connectors/peer-gateway/PeerGateway] 	disconnecting gateway for user insp.singh
2026.08.24-15:09:27.667[32m info [39m [caliper] [connectors/peer-gateway/PeerGateway] 	disconnecting gateway for user const.verma
2026.08.24-15:09:27.667[32m info [39m [caliper] [connectors/peer-gateway/PeerGateway] 	disconnecting gateway for user insp.sharma
2026.08.24-15:09:27.667[32m info [39m [caliper] [connectors/peer-gateway/PeerGateway] 	disconnecting gateway for user _AuditMSP_aud.qureshi
2026.08.24-15:09:27.667[32m info [39m [caliper] [connectors/peer-gateway/PeerGateway] 	disconnecting gRpc client at peer PoliceMSP_localhost:7051
2026.08.24-15:09:27.667[32m info [39m [caliper] [connectors/peer-gateway/PeerGateway] 	disconnecting gateway for user io.krishnan
2026.08.24-15:09:27.667[32m info [39m [caliper] [connectors/peer-gateway/PeerGateway] 	disconnecting gateway for user io.krishnan
2026.08.24-15:09:27.667[32m info [39m [caliper] [connectors/peer-gateway/PeerGateway] 	disconnecting gateway for user insp.rathore
2026.08.24-15:09:27.667[32m info [39m [caliper] [connectors/peer-gateway/PeerGateway] 	disconnecting gateway for user insp.rathore
2026.08.24-15:09:27.667[32m info [39m [caliper] [connectors/peer-gateway/PeerGateway] 	disconnecting gateway for user insp.singh
2026.08.24-15:09:27.667[32m info [39m [caliper] [connectors/peer-gateway/PeerGateway] 	disconnecting gateway for user insp.singh
2026.08.24-15:09:27.667[32m info [39m [caliper] [connectors/peer-gateway/PeerGateway] 	disconnecting gateway for user const.verma
2026.08.24-15:09:27.667[32m info [39m [caliper] [connectors/peer-gateway/PeerGateway] 	disconnecting gateway for user const.verma
2026.08.24-15:09:27.667[32m info [39m [caliper] [connectors/peer-gateway/PeerGateway] 	disconnecting gateway for user insp.sharma
2026.08.24-15:09:27.667[32m info [39m [caliper] [connectors/peer-gateway/PeerGateway] 	disconnecting gateway for user insp.sharma
2026.08.24-15:09:27.667[32m info [39m [caliper] [connectors/peer-gateway/PeerGateway] 	disconnecting gateway for user _AuditMSP_aud.qureshi
2026.08.24-15:09:27.667[32m info [39m [caliper] [connectors/peer-gateway/PeerGateway] 	disconnecting gateway for user _AuditMSP_aud.qureshi
2026.08.24-15:09:27.667[32m info [39m [caliper] [connectors/peer-gateway/PeerGateway] 	disconnecting gRpc client at peer PoliceMSP_localhost:7051
2026.08.24-15:09:27.667[32m info [39m [caliper] [connectors/peer-gateway/PeerGateway] 	disconnecting gRpc client at peer PoliceMSP_localhost:7051
2026.08.24-15:09:27.667[32m info [39m [caliper] [connectors/peer-gateway/PeerGateway] 	disconnecting gRpc client at peer AuditMSP_localhost:11051
2026.08.24-15:09:27.667[32m info [39m [caliper] [caliper-worker] 	Info: worker 0 prepare test phase for round 0 is completed
2026.08.24-15:09:27.667[32m info [39m [caliper] [worker-message-handler] 	Worker#0 prepared for Round#0
2026.08.24-15:09:27.667[32m info [39m [caliper] [connectors/peer-gateway/PeerGateway] 	disconnecting gRpc client at peer AuditMSP_localhost:11051
2026.08.24-15:09:27.667[32m info [39m [caliper] [caliper-worker] 	Info: worker 2 prepare test phase for round 0 is completed
2026.08.24-15:09:27.667[32m info [39m [caliper] [connectors/peer-gateway/PeerGateway] 	disconnecting gRpc client at peer AuditMSP_localhost:11051
2026.08.24-15:09:27.667[32m info [39m [caliper] [worker-message-handler] 	Worker#2 prepared for Round#0
2026.08.24-15:09:27.667[32m info [39m [caliper] [caliper-worker] 	Info: worker 3 prepare test phase for round 0 is completed
2026.08.24-15:09:27.667[32m info [39m [caliper] [worker-message-handler] 	Worker#3 prepared for Round#0
2026.08.24-15:09:27.667[32m info [39m [caliper] [connectors/peer-gateway/PeerGateway] 	disconnecting gateway for user io.krishnan
2026.08.24-15:09:27.667[32m info [39m [caliper] [connectors/peer-gateway/PeerGateway] 	disconnecting gateway for user insp.rathore
2026.08.24-15:09:27.667[32m info [39m [caliper] [connectors/peer-gateway/PeerGateway] 	disconnecting gateway for user insp.singh
2026.08.24-15:09:27.667[32m info [39m [caliper] [connectors/peer-gateway/PeerGateway] 	disconnecting gateway for user const.verma
2026.08.24-15:09:27.667[32m info [39m [caliper] [connectors/peer-gateway/PeerGateway] 	disconnecting gateway for user insp.sharma
2026.08.24-15:09:27.667[32m info [39m [caliper] [connectors/peer-gateway/PeerGateway] 	disconnecting gateway for user _AuditMSP_aud.qureshi
2026.08.24-15:09:27.667[32m info [39m [caliper] [connectors/peer-gateway/PeerGateway] 	disconnecting gRpc client at peer PoliceMSP_localhost:7051
2026.08.24-15:09:27.667[32m info [39m [caliper] [connectors/peer-gateway/PeerGateway] 	disconnecting gRpc client at peer AuditMSP_localhost:11051
2026.08.24-15:09:27.667[32m info [39m [caliper] [caliper-worker] 	Info: worker 1 prepare test phase for round 0 is completed
2026.08.24-15:09:27.668[32m info [39m [caliper] [worker-message-handler] 	Worker#1 prepared for Round#0
2026.08.24-15:09:27.668[32m info [39m [caliper] [worker-orchestrator] 	4 workers prepared, progressing to test phase.
2026.08.24-15:09:27.668[32m info [39m [caliper] [round-orchestrator] 	Monitors successfully started
2026.08.24-15:09:27.668[32m info [39m [caliper] [worker-message-handler] 	Worker#0 is starting Round#0
2026.08.24-15:09:27.668[32m info [39m [caliper] [worker-message-handler] 	Worker#1 is starting Round#0
2026.08.24-15:09:27.668[32m info [39m [caliper] [worker-message-handler] 	Worker#2 is starting Round#0
2026.08.24-15:09:27.668[32m info [39m [caliper] [worker-message-handler] 	Worker#3 is starting Round#0
2026.08.24-15:09:27.670[32m info [39m [caliper] [connectors/peer-gateway/PeerGateway] 	Generating contract map for user io.krishnan
2026.08.24-15:09:27.670[32m info [39m [caliper] [connectors/peer-gateway/PeerGateway] 	Generating contract map for user io.krishnan
2026.08.24-15:09:27.670[32m info [39m [caliper] [connectors/peer-gateway/PeerGateway] 	Generating contract map for user io.krishnan
2026.08.24-15:09:27.670[32m info [39m [caliper] [connectors/peer-gateway/PeerGateway] 	Generating contract map for user io.krishnan
2026.08.24-15:09:27.670[32m info [39m [caliper] [connectors/peer-gateway/PeerGateway] 	Generating contract map for user insp.rathore
2026.08.24-15:09:27.670[32m info [39m [caliper] [connectors/peer-gateway/PeerGateway] 	Generating contract map for user insp.rathore
2026.08.24-15:09:27.670[32m info [39m [caliper] [connectors/peer-gateway/PeerGateway] 	Generating contract map for user insp.rathore
2026.08.24-15:09:27.670[32m info [39m [caliper] [connectors/peer-gateway/PeerGateway] 	Generating contract map for user insp.rathore
2026.08.24-15:09:27.670[32m info [39m [caliper] [connectors/peer-gateway/PeerGateway] 	Generating contract map for user insp.singh
2026.08.24-15:09:27.670[32m info [39m [caliper] [connectors/peer-gateway/PeerGateway] 	Generating contract map for user insp.singh
2026.08.24-15:09:27.670[32m info [39m [caliper] [connectors/peer-gateway/PeerGateway] 	Generating contract map for user insp.singh
2026.08.24-15:09:27.670[32m info [39m [caliper] [connectors/peer-gateway/PeerGateway] 	Generating contract map for user insp.singh
2026.08.24-15:09:27.670[32m info [39m [caliper] [connectors/peer-gateway/PeerGateway] 	Generating contract map for user const.verma
2026.08.24-15:09:27.670[32m info [39m [caliper] [connectors/peer-gateway/PeerGateway] 	Generating contract map for user const.verma
2026.08.24-15:09:27.670[32m info [39m [caliper] [connectors/peer-gateway/PeerGateway] 	Generating contract map for user insp.sharma
2026.08.24-15:09:27.670[32m info [39m [caliper] [connectors/peer-gateway/PeerGateway] 	Generating contract map for user const.verma
2026.08.24-15:09:27.670[32m info [39m [caliper] [connectors/peer-gateway/PeerGateway] 	Generating contract map for user insp.sharma
2026.08.24-15:09:27.670[32m info [39m [caliper] [connectors/peer-gateway/PeerGateway] 	Generating contract map for user const.verma
2026.08.24-15:09:27.671[32m info [39m [caliper] [connectors/peer-gateway/PeerGateway] 	Generating contract map for user insp.sharma
2026.08.24-15:09:27.671[32m info [39m [caliper] [connectors/peer-gateway/PeerGateway] 	Generating contract map for user insp.sharma
2026.08.24-15:09:27.671[32m info [39m [caliper] [connectors/peer-gateway/PeerGateway] 	Generating contract map for user _AuditMSP_aud.qureshi
2026.08.24-15:09:27.671[32m info [39m [caliper] [connectors/peer-gateway/PeerGateway] 	Generating contract map for user _AuditMSP_aud.qureshi
2026.08.24-15:09:27.671[32m info [39m [caliper] [connectors/peer-gateway/PeerGateway] 	Generating contract map for user _AuditMSP_aud.qureshi
2026.08.24-15:09:27.672[32m info [39m [caliper] [connectors/peer-gateway/PeerGateway] 	Generating contract map for user _AuditMSP_aud.qureshi
2026.08.24-15:09:27.672[32m info [39m [caliper] [caliper-worker] 	Worker #1 starting workload loop
2026.08.24-15:09:27.672[32m info [39m [caliper] [caliper-worker] 	Worker #3 starting workload loop
2026.08.24-15:09:27.672[32m info [39m [caliper] [caliper-worker] 	Worker #0 starting workload loop
2026.08.24-15:09:27.672[32m info [39m [caliper] [caliper-worker] 	Worker #2 starting workload loop
CALIPER_TX_LATENCY {"workerIndex":3,"roundIndex":0,"roundLabel":"write-tps-1","transactionId":"a6131e8d54ffdba3283865f838b8e114f1166823a3d8b52014fc4e162bbba552","status":"success","startEpochMs":1787564367675,"endEpochMs":1787564369829,"latencyMs":2154}
CALIPER_TX_LATENCY {"workerIndex":1,"roundIndex":0,"roundLabel":"write-tps-1","transactionId":"74a024147a741a4374736ca9f13419901e8eba1b0d288070fb6a7f6e4f66e65b","status":"success","startEpochMs":1787564367675,"endEpochMs":1787564369829,"latencyMs":2154}
CALIPER_TX_LATENCY {"workerIndex":2,"roundIndex":0,"roundLabel":"write-tps-1","transactionId":"12e65cdf45bdf20e5709bb4d55349ae7ae6ac65ddc45572b4cf908fba5a42d6b","status":"success","startEpochMs":1787564367675,"endEpochMs":1787564369829,"latencyMs":2154}
CALIPER_TX_LATENCY {"workerIndex":0,"roundIndex":0,"roundLabel":"write-tps-1","transactionId":"162ce33cb0cd9f5bba072534a94b1b2805623e08785c9c23ff1431ea8815c514","status":"success","startEpochMs":1787564367675,"endEpochMs":1787564369829,"latencyMs":2154}
2026.08.24-15:09:32.683[32m info [39m [caliper] [default-observer] 	[write-tps-1 Round 0 Transaction Info] - Submitted: 7 Succ: 4 Fail:0 Unfinished:3
CALIPER_TX_LATENCY {"workerIndex":2,"roundIndex":0,"roundLabel":"write-tps-1","transactionId":"8100a8121db521111c18246d73373f2e25c62e0b7f4588a4448ffc324890393e","status":"success","startEpochMs":1787564371673,"endEpochMs":1787564373745,"latencyMs":2072}
CALIPER_TX_LATENCY {"workerIndex":1,"roundIndex":0,"roundLabel":"write-tps-1","transactionId":"3d12a9787d8557ea9cd9663abb0861a8abf97a6639e439e6079ce99850d37088","status":"success","startEpochMs":1787564371673,"endEpochMs":1787564373745,"latencyMs":2072}
CALIPER_TX_LATENCY {"workerIndex":3,"roundIndex":0,"roundLabel":"write-tps-1","transactionId":"b3847534578e216daf26f0a0b723f2e7895be784b319414685f83e5c8949e6f8","status":"success","startEpochMs":1787564371673,"endEpochMs":1787564373745,"latencyMs":2072}
CALIPER_TX_LATENCY {"workerIndex":0,"roundIndex":0,"roundLabel":"write-tps-1","transactionId":"cec8fa474aba779de73c819f505c2c46315f9c1882f59d8d21ace70ee1f2fbb9","status":"success","startEpochMs":1787564371680,"endEpochMs":1787564373745,"latencyMs":2065}
2026.08.24-15:09:37.671[32m info [39m [caliper] [default-observer] 	[write-tps-1 Round 0 Transaction Info] - Submitted: 12 Succ: 8 Fail:0 Unfinished:4
CALIPER_TX_LATENCY {"workerIndex":0,"roundIndex":0,"roundLabel":"write-tps-1","transactionId":"b6640ac4afe367d31ce79e5e7d9b075ea41824b433c3dc650d1416a7a5dfa716","status":"success","startEpochMs":1787564375674,"endEpochMs":1787564377786,"latencyMs":2112}
CALIPER_TX_LATENCY {"workerIndex":2,"roundIndex":0,"roundLabel":"write-tps-1","transactionId":"8c7891c88fb22c27c19e3946c6411812d100f204caf882b859df743eab6bc483","status":"success","startEpochMs":1787564375674,"endEpochMs":1787564377786,"latencyMs":2112}
CALIPER_TX_LATENCY {"workerIndex":1,"roundIndex":0,"roundLabel":"write-tps-1","transactionId":"b51eb76f76d05eda577c2a6032c61b5a96423c0bd9b7bc7851be7a910138d11d","status":"success","startEpochMs":1787564375675,"endEpochMs":1787564377786,"latencyMs":2111}
CALIPER_TX_LATENCY {"workerIndex":3,"roundIndex":0,"roundLabel":"write-tps-1","transactionId":"e4cc93fe9afb9ad57d2bec8930f45b1e6154c696918f94fd2a3d1812e34e76df","status":"success","startEpochMs":1787564375674,"endEpochMs":1787564377786,"latencyMs":2112}
2026.08.24-15:09:38.801[32m info [39m [caliper] [connectors/peer-gateway/PeerGateway] 	disconnecting gateway for user io.krishnan
2026.08.24-15:09:38.801[32m info [39m [caliper] [connectors/peer-gateway/PeerGateway] 	disconnecting gateway for user io.krishnan
2026.08.24-15:09:38.801[32m info [39m [caliper] [connectors/peer-gateway/PeerGateway] 	disconnecting gateway for user io.krishnan
2026.08.24-15:09:38.801[32m info [39m [caliper] [connectors/peer-gateway/PeerGateway] 	disconnecting gateway for user io.krishnan
2026.08.24-15:09:38.801[32m info [39m [caliper] [connectors/peer-gateway/PeerGateway] 	disconnecting gateway for user insp.rathore
2026.08.24-15:09:38.801[32m info [39m [caliper] [connectors/peer-gateway/PeerGateway] 	disconnecting gateway for user insp.rathore
2026.08.24-15:09:38.801[32m info [39m [caliper] [connectors/peer-gateway/PeerGateway] 	disconnecting gateway for user insp.rathore
2026.08.24-15:09:38.801[32m info [39m [caliper] [connectors/peer-gateway/PeerGateway] 	disconnecting gateway for user insp.singh
2026.08.24-15:09:38.801[32m info [39m [caliper] [connectors/peer-gateway/PeerGateway] 	disconnecting gateway for user insp.singh
2026.08.24-15:09:38.801[32m info [39m [caliper] [connectors/peer-gateway/PeerGateway] 	disconnecting gateway for user insp.singh
2026.08.24-15:09:38.801[32m info [39m [caliper] [connectors/peer-gateway/PeerGateway] 	disconnecting gateway for user const.verma
2026.08.24-15:09:38.801[32m info [39m [caliper] [connectors/peer-gateway/PeerGateway] 	disconnecting gateway for user const.verma
2026.08.24-15:09:38.801[32m info [39m [caliper] [connectors/peer-gateway/PeerGateway] 	disconnecting gateway for user insp.rathore
2026.08.24-15:09:38.801[32m info [39m [caliper] [connectors/peer-gateway/PeerGateway] 	disconnecting gateway for user const.verma
2026.08.24-15:09:38.801[32m info [39m [caliper] [connectors/peer-gateway/PeerGateway] 	disconnecting gateway for user insp.sharma
2026.08.24-15:09:38.801[32m info [39m [caliper] [connectors/peer-gateway/PeerGateway] 	disconnecting gateway for user insp.sharma
2026.08.24-15:09:38.801[32m info [39m [caliper] [connectors/peer-gateway/PeerGateway] 	disconnecting gateway for user insp.sharma
2026.08.24-15:09:38.801[32m info [39m [caliper] [connectors/peer-gateway/PeerGateway] 	disconnecting gateway for user _AuditMSP_aud.qureshi
2026.08.24-15:09:38.801[32m info [39m [caliper] [connectors/peer-gateway/PeerGateway] 	disconnecting gateway for user _AuditMSP_aud.qureshi
2026.08.24-15:09:38.801[32m info [39m [caliper] [connectors/peer-gateway/PeerGateway] 	disconnecting gateway for user insp.singh
2026.08.24-15:09:38.801[32m info [39m [caliper] [connectors/peer-gateway/PeerGateway] 	disconnecting gateway for user _AuditMSP_aud.qureshi
2026.08.24-15:09:38.801[32m info [39m [caliper] [connectors/peer-gateway/PeerGateway] 	disconnecting gRpc client at peer PoliceMSP_localhost:7051
2026.08.24-15:09:38.801[32m info [39m [caliper] [connectors/peer-gateway/PeerGateway] 	disconnecting gRpc client at peer PoliceMSP_localhost:7051
2026.08.24-15:09:38.802[32m info [39m [caliper] [connectors/peer-gateway/PeerGateway] 	disconnecting gRpc client at peer PoliceMSP_localhost:7051
2026.08.24-15:09:38.802[32m info [39m [caliper] [connectors/peer-gateway/PeerGateway] 	disconnecting gateway for user const.verma
2026.08.24-15:09:38.802[32m info [39m [caliper] [connectors/peer-gateway/PeerGateway] 	disconnecting gateway for user insp.sharma
2026.08.24-15:09:38.802[32m info [39m [caliper] [connectors/peer-gateway/PeerGateway] 	disconnecting gateway for user _AuditMSP_aud.qureshi
2026.08.24-15:09:38.802[32m info [39m [caliper] [connectors/peer-gateway/PeerGateway] 	disconnecting gRpc client at peer PoliceMSP_localhost:7051
2026.08.24-15:09:38.802[32m info [39m [caliper] [connectors/peer-gateway/PeerGateway] 	disconnecting gRpc client at peer AuditMSP_localhost:11051
2026.08.24-15:09:38.802[32m info [39m [caliper] [connectors/peer-gateway/PeerGateway] 	disconnecting gRpc client at peer AuditMSP_localhost:11051
2026.08.24-15:09:38.802[32m info [39m [caliper] [connectors/peer-gateway/PeerGateway] 	disconnecting gRpc client at peer AuditMSP_localhost:11051
2026.08.24-15:09:38.802[32m info [39m [caliper] [worker-message-handler] 	Worker#3 finished Round#0
2026.08.24-15:09:38.802[32m info [39m [caliper] [worker-message-handler] 	Worker#1 finished Round#0
2026.08.24-15:09:38.802[32m info [39m [caliper] [worker-message-handler] 	Worker#0 finished Round#0
2026.08.24-15:09:38.802[32m info [39m [caliper] [connectors/peer-gateway/PeerGateway] 	disconnecting gRpc client at peer AuditMSP_localhost:11051
2026.08.24-15:09:38.802[32m info [39m [caliper] [worker-message-handler] 	Worker#2 finished Round#0
2026.08.24-15:09:43.805[32m info [39m [caliper] [default-observer] 	Resetting txCount indicator count
2026.08.24-15:09:43.806[32m info [39m [caliper] [report-builder] 	### Test result ###
2026.08.24-15:09:43.810[32m info [39m [caliper] [report-builder] 	
+-------------+------+------+-----------------+-----------------+-----------------+-----------------+------------------+
| Name        | Succ | Fail | Send Rate (TPS) | Max Latency (s) | Min Latency (s) | Avg Latency (s) | Throughput (TPS) |
|-------------|------|------|-----------------|-----------------|-----------------|-----------------|------------------|
| write-tps-1 | 12   | 0    | 1.5             | 2.15            | 2.06            | 2.11            | 1.2              |
+-------------+------+------+-----------------+-----------------+-----------------+-----------------+------------------+

2026.08.24-15:09:43.810[32m info [39m [caliper] [round-orchestrator] 	Finished round 1 (write-tps-1) in 10.127 seconds
2026.08.24-15:09:43.811[32m info [39m [caliper] [monitor.js] 	Stopping all monitors
2026.08.24-15:09:43.811[32m info [39m [caliper] [round-orchestrator] 	Waiting 5 seconds for the next round...
2026.08.24-15:09:48.812[32m info [39m [caliper] [round-orchestrator] 	Started round 2 (write-tps-2)
2026.08.24-15:09:48.813[32m info [39m [caliper] [worker-message-handler] 	Preparing Worker#0 for Round#1
2026.08.24-15:09:48.813[32m info [39m [caliper] [worker-message-handler] 	Preparing Worker#1 for Round#1
2026.08.24-15:09:48.813[32m info [39m [caliper] [worker-message-handler] 	Preparing Worker#2 for Round#1
2026.08.24-15:09:48.814[32m info [39m [caliper] [worker-message-handler] 	Preparing Worker#3 for Round#1
2026.08.24-15:09:48.816[32m info [39m [caliper] [connectors/peer-gateway/PeerGateway] 	Generating contract map for user io.krishnan
2026.08.24-15:09:48.816[32m info [39m [caliper] [connectors/peer-gateway/PeerGateway] 	Generating contract map for user io.krishnan
2026.08.24-15:09:48.816[32m info [39m [caliper] [connectors/peer-gateway/PeerGateway] 	Generating contract map for user io.krishnan
2026.08.24-15:09:48.817[32m info [39m [caliper] [connectors/peer-gateway/PeerGateway] 	Generating contract map for user io.krishnan
2026.08.24-15:09:48.817[32m info [39m [caliper] [connectors/peer-gateway/PeerGateway] 	Generating contract map for user insp.rathore
2026.08.24-15:09:48.817[32m info [39m [caliper] [connectors/peer-gateway/PeerGateway] 	Generating contract map for user insp.rathore
2026.08.24-15:09:48.817[32m info [39m [caliper] [connectors/peer-gateway/PeerGateway] 	Generating contract map for user insp.rathore
2026.08.24-15:09:48.817[32m info [39m [caliper] [connectors/peer-gateway/PeerGateway] 	Generating contract map for user insp.rathore
2026.08.24-15:09:48.817[32m info [39m [caliper] [connectors/peer-gateway/PeerGateway] 	Generating contract map for user insp.singh
2026.08.24-15:09:48.817[32m info [39m [caliper] [connectors/peer-gateway/PeerGateway] 	Generating contract map for user insp.singh
2026.08.24-15:09:48.817[32m info [39m [caliper] [connectors/peer-gateway/PeerGateway] 	Generating contract map for user insp.singh
2026.08.24-15:09:48.817[32m info [39m [caliper] [connectors/peer-gateway/PeerGateway] 	Generating contract map for user insp.singh
2026.08.24-15:09:48.817[32m info [39m [caliper] [connectors/peer-gateway/PeerGateway] 	Generating contract map for user const.verma
2026.08.24-15:09:48.817[32m info [39m [caliper] [connectors/peer-gateway/PeerGateway] 	Generating contract map for user const.verma
2026.08.24-15:09:48.817[32m info [39m [caliper] [connectors/peer-gateway/PeerGateway] 	Generating contract map for user const.verma
2026.08.24-15:09:48.817[32m info [39m [caliper] [connectors/peer-gateway/PeerGateway] 	Generating contract map for user const.verma
2026.08.24-15:09:48.817[32m info [39m [caliper] [connectors/peer-gateway/PeerGateway] 	Generating contract map for user insp.sharma
2026.08.24-15:09:48.818[32m info [39m [caliper] [connectors/peer-gateway/PeerGateway] 	Generating contract map for user insp.sharma
2026.08.24-15:09:48.818[32m info [39m [caliper] [connectors/peer-gateway/PeerGateway] 	Generating contract map for user insp.sharma
2026.08.24-15:09:48.818[32m info [39m [caliper] [connectors/peer-gateway/PeerGateway] 	Generating contract map for user insp.sharma
2026.08.24-15:09:48.819[32m info [39m [caliper] [connectors/peer-gateway/PeerGateway] 	Generating contract map for user _AuditMSP_aud.qureshi
2026.08.24-15:09:48.819[32m info [39m [caliper] [connectors/peer-gateway/PeerGateway] 	Generating contract map for user _AuditMSP_aud.qureshi
2026.08.24-15:09:48.819[32m info [39m [caliper] [caliper-worker] 	Info: worker 2 prepare test phase for round 1 is starting...
2026.08.24-15:09:48.819[32m info [39m [caliper] [connectors/peer-gateway/PeerGateway] 	Generating contract map for user _AuditMSP_aud.qureshi
2026.08.24-15:09:48.820[32m info [39m [caliper] [connectors/peer-gateway/PeerGateway] 	Generating contract map for user _AuditMSP_aud.qureshi
2026.08.24-15:09:48.820[32m info [39m [caliper] [caliper-worker] 	Info: worker 0 prepare test phase for round 1 is starting...
2026.08.24-15:09:48.820[32m info [39m [caliper] [caliper-worker] 	Info: worker 1 prepare test phase for round 1 is starting...
2026.08.24-15:09:48.820[32m info [39m [caliper] [caliper-worker] 	Info: worker 3 prepare test phase for round 1 is starting...
2026.08.24-15:09:48.821[32m info [39m [caliper] [connectors/peer-gateway/PeerGateway] 	disconnecting gateway for user io.krishnan
2026.08.24-15:09:48.821[32m info [39m [caliper] [connectors/peer-gateway/PeerGateway] 	disconnecting gateway for user insp.rathore
2026.08.24-15:09:48.821[32m info [39m [caliper] [connectors/peer-gateway/PeerGateway] 	disconnecting gateway for user insp.singh
2026.08.24-15:09:48.821[32m info [39m [caliper] [connectors/peer-gateway/PeerGateway] 	disconnecting gateway for user const.verma
2026.08.24-15:09:48.821[32m info [39m [caliper] [connectors/peer-gateway/PeerGateway] 	disconnecting gateway for user insp.sharma
2026.08.24-15:09:48.821[32m info [39m [caliper] [connectors/peer-gateway/PeerGateway] 	disconnecting gateway for user _AuditMSP_aud.qureshi
2026.08.24-15:09:48.821[32m info [39m [caliper] [connectors/peer-gateway/PeerGateway] 	disconnecting gRpc client at peer PoliceMSP_localhost:7051
2026.08.24-15:09:48.821[32m info [39m [caliper] [connectors/peer-gateway/PeerGateway] 	disconnecting gRpc client at peer AuditMSP_localhost:11051
2026.08.24-15:09:48.821[32m info [39m [caliper] [connectors/peer-gateway/PeerGateway] 	disconnecting gateway for user io.krishnan
2026.08.24-15:09:48.821[32m info [39m [caliper] [connectors/peer-gateway/PeerGateway] 	disconnecting gateway for user io.krishnan
2026.08.24-15:09:48.821[32m info [39m [caliper] [connectors/peer-gateway/PeerGateway] 	disconnecting gateway for user io.krishnan
2026.08.24-15:09:48.821[32m info [39m [caliper] [connectors/peer-gateway/PeerGateway] 	disconnecting gateway for user insp.rathore
2026.08.24-15:09:48.821[32m info [39m [caliper] [connectors/peer-gateway/PeerGateway] 	disconnecting gateway for user insp.rathore
2026.08.24-15:09:48.821[32m info [39m [caliper] [connectors/peer-gateway/PeerGateway] 	disconnecting gateway for user insp.singh
2026.08.24-15:09:48.821[32m info [39m [caliper] [connectors/peer-gateway/PeerGateway] 	disconnecting gateway for user const.verma
2026.08.24-15:09:48.821[32m info [39m [caliper] [connectors/peer-gateway/PeerGateway] 	disconnecting gateway for user insp.rathore
2026.08.24-15:09:48.821[32m info [39m [caliper] [connectors/peer-gateway/PeerGateway] 	disconnecting gateway for user insp.singh
2026.08.24-15:09:48.821[32m info [39m [caliper] [connectors/peer-gateway/PeerGateway] 	disconnecting gateway for user insp.sharma
2026.08.24-15:09:48.821[32m info [39m [caliper] [connectors/peer-gateway/PeerGateway] 	disconnecting gateway for user const.verma
2026.08.24-15:09:48.821[32m info [39m [caliper] [connectors/peer-gateway/PeerGateway] 	disconnecting gateway for user insp.singh
2026.08.24-15:09:48.821[32m info [39m [caliper] [connectors/peer-gateway/PeerGateway] 	disconnecting gateway for user _AuditMSP_aud.qureshi
2026.08.24-15:09:48.821[32m info [39m [caliper] [connectors/peer-gateway/PeerGateway] 	disconnecting gateway for user insp.sharma
2026.08.24-15:09:48.821[32m info [39m [caliper] [caliper-worker] 	Info: worker 2 prepare test phase for round 1 is completed
2026.08.24-15:09:48.821[32m info [39m [caliper] [connectors/peer-gateway/PeerGateway] 	disconnecting gRpc client at peer PoliceMSP_localhost:7051
2026.08.24-15:09:48.821[32m info [39m [caliper] [connectors/peer-gateway/PeerGateway] 	disconnecting gateway for user _AuditMSP_aud.qureshi
2026.08.24-15:09:48.821[32m info [39m [caliper] [connectors/peer-gateway/PeerGateway] 	disconnecting gRpc client at peer PoliceMSP_localhost:7051
2026.08.24-15:09:48.821[32m info [39m [caliper] [worker-message-handler] 	Worker#2 prepared for Round#1
2026.08.24-15:09:48.821[32m info [39m [caliper] [connectors/peer-gateway/PeerGateway] 	disconnecting gateway for user const.verma
2026.08.24-15:09:48.822[32m info [39m [caliper] [connectors/peer-gateway/PeerGateway] 	disconnecting gRpc client at peer AuditMSP_localhost:11051
2026.08.24-15:09:48.822[32m info [39m [caliper] [connectors/peer-gateway/PeerGateway] 	disconnecting gateway for user insp.sharma
2026.08.24-15:09:48.822[32m info [39m [caliper] [connectors/peer-gateway/PeerGateway] 	disconnecting gateway for user _AuditMSP_aud.qureshi
2026.08.24-15:09:48.822[32m info [39m [caliper] [connectors/peer-gateway/PeerGateway] 	disconnecting gRpc client at peer AuditMSP_localhost:11051
2026.08.24-15:09:48.822[32m info [39m [caliper] [connectors/peer-gateway/PeerGateway] 	disconnecting gRpc client at peer PoliceMSP_localhost:7051
2026.08.24-15:09:48.822[32m info [39m [caliper] [connectors/peer-gateway/PeerGateway] 	disconnecting gRpc client at peer AuditMSP_localhost:11051
2026.08.24-15:09:48.822[32m info [39m [caliper] [caliper-worker] 	Info: worker 0 prepare test phase for round 1 is completed
2026.08.24-15:09:48.822[32m info [39m [caliper] [caliper-worker] 	Info: worker 3 prepare test phase for round 1 is completed
2026.08.24-15:09:48.822[32m info [39m [caliper] [worker-message-handler] 	Worker#0 prepared for Round#1
2026.08.24-15:09:48.822[32m info [39m [caliper] [worker-message-handler] 	Worker#3 prepared for Round#1
2026.08.24-15:09:48.822[32m info [39m [caliper] [caliper-worker] 	Info: worker 1 prepare test phase for round 1 is completed
2026.08.24-15:09:48.822[32m info [39m [caliper] [worker-message-handler] 	Worker#1 prepared for Round#1
2026.08.24-15:09:48.822[32m info [39m [caliper] [worker-orchestrator] 	4 workers prepared, progressing to test phase.
2026.08.24-15:09:48.822[32m info [39m [caliper] [round-orchestrator] 	Monitors successfully started
2026.08.24-15:09:48.823[32m info [39m [caliper] [worker-message-handler] 	Worker#0 is starting Round#1
2026.08.24-15:09:48.823[32m info [39m [caliper] [worker-message-handler] 	Worker#1 is starting Round#1
2026.08.24-15:09:48.823[32m info [39m [caliper] [worker-message-handler] 	Worker#2 is starting Round#1
2026.08.24-15:09:48.823[32m info [39m [caliper] [worker-message-handler] 	Worker#3 is starting Round#1
2026.08.24-15:09:48.825[32m info [39m [caliper] [connectors/peer-gateway/PeerGateway] 	Generating contract map for user io.krishnan
2026.08.24-15:09:48.825[32m info [39m [caliper] [connectors/peer-gateway/PeerGateway] 	Generating contract map for user io.krishnan
2026.08.24-15:09:48.825[32m info [39m [caliper] [connectors/peer-gateway/PeerGateway] 	Generating contract map for user io.krishnan
2026.08.24-15:09:48.825[32m info [39m [caliper] [connectors/peer-gateway/PeerGateway] 	Generating contract map for user io.krishnan
2026.08.24-15:09:48.826[32m info [39m [caliper] [connectors/peer-gateway/PeerGateway] 	Generating contract map for user insp.rathore
2026.08.24-15:09:48.826[32m info [39m [caliper] [connectors/peer-gateway/PeerGateway] 	Generating contract map for user insp.rathore
2026.08.24-15:09:48.826[32m info [39m [caliper] [connectors/peer-gateway/PeerGateway] 	Generating contract map for user insp.rathore
2026.08.24-15:09:48.826[32m info [39m [caliper] [connectors/peer-gateway/PeerGateway] 	Generating contract map for user insp.rathore
2026.08.24-15:09:48.826[32m info [39m [caliper] [connectors/peer-gateway/PeerGateway] 	Generating contract map for user insp.singh
2026.08.24-15:09:48.826[32m info [39m [caliper] [connectors/peer-gateway/PeerGateway] 	Generating contract map for user insp.singh
2026.08.24-15:09:48.826[32m info [39m [caliper] [connectors/peer-gateway/PeerGateway] 	Generating contract map for user insp.singh
2026.08.24-15:09:48.826[32m info [39m [caliper] [connectors/peer-gateway/PeerGateway] 	Generating contract map for user insp.singh
2026.08.24-15:09:48.826[32m info [39m [caliper] [connectors/peer-gateway/PeerGateway] 	Generating contract map for user const.verma
2026.08.24-15:09:48.826[32m info [39m [caliper] [connectors/peer-gateway/PeerGateway] 	Generating contract map for user const.verma
2026.08.24-15:09:48.826[32m info [39m [caliper] [connectors/peer-gateway/PeerGateway] 	Generating contract map for user const.verma
2026.08.24-15:09:48.826[32m info [39m [caliper] [connectors/peer-gateway/PeerGateway] 	Generating contract map for user const.verma
2026.08.24-15:09:48.826[32m info [39m [caliper] [connectors/peer-gateway/PeerGateway] 	Generating contract map for user insp.sharma
2026.08.24-15:09:48.826[32m info [39m [caliper] [connectors/peer-gateway/PeerGateway] 	Generating contract map for user insp.sharma
2026.08.24-15:09:48.826[32m info [39m [caliper] [connectors/peer-gateway/PeerGateway] 	Generating contract map for user insp.sharma
2026.08.24-15:09:48.826[32m info [39m [caliper] [connectors/peer-gateway/PeerGateway] 	Generating contract map for user insp.sharma
2026.08.24-15:09:48.828[32m info [39m [caliper] [connectors/peer-gateway/PeerGateway] 	Generating contract map for user _AuditMSP_aud.qureshi
2026.08.24-15:09:48.828[32m info [39m [caliper] [connectors/peer-gateway/PeerGateway] 	Generating contract map for user _AuditMSP_aud.qureshi
2026.08.24-15:09:48.828[32m info [39m [caliper] [connectors/peer-gateway/PeerGateway] 	Generating contract map for user _AuditMSP_aud.qureshi
2026.08.24-15:09:48.828[32m info [39m [caliper] [connectors/peer-gateway/PeerGateway] 	Generating contract map for user _AuditMSP_aud.qureshi
2026.08.24-15:09:48.828[32m info [39m [caliper] [caliper-worker] 	Worker #3 starting workload loop
2026.08.24-15:09:48.828[32m info [39m [caliper] [caliper-worker] 	Worker #2 starting workload loop
2026.08.24-15:09:48.828[32m info [39m [caliper] [caliper-worker] 	Worker #1 starting workload loop
2026.08.24-15:09:48.828[32m info [39m [caliper] [caliper-worker] 	Worker #0 starting workload loop
CALIPER_TX_LATENCY {"workerIndex":3,"roundIndex":1,"roundLabel":"write-tps-2","transactionId":"1849735b809d39f6ee72c56812b881d1ddf9ce324189cc2f8fb186d70e76503a","status":"success","startEpochMs":1787564388830,"endEpochMs":1787564390934,"latencyMs":2104}
CALIPER_TX_LATENCY {"workerIndex":0,"roundIndex":1,"roundLabel":"write-tps-2","transactionId":"5a44ef936331325c03a9186ab6e97b71717a2c721b0ebb09e36a1adeb1e771d1","status":"success","startEpochMs":1787564390831,"endEpochMs":1787564390934,"latencyMs":103}
CALIPER_TX_LATENCY {"workerIndex":2,"roundIndex":1,"roundLabel":"write-tps-2","transactionId":"d52bbb4c304e15fc399afae385476adfbcc319cf54ffcc02f336b93f7d9947fe","status":"success","startEpochMs":1787564388830,"endEpochMs":1787564390934,"latencyMs":2104}
CALIPER_TX_LATENCY {"workerIndex":1,"roundIndex":1,"roundLabel":"write-tps-2","transactionId":"9f48df49f3a174e687d6ceaaec08ec48820b3e13cb665569a6e8f41e3b4aa5ad","status":"success","startEpochMs":1787564388830,"endEpochMs":1787564390934,"latencyMs":2104}
CALIPER_TX_LATENCY {"workerIndex":3,"roundIndex":1,"roundLabel":"write-tps-2","transactionId":"9829deffd03c5c55220f41da5f6089d3374783b57dd3953c4f52bc9417b267c7","status":"success","startEpochMs":1787564390831,"endEpochMs":1787564390934,"latencyMs":103}
CALIPER_TX_LATENCY {"workerIndex":1,"roundIndex":1,"roundLabel":"write-tps-2","transactionId":"76febdbb8ffb317645d25affeebf7a49ee258864836cf427e6f0b35abbcae869","status":"success","startEpochMs":1787564390831,"endEpochMs":1787564390934,"latencyMs":103}
CALIPER_TX_LATENCY {"workerIndex":2,"roundIndex":1,"roundLabel":"write-tps-2","transactionId":"13ab38d87eea712d45a9e12474b98ac0f42be0ec0f3a717c5e0833fbefef5cd4","status":"success","startEpochMs":1787564390831,"endEpochMs":1787564390934,"latencyMs":103}
CALIPER_TX_LATENCY {"workerIndex":0,"roundIndex":1,"roundLabel":"write-tps-2","transactionId":"eb7c098d492ea7a3ececcd8a884a20c3ea3b21fa79c9b4348afbe205aeee5031","status":"success","startEpochMs":1787564388830,"endEpochMs":1787564390934,"latencyMs":2104}
2026.08.24-15:09:53.824[32m info [39m [caliper] [default-observer] 	[write-tps-2 Round 1 Transaction Info] - Submitted: 12 Succ: 8 Fail:0 Unfinished:4
CALIPER_TX_LATENCY {"workerIndex":3,"roundIndex":1,"roundLabel":"write-tps-2","transactionId":"e3e9626a22517b6d720e60fb3baa637c6ca32bd56dd14f8943f76b73ff982ffd","status":"success","startEpochMs":1787564394831,"endEpochMs":1787564394927,"latencyMs":96}
CALIPER_TX_LATENCY {"workerIndex":1,"roundIndex":1,"roundLabel":"write-tps-2","transactionId":"16bbba2b0faa3a1d179e9a3198b98b2343fa4ffb327db8be55dd59c75e50ab42","status":"success","startEpochMs":1787564394831,"endEpochMs":1787564394927,"latencyMs":96}
CALIPER_TX_LATENCY {"workerIndex":3,"roundIndex":1,"roundLabel":"write-tps-2","transactionId":"13c1e7ce85ea05f99efb9f2a754ef9b1248710ec316ed58b1901a197dd4feede","status":"success","startEpochMs":1787564392829,"endEpochMs":1787564394928,"latencyMs":2099}
CALIPER_TX_LATENCY {"workerIndex":2,"roundIndex":1,"roundLabel":"write-tps-2","transactionId":"f461d371e69b9d0a9f2820450b91b12a59b019b5f8b08678f649ff355764d67b","status":"success","startEpochMs":1787564392830,"endEpochMs":1787564394929,"latencyMs":2099}
CALIPER_TX_LATENCY {"workerIndex":1,"roundIndex":1,"roundLabel":"write-tps-2","transactionId":"08f5b4a575f1eafd4ca83ed885ae24631e5b4ed79edc09891c81e7620b2cdbd3","status":"success","startEpochMs":1787564392830,"endEpochMs":1787564394929,"latencyMs":2099}
CALIPER_TX_LATENCY {"workerIndex":0,"roundIndex":1,"roundLabel":"write-tps-2","transactionId":"294725c77d48b1881bb7263d36eff230117a1ba5b0d768323d46d6457c06e8e3","status":"success","startEpochMs":1787564394831,"endEpochMs":1787564394929,"latencyMs":98}
CALIPER_TX_LATENCY {"workerIndex":2,"roundIndex":1,"roundLabel":"write-tps-2","transactionId":"9fb195abb62b1beb8ab05835ad13342fc935d7195916d1335ecd3ab2090f9823","status":"success","startEpochMs":1787564394831,"endEpochMs":1787564394929,"latencyMs":98}
CALIPER_TX_LATENCY {"workerIndex":0,"roundIndex":1,"roundLabel":"write-tps-2","transactionId":"a1d90bb41d591e93301d03cf98454a25ef46685fdfa484a6de8fb401b9e8fb89","status":"success","startEpochMs":1787564392830,"endEpochMs":1787564394929,"latencyMs":2099}
2026.08.24-15:09:55.934[32m info [39m [caliper] [connectors/peer-gateway/PeerGateway] 	disconnecting gateway for user io.krishnan
2026.08.24-15:09:55.934[32m info [39m [caliper] [connectors/peer-gateway/PeerGateway] 	disconnecting gateway for user io.krishnan
2026.08.24-15:09:55.934[32m info [39m [caliper] [connectors/peer-gateway/PeerGateway] 	disconnecting gateway for user insp.rathore
2026.08.24-15:09:55.934[32m info [39m [caliper] [connectors/peer-gateway/PeerGateway] 	disconnecting gateway for user insp.rathore
2026.08.24-15:09:55.934[32m info [39m [caliper] [connectors/peer-gateway/PeerGateway] 	disconnecting gateway for user insp.singh
2026.08.24-15:09:55.934[32m info [39m [caliper] [connectors/peer-gateway/PeerGateway] 	disconnecting gateway for user insp.singh
2026.08.24-15:09:55.934[32m info [39m [caliper] [connectors/peer-gateway/PeerGateway] 	disconnecting gateway for user const.verma
2026.08.24-15:09:55.934[32m info [39m [caliper] [connectors/peer-gateway/PeerGateway] 	disconnecting gateway for user const.verma
2026.08.24-15:09:55.934[32m info [39m [caliper] [connectors/peer-gateway/PeerGateway] 	disconnecting gateway for user insp.sharma
2026.08.24-15:09:55.934[32m info [39m [caliper] [connectors/peer-gateway/PeerGateway] 	disconnecting gateway for user insp.sharma
2026.08.24-15:09:55.934[32m info [39m [caliper] [connectors/peer-gateway/PeerGateway] 	disconnecting gateway for user _AuditMSP_aud.qureshi
2026.08.24-15:09:55.934[32m info [39m [caliper] [connectors/peer-gateway/PeerGateway] 	disconnecting gateway for user _AuditMSP_aud.qureshi
2026.08.24-15:09:55.934[32m info [39m [caliper] [connectors/peer-gateway/PeerGateway] 	disconnecting gRpc client at peer PoliceMSP_localhost:7051
2026.08.24-15:09:55.934[32m info [39m [caliper] [connectors/peer-gateway/PeerGateway] 	disconnecting gRpc client at peer PoliceMSP_localhost:7051
2026.08.24-15:09:55.934[32m info [39m [caliper] [connectors/peer-gateway/PeerGateway] 	disconnecting gateway for user io.krishnan
2026.08.24-15:09:55.934[32m info [39m [caliper] [connectors/peer-gateway/PeerGateway] 	disconnecting gateway for user insp.rathore
2026.08.24-15:09:55.934[32m info [39m [caliper] [connectors/peer-gateway/PeerGateway] 	disconnecting gateway for user insp.singh
2026.08.24-15:09:55.934[32m info [39m [caliper] [connectors/peer-gateway/PeerGateway] 	disconnecting gateway for user const.verma
2026.08.24-15:09:55.934[32m info [39m [caliper] [connectors/peer-gateway/PeerGateway] 	disconnecting gateway for user insp.sharma
2026.08.24-15:09:55.934[32m info [39m [caliper] [connectors/peer-gateway/PeerGateway] 	disconnecting gateway for user _AuditMSP_aud.qureshi
2026.08.24-15:09:55.934[32m info [39m [caliper] [connectors/peer-gateway/PeerGateway] 	disconnecting gRpc client at peer PoliceMSP_localhost:7051
2026.08.24-15:09:55.934[32m info [39m [caliper] [connectors/peer-gateway/PeerGateway] 	disconnecting gRpc client at peer AuditMSP_localhost:11051
2026.08.24-15:09:55.934[32m info [39m [caliper] [connectors/peer-gateway/PeerGateway] 	disconnecting gRpc client at peer AuditMSP_localhost:11051
2026.08.24-15:09:55.935[32m info [39m [caliper] [connectors/peer-gateway/PeerGateway] 	disconnecting gRpc client at peer AuditMSP_localhost:11051
2026.08.24-15:09:55.935[32m info [39m [caliper] [worker-message-handler] 	Worker#2 finished Round#1
2026.08.24-15:09:55.935[32m info [39m [caliper] [worker-message-handler] 	Worker#1 finished Round#1
2026.08.24-15:09:55.935[32m info [39m [caliper] [worker-message-handler] 	Worker#3 finished Round#1
2026.08.24-15:09:55.935[32m info [39m [caliper] [connectors/peer-gateway/PeerGateway] 	disconnecting gateway for user io.krishnan
2026.08.24-15:09:55.935[32m info [39m [caliper] [connectors/peer-gateway/PeerGateway] 	disconnecting gateway for user insp.rathore
2026.08.24-15:09:55.935[32m info [39m [caliper] [connectors/peer-gateway/PeerGateway] 	disconnecting gateway for user insp.singh
2026.08.24-15:09:55.935[32m info [39m [caliper] [connectors/peer-gateway/PeerGateway] 	disconnecting gateway for user const.verma
2026.08.24-15:09:55.935[32m info [39m [caliper] [connectors/peer-gateway/PeerGateway] 	disconnecting gateway for user insp.sharma
2026.08.24-15:09:55.935[32m info [39m [caliper] [connectors/peer-gateway/PeerGateway] 	disconnecting gateway for user _AuditMSP_aud.qureshi
2026.08.24-15:09:55.935[32m info [39m [caliper] [connectors/peer-gateway/PeerGateway] 	disconnecting gRpc client at peer PoliceMSP_localhost:7051
2026.08.24-15:09:55.936[32m info [39m [caliper] [connectors/peer-gateway/PeerGateway] 	disconnecting gRpc client at peer AuditMSP_localhost:11051
2026.08.24-15:09:55.936[32m info [39m [caliper] [worker-message-handler] 	Worker#0 finished Round#1
2026.08.24-15:10:00.937[32m info [39m [caliper] [default-observer] 	Resetting txCount indicator count
2026.08.24-15:10:00.938[32m info [39m [caliper] [report-builder] 	### Test result ###
2026.08.24-15:10:00.939[32m info [39m [caliper] [report-builder] 	
+-------------+------+------+-----------------+-----------------+-----------------+-----------------+------------------+
| Name        | Succ | Fail | Send Rate (TPS) | Max Latency (s) | Min Latency (s) | Avg Latency (s) | Throughput (TPS) |
|-------------|------|------|-----------------|-----------------|-----------------|-----------------|------------------|
| write-tps-2 | 16   | 0    | 2.7             | 2.10            | 0.10            | 1.10            | 2.6              |
+-------------+------+------+-----------------+-----------------+-----------------+-----------------+------------------+

2026.08.24-15:10:00.939[32m info [39m [caliper] [round-orchestrator] 	Finished round 2 (write-tps-2) in 6.105 seconds
2026.08.24-15:10:00.939[32m info [39m [caliper] [monitor.js] 	Stopping all monitors
2026.08.24-15:10:00.939[32m info [39m [caliper] [round-orchestrator] 	Waiting 5 seconds for the next round...
2026.08.24-15:10:05.940[32m info [39m [caliper] [round-orchestrator] 	Started round 3 (write-tps-5)
2026.08.24-15:10:05.941[32m info [39m [caliper] [worker-message-handler] 	Preparing Worker#0 for Round#2
2026.08.24-15:10:05.941[32m info [39m [caliper] [worker-message-handler] 	Preparing Worker#1 for Round#2
2026.08.24-15:10:05.942[32m info [39m [caliper] [worker-message-handler] 	Preparing Worker#2 for Round#2
2026.08.24-15:10:05.942[32m info [39m [caliper] [worker-message-handler] 	Preparing Worker#3 for Round#2
2026.08.24-15:10:05.945[32m info [39m [caliper] [connectors/peer-gateway/PeerGateway] 	Generating contract map for user io.krishnan
2026.08.24-15:10:05.945[32m info [39m [caliper] [connectors/peer-gateway/PeerGateway] 	Generating contract map for user io.krishnan
2026.08.24-15:10:05.945[32m info [39m [caliper] [connectors/peer-gateway/PeerGateway] 	Generating contract map for user io.krishnan
2026.08.24-15:10:05.946[32m info [39m [caliper] [connectors/peer-gateway/PeerGateway] 	Generating contract map for user io.krishnan
2026.08.24-15:10:05.946[32m info [39m [caliper] [connectors/peer-gateway/PeerGateway] 	Generating contract map for user insp.rathore
2026.08.24-15:10:05.946[32m info [39m [caliper] [connectors/peer-gateway/PeerGateway] 	Generating contract map for user insp.rathore
2026.08.24-15:10:05.946[32m info [39m [caliper] [connectors/peer-gateway/PeerGateway] 	Generating contract map for user insp.rathore
2026.08.24-15:10:05.946[32m info [39m [caliper] [connectors/peer-gateway/PeerGateway] 	Generating contract map for user insp.singh
2026.08.24-15:10:05.946[32m info [39m [caliper] [connectors/peer-gateway/PeerGateway] 	Generating contract map for user insp.singh
2026.08.24-15:10:05.946[32m info [39m [caliper] [connectors/peer-gateway/PeerGateway] 	Generating contract map for user insp.rathore
2026.08.24-15:10:05.946[32m info [39m [caliper] [connectors/peer-gateway/PeerGateway] 	Generating contract map for user insp.singh
2026.08.24-15:10:05.946[32m info [39m [caliper] [connectors/peer-gateway/PeerGateway] 	Generating contract map for user const.verma
2026.08.24-15:10:05.946[32m info [39m [caliper] [connectors/peer-gateway/PeerGateway] 	Generating contract map for user insp.singh
2026.08.24-15:10:05.946[32m info [39m [caliper] [connectors/peer-gateway/PeerGateway] 	Generating contract map for user insp.sharma
2026.08.24-15:10:05.946[32m info [39m [caliper] [connectors/peer-gateway/PeerGateway] 	Generating contract map for user const.verma
2026.08.24-15:10:05.947[32m info [39m [caliper] [connectors/peer-gateway/PeerGateway] 	Generating contract map for user const.verma
2026.08.24-15:10:05.947[32m info [39m [caliper] [connectors/peer-gateway/PeerGateway] 	Generating contract map for user insp.sharma
2026.08.24-15:10:05.947[32m info [39m [caliper] [connectors/peer-gateway/PeerGateway] 	Generating contract map for user const.verma
2026.08.24-15:10:05.947[32m info [39m [caliper] [connectors/peer-gateway/PeerGateway] 	Generating contract map for user insp.sharma
2026.08.24-15:10:05.947[32m info [39m [caliper] [connectors/peer-gateway/PeerGateway] 	Generating contract map for user insp.sharma
2026.08.24-15:10:05.949[32m info [39m [caliper] [connectors/peer-gateway/PeerGateway] 	Generating contract map for user _AuditMSP_aud.qureshi
2026.08.24-15:10:05.949[32m info [39m [caliper] [connectors/peer-gateway/PeerGateway] 	Generating contract map for user _AuditMSP_aud.qureshi
2026.08.24-15:10:05.949[32m info [39m [caliper] [connectors/peer-gateway/PeerGateway] 	Generating contract map for user _AuditMSP_aud.qureshi
2026.08.24-15:10:05.949[32m info [39m [caliper] [caliper-worker] 	Info: worker 3 prepare test phase for round 2 is starting...
2026.08.24-15:10:05.949[32m info [39m [caliper] [caliper-worker] 	Info: worker 1 prepare test phase for round 2 is starting...
2026.08.24-15:10:05.949[32m info [39m [caliper] [connectors/peer-gateway/PeerGateway] 	Generating contract map for user _AuditMSP_aud.qureshi
2026.08.24-15:10:05.949[32m info [39m [caliper] [caliper-worker] 	Info: worker 0 prepare test phase for round 2 is starting...
2026.08.24-15:10:05.949[32m info [39m [caliper] [caliper-worker] 	Info: worker 2 prepare test phase for round 2 is starting...
2026.08.24-15:10:05.950[32m info [39m [caliper] [connectors/peer-gateway/PeerGateway] 	disconnecting gateway for user io.krishnan
2026.08.24-15:10:05.950[32m info [39m [caliper] [connectors/peer-gateway/PeerGateway] 	disconnecting gateway for user insp.rathore
2026.08.24-15:10:05.950[32m info [39m [caliper] [connectors/peer-gateway/PeerGateway] 	disconnecting gateway for user io.krishnan
2026.08.24-15:10:05.950[32m info [39m [caliper] [connectors/peer-gateway/PeerGateway] 	disconnecting gateway for user insp.singh
2026.08.24-15:10:05.950[32m info [39m [caliper] [connectors/peer-gateway/PeerGateway] 	disconnecting gateway for user io.krishnan
2026.08.24-15:10:05.950[32m info [39m [caliper] [connectors/peer-gateway/PeerGateway] 	disconnecting gateway for user insp.rathore
2026.08.24-15:10:05.950[32m info [39m [caliper] [connectors/peer-gateway/PeerGateway] 	disconnecting gateway for user const.verma
2026.08.24-15:10:05.950[32m info [39m [caliper] [connectors/peer-gateway/PeerGateway] 	disconnecting gateway for user insp.singh
2026.08.24-15:10:05.950[32m info [39m [caliper] [connectors/peer-gateway/PeerGateway] 	disconnecting gateway for user insp.sharma
2026.08.24-15:10:05.950[32m info [39m [caliper] [connectors/peer-gateway/PeerGateway] 	disconnecting gateway for user const.verma
2026.08.24-15:10:05.950[32m info [39m [caliper] [connectors/peer-gateway/PeerGateway] 	disconnecting gateway for user insp.rathore
2026.08.24-15:10:05.950[32m info [39m [caliper] [connectors/peer-gateway/PeerGateway] 	disconnecting gateway for user _AuditMSP_aud.qureshi
2026.08.24-15:10:05.950[32m info [39m [caliper] [connectors/peer-gateway/PeerGateway] 	disconnecting gateway for user io.krishnan
2026.08.24-15:10:05.950[32m info [39m [caliper] [connectors/peer-gateway/PeerGateway] 	disconnecting gateway for user insp.sharma
2026.08.24-15:10:05.950[32m info [39m [caliper] [connectors/peer-gateway/PeerGateway] 	disconnecting gRpc client at peer PoliceMSP_localhost:7051
2026.08.24-15:10:05.950[32m info [39m [caliper] [connectors/peer-gateway/PeerGateway] 	disconnecting gateway for user insp.singh
2026.08.24-15:10:05.950[32m info [39m [caliper] [connectors/peer-gateway/PeerGateway] 	disconnecting gateway for user _AuditMSP_aud.qureshi
2026.08.24-15:10:05.950[32m info [39m [caliper] [connectors/peer-gateway/PeerGateway] 	disconnecting gateway for user const.verma
2026.08.24-15:10:05.950[32m info [39m [caliper] [connectors/peer-gateway/PeerGateway] 	disconnecting gRpc client at peer PoliceMSP_localhost:7051
2026.08.24-15:10:05.950[32m info [39m [caliper] [connectors/peer-gateway/PeerGateway] 	disconnecting gateway for user insp.rathore
2026.08.24-15:10:05.950[32m info [39m [caliper] [connectors/peer-gateway/PeerGateway] 	disconnecting gateway for user insp.singh
2026.08.24-15:10:05.950[32m info [39m [caliper] [connectors/peer-gateway/PeerGateway] 	disconnecting gateway for user const.verma
2026.08.24-15:10:05.950[32m info [39m [caliper] [connectors/peer-gateway/PeerGateway] 	disconnecting gateway for user insp.sharma
2026.08.24-15:10:05.950[32m info [39m [caliper] [connectors/peer-gateway/PeerGateway] 	disconnecting gateway for user insp.sharma
2026.08.24-15:10:05.950[32m info [39m [caliper] [connectors/peer-gateway/PeerGateway] 	disconnecting gateway for user _AuditMSP_aud.qureshi
2026.08.24-15:10:05.950[32m info [39m [caliper] [connectors/peer-gateway/PeerGateway] 	disconnecting gateway for user _AuditMSP_aud.qureshi
2026.08.24-15:10:05.950[32m info [39m [caliper] [connectors/peer-gateway/PeerGateway] 	disconnecting gRpc client at peer PoliceMSP_localhost:7051
2026.08.24-15:10:05.950[32m info [39m [caliper] [connectors/peer-gateway/PeerGateway] 	disconnecting gRpc client at peer PoliceMSP_localhost:7051
2026.08.24-15:10:05.950[32m info [39m [caliper] [connectors/peer-gateway/PeerGateway] 	disconnecting gRpc client at peer AuditMSP_localhost:11051
2026.08.24-15:10:05.950[32m info [39m [caliper] [caliper-worker] 	Info: worker 0 prepare test phase for round 2 is completed
2026.08.24-15:10:05.950[32m info [39m [caliper] [connectors/peer-gateway/PeerGateway] 	disconnecting gRpc client at peer AuditMSP_localhost:11051
2026.08.24-15:10:05.950[32m info [39m [caliper] [worker-message-handler] 	Worker#0 prepared for Round#2
2026.08.24-15:10:05.950[32m info [39m [caliper] [connectors/peer-gateway/PeerGateway] 	disconnecting gRpc client at peer AuditMSP_localhost:11051
2026.08.24-15:10:05.950[32m info [39m [caliper] [connectors/peer-gateway/PeerGateway] 	disconnecting gRpc client at peer AuditMSP_localhost:11051
2026.08.24-15:10:05.950[32m info [39m [caliper] [caliper-worker] 	Info: worker 1 prepare test phase for round 2 is completed
2026.08.24-15:10:05.950[32m info [39m [caliper] [worker-message-handler] 	Worker#1 prepared for Round#2
2026.08.24-15:10:05.950[32m info [39m [caliper] [caliper-worker] 	Info: worker 2 prepare test phase for round 2 is completed
2026.08.24-15:10:05.951[32m info [39m [caliper] [worker-message-handler] 	Worker#2 prepared for Round#2
2026.08.24-15:10:05.950[32m info [39m [caliper] [caliper-worker] 	Info: worker 3 prepare test phase for round 2 is completed
2026.08.24-15:10:05.951[32m info [39m [caliper] [worker-message-handler] 	Worker#3 prepared for Round#2
2026.08.24-15:10:05.951[32m info [39m [caliper] [worker-orchestrator] 	4 workers prepared, progressing to test phase.
2026.08.24-15:10:05.951[32m info [39m [caliper] [round-orchestrator] 	Monitors successfully started
2026.08.24-15:10:05.951[32m info [39m [caliper] [worker-message-handler] 	Worker#0 is starting Round#2
2026.08.24-15:10:05.952[32m info [39m [caliper] [worker-message-handler] 	Worker#1 is starting Round#2
2026.08.24-15:10:05.952[32m info [39m [caliper] [worker-message-handler] 	Worker#2 is starting Round#2
2026.08.24-15:10:05.952[32m info [39m [caliper] [worker-message-handler] 	Worker#3 is starting Round#2
2026.08.24-15:10:05.954[32m info [39m [caliper] [connectors/peer-gateway/PeerGateway] 	Generating contract map for user io.krishnan
2026.08.24-15:10:05.954[32m info [39m [caliper] [connectors/peer-gateway/PeerGateway] 	Generating contract map for user io.krishnan
2026.08.24-15:10:05.954[32m info [39m [caliper] [connectors/peer-gateway/PeerGateway] 	Generating contract map for user io.krishnan
2026.08.24-15:10:05.954[32m info [39m [caliper] [connectors/peer-gateway/PeerGateway] 	Generating contract map for user io.krishnan
2026.08.24-15:10:05.954[32m info [39m [caliper] [connectors/peer-gateway/PeerGateway] 	Generating contract map for user insp.rathore
2026.08.24-15:10:05.954[32m info [39m [caliper] [connectors/peer-gateway/PeerGateway] 	Generating contract map for user insp.rathore
2026.08.24-15:10:05.954[32m info [39m [caliper] [connectors/peer-gateway/PeerGateway] 	Generating contract map for user insp.rathore
2026.08.24-15:10:05.954[32m info [39m [caliper] [connectors/peer-gateway/PeerGateway] 	Generating contract map for user insp.singh
2026.08.24-15:10:05.954[32m info [39m [caliper] [connectors/peer-gateway/PeerGateway] 	Generating contract map for user insp.rathore
2026.08.24-15:10:05.954[32m info [39m [caliper] [connectors/peer-gateway/PeerGateway] 	Generating contract map for user insp.singh
2026.08.24-15:10:05.954[32m info [39m [caliper] [connectors/peer-gateway/PeerGateway] 	Generating contract map for user insp.singh
2026.08.24-15:10:05.954[32m info [39m [caliper] [connectors/peer-gateway/PeerGateway] 	Generating contract map for user const.verma
2026.08.24-15:10:05.954[32m info [39m [caliper] [connectors/peer-gateway/PeerGateway] 	Generating contract map for user const.verma
2026.08.24-15:10:05.954[32m info [39m [caliper] [connectors/peer-gateway/PeerGateway] 	Generating contract map for user const.verma
2026.08.24-15:10:05.954[32m info [39m [caliper] [connectors/peer-gateway/PeerGateway] 	Generating contract map for user insp.singh
2026.08.24-15:10:05.954[32m info [39m [caliper] [connectors/peer-gateway/PeerGateway] 	Generating contract map for user insp.sharma
2026.08.24-15:10:05.954[32m info [39m [caliper] [connectors/peer-gateway/PeerGateway] 	Generating contract map for user insp.sharma
2026.08.24-15:10:05.954[32m info [39m [caliper] [connectors/peer-gateway/PeerGateway] 	Generating contract map for user const.verma
2026.08.24-15:10:05.954[32m info [39m [caliper] [connectors/peer-gateway/PeerGateway] 	Generating contract map for user insp.sharma
2026.08.24-15:10:05.955[32m info [39m [caliper] [connectors/peer-gateway/PeerGateway] 	Generating contract map for user insp.sharma
2026.08.24-15:10:05.956[32m info [39m [caliper] [connectors/peer-gateway/PeerGateway] 	Generating contract map for user _AuditMSP_aud.qureshi
2026.08.24-15:10:05.956[32m info [39m [caliper] [connectors/peer-gateway/PeerGateway] 	Generating contract map for user _AuditMSP_aud.qureshi
2026.08.24-15:10:05.956[32m info [39m [caliper] [connectors/peer-gateway/PeerGateway] 	Generating contract map for user _AuditMSP_aud.qureshi
2026.08.24-15:10:05.956[32m info [39m [caliper] [connectors/peer-gateway/PeerGateway] 	Generating contract map for user _AuditMSP_aud.qureshi
2026.08.24-15:10:05.956[32m info [39m [caliper] [caliper-worker] 	Worker #0 starting workload loop
2026.08.24-15:10:05.956[32m info [39m [caliper] [caliper-worker] 	Worker #3 starting workload loop
2026.08.24-15:10:05.956[32m info [39m [caliper] [caliper-worker] 	Worker #1 starting workload loop
2026.08.24-15:10:05.956[32m info [39m [caliper] [caliper-worker] 	Worker #2 starting workload loop
CALIPER_TX_LATENCY {"workerIndex":2,"roundIndex":2,"roundLabel":"write-tps-5","transactionId":"600a4fc71b582dbbb4b2cbd95c625e9672ced0a623bde1dd82edf9fb60abddff","status":"success","startEpochMs":1787564405958,"endEpochMs":1787564407661,"latencyMs":1703}
CALIPER_TX_LATENCY {"workerIndex":1,"roundIndex":2,"roundLabel":"write-tps-5","transactionId":"853e39bccd6d0278668105a19d8767b10c331d3a1ed95d7c551921a44c0adaf4","status":"success","startEpochMs":1787564405958,"endEpochMs":1787564407661,"latencyMs":1703}
CALIPER_TX_LATENCY {"workerIndex":3,"roundIndex":2,"roundLabel":"write-tps-5","transactionId":"48d7059fa64027ef8db2c436a9b7502fc8c6421af14208355b9d881098885fc5","status":"success","startEpochMs":1787564405958,"endEpochMs":1787564407661,"latencyMs":1703}
CALIPER_TX_LATENCY {"workerIndex":0,"roundIndex":2,"roundLabel":"write-tps-5","transactionId":"1ffe24b61d608e760da785403bd26f9232c6a5a2eb0df743b0099ad38bbcb30a","status":"success","startEpochMs":1787564407559,"endEpochMs":1787564407661,"latencyMs":102}
CALIPER_TX_LATENCY {"workerIndex":3,"roundIndex":2,"roundLabel":"write-tps-5","transactionId":"b69954a0364c8957ee8dde3145ff044beabeb8da13f78a66b4ae39d35cd04a3b","status":"success","startEpochMs":1787564406758,"endEpochMs":1787564407663,"latencyMs":905}
CALIPER_TX_LATENCY {"workerIndex":1,"roundIndex":2,"roundLabel":"write-tps-5","transactionId":"e4f45353ef6fd568cbfa6c6795bc2366e8ab196e423bf668230bd21b864251a3","status":"success","startEpochMs":1787564406759,"endEpochMs":1787564407663,"latencyMs":904}
CALIPER_TX_LATENCY {"workerIndex":0,"roundIndex":2,"roundLabel":"write-tps-5","transactionId":"cbb6801668db9195d48d03df35a344c8da5991bcff62d4d6c1ee19a190a1be2e","status":"success","startEpochMs":1787564405958,"endEpochMs":1787564407663,"latencyMs":1705}
CALIPER_TX_LATENCY {"workerIndex":2,"roundIndex":2,"roundLabel":"write-tps-5","transactionId":"fa9418eedb71c485e04b1ab9d4425efcd7a48f43a023f4116b2f9055bd055300","status":"success","startEpochMs":1787564406758,"endEpochMs":1787564407664,"latencyMs":906}
CALIPER_TX_LATENCY {"workerIndex":1,"roundIndex":2,"roundLabel":"write-tps-5","transactionId":"4770338b5fa043633abcee95b5feee309a2f4cf7271d62df984fd368fcbe5ee8","status":"success","startEpochMs":1787564407558,"endEpochMs":1787564407664,"latencyMs":106}
CALIPER_TX_LATENCY {"workerIndex":0,"roundIndex":2,"roundLabel":"write-tps-5","transactionId":"39d7ea6cf3cabeabf82ae791a4fe75489deb09cac61681faee1bbcf44a5ef183","status":"success","startEpochMs":1787564406758,"endEpochMs":1787564407664,"latencyMs":906}
CALIPER_TX_LATENCY {"workerIndex":1,"roundIndex":2,"roundLabel":"write-tps-5","transactionId":"42b11a6aad119a239121bc2cc02f1f1d02f2fa72ba79c03eb8181c38ccb760d5","status":"success","startEpochMs":1787564409159,"endEpochMs":1787564409266,"latencyMs":107}
CALIPER_TX_LATENCY {"workerIndex":3,"roundIndex":2,"roundLabel":"write-tps-5","transactionId":"bc1a4ec54171ee1809392102705c17ae63e4e1ef590f7d0a9bd8e92ebd13f78b","status":"success","startEpochMs":1787564408358,"endEpochMs":1787564409266,"latencyMs":908}
CALIPER_TX_LATENCY {"workerIndex":2,"roundIndex":2,"roundLabel":"write-tps-5","transactionId":"0fa63e39de3c86de6954f5aed934a7732e8d1d7d24497ffb0b3d701fd1a0aad8","status":"success","startEpochMs":1787564408358,"endEpochMs":1787564409266,"latencyMs":908}
CALIPER_TX_LATENCY {"workerIndex":0,"roundIndex":2,"roundLabel":"write-tps-5","transactionId":"c4d9ae8a421c7033725e0e94710e40941985a2fdf99cce48e800473abba15012","status":"success","startEpochMs":1787564409158,"endEpochMs":1787564409266,"latencyMs":108}
CALIPER_TX_LATENCY {"workerIndex":1,"roundIndex":2,"roundLabel":"write-tps-5","transactionId":"1c718f1e3af28e37f054b452519bf04f8a90d02d25e70ec08bc5a439dbd14510","status":"success","startEpochMs":1787564408358,"endEpochMs":1787564409266,"latencyMs":908}
CALIPER_TX_LATENCY {"workerIndex":3,"roundIndex":2,"roundLabel":"write-tps-5","transactionId":"395798d86b2a990d3a1311362371bd096da16d6db32ebfb622f385a336bd0fd5","status":"success","startEpochMs":1787564409158,"endEpochMs":1787564409266,"latencyMs":108}
CALIPER_TX_LATENCY {"workerIndex":0,"roundIndex":2,"roundLabel":"write-tps-5","transactionId":"43992a222e7fae6c5a747d23b30ded62bc1fc6e3caa281fdc6a8698b7551cb78","status":"success","startEpochMs":1787564408358,"endEpochMs":1787564409266,"latencyMs":908}
CALIPER_TX_LATENCY {"workerIndex":2,"roundIndex":2,"roundLabel":"write-tps-5","transactionId":"91504f99af88567bcbdf4aa0590e238417f7dfb3d44073e32fd2e63a72a87fa5","status":"success","startEpochMs":1787564407558,"endEpochMs":1787564409266,"latencyMs":1708}
CALIPER_TX_LATENCY {"workerIndex":3,"roundIndex":2,"roundLabel":"write-tps-5","transactionId":"379f0fce4b4a8dd278d1812e60688ac6761122550b217a375dcd127e2e69eeef","status":"success","startEpochMs":1787564407558,"endEpochMs":1787564409266,"latencyMs":1708}
CALIPER_TX_LATENCY {"workerIndex":2,"roundIndex":2,"roundLabel":"write-tps-5","transactionId":"c951d9e42a447fa989c03360f4101adda85005c6cdcac87e2b237b1269fe59ca","status":"success","startEpochMs":1787564409158,"endEpochMs":1787564409267,"latencyMs":109}
2026.08.24-15:10:10.952[32m info [39m [caliper] [default-observer] 	[write-tps-5 Round 2 Transaction Info] - Submitted: 23 Succ: 20 Fail:0 Unfinished:3
CALIPER_TX_LATENCY {"workerIndex":1,"roundIndex":2,"roundLabel":"write-tps-5","transactionId":"f7542b25fe66a9cca379c65ec4a3e44466c4075db8154989e283be169393a114","status":"success","startEpochMs":1787564409957,"endEpochMs":1787564411655,"latencyMs":1698}
CALIPER_TX_LATENCY {"workerIndex":2,"roundIndex":2,"roundLabel":"write-tps-5","transactionId":"e53b53d2126e34d363debaa0a1c1559e70d6d493e2484873e8b0f60aea80236a","status":"success","startEpochMs":1787564409960,"endEpochMs":1787564411655,"latencyMs":1695}
CALIPER_TX_LATENCY {"workerIndex":3,"roundIndex":2,"roundLabel":"write-tps-5","transactionId":"ed792de3fb3dfc5a095b1a0bea27dbde7eba37dd8c5f33224d33ce8c1b6d4595","status":"success","startEpochMs":1787564410758,"endEpochMs":1787564411655,"latencyMs":897}
CALIPER_TX_LATENCY {"workerIndex":0,"roundIndex":2,"roundLabel":"write-tps-5","transactionId":"87cec614c737a79b8ea037aae22ec022f385fe299d3d5f54bb863a5a62b07b1e","status":"success","startEpochMs":1787564411558,"endEpochMs":1787564411655,"latencyMs":97}
CALIPER_TX_LATENCY {"workerIndex":1,"roundIndex":2,"roundLabel":"write-tps-5","transactionId":"e8fd3babfc7f533305ca3d27afd34c0f5c2ef9c513d791924f8f45c48d199cd6","status":"success","startEpochMs":1787564410758,"endEpochMs":1787564411655,"latencyMs":897}
CALIPER_TX_LATENCY {"workerIndex":2,"roundIndex":2,"roundLabel":"write-tps-5","transactionId":"bd383ebaaeffd38307e353c1f27a9b0ecba591dac8bc27cd1f77db0dc8c8ad1d","status":"success","startEpochMs":1787564410758,"endEpochMs":1787564411655,"latencyMs":897}
CALIPER_TX_LATENCY {"workerIndex":3,"roundIndex":2,"roundLabel":"write-tps-5","transactionId":"f1ee053e0bb6c648d4d1c544538e06c898f902f44562eeaf6059e7d3256b524f","status":"success","startEpochMs":1787564409958,"endEpochMs":1787564411655,"latencyMs":1697}
CALIPER_TX_LATENCY {"workerIndex":1,"roundIndex":2,"roundLabel":"write-tps-5","transactionId":"0bf70bbb9152e20be63cc63286405bf38b6fe653e7522a4eef12739dd6bc9cce","status":"success","startEpochMs":1787564411558,"endEpochMs":1787564411655,"latencyMs":97}
CALIPER_TX_LATENCY {"workerIndex":0,"roundIndex":2,"roundLabel":"write-tps-5","transactionId":"4c62e0aec8f05c07f25d201fd1d52aa034a1c84337a4f8683aad7bd8dbb15660","status":"success","startEpochMs":1787564409957,"endEpochMs":1787564411655,"latencyMs":1698}
CALIPER_TX_LATENCY {"workerIndex":0,"roundIndex":2,"roundLabel":"write-tps-5","transactionId":"f56aa2f3f641fb472c158b4030abcfb967b63b0c29f9f8f3954ed76dff1e78f5","status":"success","startEpochMs":1787564410758,"endEpochMs":1787564411655,"latencyMs":897}
2026.08.24-15:10:12.662[32m info [39m [caliper] [connectors/peer-gateway/PeerGateway] 	disconnecting gateway for user io.krishnan
2026.08.24-15:10:12.662[32m info [39m [caliper] [connectors/peer-gateway/PeerGateway] 	disconnecting gateway for user insp.rathore
2026.08.24-15:10:12.662[32m info [39m [caliper] [connectors/peer-gateway/PeerGateway] 	disconnecting gateway for user io.krishnan
2026.08.24-15:10:12.662[32m info [39m [caliper] [connectors/peer-gateway/PeerGateway] 	disconnecting gateway for user insp.singh
2026.08.24-15:10:12.662[32m info [39m [caliper] [connectors/peer-gateway/PeerGateway] 	disconnecting gateway for user const.verma
2026.08.24-15:10:12.662[32m info [39m [caliper] [connectors/peer-gateway/PeerGateway] 	disconnecting gateway for user insp.rathore
2026.08.24-15:10:12.662[32m info [39m [caliper] [connectors/peer-gateway/PeerGateway] 	disconnecting gateway for user insp.sharma
2026.08.24-15:10:12.662[32m info [39m [caliper] [connectors/peer-gateway/PeerGateway] 	disconnecting gateway for user insp.singh
2026.08.24-15:10:12.662[32m info [39m [caliper] [connectors/peer-gateway/PeerGateway] 	disconnecting gateway for user _AuditMSP_aud.qureshi
2026.08.24-15:10:12.662[32m info [39m [caliper] [connectors/peer-gateway/PeerGateway] 	disconnecting gateway for user const.verma
2026.08.24-15:10:12.662[32m info [39m [caliper] [connectors/peer-gateway/PeerGateway] 	disconnecting gRpc client at peer PoliceMSP_localhost:7051
2026.08.24-15:10:12.662[32m info [39m [caliper] [connectors/peer-gateway/PeerGateway] 	disconnecting gateway for user insp.sharma
2026.08.24-15:10:12.662[32m info [39m [caliper] [connectors/peer-gateway/PeerGateway] 	disconnecting gateway for user _AuditMSP_aud.qureshi
2026.08.24-15:10:12.662[32m info [39m [caliper] [connectors/peer-gateway/PeerGateway] 	disconnecting gRpc client at peer PoliceMSP_localhost:7051
2026.08.24-15:10:12.662[32m info [39m [caliper] [connectors/peer-gateway/PeerGateway] 	disconnecting gRpc client at peer AuditMSP_localhost:11051
2026.08.24-15:10:12.662[32m info [39m [caliper] [worker-message-handler] 	Worker#1 finished Round#2
2026.08.24-15:10:12.662[32m info [39m [caliper] [connectors/peer-gateway/PeerGateway] 	disconnecting gRpc client at peer AuditMSP_localhost:11051
2026.08.24-15:10:12.662[32m info [39m [caliper] [worker-message-handler] 	Worker#0 finished Round#2
CALIPER_TX_LATENCY {"workerIndex":3,"roundIndex":2,"roundLabel":"write-tps-5","transactionId":"e57803cafdf063795e4940256eadb1c13e2f3d41da8c72e205a7be3121b30209","status":"success","startEpochMs":1787564411558,"endEpochMs":1787564413659,"latencyMs":2101}
CALIPER_TX_LATENCY {"workerIndex":2,"roundIndex":2,"roundLabel":"write-tps-5","transactionId":"9bf6cada9f41e7bb3fd4b9d6ea455e128f8fb7555f85fa9e85be1d1e230ae42b","status":"success","startEpochMs":1787564411558,"endEpochMs":1787564413659,"latencyMs":2101}
2026.08.24-15:10:14.681[32m info [39m [caliper] [connectors/peer-gateway/PeerGateway] 	disconnecting gateway for user io.krishnan
2026.08.24-15:10:14.681[32m info [39m [caliper] [connectors/peer-gateway/PeerGateway] 	disconnecting gateway for user insp.rathore
2026.08.24-15:10:14.681[32m info [39m [caliper] [connectors/peer-gateway/PeerGateway] 	disconnecting gateway for user insp.singh
2026.08.24-15:10:14.681[32m info [39m [caliper] [connectors/peer-gateway/PeerGateway] 	disconnecting gateway for user io.krishnan
2026.08.24-15:10:14.681[32m info [39m [caliper] [connectors/peer-gateway/PeerGateway] 	disconnecting gateway for user const.verma
2026.08.24-15:10:14.681[32m info [39m [caliper] [connectors/peer-gateway/PeerGateway] 	disconnecting gateway for user insp.rathore
2026.08.24-15:10:14.681[32m info [39m [caliper] [connectors/peer-gateway/PeerGateway] 	disconnecting gateway for user insp.sharma
2026.08.24-15:10:14.681[32m info [39m [caliper] [connectors/peer-gateway/PeerGateway] 	disconnecting gateway for user _AuditMSP_aud.qureshi
2026.08.24-15:10:14.681[32m info [39m [caliper] [connectors/peer-gateway/PeerGateway] 	disconnecting gateway for user insp.singh
2026.08.24-15:10:14.681[32m info [39m [caliper] [connectors/peer-gateway/PeerGateway] 	disconnecting gRpc client at peer PoliceMSP_localhost:7051
2026.08.24-15:10:14.681[32m info [39m [caliper] [connectors/peer-gateway/PeerGateway] 	disconnecting gateway for user const.verma
2026.08.24-15:10:14.681[32m info [39m [caliper] [connectors/peer-gateway/PeerGateway] 	disconnecting gateway for user insp.sharma
2026.08.24-15:10:14.681[32m info [39m [caliper] [connectors/peer-gateway/PeerGateway] 	disconnecting gateway for user _AuditMSP_aud.qureshi
2026.08.24-15:10:14.681[32m info [39m [caliper] [connectors/peer-gateway/PeerGateway] 	disconnecting gRpc client at peer PoliceMSP_localhost:7051
2026.08.24-15:10:14.682[32m info [39m [caliper] [connectors/peer-gateway/PeerGateway] 	disconnecting gRpc client at peer AuditMSP_localhost:11051
2026.08.24-15:10:14.682[32m info [39m [caliper] [worker-message-handler] 	Worker#3 finished Round#2
2026.08.24-15:10:14.682[32m info [39m [caliper] [connectors/peer-gateway/PeerGateway] 	disconnecting gRpc client at peer AuditMSP_localhost:11051
2026.08.24-15:10:14.682[32m info [39m [caliper] [worker-message-handler] 	Worker#2 finished Round#2
2026.08.24-15:10:19.685[32m info [39m [caliper] [default-observer] 	Resetting txCount indicator count
2026.08.24-15:10:19.685[32m info [39m [caliper] [report-builder] 	### Test result ###
2026.08.24-15:10:19.687[32m info [39m [caliper] [report-builder] 	
+-------------+------+------+-----------------+-----------------+-----------------+-----------------+------------------+
| Name        | Succ | Fail | Send Rate (TPS) | Max Latency (s) | Min Latency (s) | Avg Latency (s) | Throughput (TPS) |
|-------------|------|------|-----------------|-----------------|-----------------|-----------------|------------------|
| write-tps-5 | 32   | 0    | 5.7             | 2.10            | 0.10            | 1.03            | 4.2              |
+-------------+------+------+-----------------+-----------------+-----------------+-----------------+------------------+

2026.08.24-15:10:19.687[32m info [39m [caliper] [round-orchestrator] 	Finished round 3 (write-tps-5) in 7.722 seconds
2026.08.24-15:10:19.688[32m info [39m [caliper] [monitor.js] 	Stopping all monitors
2026.08.24-15:10:19.688[32m info [39m [caliper] [round-orchestrator] 	Waiting 5 seconds for the next round...
2026.08.24-15:10:24.689[32m info [39m [caliper] [round-orchestrator] 	Started round 4 (write-tps-10)
2026.08.24-15:10:24.690[32m info [39m [caliper] [worker-message-handler] 	Preparing Worker#0 for Round#3
2026.08.24-15:10:24.690[32m info [39m [caliper] [worker-message-handler] 	Preparing Worker#1 for Round#3
2026.08.24-15:10:24.690[32m info [39m [caliper] [worker-message-handler] 	Preparing Worker#2 for Round#3
2026.08.24-15:10:24.690[32m info [39m [caliper] [worker-message-handler] 	Preparing Worker#3 for Round#3
2026.08.24-15:10:24.694[32m info [39m [caliper] [connectors/peer-gateway/PeerGateway] 	Generating contract map for user io.krishnan
2026.08.24-15:10:24.694[32m info [39m [caliper] [connectors/peer-gateway/PeerGateway] 	Generating contract map for user io.krishnan
2026.08.24-15:10:24.694[32m info [39m [caliper] [connectors/peer-gateway/PeerGateway] 	Generating contract map for user io.krishnan
2026.08.24-15:10:24.694[32m info [39m [caliper] [connectors/peer-gateway/PeerGateway] 	Generating contract map for user io.krishnan
2026.08.24-15:10:24.694[32m info [39m [caliper] [connectors/peer-gateway/PeerGateway] 	Generating contract map for user insp.rathore
2026.08.24-15:10:24.694[32m info [39m [caliper] [connectors/peer-gateway/PeerGateway] 	Generating contract map for user insp.rathore
2026.08.24-15:10:24.694[32m info [39m [caliper] [connectors/peer-gateway/PeerGateway] 	Generating contract map for user insp.singh
2026.08.24-15:10:24.694[32m info [39m [caliper] [connectors/peer-gateway/PeerGateway] 	Generating contract map for user insp.rathore
2026.08.24-15:10:24.694[32m info [39m [caliper] [connectors/peer-gateway/PeerGateway] 	Generating contract map for user insp.singh
2026.08.24-15:10:24.694[32m info [39m [caliper] [connectors/peer-gateway/PeerGateway] 	Generating contract map for user insp.rathore
2026.08.24-15:10:24.694[32m info [39m [caliper] [connectors/peer-gateway/PeerGateway] 	Generating contract map for user insp.singh
2026.08.24-15:10:24.694[32m info [39m [caliper] [connectors/peer-gateway/PeerGateway] 	Generating contract map for user insp.singh
2026.08.24-15:10:24.694[32m info [39m [caliper] [connectors/peer-gateway/PeerGateway] 	Generating contract map for user const.verma
2026.08.24-15:10:24.694[32m info [39m [caliper] [connectors/peer-gateway/PeerGateway] 	Generating contract map for user const.verma
2026.08.24-15:10:24.694[32m info [39m [caliper] [connectors/peer-gateway/PeerGateway] 	Generating contract map for user const.verma
2026.08.24-15:10:24.695[32m info [39m [caliper] [connectors/peer-gateway/PeerGateway] 	Generating contract map for user const.verma
2026.08.24-15:10:24.695[32m info [39m [caliper] [connectors/peer-gateway/PeerGateway] 	Generating contract map for user insp.sharma
2026.08.24-15:10:24.695[32m info [39m [caliper] [connectors/peer-gateway/PeerGateway] 	Generating contract map for user insp.sharma
2026.08.24-15:10:24.695[32m info [39m [caliper] [connectors/peer-gateway/PeerGateway] 	Generating contract map for user insp.sharma
2026.08.24-15:10:24.695[32m info [39m [caliper] [connectors/peer-gateway/PeerGateway] 	Generating contract map for user insp.sharma
2026.08.24-15:10:24.697[32m info [39m [caliper] [connectors/peer-gateway/PeerGateway] 	Generating contract map for user _AuditMSP_aud.qureshi
2026.08.24-15:10:24.697[32m info [39m [caliper] [connectors/peer-gateway/PeerGateway] 	Generating contract map for user _AuditMSP_aud.qureshi
2026.08.24-15:10:24.697[32m info [39m [caliper] [caliper-worker] 	Info: worker 1 prepare test phase for round 3 is starting...
2026.08.24-15:10:24.697[32m info [39m [caliper] [connectors/peer-gateway/PeerGateway] 	Generating contract map for user _AuditMSP_aud.qureshi
2026.08.24-15:10:24.697[32m info [39m [caliper] [connectors/peer-gateway/PeerGateway] 	Generating contract map for user _AuditMSP_aud.qureshi
2026.08.24-15:10:24.697[32m info [39m [caliper] [caliper-worker] 	Info: worker 2 prepare test phase for round 3 is starting...
2026.08.24-15:10:24.697[32m info [39m [caliper] [caliper-worker] 	Info: worker 0 prepare test phase for round 3 is starting...
2026.08.24-15:10:24.697[32m info [39m [caliper] [caliper-worker] 	Info: worker 3 prepare test phase for round 3 is starting...
2026.08.24-15:10:24.698[32m info [39m [caliper] [connectors/peer-gateway/PeerGateway] 	disconnecting gateway for user io.krishnan
2026.08.24-15:10:24.698[32m info [39m [caliper] [connectors/peer-gateway/PeerGateway] 	disconnecting gateway for user io.krishnan
2026.08.24-15:10:24.698[32m info [39m [caliper] [connectors/peer-gateway/PeerGateway] 	disconnecting gateway for user io.krishnan
2026.08.24-15:10:24.698[32m info [39m [caliper] [connectors/peer-gateway/PeerGateway] 	disconnecting gateway for user insp.rathore
2026.08.24-15:10:24.698[32m info [39m [caliper] [connectors/peer-gateway/PeerGateway] 	disconnecting gateway for user io.krishnan
2026.08.24-15:10:24.698[32m info [39m [caliper] [connectors/peer-gateway/PeerGateway] 	disconnecting gateway for user insp.rathore
2026.08.24-15:10:24.698[32m info [39m [caliper] [connectors/peer-gateway/PeerGateway] 	disconnecting gateway for user insp.singh
2026.08.24-15:10:24.698[32m info [39m [caliper] [connectors/peer-gateway/PeerGateway] 	disconnecting gateway for user insp.rathore
2026.08.24-15:10:24.698[32m info [39m [caliper] [connectors/peer-gateway/PeerGateway] 	disconnecting gateway for user insp.singh
2026.08.24-15:10:24.698[32m info [39m [caliper] [connectors/peer-gateway/PeerGateway] 	disconnecting gateway for user const.verma
2026.08.24-15:10:24.698[32m info [39m [caliper] [connectors/peer-gateway/PeerGateway] 	disconnecting gateway for user insp.singh
2026.08.24-15:10:24.698[32m info [39m [caliper] [connectors/peer-gateway/PeerGateway] 	disconnecting gateway for user const.verma
2026.08.24-15:10:24.698[32m info [39m [caliper] [connectors/peer-gateway/PeerGateway] 	disconnecting gateway for user insp.sharma
2026.08.24-15:10:24.698[32m info [39m [caliper] [connectors/peer-gateway/PeerGateway] 	disconnecting gateway for user insp.rathore
2026.08.24-15:10:24.698[32m info [39m [caliper] [connectors/peer-gateway/PeerGateway] 	disconnecting gateway for user const.verma
2026.08.24-15:10:24.698[32m info [39m [caliper] [connectors/peer-gateway/PeerGateway] 	disconnecting gateway for user _AuditMSP_aud.qureshi
2026.08.24-15:10:24.698[32m info [39m [caliper] [connectors/peer-gateway/PeerGateway] 	disconnecting gateway for user insp.sharma
2026.08.24-15:10:24.698[32m info [39m [caliper] [connectors/peer-gateway/PeerGateway] 	disconnecting gateway for user insp.singh
2026.08.24-15:10:24.698[32m info [39m [caliper] [connectors/peer-gateway/PeerGateway] 	disconnecting gateway for user insp.sharma
2026.08.24-15:10:24.698[32m info [39m [caliper] [connectors/peer-gateway/PeerGateway] 	disconnecting gRpc client at peer PoliceMSP_localhost:7051
2026.08.24-15:10:24.698[32m info [39m [caliper] [connectors/peer-gateway/PeerGateway] 	disconnecting gateway for user _AuditMSP_aud.qureshi
2026.08.24-15:10:24.698[32m info [39m [caliper] [connectors/peer-gateway/PeerGateway] 	disconnecting gateway for user const.verma
2026.08.24-15:10:24.698[32m info [39m [caliper] [connectors/peer-gateway/PeerGateway] 	disconnecting gateway for user _AuditMSP_aud.qureshi
2026.08.24-15:10:24.698[32m info [39m [caliper] [connectors/peer-gateway/PeerGateway] 	disconnecting gRpc client at peer PoliceMSP_localhost:7051
2026.08.24-15:10:24.698[32m info [39m [caliper] [connectors/peer-gateway/PeerGateway] 	disconnecting gateway for user insp.sharma
2026.08.24-15:10:24.698[32m info [39m [caliper] [connectors/peer-gateway/PeerGateway] 	disconnecting gRpc client at peer PoliceMSP_localhost:7051
2026.08.24-15:10:24.698[32m info [39m [caliper] [connectors/peer-gateway/PeerGateway] 	disconnecting gateway for user _AuditMSP_aud.qureshi
2026.08.24-15:10:24.698[32m info [39m [caliper] [connectors/peer-gateway/PeerGateway] 	disconnecting gRpc client at peer AuditMSP_localhost:11051
2026.08.24-15:10:24.698[32m info [39m [caliper] [connectors/peer-gateway/PeerGateway] 	disconnecting gRpc client at peer PoliceMSP_localhost:7051
2026.08.24-15:10:24.698[32m info [39m [caliper] [connectors/peer-gateway/PeerGateway] 	disconnecting gRpc client at peer AuditMSP_localhost:11051
2026.08.24-15:10:24.698[32m info [39m [caliper] [caliper-worker] 	Info: worker 3 prepare test phase for round 3 is completed
2026.08.24-15:10:24.698[32m info [39m [caliper] [connectors/peer-gateway/PeerGateway] 	disconnecting gRpc client at peer AuditMSP_localhost:11051
2026.08.24-15:10:24.698[32m info [39m [caliper] [worker-message-handler] 	Worker#3 prepared for Round#3
2026.08.24-15:10:24.698[32m info [39m [caliper] [caliper-worker] 	Info: worker 2 prepare test phase for round 3 is completed
2026.08.24-15:10:24.698[32m info [39m [caliper] [connectors/peer-gateway/PeerGateway] 	disconnecting gRpc client at peer AuditMSP_localhost:11051
2026.08.24-15:10:24.698[32m info [39m [caliper] [caliper-worker] 	Info: worker 0 prepare test phase for round 3 is completed
2026.08.24-15:10:24.698[32m info [39m [caliper] [worker-message-handler] 	Worker#2 prepared for Round#3
2026.08.24-15:10:24.698[32m info [39m [caliper] [worker-message-handler] 	Worker#0 prepared for Round#3
2026.08.24-15:10:24.698[32m info [39m [caliper] [caliper-worker] 	Info: worker 1 prepare test phase for round 3 is completed
2026.08.24-15:10:24.698[32m info [39m [caliper] [worker-message-handler] 	Worker#1 prepared for Round#3
2026.08.24-15:10:24.699[32m info [39m [caliper] [worker-orchestrator] 	4 workers prepared, progressing to test phase.
2026.08.24-15:10:24.699[32m info [39m [caliper] [round-orchestrator] 	Monitors successfully started
2026.08.24-15:10:24.699[32m info [39m [caliper] [worker-message-handler] 	Worker#0 is starting Round#3
2026.08.24-15:10:24.700[32m info [39m [caliper] [worker-message-handler] 	Worker#1 is starting Round#3
2026.08.24-15:10:24.700[32m info [39m [caliper] [worker-message-handler] 	Worker#2 is starting Round#3
2026.08.24-15:10:24.700[32m info [39m [caliper] [worker-message-handler] 	Worker#3 is starting Round#3
2026.08.24-15:10:24.701[32m info [39m [caliper] [connectors/peer-gateway/PeerGateway] 	Generating contract map for user io.krishnan
2026.08.24-15:10:24.701[32m info [39m [caliper] [connectors/peer-gateway/PeerGateway] 	Generating contract map for user io.krishnan
2026.08.24-15:10:24.701[32m info [39m [caliper] [connectors/peer-gateway/PeerGateway] 	Generating contract map for user insp.rathore
2026.08.24-15:10:24.701[32m info [39m [caliper] [connectors/peer-gateway/PeerGateway] 	Generating contract map for user insp.rathore
2026.08.24-15:10:24.701[32m info [39m [caliper] [connectors/peer-gateway/PeerGateway] 	Generating contract map for user io.krishnan
2026.08.24-15:10:24.702[32m info [39m [caliper] [connectors/peer-gateway/PeerGateway] 	Generating contract map for user insp.singh
2026.08.24-15:10:24.702[32m info [39m [caliper] [connectors/peer-gateway/PeerGateway] 	Generating contract map for user insp.singh
2026.08.24-15:10:24.702[32m info [39m [caliper] [connectors/peer-gateway/PeerGateway] 	Generating contract map for user io.krishnan
2026.08.24-15:10:24.702[32m info [39m [caliper] [connectors/peer-gateway/PeerGateway] 	Generating contract map for user const.verma
2026.08.24-15:10:24.702[32m info [39m [caliper] [connectors/peer-gateway/PeerGateway] 	Generating contract map for user insp.rathore
2026.08.24-15:10:24.702[32m info [39m [caliper] [connectors/peer-gateway/PeerGateway] 	Generating contract map for user const.verma
2026.08.24-15:10:24.702[32m info [39m [caliper] [connectors/peer-gateway/PeerGateway] 	Generating contract map for user insp.rathore
2026.08.24-15:10:24.702[32m info [39m [caliper] [connectors/peer-gateway/PeerGateway] 	Generating contract map for user insp.sharma
2026.08.24-15:10:24.702[32m info [39m [caliper] [connectors/peer-gateway/PeerGateway] 	Generating contract map for user insp.sharma
2026.08.24-15:10:24.702[32m info [39m [caliper] [connectors/peer-gateway/PeerGateway] 	Generating contract map for user insp.singh
2026.08.24-15:10:24.702[32m info [39m [caliper] [connectors/peer-gateway/PeerGateway] 	Generating contract map for user insp.singh
2026.08.24-15:10:24.702[32m info [39m [caliper] [connectors/peer-gateway/PeerGateway] 	Generating contract map for user const.verma
2026.08.24-15:10:24.702[32m info [39m [caliper] [connectors/peer-gateway/PeerGateway] 	Generating contract map for user const.verma
2026.08.24-15:10:24.702[32m info [39m [caliper] [connectors/peer-gateway/PeerGateway] 	Generating contract map for user insp.sharma
2026.08.24-15:10:24.702[32m info [39m [caliper] [connectors/peer-gateway/PeerGateway] 	Generating contract map for user insp.sharma
2026.08.24-15:10:24.704[32m info [39m [caliper] [connectors/peer-gateway/PeerGateway] 	Generating contract map for user _AuditMSP_aud.qureshi
2026.08.24-15:10:24.704[32m info [39m [caliper] [connectors/peer-gateway/PeerGateway] 	Generating contract map for user _AuditMSP_aud.qureshi
2026.08.24-15:10:24.704[32m info [39m [caliper] [connectors/peer-gateway/PeerGateway] 	Generating contract map for user _AuditMSP_aud.qureshi
2026.08.24-15:10:24.704[32m info [39m [caliper] [connectors/peer-gateway/PeerGateway] 	Generating contract map for user _AuditMSP_aud.qureshi
2026.08.24-15:10:24.704[32m info [39m [caliper] [caliper-worker] 	Worker #2 starting workload loop
2026.08.24-15:10:24.704[32m info [39m [caliper] [caliper-worker] 	Worker #0 starting workload loop
2026.08.24-15:10:24.704[32m info [39m [caliper] [caliper-worker] 	Worker #1 starting workload loop
2026.08.24-15:10:24.704[32m info [39m [caliper] [caliper-worker] 	Worker #3 starting workload loop
CALIPER_TX_LATENCY {"workerIndex":3,"roundIndex":3,"roundLabel":"write-tps-10","transactionId":"5224e9b785db8b6a09febbc96239684a60bfe57904707409a8155fbdd2efee35","status":"success","startEpochMs":1787564424705,"endEpochMs":1787564425594,"latencyMs":889}
CALIPER_TX_LATENCY {"workerIndex":1,"roundIndex":3,"roundLabel":"write-tps-10","transactionId":"76b27bd57bbdf6e188962a6949a6fc32b1e7387b353c2be8993e13873f1b1201","status":"success","startEpochMs":1787564424706,"endEpochMs":1787564425594,"latencyMs":888}
CALIPER_TX_LATENCY {"workerIndex":0,"roundIndex":3,"roundLabel":"write-tps-10","transactionId":"cf35308c965b9ef4dfcec76f3358e7c4c28c517c960869344a7ff90007fe1f83","status":"success","startEpochMs":1787564425106,"endEpochMs":1787564425594,"latencyMs":488}
CALIPER_TX_LATENCY {"workerIndex":2,"roundIndex":3,"roundLabel":"write-tps-10","transactionId":"2b53d3c35dac9ba2de4b2dd15a990aa5518eaf1ff3f4248f3f74afa8ab70f030","status":"success","startEpochMs":1787564425505,"endEpochMs":1787564425595,"latencyMs":90}
CALIPER_TX_LATENCY {"workerIndex":1,"roundIndex":3,"roundLabel":"write-tps-10","transactionId":"021fbec05e3bdca7678e2c0117c4c00a92667ef4daa8250d16ccd94a831f5a5d","status":"success","startEpochMs":1787564425106,"endEpochMs":1787564425595,"latencyMs":489}
CALIPER_TX_LATENCY {"workerIndex":3,"roundIndex":3,"roundLabel":"write-tps-10","transactionId":"9a0e3993473b666b811de87ef6e831e8351f9a5c5ee577992360d17b43e8b00f","status":"success","startEpochMs":1787564425107,"endEpochMs":1787564425595,"latencyMs":488}
CALIPER_TX_LATENCY {"workerIndex":0,"roundIndex":3,"roundLabel":"write-tps-10","transactionId":"7f979fa880adfbda093f2a4e0a2ed36c974bce7b4dfd7979079e2d5dc76999fc","status":"success","startEpochMs":1787564424706,"endEpochMs":1787564425595,"latencyMs":889}
CALIPER_TX_LATENCY {"workerIndex":2,"roundIndex":3,"roundLabel":"write-tps-10","transactionId":"a138745632c928a187be2b00db2efc84a2ca03e7b88e0017eb1e64394eb2748c","status":"success","startEpochMs":1787564425106,"endEpochMs":1787564425595,"latencyMs":489}
CALIPER_TX_LATENCY {"workerIndex":3,"roundIndex":3,"roundLabel":"write-tps-10","transactionId":"ca55b50ed23f1d5a64aa63ce2d4f9543e2a7d98251164dd0f0874fdf5c0ca640","status":"success","startEpochMs":1787564425505,"endEpochMs":1787564425595,"latencyMs":90}
CALIPER_TX_LATENCY {"workerIndex":2,"roundIndex":3,"roundLabel":"write-tps-10","transactionId":"1fbd8f3d841bb9a4ea03d193cb8e46379536416c741c3d6d59ad02def33d1393","status":"success","startEpochMs":1787564424706,"endEpochMs":1787564425595,"latencyMs":889}
CALIPER_TX_LATENCY {"workerIndex":2,"roundIndex":3,"roundLabel":"write-tps-10","transactionId":"1f9460aace9c902399c355d8b6d030ff4be47a442bc2d73f055c9535e8cbaeac","status":"success","startEpochMs":1787564426306,"endEpochMs":1787564426399,"latencyMs":93}
CALIPER_TX_LATENCY {"workerIndex":3,"roundIndex":3,"roundLabel":"write-tps-10","transactionId":"85ab52627a4dff7f4e7ede73e2150053ef2595b848dfc7bca7ccac8e668763ae","status":"success","startEpochMs":1787564426306,"endEpochMs":1787564426399,"latencyMs":93}
CALIPER_TX_LATENCY {"workerIndex":1,"roundIndex":3,"roundLabel":"write-tps-10","transactionId":"730d13f9b1ab191fc9fb097ab8012950dd4ca0f5b13a711f9231bdbc2c637f80","status":"success","startEpochMs":1787564426306,"endEpochMs":1787564426399,"latencyMs":93}
CALIPER_TX_LATENCY {"workerIndex":0,"roundIndex":3,"roundLabel":"write-tps-10","transactionId":"2ab9ca7fc256f5dd2ff433a87182ce4fde453e010200b9cd4b6a67b2dd134556","status":"success","startEpochMs":1787564425906,"endEpochMs":1787564426399,"latencyMs":493}
CALIPER_TX_LATENCY {"workerIndex":2,"roundIndex":3,"roundLabel":"write-tps-10","transactionId":"38534ba6f98edb2856aac7b9d54f8b3a6c55e36384d676ee3270c304044ea6ed","status":"success","startEpochMs":1787564425906,"endEpochMs":1787564426399,"latencyMs":493}
CALIPER_TX_LATENCY {"workerIndex":0,"roundIndex":3,"roundLabel":"write-tps-10","transactionId":"3d5b78acc1bf0dc8a756fc9579e2abf09a38e354e0526f03856c4d852137f5af","status":"success","startEpochMs":1787564425505,"endEpochMs":1787564426399,"latencyMs":894}
CALIPER_TX_LATENCY {"workerIndex":3,"roundIndex":3,"roundLabel":"write-tps-10","transactionId":"6729323f1d5690a1bdae52841918bbb01020109b3601ce7b06875009120cf7fe","status":"success","startEpochMs":1787564425906,"endEpochMs":1787564426399,"latencyMs":493}
CALIPER_TX_LATENCY {"workerIndex":1,"roundIndex":3,"roundLabel":"write-tps-10","transactionId":"767ab41d85a0c29b27277efd273740045380354187d1e5a5490d749c2241a864","status":"success","startEpochMs":1787564425505,"endEpochMs":1787564426399,"latencyMs":894}
CALIPER_TX_LATENCY {"workerIndex":0,"roundIndex":3,"roundLabel":"write-tps-10","transactionId":"17e6fd4ce2004faf7aa17b588249c3e18c596ac53499e984b3b7ee4957d2906d","status":"success","startEpochMs":1787564426306,"endEpochMs":1787564426399,"latencyMs":93}
CALIPER_TX_LATENCY {"workerIndex":1,"roundIndex":3,"roundLabel":"write-tps-10","transactionId":"51b7c6d0a177b20760c3b7ace151d85804e5f10aa9bc7d83b077b646ed387ead","status":"success","startEpochMs":1787564425906,"endEpochMs":1787564426400,"latencyMs":494}
CALIPER_TX_LATENCY {"workerIndex":3,"roundIndex":3,"roundLabel":"write-tps-10","transactionId":"e30b59375896ac545ddcaad4454d1582cb3be84049d30e5b234faf654fffe99a","status":"success","startEpochMs":1787564426707,"endEpochMs":1787564427598,"latencyMs":891}
CALIPER_TX_LATENCY {"workerIndex":1,"roundIndex":3,"roundLabel":"write-tps-10","transactionId":"3f254d3f27a30d762480095e7d27bb55b73daf0ceb0a5892ef22b03613286db4","status":"success","startEpochMs":1787564427505,"endEpochMs":1787564427598,"latencyMs":93}
CALIPER_TX_LATENCY {"workerIndex":0,"roundIndex":3,"roundLabel":"write-tps-10","transactionId":"1fba305ea2676dd9cba8851b8185358474abbc9ede359600cb3f77acafe55364","status":"success","startEpochMs":1787564426706,"endEpochMs":1787564427598,"latencyMs":892}
CALIPER_TX_LATENCY {"workerIndex":2,"roundIndex":3,"roundLabel":"write-tps-10","transactionId":"0dd9dc6a0648604aee6c444cb5a426642f970ee3ec918d2d89ec2a1dd0520cbb","status":"success","startEpochMs":1787564426706,"endEpochMs":1787564427598,"latencyMs":892}
CALIPER_TX_LATENCY {"workerIndex":3,"roundIndex":3,"roundLabel":"write-tps-10","transactionId":"86ec24b82b597874f03308fcce7ae8853ab073d5b87b46416bef5a8c93521bdd","status":"success","startEpochMs":1787564427105,"endEpochMs":1787564427598,"latencyMs":493}
CALIPER_TX_LATENCY {"workerIndex":0,"roundIndex":3,"roundLabel":"write-tps-10","transactionId":"ceec0181d69aafafde72b72b2404b25969aaf07d076bbffe81f2fb5d628ede97","status":"success","startEpochMs":1787564427106,"endEpochMs":1787564427598,"latencyMs":492}
CALIPER_TX_LATENCY {"workerIndex":1,"roundIndex":3,"roundLabel":"write-tps-10","transactionId":"906e139690cf5e083d621a06cbb44ff5ce51840f7a33baabcfaf48dd229ba52c","status":"success","startEpochMs":1787564427106,"endEpochMs":1787564427598,"latencyMs":492}
CALIPER_TX_LATENCY {"workerIndex":2,"roundIndex":3,"roundLabel":"write-tps-10","transactionId":"af2a9ce015dec934bba46181933c9b37895cb2ab3ebbbceb2c60eb812a37f377","status":"success","startEpochMs":1787564427106,"endEpochMs":1787564427598,"latencyMs":492}
CALIPER_TX_LATENCY {"workerIndex":1,"roundIndex":3,"roundLabel":"write-tps-10","transactionId":"80071124b1e7e428a70e7d7ddc43b065de814bc74b87e3f8c5123a1f528e59d9","status":"success","startEpochMs":1787564426706,"endEpochMs":1787564427599,"latencyMs":893}
CALIPER_TX_LATENCY {"workerIndex":2,"roundIndex":3,"roundLabel":"write-tps-10","transactionId":"b72190fcc22096226ddeb6042f78e57381a4e153ef597bb7654ccdb77d6bf35a","status":"success","startEpochMs":1787564427505,"endEpochMs":1787564427599,"latencyMs":94}
CALIPER_TX_LATENCY {"workerIndex":3,"roundIndex":3,"roundLabel":"write-tps-10","transactionId":"eeef3e80d7c3e3bdc9640684d9c2f9a36950eee9fc89a345161548da1fb5f056","status":"success","startEpochMs":1787564428306,"endEpochMs":1787564428366,"latencyMs":60}
CALIPER_TX_LATENCY {"workerIndex":1,"roundIndex":3,"roundLabel":"write-tps-10","transactionId":"696ae546405d44e0b197e2770deaec599336523b30d9e9f372cd52b772f96d03","status":"success","startEpochMs":1787564427906,"endEpochMs":1787564428366,"latencyMs":460}
CALIPER_TX_LATENCY {"workerIndex":2,"roundIndex":3,"roundLabel":"write-tps-10","transactionId":"44873143e97681bd8a146d11775881b190efe5b50a43842de40442810d33a6d4","status":"success","startEpochMs":1787564427906,"endEpochMs":1787564428366,"latencyMs":460}
CALIPER_TX_LATENCY {"workerIndex":0,"roundIndex":3,"roundLabel":"write-tps-10","transactionId":"81373b941f46b2dc43be3a182b2710c042aba41da1f7675254fca1157e4bc795","status":"success","startEpochMs":1787564427506,"endEpochMs":1787564428366,"latencyMs":860}
CALIPER_TX_LATENCY {"workerIndex":3,"roundIndex":3,"roundLabel":"write-tps-10","transactionId":"e16486108108587a6e74564b0b1990e0f13acd153149ade6427b0ff7dd61f7cb","status":"success","startEpochMs":1787564427505,"endEpochMs":1787564428366,"latencyMs":861}
CALIPER_TX_LATENCY {"workerIndex":0,"roundIndex":3,"roundLabel":"write-tps-10","transactionId":"bcd90e92cf160a7d84efe2e73f0a730351b18956611bc88b3c82d581a98494f2","status":"success","startEpochMs":1787564427906,"endEpochMs":1787564428366,"latencyMs":460}
CALIPER_TX_LATENCY {"workerIndex":3,"roundIndex":3,"roundLabel":"write-tps-10","transactionId":"7591971edab337bbeb590298fc606308ab531e339dcf383d0645f4c1323ec6e4","status":"success","startEpochMs":1787564427906,"endEpochMs":1787564428366,"latencyMs":460}
CALIPER_TX_LATENCY {"workerIndex":2,"roundIndex":3,"roundLabel":"write-tps-10","transactionId":"03444fa4899108969841122a17649d513be8140ac5d9ac2a7803b4193c3974cc","status":"success","startEpochMs":1787564428305,"endEpochMs":1787564428366,"latencyMs":61}
CALIPER_TX_LATENCY {"workerIndex":1,"roundIndex":3,"roundLabel":"write-tps-10","transactionId":"08753a35effc90aa2147220036a85e8c6a38172eecf9510f1b59da5d26acd948","status":"success","startEpochMs":1787564428306,"endEpochMs":1787564428366,"latencyMs":60}
CALIPER_TX_LATENCY {"workerIndex":0,"roundIndex":3,"roundLabel":"write-tps-10","transactionId":"978cc3c9d28436edbb36770fe66454d3e8b90f5036b458010474b6ebd8c5c538","status":"success","startEpochMs":1787564428305,"endEpochMs":1787564428366,"latencyMs":61}
CALIPER_TX_LATENCY {"workerIndex":2,"roundIndex":3,"roundLabel":"write-tps-10","transactionId":"252f72f0a45eb6a6163ae65f62a61617cbf9c09761b07447d42710cd838704fc","status":"success","startEpochMs":1787564429106,"endEpochMs":1787564429609,"latencyMs":503}
CALIPER_TX_LATENCY {"workerIndex":1,"roundIndex":3,"roundLabel":"write-tps-10","transactionId":"4e48725ff7fe3c73814659a30ad93c78fce0bf220bfe4406dd9000586149973c","status":"success","startEpochMs":1787564428706,"endEpochMs":1787564429609,"latencyMs":903}
CALIPER_TX_LATENCY {"workerIndex":0,"roundIndex":3,"roundLabel":"write-tps-10","transactionId":"83269d57c54a8f64e602600dfbc90a912e291e9d7cff0158ff3e1b635b34e152","status":"success","startEpochMs":1787564429507,"endEpochMs":1787564429609,"latencyMs":102}
CALIPER_TX_LATENCY {"workerIndex":3,"roundIndex":3,"roundLabel":"write-tps-10","transactionId":"1fbdf2b895d4f6bc0ced152d7ccc162a41a8db0ef0da1aee3047849406b4293d","status":"success","startEpochMs":1787564429106,"endEpochMs":1787564429609,"latencyMs":503}
CALIPER_TX_LATENCY {"workerIndex":2,"roundIndex":3,"roundLabel":"write-tps-10","transactionId":"6eab50e48ebeef10babfed685893711386e393f796a68e08cdb6f5eaaabc031c","status":"success","startEpochMs":1787564428706,"endEpochMs":1787564429609,"latencyMs":903}
CALIPER_TX_LATENCY {"workerIndex":1,"roundIndex":3,"roundLabel":"write-tps-10","transactionId":"66e930f22065df52f9ae629a0aee7b781a90d737f659a244edeaa30b6e94b269","status":"success","startEpochMs":1787564429106,"endEpochMs":1787564429610,"latencyMs":504}
CALIPER_TX_LATENCY {"workerIndex":0,"roundIndex":3,"roundLabel":"write-tps-10","transactionId":"32ea7322acdae49b1b734b7d14bb52d6990d96bf624b8c07b0a2c409e4a1c826","status":"success","startEpochMs":1787564428706,"endEpochMs":1787564429610,"latencyMs":904}
CALIPER_TX_LATENCY {"workerIndex":3,"roundIndex":3,"roundLabel":"write-tps-10","transactionId":"dcd19870ae351c759fa1210cc66c83f257a79890f6a43211c944411090725460","status":"success","startEpochMs":1787564428706,"endEpochMs":1787564429610,"latencyMs":904}
CALIPER_TX_LATENCY {"workerIndex":0,"roundIndex":3,"roundLabel":"write-tps-10","transactionId":"d870ed5e588b99f5d64acbcb3891e7c48f7f44a6158879103c117abc203c7a69","status":"success","startEpochMs":1787564429106,"endEpochMs":1787564429610,"latencyMs":504}
CALIPER_TX_LATENCY {"workerIndex":3,"roundIndex":3,"roundLabel":"write-tps-10","transactionId":"d046e194f4b3b92494714a88683c965b24663e92e61eb5d9b741d39662274979","status":"success","startEpochMs":1787564429507,"endEpochMs":1787564429610,"latencyMs":103}
2026.08.24-15:10:29.700[32m info [39m [caliper] [default-observer] 	[write-tps-10 Round 3 Transaction Info] - Submitted: 44 Succ: 40 Fail:0 Unfinished:4
CALIPER_TX_LATENCY {"workerIndex":3,"roundIndex":3,"roundLabel":"write-tps-10","transactionId":"f619cc9c03bec6d97c577103c315dcc9dd6e8c2c4be9166316df5006edc3cd58","status":"success","startEpochMs":1787564429906,"endEpochMs":1787564431625,"latencyMs":1719}
CALIPER_TX_LATENCY {"workerIndex":1,"roundIndex":3,"roundLabel":"write-tps-10","transactionId":"9d5359de64ab16b3b3f61f579be0fd4e36dda7e92ecb19bfcb3431e4ce3610ca","status":"success","startEpochMs":1787564429906,"endEpochMs":1787564431625,"latencyMs":1719}
CALIPER_TX_LATENCY {"workerIndex":2,"roundIndex":3,"roundLabel":"write-tps-10","transactionId":"b8846e1f1987f869d659d8a3f01ef69b8b9abaf2ce9f68463642c0340c96791a","status":"success","startEpochMs":1787564429905,"endEpochMs":1787564431625,"latencyMs":1720}
CALIPER_TX_LATENCY {"workerIndex":0,"roundIndex":3,"roundLabel":"write-tps-10","transactionId":"6829790f1f0b65e263a95c45d3b2a512281c899da90072ce4838bf01e7f8a40c","status":"success","startEpochMs":1787564429905,"endEpochMs":1787564431625,"latencyMs":1720}
CALIPER_TX_LATENCY {"workerIndex":1,"roundIndex":3,"roundLabel":"write-tps-10","transactionId":"37152cd2f1ebb6298c84fb23370d4df086ca8b03218941edea1eac0e0091bd4c","status":"success","startEpochMs":1787564429505,"endEpochMs":1787564431626,"latencyMs":2121}
CALIPER_TX_LATENCY {"workerIndex":2,"roundIndex":3,"roundLabel":"write-tps-10","transactionId":"891932309977e7f934da6f1a87d4115ac6c3c4e97cb7b4392d2fb62d58f97be3","status":"success","startEpochMs":1787564429507,"endEpochMs":1787564431626,"latencyMs":2119}
2026.08.24-15:10:32.725[32m info [39m [caliper] [connectors/peer-gateway/PeerGateway] 	disconnecting gateway for user io.krishnan
2026.08.24-15:10:32.725[32m info [39m [caliper] [connectors/peer-gateway/PeerGateway] 	disconnecting gateway for user io.krishnan
2026.08.24-15:10:32.725[32m info [39m [caliper] [connectors/peer-gateway/PeerGateway] 	disconnecting gateway for user insp.rathore
2026.08.24-15:10:32.725[32m info [39m [caliper] [connectors/peer-gateway/PeerGateway] 	disconnecting gateway for user insp.rathore
2026.08.24-15:10:32.725[32m info [39m [caliper] [connectors/peer-gateway/PeerGateway] 	disconnecting gateway for user insp.singh
2026.08.24-15:10:32.725[32m info [39m [caliper] [connectors/peer-gateway/PeerGateway] 	disconnecting gateway for user insp.singh
2026.08.24-15:10:32.725[32m info [39m [caliper] [connectors/peer-gateway/PeerGateway] 	disconnecting gateway for user const.verma
2026.08.24-15:10:32.725[32m info [39m [caliper] [connectors/peer-gateway/PeerGateway] 	disconnecting gateway for user const.verma
2026.08.24-15:10:32.725[32m info [39m [caliper] [connectors/peer-gateway/PeerGateway] 	disconnecting gateway for user insp.sharma
2026.08.24-15:10:32.725[32m info [39m [caliper] [connectors/peer-gateway/PeerGateway] 	disconnecting gateway for user insp.sharma
2026.08.24-15:10:32.726[32m info [39m [caliper] [connectors/peer-gateway/PeerGateway] 	disconnecting gateway for user _AuditMSP_aud.qureshi
2026.08.24-15:10:32.726[32m info [39m [caliper] [connectors/peer-gateway/PeerGateway] 	disconnecting gateway for user _AuditMSP_aud.qureshi
2026.08.24-15:10:32.726[32m info [39m [caliper] [connectors/peer-gateway/PeerGateway] 	disconnecting gRpc client at peer PoliceMSP_localhost:7051
2026.08.24-15:10:32.726[32m info [39m [caliper] [connectors/peer-gateway/PeerGateway] 	disconnecting gRpc client at peer PoliceMSP_localhost:7051
2026.08.24-15:10:32.726[32m info [39m [caliper] [connectors/peer-gateway/PeerGateway] 	disconnecting gRpc client at peer AuditMSP_localhost:11051
2026.08.24-15:10:32.726[32m info [39m [caliper] [connectors/peer-gateway/PeerGateway] 	disconnecting gRpc client at peer AuditMSP_localhost:11051
2026.08.24-15:10:32.726[32m info [39m [caliper] [worker-message-handler] 	Worker#1 finished Round#3
2026.08.24-15:10:32.726[32m info [39m [caliper] [worker-message-handler] 	Worker#2 finished Round#3
2026.08.24-15:10:32.727[32m info [39m [caliper] [connectors/peer-gateway/PeerGateway] 	disconnecting gateway for user io.krishnan
2026.08.24-15:10:32.727[32m info [39m [caliper] [connectors/peer-gateway/PeerGateway] 	disconnecting gateway for user io.krishnan
2026.08.24-15:10:32.727[32m info [39m [caliper] [connectors/peer-gateway/PeerGateway] 	disconnecting gateway for user insp.rathore
2026.08.24-15:10:32.727[32m info [39m [caliper] [connectors/peer-gateway/PeerGateway] 	disconnecting gateway for user insp.rathore
2026.08.24-15:10:32.727[32m info [39m [caliper] [connectors/peer-gateway/PeerGateway] 	disconnecting gateway for user insp.singh
2026.08.24-15:10:32.727[32m info [39m [caliper] [connectors/peer-gateway/PeerGateway] 	disconnecting gateway for user insp.singh
2026.08.24-15:10:32.727[32m info [39m [caliper] [connectors/peer-gateway/PeerGateway] 	disconnecting gateway for user const.verma
2026.08.24-15:10:32.727[32m info [39m [caliper] [connectors/peer-gateway/PeerGateway] 	disconnecting gateway for user const.verma
2026.08.24-15:10:32.727[32m info [39m [caliper] [connectors/peer-gateway/PeerGateway] 	disconnecting gateway for user insp.sharma
2026.08.24-15:10:32.727[32m info [39m [caliper] [connectors/peer-gateway/PeerGateway] 	disconnecting gateway for user insp.sharma
2026.08.24-15:10:32.727[32m info [39m [caliper] [connectors/peer-gateway/PeerGateway] 	disconnecting gateway for user _AuditMSP_aud.qureshi
2026.08.24-15:10:32.727[32m info [39m [caliper] [connectors/peer-gateway/PeerGateway] 	disconnecting gateway for user _AuditMSP_aud.qureshi
2026.08.24-15:10:32.727[32m info [39m [caliper] [connectors/peer-gateway/PeerGateway] 	disconnecting gRpc client at peer PoliceMSP_localhost:7051
2026.08.24-15:10:32.727[32m info [39m [caliper] [connectors/peer-gateway/PeerGateway] 	disconnecting gRpc client at peer PoliceMSP_localhost:7051
2026.08.24-15:10:32.727[32m info [39m [caliper] [connectors/peer-gateway/PeerGateway] 	disconnecting gRpc client at peer AuditMSP_localhost:11051
2026.08.24-15:10:32.727[32m info [39m [caliper] [connectors/peer-gateway/PeerGateway] 	disconnecting gRpc client at peer AuditMSP_localhost:11051
2026.08.24-15:10:32.728[32m info [39m [caliper] [worker-message-handler] 	Worker#0 finished Round#3
2026.08.24-15:10:32.728[32m info [39m [caliper] [worker-message-handler] 	Worker#3 finished Round#3
2026.08.24-15:10:37.729[32m info [39m [caliper] [default-observer] 	Resetting txCount indicator count
2026.08.24-15:10:37.730[32m info [39m [caliper] [report-builder] 	### Test result ###
2026.08.24-15:10:37.730[32m info [39m [caliper] [report-builder] 	
+--------------+------+------+-----------------+-----------------+-----------------+-----------------+------------------+
| Name         | Succ | Fail | Send Rate (TPS) | Max Latency (s) | Min Latency (s) | Avg Latency (s) | Throughput (TPS) |
|--------------|------|------|-----------------|-----------------|-----------------|-----------------|------------------|
| write-tps-10 | 56   | 0    | 10.8            | 2.12            | 0.06            | 0.65            | 8.1              |
+--------------+------+------+-----------------+-----------------+-----------------+-----------------+------------------+

2026.08.24-15:10:37.731[32m info [39m [caliper] [round-orchestrator] 	Finished round 4 (write-tps-10) in 7.022 seconds
2026.08.24-15:10:37.731[32m info [39m [caliper] [monitor.js] 	Stopping all monitors
2026.08.24-15:10:37.731[32m info [39m [caliper] [report-builder] 	### All test results ###
2026.08.24-15:10:37.732[32m info [39m [caliper] [report-builder] 	
+--------------+------+------+-----------------+-----------------+-----------------+-----------------+------------------+
| Name         | Succ | Fail | Send Rate (TPS) | Max Latency (s) | Min Latency (s) | Avg Latency (s) | Throughput (TPS) |
|--------------|------|------|-----------------|-----------------|-----------------|-----------------|------------------|
| write-tps-1  | 12   | 0    | 1.5             | 2.15            | 2.06            | 2.11            | 1.2              |
|--------------|------|------|-----------------|-----------------|-----------------|-----------------|------------------|
| write-tps-2  | 16   | 0    | 2.7             | 2.10            | 0.10            | 1.10            | 2.6              |
|--------------|------|------|-----------------|-----------------|-----------------|-----------------|------------------|
| write-tps-5  | 32   | 0    | 5.7             | 2.10            | 0.10            | 1.03            | 4.2              |
|--------------|------|------|-----------------|-----------------|-----------------|-----------------|------------------|
| write-tps-10 | 56   | 0    | 10.8            | 2.12            | 0.06            | 0.65            | 8.1              |
+--------------+------+------+-----------------+-----------------+-----------------+-----------------+------------------+

2026.08.24-15:10:37.739[32m info [39m [caliper] [report-builder] 	Generated report with path /Users/venkatrayudu/Workspace/XAI workspace/crime-records-network/experiments/runs/2026-08-24T09-39-27-274Z_caliper_latency-write-tps/caliper-report.html
2026.08.24-15:10:37.739[32m info [39m [caliper] [monitor.js] 	Stopping all monitors
2026.08.24-15:10:37.739[32m info [39m [caliper] [worker-orchestrator] 	Sending exit message to connected workers
2026.08.24-15:10:37.740[32m info [39m [caliper] [round-orchestrator] 	Benchmark finished in 70.087 seconds. Total rounds: 4. Successful rounds: 4. Failed rounds: 0.
2026.08.24-15:10:37.740[32m info [39m [caliper] [caliper-engine] 	Skipping end command due to benchmark flow conditioning
2026.08.24-15:10:37.740[32m info [39m [caliper] [cli-launch-manager] 	Benchmark successfully finished!
2026.08.24-15:10:37.740[32m info [39m [caliper] [worker-message-handler] 	Worker#1 is exiting
2026.08.24-15:10:37.740[32m info [39m [caliper] [worker-message-handler] 	Worker#0 is exiting
2026.08.24-15:10:37.740[32m info [39m [caliper] [worker-message-handler] 	Worker#2 is exiting
2026.08.24-15:10:37.740[32m info [39m [caliper] [worker-message-handler] 	Worker#3 is exiting
