2026.08.24-15:19:46.371[32m info [39m [caliper] [cli-launch-manager] 	Set workspace path: /Users/venkatrayudu/Workspace/XAI workspace/crime-records-network/benchmarks/caliper
2026.08.24-15:19:46.371[32m info [39m [caliper] [cli-launch-manager] 	Set benchmark configuration path: /Users/venkatrayudu/Workspace/XAI workspace/crime-records-network/experiments/runs/2026-08-24T09-49-46-253Z_caliper_latency-clients-2/caliper-executed-benchmark.yaml
2026.08.24-15:19:46.371[32m info [39m [caliper] [cli-launch-manager] 	Set network configuration path: /Users/venkatrayudu/Workspace/XAI workspace/crime-records-network/benchmarks/caliper/generated/network-config.json
2026.08.24-15:19:46.371[32m info [39m [caliper] [cli-launch-manager] 	Set SUT type: fabric
2026.08.24-15:19:46.379[32m info [39m [caliper] [benchmark-validator] 	No observer specified, will default to `none`
2026.08.24-15:19:46.380[32m info [39m [caliper] [caliper-engine] 	Starting benchmark flow
2026.08.24-15:19:46.380[32m info [39m [caliper] [caliper-engine] 	Skipping start commands due to benchmark flow conditioning
2026.08.24-15:19:46.380[32m info [39m [caliper] [caliper-engine] 	Skipping initialization phase due to benchmark flow conditioning
2026.08.24-15:19:46.380[32m info [39m [caliper] [caliper-engine] 	Skipping install smart contract phase due to benchmark flow conditioning
2026.08.24-15:19:46.425[32m info [39m [caliper] [FabricConnectorFactory] 	Initializing peer gateway connector compatible with installed fabric-gateway SDK: 1.7.1
2026.08.24-15:19:46.432[32m info [39m [caliper] [IdentityManager] 	Adding io.krishnan (admin=false) as io.krishnan for organization PoliceMSP
2026.08.24-15:19:46.433[32m info [39m [caliper] [IdentityManager] 	Adding insp.rathore (admin=false) as insp.rathore for organization PoliceMSP
2026.08.24-15:19:46.433[32m info [39m [caliper] [IdentityManager] 	Adding insp.singh (admin=false) as insp.singh for organization PoliceMSP
2026.08.24-15:19:46.433[32m info [39m [caliper] [IdentityManager] 	Adding const.verma (admin=false) as const.verma for organization PoliceMSP
2026.08.24-15:19:46.434[32m info [39m [caliper] [IdentityManager] 	Adding insp.sharma (admin=false) as insp.sharma for organization PoliceMSP
2026.08.24-15:19:46.434[32m info [39m [caliper] [IdentityManager] 	Adding aud.qureshi (admin=false) as _AuditMSP_aud.qureshi for organization AuditMSP
2026.08.24-15:19:46.435[32m info [39m [caliper] [monitor.js] 	Attempting to create resource monitor of type prometheus
2026.08.24-15:19:46.435[32m info [39m [caliper] [default-observer] 	Observer interval set to 5000 milliseconds
2026.08.24-15:19:46.437[32m info [39m [caliper] [round-orchestrator] 	Preparing worker connections
2026.08.24-15:19:46.437[32m info [39m [caliper] [worker-orchestrator] 	Launching worker 1 of 2
2026.08.24-15:19:46.439[32m info [39m [caliper] [worker-orchestrator] 	Launching worker 2 of 2
2026.08.24-15:19:46.439[32m info [39m [caliper] [worker-orchestrator] 	Messenger not configured, entering configure phase...
2026.08.24-15:19:46.439[32m info [39m [caliper] [worker-orchestrator] 	No existing workers detected, entering worker launch phase...
2026.08.24-15:19:46.439[32m info [39m [caliper] [worker-orchestrator] 	Waiting for 2 workers to be connected...
2026.08.24-15:19:46.557[32m info [39m [caliper] [cli-launch-worker] 	Set workspace path: /Users/venkatrayudu/Workspace/XAI workspace/crime-records-network/benchmarks/caliper
2026.08.24-15:19:46.557[32m info [39m [caliper] [cli-launch-worker] 	Set workspace path: /Users/venkatrayudu/Workspace/XAI workspace/crime-records-network/benchmarks/caliper
2026.08.24-15:19:46.557[32m info [39m [caliper] [cli-launch-worker] 	Set benchmark configuration path: /Users/venkatrayudu/Workspace/XAI workspace/crime-records-network/experiments/runs/2026-08-24T09-49-46-253Z_caliper_latency-clients-2/caliper-executed-benchmark.yaml
2026.08.24-15:19:46.558[32m info [39m [caliper] [cli-launch-worker] 	Set benchmark configuration path: /Users/venkatrayudu/Workspace/XAI workspace/crime-records-network/experiments/runs/2026-08-24T09-49-46-253Z_caliper_latency-clients-2/caliper-executed-benchmark.yaml
2026.08.24-15:19:46.558[32m info [39m [caliper] [cli-launch-worker] 	Set network configuration path: /Users/venkatrayudu/Workspace/XAI workspace/crime-records-network/benchmarks/caliper/generated/network-config.json
2026.08.24-15:19:46.558[32m info [39m [caliper] [cli-launch-worker] 	Set network configuration path: /Users/venkatrayudu/Workspace/XAI workspace/crime-records-network/benchmarks/caliper/generated/network-config.json
2026.08.24-15:19:46.558[32m info [39m [caliper] [cli-launch-worker] 	Set SUT type: fabric
2026.08.24-15:19:46.558[32m info [39m [caliper] [cli-launch-worker] 	Set SUT type: fabric
2026.08.24-15:19:46.573[32m info [39m [caliper] [worker-orchestrator] 	2 workers connected, progressing to worker assignment phase.
2026.08.24-15:19:46.573[32m info [39m [caliper] [worker-orchestrator] 	Workers currently unassigned, awaiting index assignment...
2026.08.24-15:19:46.573[32m info [39m [caliper] [worker-orchestrator] 	Waiting for 2 workers to be assigned...
2026.08.24-15:19:46.576[32m info [39m [caliper] [worker-orchestrator] 	2 workers assigned, progressing to worker initialization phase.
2026.08.24-15:19:46.576[32m info [39m [caliper] [worker-orchestrator] 	Waiting for 2 workers to be ready...
2026.08.24-15:19:46.577[32m info [39m [caliper] [worker-message-handler] 	Initializing Worker#1...
2026.08.24-15:19:46.577[32m info [39m [caliper] [worker-message-handler] 	Initializing Worker#0...
2026.08.24-15:19:46.623[32m info [39m [caliper] [FabricConnectorFactory] 	Initializing peer gateway connector compatible with installed fabric-gateway SDK: 1.7.1
2026.08.24-15:19:46.625[32m info [39m [caliper] [FabricConnectorFactory] 	Initializing peer gateway connector compatible with installed fabric-gateway SDK: 1.7.1
2026.08.24-15:19:46.625[32m info [39m [caliper] [IdentityManager] 	Adding io.krishnan (admin=false) as io.krishnan for organization PoliceMSP
2026.08.24-15:19:46.625[32m info [39m [caliper] [IdentityManager] 	Adding insp.rathore (admin=false) as insp.rathore for organization PoliceMSP
2026.08.24-15:19:46.626[32m info [39m [caliper] [IdentityManager] 	Adding insp.singh (admin=false) as insp.singh for organization PoliceMSP
2026.08.24-15:19:46.626[32m info [39m [caliper] [IdentityManager] 	Adding const.verma (admin=false) as const.verma for organization PoliceMSP
2026.08.24-15:19:46.627[32m info [39m [caliper] [IdentityManager] 	Adding io.krishnan (admin=false) as io.krishnan for organization PoliceMSP
2026.08.24-15:19:46.627[32m info [39m [caliper] [IdentityManager] 	Adding insp.sharma (admin=false) as insp.sharma for organization PoliceMSP
2026.08.24-15:19:46.627[32m info [39m [caliper] [IdentityManager] 	Adding aud.qureshi (admin=false) as _AuditMSP_aud.qureshi for organization AuditMSP
2026.08.24-15:19:46.627[32m info [39m [caliper] [IdentityManager] 	Adding insp.rathore (admin=false) as insp.rathore for organization PoliceMSP
2026.08.24-15:19:46.627[32m info [39m [caliper] [IdentityManager] 	Adding insp.singh (admin=false) as insp.singh for organization PoliceMSP
2026.08.24-15:19:46.628[32m info [39m [caliper] [IdentityManager] 	Adding const.verma (admin=false) as const.verma for organization PoliceMSP
2026.08.24-15:19:46.628[32m info [39m [caliper] [IdentityManager] 	Adding insp.sharma (admin=false) as insp.sharma for organization PoliceMSP
2026.08.24-15:19:46.629[32m info [39m [caliper] [IdentityManager] 	Adding aud.qureshi (admin=false) as _AuditMSP_aud.qureshi for organization AuditMSP
2026.08.24-15:19:46.629[32m info [39m [caliper] [worker-message-handler] 	Worker#1 initialized
2026.08.24-15:19:46.630[32m info [39m [caliper] [worker-message-handler] 	Worker#0 initialized
2026.08.24-15:19:46.631[32m info [39m [caliper] [worker-orchestrator] 	2 workers ready, progressing to test preparation phase.
2026.08.24-15:19:46.631[32m info [39m [caliper] [round-orchestrator] 	Started round 1 (clients-2-warmup)
2026.08.24-15:19:46.631[32m info [39m [caliper] [worker-message-handler] 	Preparing Worker#0 for Round#0
2026.08.24-15:19:46.631[32m info [39m [caliper] [worker-message-handler] 	Preparing Worker#1 for Round#0
2026.08.24-15:19:46.640[32m info [39m [caliper] [connectors/peer-gateway/PeerGateway] 	Generating contract map for user io.krishnan
2026.08.24-15:19:46.640[32m info [39m [caliper] [connectors/peer-gateway/PeerGateway] 	Generating contract map for user io.krishnan
2026.08.24-15:19:46.640[32m info [39m [caliper] [connectors/peer-gateway/PeerGateway] 	Generating contract map for user insp.rathore
2026.08.24-15:19:46.640[32m info [39m [caliper] [connectors/peer-gateway/PeerGateway] 	Generating contract map for user insp.rathore
2026.08.24-15:19:46.640[32m info [39m [caliper] [connectors/peer-gateway/PeerGateway] 	Generating contract map for user insp.singh
2026.08.24-15:19:46.640[32m info [39m [caliper] [connectors/peer-gateway/PeerGateway] 	Generating contract map for user insp.singh
2026.08.24-15:19:46.640[32m info [39m [caliper] [connectors/peer-gateway/PeerGateway] 	Generating contract map for user const.verma
2026.08.24-15:19:46.640[32m info [39m [caliper] [connectors/peer-gateway/PeerGateway] 	Generating contract map for user const.verma
2026.08.24-15:19:46.640[32m info [39m [caliper] [connectors/peer-gateway/PeerGateway] 	Generating contract map for user insp.sharma
2026.08.24-15:19:46.641[32m info [39m [caliper] [connectors/peer-gateway/PeerGateway] 	Generating contract map for user insp.sharma
2026.08.24-15:19:46.642[32m info [39m [caliper] [connectors/peer-gateway/PeerGateway] 	Generating contract map for user _AuditMSP_aud.qureshi
2026.08.24-15:19:46.642[32m info [39m [caliper] [caliper-worker] 	Info: worker 1 prepare test phase for round 0 is starting...
2026.08.24-15:19:46.642[32m info [39m [caliper] [connectors/peer-gateway/PeerGateway] 	Generating contract map for user _AuditMSP_aud.qureshi
2026.08.24-15:19:46.643[32m info [39m [caliper] [caliper-worker] 	Info: worker 0 prepare test phase for round 0 is starting...
2026.08.24-15:19:46.644[32m info [39m [caliper] [connectors/peer-gateway/PeerGateway] 	disconnecting gateway for user io.krishnan
2026.08.24-15:19:46.644[32m info [39m [caliper] [connectors/peer-gateway/PeerGateway] 	disconnecting gateway for user insp.rathore
2026.08.24-15:19:46.644[32m info [39m [caliper] [connectors/peer-gateway/PeerGateway] 	disconnecting gateway for user insp.singh
2026.08.24-15:19:46.644[32m info [39m [caliper] [connectors/peer-gateway/PeerGateway] 	disconnecting gateway for user const.verma
2026.08.24-15:19:46.644[32m info [39m [caliper] [connectors/peer-gateway/PeerGateway] 	disconnecting gateway for user insp.sharma
2026.08.24-15:19:46.644[32m info [39m [caliper] [connectors/peer-gateway/PeerGateway] 	disconnecting gateway for user io.krishnan
2026.08.24-15:19:46.644[32m info [39m [caliper] [connectors/peer-gateway/PeerGateway] 	disconnecting gateway for user _AuditMSP_aud.qureshi
2026.08.24-15:19:46.644[32m info [39m [caliper] [connectors/peer-gateway/PeerGateway] 	disconnecting gateway for user insp.rathore
2026.08.24-15:19:46.644[32m info [39m [caliper] [connectors/peer-gateway/PeerGateway] 	disconnecting gRpc client at peer PoliceMSP_localhost:7051
2026.08.24-15:19:46.644[32m info [39m [caliper] [connectors/peer-gateway/PeerGateway] 	disconnecting gateway for user insp.singh
2026.08.24-15:19:46.644[32m info [39m [caliper] [connectors/peer-gateway/PeerGateway] 	disconnecting gateway for user const.verma
2026.08.24-15:19:46.644[32m info [39m [caliper] [connectors/peer-gateway/PeerGateway] 	disconnecting gateway for user insp.sharma
2026.08.24-15:19:46.644[32m info [39m [caliper] [connectors/peer-gateway/PeerGateway] 	disconnecting gateway for user _AuditMSP_aud.qureshi
2026.08.24-15:19:46.644[32m info [39m [caliper] [connectors/peer-gateway/PeerGateway] 	disconnecting gRpc client at peer PoliceMSP_localhost:7051
2026.08.24-15:19:46.644[32m info [39m [caliper] [connectors/peer-gateway/PeerGateway] 	disconnecting gRpc client at peer AuditMSP_localhost:11051
2026.08.24-15:19:46.644[32m info [39m [caliper] [caliper-worker] 	Info: worker 1 prepare test phase for round 0 is completed
2026.08.24-15:19:46.644[32m info [39m [caliper] [worker-message-handler] 	Worker#1 prepared for Round#0
2026.08.24-15:19:46.644[32m info [39m [caliper] [connectors/peer-gateway/PeerGateway] 	disconnecting gRpc client at peer AuditMSP_localhost:11051
2026.08.24-15:19:46.644[32m info [39m [caliper] [caliper-worker] 	Info: worker 0 prepare test phase for round 0 is completed
2026.08.24-15:19:46.644[32m info [39m [caliper] [worker-message-handler] 	Worker#0 prepared for Round#0
2026.08.24-15:19:46.645[32m info [39m [caliper] [worker-orchestrator] 	2 workers prepared, progressing to test phase.
2026.08.24-15:19:46.645[32m info [39m [caliper] [round-orchestrator] 	Monitors successfully started
2026.08.24-15:19:46.645[32m info [39m [caliper] [worker-message-handler] 	Worker#0 is starting Round#0
2026.08.24-15:19:46.645[32m info [39m [caliper] [worker-message-handler] 	Worker#1 is starting Round#0
2026.08.24-15:19:46.647[32m info [39m [caliper] [connectors/peer-gateway/PeerGateway] 	Generating contract map for user io.krishnan
2026.08.24-15:19:46.647[32m info [39m [caliper] [connectors/peer-gateway/PeerGateway] 	Generating contract map for user io.krishnan
2026.08.24-15:19:46.647[32m info [39m [caliper] [connectors/peer-gateway/PeerGateway] 	Generating contract map for user insp.rathore
2026.08.24-15:19:46.647[32m info [39m [caliper] [connectors/peer-gateway/PeerGateway] 	Generating contract map for user insp.rathore
2026.08.24-15:19:46.647[32m info [39m [caliper] [connectors/peer-gateway/PeerGateway] 	Generating contract map for user insp.singh
2026.08.24-15:19:46.647[32m info [39m [caliper] [connectors/peer-gateway/PeerGateway] 	Generating contract map for user insp.singh
2026.08.24-15:19:46.647[32m info [39m [caliper] [connectors/peer-gateway/PeerGateway] 	Generating contract map for user const.verma
2026.08.24-15:19:46.648[32m info [39m [caliper] [connectors/peer-gateway/PeerGateway] 	Generating contract map for user const.verma
2026.08.24-15:19:46.648[32m info [39m [caliper] [connectors/peer-gateway/PeerGateway] 	Generating contract map for user insp.sharma
2026.08.24-15:19:46.648[32m info [39m [caliper] [connectors/peer-gateway/PeerGateway] 	Generating contract map for user insp.sharma
2026.08.24-15:19:46.648[32m info [39m [caliper] [connectors/peer-gateway/PeerGateway] 	Generating contract map for user _AuditMSP_aud.qureshi
2026.08.24-15:19:46.648[32m info [39m [caliper] [connectors/peer-gateway/PeerGateway] 	Generating contract map for user _AuditMSP_aud.qureshi
2026.08.24-15:19:46.649[32m info [39m [caliper] [caliper-worker] 	Worker #0 starting workload loop
2026.08.24-15:19:46.649[32m info [39m [caliper] [caliper-worker] 	Worker #1 starting workload loop
CALIPER_TX_LATENCY {"workerIndex":1,"roundIndex":0,"roundLabel":"clients-2-warmup","transactionId":"d073dad094160054e4898fa6a007692010f0135575ef2f65408f69835c6a21dd","status":"success","startEpochMs":1787564986652,"endEpochMs":1787564986724,"latencyMs":72}
CALIPER_TX_LATENCY {"workerIndex":0,"roundIndex":0,"roundLabel":"clients-2-warmup","transactionId":"1d9802143529108f80ee59581354faa99b03c1fcaa9ad88176897d55904d1bfe","status":"success","startEpochMs":1787564986652,"endEpochMs":1787564986724,"latencyMs":72}
CALIPER_TX_LATENCY {"workerIndex":0,"roundIndex":0,"roundLabel":"clients-2-warmup","transactionId":"e6c8210f6781860f98ed20d6c72a2e8e84ea165ddaf3daf6a5d1d8502276aa59","status":"success","startEpochMs":1787564987652,"endEpochMs":1787564987669,"latencyMs":17}
CALIPER_TX_LATENCY {"workerIndex":1,"roundIndex":0,"roundLabel":"clients-2-warmup","transactionId":"2df3c5b38582cf6cc8941ec5dc88fcec4854d988b9970dc1f7d9c58bac3d76e8","status":"success","startEpochMs":1787564987652,"endEpochMs":1787564987669,"latencyMs":17}
CALIPER_TX_LATENCY {"workerIndex":0,"roundIndex":0,"roundLabel":"clients-2-warmup","transactionId":"75115390a9754f9004d39b6ceb555d8444cb3f268d269990d365dca9292647a4","status":"success","startEpochMs":1787564988652,"endEpochMs":1787564988667,"latencyMs":15}
CALIPER_TX_LATENCY {"workerIndex":1,"roundIndex":0,"roundLabel":"clients-2-warmup","transactionId":"c71bdba9672758e37a90526e0da1de549ae7c2f24adcab12cc1336d63df2b9da","status":"success","startEpochMs":1787564988652,"endEpochMs":1787564988667,"latencyMs":15}
CALIPER_TX_LATENCY {"workerIndex":1,"roundIndex":0,"roundLabel":"clients-2-warmup","transactionId":"59685e3fd1455158edec03627efaa5d38197bb7ad4c5bedc82f32ee7706d7082","status":"success","startEpochMs":1787564989651,"endEpochMs":1787564989668,"latencyMs":17}
CALIPER_TX_LATENCY {"workerIndex":0,"roundIndex":0,"roundLabel":"clients-2-warmup","transactionId":"7df1d78783e04a3aa3482b5e36f253574266afe498a397ec138431b6f64e74e1","status":"success","startEpochMs":1787564989651,"endEpochMs":1787564989668,"latencyMs":17}
CALIPER_TX_LATENCY {"workerIndex":0,"roundIndex":0,"roundLabel":"clients-2-warmup","transactionId":"566d54a0045f22ef1d62d88cb7c5866543d84dd3aa58b36058908d815ef92534","status":"success","startEpochMs":1787564990651,"endEpochMs":1787564990669,"latencyMs":18}
CALIPER_TX_LATENCY {"workerIndex":1,"roundIndex":0,"roundLabel":"clients-2-warmup","transactionId":"39f29ab933cd68d50d2e6fbb1e4b44b8715113fcf6a9befd26113fee8c1763d6","status":"success","startEpochMs":1787564990651,"endEpochMs":1787564990669,"latencyMs":18}
2026.08.24-15:19:51.653[32m info [39m [caliper] [default-observer] 	[clients-2-warmup Round 0 Transaction Info] - Submitted: 10 Succ: 8 Fail:0 Unfinished:2
CALIPER_TX_LATENCY {"workerIndex":0,"roundIndex":0,"roundLabel":"clients-2-warmup","transactionId":"814080dddbcb73a9efa1175deafa53787a87d3cff6989395628c438d7c3a3af9","status":"success","startEpochMs":1787564991651,"endEpochMs":1787564991662,"latencyMs":11}
CALIPER_TX_LATENCY {"workerIndex":1,"roundIndex":0,"roundLabel":"clients-2-warmup","transactionId":"bba100b52aa3cd9f6fdd195e84b04c4fff6d543aec09338b102579a82ea8d8b0","status":"success","startEpochMs":1787564991651,"endEpochMs":1787564991662,"latencyMs":11}
CALIPER_TX_LATENCY {"workerIndex":0,"roundIndex":0,"roundLabel":"clients-2-warmup","transactionId":"61a4b2173e6f569892d36c9a43a2110c0edb60bd5250229c35aa3f2c5ef8c913","status":"success","startEpochMs":1787564992651,"endEpochMs":1787564992668,"latencyMs":17}
CALIPER_TX_LATENCY {"workerIndex":1,"roundIndex":0,"roundLabel":"clients-2-warmup","transactionId":"52001f925d6f75a429bf7bd29a14d29dc8c702b843ac1d72bc795a4762d79896","status":"success","startEpochMs":1787564992651,"endEpochMs":1787564992668,"latencyMs":17}
CALIPER_TX_LATENCY {"workerIndex":0,"roundIndex":0,"roundLabel":"clients-2-warmup","transactionId":"c87b332399303cb04296da39732bea108e250f47b23cd2f72b2ac9e88f3e61ca","status":"success","startEpochMs":1787564993650,"endEpochMs":1787564993665,"latencyMs":15}
CALIPER_TX_LATENCY {"workerIndex":1,"roundIndex":0,"roundLabel":"clients-2-warmup","transactionId":"f065503a2c862a0a13642fbcafd5d7a2c2e26e534d84d7e0620885203eb3aa1f","status":"success","startEpochMs":1787564993650,"endEpochMs":1787564993665,"latencyMs":15}
CALIPER_TX_LATENCY {"workerIndex":1,"roundIndex":0,"roundLabel":"clients-2-warmup","transactionId":"97bd7fa18d931a4b575a9f64f1fd3d9c7368224f9e56f67b57d42f695cdbfe6d","status":"success","startEpochMs":1787564994652,"endEpochMs":1787564994664,"latencyMs":12}
CALIPER_TX_LATENCY {"workerIndex":0,"roundIndex":0,"roundLabel":"clients-2-warmup","transactionId":"e0c0ee880756f9adcc38c2892948f20d606d31c57beb3ad040a89efb69c5661a","status":"success","startEpochMs":1787564994652,"endEpochMs":1787564994664,"latencyMs":12}
CALIPER_TX_LATENCY {"workerIndex":0,"roundIndex":0,"roundLabel":"clients-2-warmup","transactionId":"1edeb12966ab46af395949d2bb214cc0790b929b12766f3adc538c7eb18a3940","status":"success","startEpochMs":1787564995652,"endEpochMs":1787564995673,"latencyMs":21}
CALIPER_TX_LATENCY {"workerIndex":1,"roundIndex":0,"roundLabel":"clients-2-warmup","transactionId":"87f95e456c82d165281ece03e3f1b649e0e7006cc2ff3f2a2ad67cbcb2d809e4","status":"success","startEpochMs":1787564995652,"endEpochMs":1787564995673,"latencyMs":21}
2026.08.24-15:19:56.647[32m info [39m [caliper] [default-observer] 	[clients-2-warmup Round 0 Transaction Info] - Submitted: 20 Succ: 18 Fail:0 Unfinished:2
CALIPER_TX_LATENCY {"workerIndex":1,"roundIndex":0,"roundLabel":"clients-2-warmup","transactionId":"b7480a08d16c8aee61d9bd745e68c6acc4a516de1baf4f3dc9c0c2671a7af47f","status":"success","startEpochMs":1787564996650,"endEpochMs":1787564996665,"latencyMs":15}
CALIPER_TX_LATENCY {"workerIndex":0,"roundIndex":0,"roundLabel":"clients-2-warmup","transactionId":"a1a3ab0bd9a152c9c0e15dbe85368425cb6c1ae426b46d8552dc2d1b63f137da","status":"success","startEpochMs":1787564996650,"endEpochMs":1787564996665,"latencyMs":15}
2026.08.24-15:19:57.757[32m info [39m [caliper] [connectors/peer-gateway/PeerGateway] 	disconnecting gateway for user io.krishnan
2026.08.24-15:19:57.757[32m info [39m [caliper] [connectors/peer-gateway/PeerGateway] 	disconnecting gateway for user io.krishnan
2026.08.24-15:19:57.757[32m info [39m [caliper] [connectors/peer-gateway/PeerGateway] 	disconnecting gateway for user insp.rathore
2026.08.24-15:19:57.757[32m info [39m [caliper] [connectors/peer-gateway/PeerGateway] 	disconnecting gateway for user insp.singh
2026.08.24-15:19:57.757[32m info [39m [caliper] [connectors/peer-gateway/PeerGateway] 	disconnecting gateway for user insp.rathore
2026.08.24-15:19:57.757[32m info [39m [caliper] [connectors/peer-gateway/PeerGateway] 	disconnecting gateway for user const.verma
2026.08.24-15:19:57.757[32m info [39m [caliper] [connectors/peer-gateway/PeerGateway] 	disconnecting gateway for user insp.singh
2026.08.24-15:19:57.757[32m info [39m [caliper] [connectors/peer-gateway/PeerGateway] 	disconnecting gateway for user insp.sharma
2026.08.24-15:19:57.757[32m info [39m [caliper] [connectors/peer-gateway/PeerGateway] 	disconnecting gateway for user const.verma
2026.08.24-15:19:57.757[32m info [39m [caliper] [connectors/peer-gateway/PeerGateway] 	disconnecting gateway for user _AuditMSP_aud.qureshi
2026.08.24-15:19:57.757[32m info [39m [caliper] [connectors/peer-gateway/PeerGateway] 	disconnecting gateway for user insp.sharma
2026.08.24-15:19:57.758[32m info [39m [caliper] [connectors/peer-gateway/PeerGateway] 	disconnecting gRpc client at peer PoliceMSP_localhost:7051
2026.08.24-15:19:57.758[32m info [39m [caliper] [connectors/peer-gateway/PeerGateway] 	disconnecting gateway for user _AuditMSP_aud.qureshi
2026.08.24-15:19:57.758[32m info [39m [caliper] [connectors/peer-gateway/PeerGateway] 	disconnecting gRpc client at peer PoliceMSP_localhost:7051
2026.08.24-15:19:57.758[32m info [39m [caliper] [connectors/peer-gateway/PeerGateway] 	disconnecting gRpc client at peer AuditMSP_localhost:11051
2026.08.24-15:19:57.758[32m info [39m [caliper] [connectors/peer-gateway/PeerGateway] 	disconnecting gRpc client at peer AuditMSP_localhost:11051
2026.08.24-15:19:57.758[32m info [39m [caliper] [worker-message-handler] 	Worker#0 finished Round#0
2026.08.24-15:19:57.758[32m info [39m [caliper] [worker-message-handler] 	Worker#1 finished Round#0
2026.08.24-15:20:02.761[32m info [39m [caliper] [default-observer] 	Resetting txCount indicator count
2026.08.24-15:20:02.764[32m info [39m [caliper] [report-builder] 	### Test result ###
2026.08.24-15:20:02.770[32m info [39m [caliper] [report-builder] 	
+------------------+------+------+-----------------+-----------------+-----------------+-----------------+------------------+
| Name             | Succ | Fail | Send Rate (TPS) | Max Latency (s) | Min Latency (s) | Avg Latency (s) | Throughput (TPS) |
|------------------|------|------|-----------------|-----------------|-----------------|-----------------|------------------|
| clients-2-warmup | 22   | 0    | 2.2             | 0.07            | 0.01            | 0.02            | 2.2              |
+------------------+------+------+-----------------+-----------------+-----------------+-----------------+------------------+

2026.08.24-15:20:02.798[32m info [39m [caliper] [report-builder] 	### prometheus resource stats ###'
2026.08.24-15:20:02.801[32m info [39m [caliper] [report-builder] 	
+--------------------------------------------------+-------------------------------------------------------------------------------------------------------------------------------------------------------------------------------------------------------------------------------------------------------------------------------------------------+------------------------------------+---------+
| Metric                                           | Prometheus Query                                                                                                                                                                                                                                                                                | Name                               | Value   |
|--------------------------------------------------|-------------------------------------------------------------------------------------------------------------------------------------------------------------------------------------------------------------------------------------------------------------------------------------------------|------------------------------------|---------|
| Process resident memory (MiB, max)               | process_resident_memory_bytes{job=~"fabric-.*"}                                                                                                                                                                                                                                                 | orderer.example.com:9443           | 62.2    |
|--------------------------------------------------|-------------------------------------------------------------------------------------------------------------------------------------------------------------------------------------------------------------------------------------------------------------------------------------------------|------------------------------------|---------|
|                                                  |                                                                                                                                                                                                                                                                                                 | peer0.audit.example.com:9448       | 132     |
|--------------------------------------------------|-------------------------------------------------------------------------------------------------------------------------------------------------------------------------------------------------------------------------------------------------------------------------------------------------|------------------------------------|---------|
|                                                  |                                                                                                                                                                                                                                                                                                 | peer0.court.example.com:9447       | 132     |
|--------------------------------------------------|-------------------------------------------------------------------------------------------------------------------------------------------------------------------------------------------------------------------------------------------------------------------------------------------------|------------------------------------|---------|
|                                                  |                                                                                                                                                                                                                                                                                                 | peer0.forensics.example.com:9445   | 131     |
|--------------------------------------------------|-------------------------------------------------------------------------------------------------------------------------------------------------------------------------------------------------------------------------------------------------------------------------------------------------|------------------------------------|---------|
|                                                  |                                                                                                                                                                                                                                                                                                 | peer0.police.example.com:9444      | 139     |
|--------------------------------------------------|-------------------------------------------------------------------------------------------------------------------------------------------------------------------------------------------------------------------------------------------------------------------------------------------------|------------------------------------|---------|
|                                                  |                                                                                                                                                                                                                                                                                                 | peer0.prosecution.example.com:9446 | 128     |
|--------------------------------------------------|-------------------------------------------------------------------------------------------------------------------------------------------------------------------------------------------------------------------------------------------------------------------------------------------------|------------------------------------|---------|
| Process CPU rate (percent, max)                  | rate(process_cpu_seconds_total{job=~"fabric-.*"}[1m])                                                                                                                                                                                                                                           | orderer.example.com:9443           | 0.218   |
|--------------------------------------------------|-------------------------------------------------------------------------------------------------------------------------------------------------------------------------------------------------------------------------------------------------------------------------------------------------|------------------------------------|---------|
|                                                  |                                                                                                                                                                                                                                                                                                 | peer0.audit.example.com:9448       | 3.56    |
|--------------------------------------------------|-------------------------------------------------------------------------------------------------------------------------------------------------------------------------------------------------------------------------------------------------------------------------------------------------|------------------------------------|---------|
|                                                  |                                                                                                                                                                                                                                                                                                 | peer0.court.example.com:9447       | 3.27    |
|--------------------------------------------------|-------------------------------------------------------------------------------------------------------------------------------------------------------------------------------------------------------------------------------------------------------------------------------------------------|------------------------------------|---------|
|                                                  |                                                                                                                                                                                                                                                                                                 | peer0.forensics.example.com:9445   | 3.44    |
|--------------------------------------------------|-------------------------------------------------------------------------------------------------------------------------------------------------------------------------------------------------------------------------------------------------------------------------------------------------|------------------------------------|---------|
|                                                  |                                                                                                                                                                                                                                                                                                 | peer0.police.example.com:9444      | 3.78    |
|--------------------------------------------------|-------------------------------------------------------------------------------------------------------------------------------------------------------------------------------------------------------------------------------------------------------------------------------------------------|------------------------------------|---------|
|                                                  |                                                                                                                                                                                                                                                                                                 | peer0.prosecution.example.com:9446 | 3.18    |
|--------------------------------------------------|-------------------------------------------------------------------------------------------------------------------------------------------------------------------------------------------------------------------------------------------------------------------------------------------------|------------------------------------|---------|
| Crimerecords endorsement duration (seconds, avg) | sum by (instance) (rate(endorser_proposal_duration_sum{job=~"fabric-.*",channel="crimechannel",chaincode="crimerecords",success="true"}[1m])) / sum by (instance) (rate(endorser_proposal_duration_count{job=~"fabric-.*",channel="crimechannel",chaincode="crimerecords",success="true"}[1m])) | peer0.audit.example.com:9448       | NaN     |
|--------------------------------------------------|-------------------------------------------------------------------------------------------------------------------------------------------------------------------------------------------------------------------------------------------------------------------------------------------------|------------------------------------|---------|
|                                                  |                                                                                                                                                                                                                                                                                                 | peer0.court.example.com:9447       | NaN     |
|--------------------------------------------------|-------------------------------------------------------------------------------------------------------------------------------------------------------------------------------------------------------------------------------------------------------------------------------------------------|------------------------------------|---------|
|                                                  |                                                                                                                                                                                                                                                                                                 | peer0.forensics.example.com:9445   | NaN     |
|--------------------------------------------------|-------------------------------------------------------------------------------------------------------------------------------------------------------------------------------------------------------------------------------------------------------------------------------------------------|------------------------------------|---------|
|                                                  |                                                                                                                                                                                                                                                                                                 | peer0.police.example.com:9444      | 0.00641 |
|--------------------------------------------------|-------------------------------------------------------------------------------------------------------------------------------------------------------------------------------------------------------------------------------------------------------------------------------------------------|------------------------------------|---------|
|                                                  |                                                                                                                                                                                                                                                                                                 | peer0.prosecution.example.com:9446 | NaN     |
|--------------------------------------------------|-------------------------------------------------------------------------------------------------------------------------------------------------------------------------------------------------------------------------------------------------------------------------------------------------|------------------------------------|---------|
| Ledger height (blocks, max)                      | ledger_blockchain_height{job=~"fabric-.*",channel="crimechannel"}                                                                                                                                                                                                                               | orderer.example.com:9443           | 375     |
|--------------------------------------------------|-------------------------------------------------------------------------------------------------------------------------------------------------------------------------------------------------------------------------------------------------------------------------------------------------|------------------------------------|---------|
|                                                  |                                                                                                                                                                                                                                                                                                 | peer0.audit.example.com:9448       | 375     |
|--------------------------------------------------|-------------------------------------------------------------------------------------------------------------------------------------------------------------------------------------------------------------------------------------------------------------------------------------------------|------------------------------------|---------|
|                                                  |                                                                                                                                                                                                                                                                                                 | peer0.court.example.com:9447       | 375     |
|--------------------------------------------------|-------------------------------------------------------------------------------------------------------------------------------------------------------------------------------------------------------------------------------------------------------------------------------------------------|------------------------------------|---------|
|                                                  |                                                                                                                                                                                                                                                                                                 | peer0.forensics.example.com:9445   | 375     |
|--------------------------------------------------|-------------------------------------------------------------------------------------------------------------------------------------------------------------------------------------------------------------------------------------------------------------------------------------------------|------------------------------------|---------|
|                                                  |                                                                                                                                                                                                                                                                                                 | peer0.police.example.com:9444      | 375     |
|--------------------------------------------------|-------------------------------------------------------------------------------------------------------------------------------------------------------------------------------------------------------------------------------------------------------------------------------------------------|------------------------------------|---------|
|                                                  |                                                                                                                                                                                                                                                                                                 | peer0.prosecution.example.com:9446 | 375     |
+--------------------------------------------------+-------------------------------------------------------------------------------------------------------------------------------------------------------------------------------------------------------------------------------------------------------------------------------------------------+------------------------------------+---------+

2026.08.24-15:20:02.802[32m info [39m [caliper] [round-orchestrator] 	Finished round 1 (clients-2-warmup) in 10.106 seconds
2026.08.24-15:20:02.802[32m info [39m [caliper] [monitor.js] 	Stopping all monitors
2026.08.24-15:20:02.802[32m info [39m [caliper] [round-orchestrator] 	Waiting 5 seconds for the next round...
2026.08.24-15:20:07.802[32m info [39m [caliper] [round-orchestrator] 	Started round 2 (clients-2-read)
2026.08.24-15:20:07.803[32m info [39m [caliper] [worker-message-handler] 	Preparing Worker#0 for Round#1
2026.08.24-15:20:07.803[32m info [39m [caliper] [worker-message-handler] 	Preparing Worker#1 for Round#1
2026.08.24-15:20:07.806[32m info [39m [caliper] [connectors/peer-gateway/PeerGateway] 	Generating contract map for user io.krishnan
2026.08.24-15:20:07.806[32m info [39m [caliper] [connectors/peer-gateway/PeerGateway] 	Generating contract map for user io.krishnan
2026.08.24-15:20:07.806[32m info [39m [caliper] [connectors/peer-gateway/PeerGateway] 	Generating contract map for user insp.rathore
2026.08.24-15:20:07.806[32m info [39m [caliper] [connectors/peer-gateway/PeerGateway] 	Generating contract map for user insp.rathore
2026.08.24-15:20:07.806[32m info [39m [caliper] [connectors/peer-gateway/PeerGateway] 	Generating contract map for user insp.singh
2026.08.24-15:20:07.806[32m info [39m [caliper] [connectors/peer-gateway/PeerGateway] 	Generating contract map for user insp.singh
2026.08.24-15:20:07.806[32m info [39m [caliper] [connectors/peer-gateway/PeerGateway] 	Generating contract map for user const.verma
2026.08.24-15:20:07.807[32m info [39m [caliper] [connectors/peer-gateway/PeerGateway] 	Generating contract map for user const.verma
2026.08.24-15:20:07.807[32m info [39m [caliper] [connectors/peer-gateway/PeerGateway] 	Generating contract map for user insp.sharma
2026.08.24-15:20:07.807[32m info [39m [caliper] [connectors/peer-gateway/PeerGateway] 	Generating contract map for user insp.sharma
2026.08.24-15:20:07.808[32m info [39m [caliper] [connectors/peer-gateway/PeerGateway] 	Generating contract map for user _AuditMSP_aud.qureshi
2026.08.24-15:20:07.808[32m info [39m [caliper] [caliper-worker] 	Info: worker 0 prepare test phase for round 1 is starting...
2026.08.24-15:20:07.808[32m info [39m [caliper] [connectors/peer-gateway/PeerGateway] 	Generating contract map for user _AuditMSP_aud.qureshi
2026.08.24-15:20:07.808[32m info [39m [caliper] [caliper-worker] 	Info: worker 1 prepare test phase for round 1 is starting...
2026.08.24-15:20:07.809[32m info [39m [caliper] [connectors/peer-gateway/PeerGateway] 	disconnecting gateway for user io.krishnan
2026.08.24-15:20:07.809[32m info [39m [caliper] [connectors/peer-gateway/PeerGateway] 	disconnecting gateway for user insp.rathore
2026.08.24-15:20:07.809[32m info [39m [caliper] [connectors/peer-gateway/PeerGateway] 	disconnecting gateway for user insp.singh
2026.08.24-15:20:07.809[32m info [39m [caliper] [connectors/peer-gateway/PeerGateway] 	disconnecting gateway for user const.verma
2026.08.24-15:20:07.809[32m info [39m [caliper] [connectors/peer-gateway/PeerGateway] 	disconnecting gateway for user insp.sharma
2026.08.24-15:20:07.809[32m info [39m [caliper] [connectors/peer-gateway/PeerGateway] 	disconnecting gateway for user _AuditMSP_aud.qureshi
2026.08.24-15:20:07.809[32m info [39m [caliper] [connectors/peer-gateway/PeerGateway] 	disconnecting gRpc client at peer PoliceMSP_localhost:7051
2026.08.24-15:20:07.810[32m info [39m [caliper] [connectors/peer-gateway/PeerGateway] 	disconnecting gRpc client at peer AuditMSP_localhost:11051
2026.08.24-15:20:07.810[32m info [39m [caliper] [caliper-worker] 	Info: worker 0 prepare test phase for round 1 is completed
2026.08.24-15:20:07.810[32m info [39m [caliper] [worker-message-handler] 	Worker#0 prepared for Round#1
2026.08.24-15:20:07.810[32m info [39m [caliper] [connectors/peer-gateway/PeerGateway] 	disconnecting gateway for user io.krishnan
2026.08.24-15:20:07.810[32m info [39m [caliper] [connectors/peer-gateway/PeerGateway] 	disconnecting gateway for user insp.rathore
2026.08.24-15:20:07.810[32m info [39m [caliper] [connectors/peer-gateway/PeerGateway] 	disconnecting gateway for user insp.singh
2026.08.24-15:20:07.810[32m info [39m [caliper] [connectors/peer-gateway/PeerGateway] 	disconnecting gateway for user const.verma
2026.08.24-15:20:07.810[32m info [39m [caliper] [connectors/peer-gateway/PeerGateway] 	disconnecting gateway for user insp.sharma
2026.08.24-15:20:07.810[32m info [39m [caliper] [connectors/peer-gateway/PeerGateway] 	disconnecting gateway for user _AuditMSP_aud.qureshi
2026.08.24-15:20:07.810[32m info [39m [caliper] [connectors/peer-gateway/PeerGateway] 	disconnecting gRpc client at peer PoliceMSP_localhost:7051
2026.08.24-15:20:07.810[32m info [39m [caliper] [connectors/peer-gateway/PeerGateway] 	disconnecting gRpc client at peer AuditMSP_localhost:11051
2026.08.24-15:20:07.810[32m info [39m [caliper] [caliper-worker] 	Info: worker 1 prepare test phase for round 1 is completed
2026.08.24-15:20:07.810[32m info [39m [caliper] [worker-message-handler] 	Worker#1 prepared for Round#1
2026.08.24-15:20:07.811[32m info [39m [caliper] [worker-orchestrator] 	2 workers prepared, progressing to test phase.
2026.08.24-15:20:07.811[32m info [39m [caliper] [round-orchestrator] 	Monitors successfully started
2026.08.24-15:20:07.811[32m info [39m [caliper] [worker-message-handler] 	Worker#0 is starting Round#1
2026.08.24-15:20:07.811[32m info [39m [caliper] [worker-message-handler] 	Worker#1 is starting Round#1
2026.08.24-15:20:07.812[32m info [39m [caliper] [connectors/peer-gateway/PeerGateway] 	Generating contract map for user io.krishnan
2026.08.24-15:20:07.812[32m info [39m [caliper] [connectors/peer-gateway/PeerGateway] 	Generating contract map for user io.krishnan
2026.08.24-15:20:07.813[32m info [39m [caliper] [connectors/peer-gateway/PeerGateway] 	Generating contract map for user insp.rathore
2026.08.24-15:20:07.813[32m info [39m [caliper] [connectors/peer-gateway/PeerGateway] 	Generating contract map for user insp.rathore
2026.08.24-15:20:07.813[32m info [39m [caliper] [connectors/peer-gateway/PeerGateway] 	Generating contract map for user insp.singh
2026.08.24-15:20:07.813[32m info [39m [caliper] [connectors/peer-gateway/PeerGateway] 	Generating contract map for user insp.singh
2026.08.24-15:20:07.813[32m info [39m [caliper] [connectors/peer-gateway/PeerGateway] 	Generating contract map for user const.verma
2026.08.24-15:20:07.813[32m info [39m [caliper] [connectors/peer-gateway/PeerGateway] 	Generating contract map for user const.verma
2026.08.24-15:20:07.813[32m info [39m [caliper] [connectors/peer-gateway/PeerGateway] 	Generating contract map for user insp.sharma
2026.08.24-15:20:07.813[32m info [39m [caliper] [connectors/peer-gateway/PeerGateway] 	Generating contract map for user insp.sharma
2026.08.24-15:20:07.814[32m info [39m [caliper] [connectors/peer-gateway/PeerGateway] 	Generating contract map for user _AuditMSP_aud.qureshi
2026.08.24-15:20:07.814[32m info [39m [caliper] [connectors/peer-gateway/PeerGateway] 	Generating contract map for user _AuditMSP_aud.qureshi
2026.08.24-15:20:07.815[32m info [39m [caliper] [caliper-worker] 	Worker #1 starting workload loop
2026.08.24-15:20:07.815[32m info [39m [caliper] [caliper-worker] 	Worker #0 starting workload loop
CALIPER_TX_LATENCY {"workerIndex":0,"roundIndex":1,"roundLabel":"clients-2-read","transactionId":"c8f9651f29ad9bce2ae1d16fd1556728cb42c4e5db3b78cecfe93eaa5b30f3b3","status":"success","startEpochMs":1787565007816,"endEpochMs":1787565007832,"latencyMs":16}
CALIPER_TX_LATENCY {"workerIndex":1,"roundIndex":1,"roundLabel":"clients-2-read","transactionId":"000f3e1193e67bc9f78dfe6b02635a82a517b57c8a1d069a857737caf27cccd5","status":"success","startEpochMs":1787565007816,"endEpochMs":1787565007832,"latencyMs":16}
CALIPER_TX_LATENCY {"workerIndex":1,"roundIndex":1,"roundLabel":"clients-2-read","transactionId":"ed5c78d2d28bb91adb5ba6333145a7cf4302e3adf1e42e414142b6deb6c5ed82","status":"success","startEpochMs":1787565008817,"endEpochMs":1787565008831,"latencyMs":14}
CALIPER_TX_LATENCY {"workerIndex":0,"roundIndex":1,"roundLabel":"clients-2-read","transactionId":"478bdf194f4a29a1730970a24b2b7501235af167ccb52f06ffd0eaf9f0e6235e","status":"success","startEpochMs":1787565008817,"endEpochMs":1787565008831,"latencyMs":14}
CALIPER_TX_LATENCY {"workerIndex":0,"roundIndex":1,"roundLabel":"clients-2-read","transactionId":"6491bbd7b3ce1b84033c66168c11095ef70278c548e1da7e2dfd5f30101fa7c2","status":"success","startEpochMs":1787565009816,"endEpochMs":1787565009827,"latencyMs":11}
CALIPER_TX_LATENCY {"workerIndex":1,"roundIndex":1,"roundLabel":"clients-2-read","transactionId":"f3b79eb89a1c966c8978af6d684dda421ff67c747279f98850dde6cfb64893ed","status":"success","startEpochMs":1787565009816,"endEpochMs":1787565009827,"latencyMs":11}
CALIPER_TX_LATENCY {"workerIndex":0,"roundIndex":1,"roundLabel":"clients-2-read","transactionId":"7bd0696f028d146c37df05c4992ddbc298dfb872079bb545ae20bc5c3dce7578","status":"success","startEpochMs":1787565010817,"endEpochMs":1787565010834,"latencyMs":17}
CALIPER_TX_LATENCY {"workerIndex":1,"roundIndex":1,"roundLabel":"clients-2-read","transactionId":"db7f8f57a257fc3e6d52a368840363981e2fd89dfe4ceb9e8b3b3ed2be419f16","status":"success","startEpochMs":1787565010820,"endEpochMs":1787565010834,"latencyMs":14}
CALIPER_TX_LATENCY {"workerIndex":0,"roundIndex":1,"roundLabel":"clients-2-read","transactionId":"cc875daa0fff622bee6c811bf32b5ed204c56c904f328d6da89a7a90e5393423","status":"success","startEpochMs":1787565011820,"endEpochMs":1787565011831,"latencyMs":11}
CALIPER_TX_LATENCY {"workerIndex":1,"roundIndex":1,"roundLabel":"clients-2-read","transactionId":"99de228128ff5737bfce3802e3925c3363f62eab05f7adec2b134b5475edcf3d","status":"success","startEpochMs":1787565011817,"endEpochMs":1787565011831,"latencyMs":14}
2026.08.24-15:20:12.812[32m info [39m [caliper] [default-observer] 	[clients-2-read Round 1 Transaction Info] - Submitted: 8 Succ: 8 Fail:0 Unfinished:0
CALIPER_TX_LATENCY {"workerIndex":0,"roundIndex":1,"roundLabel":"clients-2-read","transactionId":"763559e88ca849893b1e9ae0e836cf61d168430b1427e290e4338b8f5313eeda","status":"success","startEpochMs":1787565012815,"endEpochMs":1787565012823,"latencyMs":8}
CALIPER_TX_LATENCY {"workerIndex":1,"roundIndex":1,"roundLabel":"clients-2-read","transactionId":"7d7db0225067553e14668350f16edb7b6a8e69c7b1a4920d1f98c152ec6d5a52","status":"success","startEpochMs":1787565012816,"endEpochMs":1787565012823,"latencyMs":7}
CALIPER_TX_LATENCY {"workerIndex":0,"roundIndex":1,"roundLabel":"clients-2-read","transactionId":"38a46c4c5ddf9fe22c6c53ebccfdcf3dd3a04be6f8c20fb1b2d7ab01eceee063","status":"success","startEpochMs":1787565013818,"endEpochMs":1787565013834,"latencyMs":16}
CALIPER_TX_LATENCY {"workerIndex":1,"roundIndex":1,"roundLabel":"clients-2-read","transactionId":"0c1fa0adafdbec8a5acb9576a31fa2f193a9d0f2b5d76930684d593ec1a0f604","status":"success","startEpochMs":1787565013818,"endEpochMs":1787565013834,"latencyMs":16}
CALIPER_TX_LATENCY {"workerIndex":0,"roundIndex":1,"roundLabel":"clients-2-read","transactionId":"714ed03f557a921805ff4a65ffb4869536eaeba7265cfc0745efedfb22093f4a","status":"success","startEpochMs":1787565014816,"endEpochMs":1787565014830,"latencyMs":14}
CALIPER_TX_LATENCY {"workerIndex":1,"roundIndex":1,"roundLabel":"clients-2-read","transactionId":"624996473df621a327ff8446ecc522f3d8e4d28e0e7841696cad42959949b309","status":"success","startEpochMs":1787565014816,"endEpochMs":1787565014830,"latencyMs":14}
CALIPER_TX_LATENCY {"workerIndex":1,"roundIndex":1,"roundLabel":"clients-2-read","transactionId":"4c62d5ab3d386f921c70607f2c209ece0a941d47a6ad4924b1a71cd43335102f","status":"success","startEpochMs":1787565015819,"endEpochMs":1787565015835,"latencyMs":16}
CALIPER_TX_LATENCY {"workerIndex":0,"roundIndex":1,"roundLabel":"clients-2-read","transactionId":"0170f42cf00f8ea35b5e8d29167bef9ff230d09ff5f328e46a9e9f2f9abec61b","status":"success","startEpochMs":1787565015819,"endEpochMs":1787565015835,"latencyMs":16}
CALIPER_TX_LATENCY {"workerIndex":1,"roundIndex":1,"roundLabel":"clients-2-read","transactionId":"3a1bf9fa9f9c1cf7e2ec6267a2cc8f6cd31579707112551c2e646625c91fb7d2","status":"success","startEpochMs":1787565016817,"endEpochMs":1787565016829,"latencyMs":12}
CALIPER_TX_LATENCY {"workerIndex":0,"roundIndex":1,"roundLabel":"clients-2-read","transactionId":"a8f190b2cf0de8b1b520dfc6ff9812c1bcdae36259caad9066a4bcf171ae26e3","status":"success","startEpochMs":1787565016817,"endEpochMs":1787565016829,"latencyMs":12}
2026.08.24-15:20:17.814[32m info [39m [caliper] [default-observer] 	[clients-2-read Round 1 Transaction Info] - Submitted: 20 Succ: 18 Fail:0 Unfinished:2
CALIPER_TX_LATENCY {"workerIndex":0,"roundIndex":1,"roundLabel":"clients-2-read","transactionId":"37f819118a3b4e2d767dbeb00fd6a723947455a33050f2207d4613bb08078194","status":"success","startEpochMs":1787565017817,"endEpochMs":1787565017835,"latencyMs":18}
CALIPER_TX_LATENCY {"workerIndex":1,"roundIndex":1,"roundLabel":"clients-2-read","transactionId":"e815f5645d6ef46cd163c78a84fac0422ba76deb58427ba7808f5c7bbd966262","status":"success","startEpochMs":1787565017817,"endEpochMs":1787565017835,"latencyMs":18}
CALIPER_TX_LATENCY {"workerIndex":0,"roundIndex":1,"roundLabel":"clients-2-read","transactionId":"130282cbc157a5cd41ee90474409b7153316788282fe9a9e62781d81c25da91c","status":"success","startEpochMs":1787565018818,"endEpochMs":1787565018834,"latencyMs":16}
CALIPER_TX_LATENCY {"workerIndex":1,"roundIndex":1,"roundLabel":"clients-2-read","transactionId":"cccb9c6c42816722279ca5f71f955f14d7314138c9f06356288ca91295468bfb","status":"success","startEpochMs":1787565018818,"endEpochMs":1787565018834,"latencyMs":16}
CALIPER_TX_LATENCY {"workerIndex":0,"roundIndex":1,"roundLabel":"clients-2-read","transactionId":"3241b8688b32711ad3566394701e718cd6a874126f9860d548f40f637be37d55","status":"success","startEpochMs":1787565019817,"endEpochMs":1787565019829,"latencyMs":12}
CALIPER_TX_LATENCY {"workerIndex":1,"roundIndex":1,"roundLabel":"clients-2-read","transactionId":"9bb46bd7f2a5e685a61c8809f565a03a333f7e94db835be3fd57c45d44eb07a8","status":"success","startEpochMs":1787565019817,"endEpochMs":1787565019829,"latencyMs":12}
CALIPER_TX_LATENCY {"workerIndex":1,"roundIndex":1,"roundLabel":"clients-2-read","transactionId":"e8c4a04373a02e8dc76d021d2dc381756fdb101e036168b8417c09bf6854a7b2","status":"success","startEpochMs":1787565020818,"endEpochMs":1787565020839,"latencyMs":21}
CALIPER_TX_LATENCY {"workerIndex":0,"roundIndex":1,"roundLabel":"clients-2-read","transactionId":"771253a8bd07cb2b6e7dcf6e9020068208ac69d6d83b3fec632b858cdfdf2cb2","status":"success","startEpochMs":1787565020818,"endEpochMs":1787565020839,"latencyMs":21}
CALIPER_TX_LATENCY {"workerIndex":1,"roundIndex":1,"roundLabel":"clients-2-read","transactionId":"187fb70e75caabc5f0ce9ad9be8d2d5d24c556eaab58d28e9e19d7739723f8c2","status":"success","startEpochMs":1787565021818,"endEpochMs":1787565021831,"latencyMs":13}
CALIPER_TX_LATENCY {"workerIndex":0,"roundIndex":1,"roundLabel":"clients-2-read","transactionId":"df8ca6da28f2419651878c8da927a244df8a2957895c329e2ca9c7d3105a28fc","status":"success","startEpochMs":1787565021818,"endEpochMs":1787565021831,"latencyMs":13}
2026.08.24-15:20:22.817[32m info [39m [caliper] [default-observer] 	[clients-2-read Round 1 Transaction Info] - Submitted: 30 Succ: 28 Fail:0 Unfinished:2
CALIPER_TX_LATENCY {"workerIndex":0,"roundIndex":1,"roundLabel":"clients-2-read","transactionId":"019acab107aa9e1b1734085afbbfaa652b9d056b6de27ffca4271e9ea70edca8","status":"success","startEpochMs":1787565022818,"endEpochMs":1787565022836,"latencyMs":18}
CALIPER_TX_LATENCY {"workerIndex":1,"roundIndex":1,"roundLabel":"clients-2-read","transactionId":"1d6b4de81014b8cfb227d210d970b26c7ec3bd8a19ba91e95b0edd4eaa63fdd9","status":"success","startEpochMs":1787565022818,"endEpochMs":1787565022836,"latencyMs":18}
CALIPER_TX_LATENCY {"workerIndex":0,"roundIndex":1,"roundLabel":"clients-2-read","transactionId":"d22e9a377162e0881fbc0849f768f56eb68a582db81cede94c076568322c0657","status":"success","startEpochMs":1787565023818,"endEpochMs":1787565023832,"latencyMs":14}
CALIPER_TX_LATENCY {"workerIndex":1,"roundIndex":1,"roundLabel":"clients-2-read","transactionId":"c32ed27876f4166d6ff6ce4faa6abc379f2d15800e657c23b0c9b628505d0afe","status":"success","startEpochMs":1787565023818,"endEpochMs":1787565023833,"latencyMs":15}
CALIPER_TX_LATENCY {"workerIndex":0,"roundIndex":1,"roundLabel":"clients-2-read","transactionId":"01720a92d13bc683c9dc0968d48a7afec05da26b99517b8e0d87c75cdac4d194","status":"success","startEpochMs":1787565024818,"endEpochMs":1787565024831,"latencyMs":13}
CALIPER_TX_LATENCY {"workerIndex":1,"roundIndex":1,"roundLabel":"clients-2-read","transactionId":"1510bb3a44e058c122cc7fa89d2c4f6a8f1ed705cbba5b9e7827b40742a509c8","status":"success","startEpochMs":1787565024818,"endEpochMs":1787565024831,"latencyMs":13}
CALIPER_TX_LATENCY {"workerIndex":1,"roundIndex":1,"roundLabel":"clients-2-read","transactionId":"5f8c4146b6fc329093a45823b0622da76c057a265b7ba1c099aae58010d301a3","status":"success","startEpochMs":1787565025818,"endEpochMs":1787565025836,"latencyMs":18}
CALIPER_TX_LATENCY {"workerIndex":0,"roundIndex":1,"roundLabel":"clients-2-read","transactionId":"9871f1c871a3e4000c23242dad84b1796e0d0d8a387570b3a5ba855253cd1265","status":"success","startEpochMs":1787565025818,"endEpochMs":1787565025836,"latencyMs":18}
CALIPER_TX_LATENCY {"workerIndex":0,"roundIndex":1,"roundLabel":"clients-2-read","transactionId":"3f32fb92689811fdcb7acba506bc56887fd7c7d65cf8a7fc2a602f164182864b","status":"success","startEpochMs":1787565026817,"endEpochMs":1787565026824,"latencyMs":7}
CALIPER_TX_LATENCY {"workerIndex":1,"roundIndex":1,"roundLabel":"clients-2-read","transactionId":"be167b3234ec4ca70617b5aa3714299f5fb56529f81fd6b5de81000e508df208","status":"success","startEpochMs":1787565026817,"endEpochMs":1787565026824,"latencyMs":7}
2026.08.24-15:20:27.818[32m info [39m [caliper] [default-observer] 	[clients-2-read Round 1 Transaction Info] - Submitted: 40 Succ: 38 Fail:0 Unfinished:2
CALIPER_TX_LATENCY {"workerIndex":0,"roundIndex":1,"roundLabel":"clients-2-read","transactionId":"54ad19319f09a4b64915c61cc312621de6347050dc1764d06481032c7767a0e5","status":"success","startEpochMs":1787565027817,"endEpochMs":1787565027831,"latencyMs":14}
CALIPER_TX_LATENCY {"workerIndex":1,"roundIndex":1,"roundLabel":"clients-2-read","transactionId":"d99604aca0d5000a71ec01af3e77019d42cfccf0dccd62adf9cc0ad071e7a688","status":"success","startEpochMs":1787565027817,"endEpochMs":1787565027831,"latencyMs":14}
CALIPER_TX_LATENCY {"workerIndex":1,"roundIndex":1,"roundLabel":"clients-2-read","transactionId":"c1e37f0ff3f7297a31c73b996ac3b4497c046aaafe340f5e9667ecee7772ab33","status":"success","startEpochMs":1787565028817,"endEpochMs":1787565028830,"latencyMs":13}
CALIPER_TX_LATENCY {"workerIndex":0,"roundIndex":1,"roundLabel":"clients-2-read","transactionId":"85ed0ca7cd9454152707b15e9c8ce96381a0269e67bca91432710f67946214e2","status":"success","startEpochMs":1787565028817,"endEpochMs":1787565028830,"latencyMs":13}
CALIPER_TX_LATENCY {"workerIndex":1,"roundIndex":1,"roundLabel":"clients-2-read","transactionId":"2a99d2947495223edc27b11ffc2dcb9883809d9f197aa96dc3db07924e8677ee","status":"success","startEpochMs":1787565029818,"endEpochMs":1787565029836,"latencyMs":18}
CALIPER_TX_LATENCY {"workerIndex":0,"roundIndex":1,"roundLabel":"clients-2-read","transactionId":"ec7bcbc9b18f37537edbaacbe077d53c383ba0890d53bff63db3f7e18374a045","status":"success","startEpochMs":1787565029818,"endEpochMs":1787565029836,"latencyMs":18}
CALIPER_TX_LATENCY {"workerIndex":1,"roundIndex":1,"roundLabel":"clients-2-read","transactionId":"8c7f0d85bfcceba254cd6426b5a025a1d3efc696800e3ae1875f8f5360ffd44c","status":"success","startEpochMs":1787565030819,"endEpochMs":1787565030836,"latencyMs":17}
CALIPER_TX_LATENCY {"workerIndex":0,"roundIndex":1,"roundLabel":"clients-2-read","transactionId":"9ddb3d0ebfbc2d484d717e7deee7019d023549c3548ddd3eafa61241fb7113a9","status":"success","startEpochMs":1787565030819,"endEpochMs":1787565030836,"latencyMs":17}
CALIPER_TX_LATENCY {"workerIndex":0,"roundIndex":1,"roundLabel":"clients-2-read","transactionId":"0c11f6ead0b784a7e1b4ddc50f83e89f423843172932528999396c4350f5c6cf","status":"success","startEpochMs":1787565031818,"endEpochMs":1787565031832,"latencyMs":14}
CALIPER_TX_LATENCY {"workerIndex":1,"roundIndex":1,"roundLabel":"clients-2-read","transactionId":"db76d4c3ca59329264f3afa4a68144ec411e36ece5e5023c28052a94c47eff4c","status":"success","startEpochMs":1787565031817,"endEpochMs":1787565031832,"latencyMs":15}
2026.08.24-15:20:32.819[32m info [39m [caliper] [default-observer] 	[clients-2-read Round 1 Transaction Info] - Submitted: 50 Succ: 48 Fail:0 Unfinished:2
CALIPER_TX_LATENCY {"workerIndex":1,"roundIndex":1,"roundLabel":"clients-2-read","transactionId":"d212fd5d9a8f125c1598b135965b9c6ac99ed866fa29d9253cc6d1b7402391df","status":"success","startEpochMs":1787565032818,"endEpochMs":1787565032830,"latencyMs":12}
CALIPER_TX_LATENCY {"workerIndex":0,"roundIndex":1,"roundLabel":"clients-2-read","transactionId":"54db1ba99d522cc927232df0d44b839342ef6d681fd6c1bce32b736ff607474a","status":"success","startEpochMs":1787565032818,"endEpochMs":1787565032830,"latencyMs":12}
CALIPER_TX_LATENCY {"workerIndex":0,"roundIndex":1,"roundLabel":"clients-2-read","transactionId":"8ca16fa62e53288448ef124c7c1f0063122445cac0c1bff9b2723f746249c83c","status":"success","startEpochMs":1787565033817,"endEpochMs":1787565033826,"latencyMs":9}
CALIPER_TX_LATENCY {"workerIndex":1,"roundIndex":1,"roundLabel":"clients-2-read","transactionId":"7f8298bd16a70113afcbb447e69f444b3b05fc5c3f52bf738d2a5c27fab20422","status":"success","startEpochMs":1787565033818,"endEpochMs":1787565033826,"latencyMs":8}
CALIPER_TX_LATENCY {"workerIndex":0,"roundIndex":1,"roundLabel":"clients-2-read","transactionId":"ed652f8ad12054db4bf3bf5589f579896399fd2e44dc234fa05545becc343cca","status":"success","startEpochMs":1787565034819,"endEpochMs":1787565034830,"latencyMs":11}
CALIPER_TX_LATENCY {"workerIndex":1,"roundIndex":1,"roundLabel":"clients-2-read","transactionId":"c6cbd10636133c3887e1fa671e9569b766bb52d5c7f412a8bc24bb307061cd1d","status":"success","startEpochMs":1787565034817,"endEpochMs":1787565034830,"latencyMs":13}
CALIPER_TX_LATENCY {"workerIndex":0,"roundIndex":1,"roundLabel":"clients-2-read","transactionId":"e578ebc0674d4d5c10d74edc0cf9c2ad029eef2ada147906961596339c3896ca","status":"success","startEpochMs":1787565035818,"endEpochMs":1787565035830,"latencyMs":12}
CALIPER_TX_LATENCY {"workerIndex":1,"roundIndex":1,"roundLabel":"clients-2-read","transactionId":"2c3f52c0edf9098a31e19e558346e04b3e5adc17160fe9ca1856368ec1eaeaa8","status":"success","startEpochMs":1787565035818,"endEpochMs":1787565035830,"latencyMs":12}
CALIPER_TX_LATENCY {"workerIndex":0,"roundIndex":1,"roundLabel":"clients-2-read","transactionId":"26a27b3185d54944f28bdc9a76794a10aa959d15f4625910e47b59979ccb8c72","status":"success","startEpochMs":1787565036817,"endEpochMs":1787565036825,"latencyMs":8}
CALIPER_TX_LATENCY {"workerIndex":1,"roundIndex":1,"roundLabel":"clients-2-read","transactionId":"edf7d4e2b9ad3e60b3d510ad35b43eb8752fab25edb4b705a0abddbace7a51b2","status":"success","startEpochMs":1787565036817,"endEpochMs":1787565036825,"latencyMs":8}
2026.08.24-15:20:37.820[32m info [39m [caliper] [default-observer] 	[clients-2-read Round 1 Transaction Info] - Submitted: 60 Succ: 58 Fail:0 Unfinished:2
CALIPER_TX_LATENCY {"workerIndex":0,"roundIndex":1,"roundLabel":"clients-2-read","transactionId":"e9e36b0bae3a6b80148fa6ca8b38673385dda931261df873699e78f66b8008fa","status":"success","startEpochMs":1787565037819,"endEpochMs":1787565037836,"latencyMs":17}
CALIPER_TX_LATENCY {"workerIndex":1,"roundIndex":1,"roundLabel":"clients-2-read","transactionId":"842ac6c770a65ca998b0295d5d779bf22edb25c85fef5bf98eecfd3e84a97367","status":"success","startEpochMs":1787565037818,"endEpochMs":1787565037836,"latencyMs":18}
CALIPER_TX_LATENCY {"workerIndex":0,"roundIndex":1,"roundLabel":"clients-2-read","transactionId":"7f6c4e91e77258ae6812c3e8fb86bb6119eba20629d196f32ea1aa4bfcbfb376","status":"success","startEpochMs":1787565038817,"endEpochMs":1787565038823,"latencyMs":6}
CALIPER_TX_LATENCY {"workerIndex":1,"roundIndex":1,"roundLabel":"clients-2-read","transactionId":"4de727df994f7c7ff756a0f3c189f216a641ab00ac362a09158f023d1f505948","status":"success","startEpochMs":1787565038817,"endEpochMs":1787565038823,"latencyMs":6}
CALIPER_TX_LATENCY {"workerIndex":1,"roundIndex":1,"roundLabel":"clients-2-read","transactionId":"f2bb7ca3b159d7a9d0e1826184acad88ac99c96a02ff61bb1bb92be37374bcac","status":"success","startEpochMs":1787565039818,"endEpochMs":1787565039833,"latencyMs":15}
CALIPER_TX_LATENCY {"workerIndex":0,"roundIndex":1,"roundLabel":"clients-2-read","transactionId":"150f2621706dc5b37e70f015e7585d50bc1f7d448df70d2441fc8a802f73b10c","status":"success","startEpochMs":1787565039818,"endEpochMs":1787565039833,"latencyMs":15}
CALIPER_TX_LATENCY {"workerIndex":1,"roundIndex":1,"roundLabel":"clients-2-read","transactionId":"92af0925172a005339d3c901c7023901da8f1baf1879d1eb69b68dd4d5452dbd","status":"success","startEpochMs":1787565040818,"endEpochMs":1787565040832,"latencyMs":14}
CALIPER_TX_LATENCY {"workerIndex":0,"roundIndex":1,"roundLabel":"clients-2-read","transactionId":"131aa8e57767c353c1449deaa9b72443315d275b22612006eb5d39c0648fcd6e","status":"success","startEpochMs":1787565040818,"endEpochMs":1787565040832,"latencyMs":14}
CALIPER_TX_LATENCY {"workerIndex":0,"roundIndex":1,"roundLabel":"clients-2-read","transactionId":"ea1bb3253c00c6e4a91156e87539cfa62b41c30c82b3a9647b39cdec303a8b0b","status":"success","startEpochMs":1787565041818,"endEpochMs":1787565041832,"latencyMs":14}
CALIPER_TX_LATENCY {"workerIndex":1,"roundIndex":1,"roundLabel":"clients-2-read","transactionId":"cbdc5e248c1fd7237b1e5f4eba4ed96901a375c15dd01d431e0c6b35ae14a279","status":"success","startEpochMs":1787565041818,"endEpochMs":1787565041832,"latencyMs":14}
2026.08.24-15:20:42.821[32m info [39m [caliper] [default-observer] 	[clients-2-read Round 1 Transaction Info] - Submitted: 70 Succ: 68 Fail:0 Unfinished:2
CALIPER_TX_LATENCY {"workerIndex":0,"roundIndex":1,"roundLabel":"clients-2-read","transactionId":"3a43e4884080d014b0bb2c32a1e364d1f4271908ce66eeb3f3d0d13dbc6c19d7","status":"success","startEpochMs":1787565042817,"endEpochMs":1787565042831,"latencyMs":14}
CALIPER_TX_LATENCY {"workerIndex":1,"roundIndex":1,"roundLabel":"clients-2-read","transactionId":"c5e8dbde6111d940e986c656cfb2b144fb83c382502c11afa03d137121e65437","status":"success","startEpochMs":1787565042817,"endEpochMs":1787565042831,"latencyMs":14}
CALIPER_TX_LATENCY {"workerIndex":0,"roundIndex":1,"roundLabel":"clients-2-read","transactionId":"2fa56ff472f66e64b7bcf982d581a7c126d427c44e3c5f95b6540a401d3a8d83","status":"success","startEpochMs":1787565043818,"endEpochMs":1787565043835,"latencyMs":17}
CALIPER_TX_LATENCY {"workerIndex":1,"roundIndex":1,"roundLabel":"clients-2-read","transactionId":"37078298f72ef380272a965b93036b28fdaf93ed2a642998acb646988f45b5c1","status":"success","startEpochMs":1787565043818,"endEpochMs":1787565043835,"latencyMs":17}
CALIPER_TX_LATENCY {"workerIndex":0,"roundIndex":1,"roundLabel":"clients-2-read","transactionId":"227395891f849266fb1510bac68925c4166f64808eb83b43f3e167a8983b625c","status":"success","startEpochMs":1787565044817,"endEpochMs":1787565044830,"latencyMs":13}
CALIPER_TX_LATENCY {"workerIndex":1,"roundIndex":1,"roundLabel":"clients-2-read","transactionId":"95c8c7be2dcab243cd2b62c6bce49ed631ef6a60e3a64cc4cf564a995e9cd3fe","status":"success","startEpochMs":1787565044817,"endEpochMs":1787565044830,"latencyMs":13}
CALIPER_TX_LATENCY {"workerIndex":0,"roundIndex":1,"roundLabel":"clients-2-read","transactionId":"feb72d1ba27f0cec7280cb76115586a0ed6fc6c13414973a3f7f8121da665697","status":"success","startEpochMs":1787565045818,"endEpochMs":1787565045833,"latencyMs":15}
CALIPER_TX_LATENCY {"workerIndex":1,"roundIndex":1,"roundLabel":"clients-2-read","transactionId":"1dd33433871e572c013a0ccaa7a429846991e383acdb5fdf7093c10a4323cf61","status":"success","startEpochMs":1787565045819,"endEpochMs":1787565045833,"latencyMs":14}
CALIPER_TX_LATENCY {"workerIndex":0,"roundIndex":1,"roundLabel":"clients-2-read","transactionId":"f1081c8669ca69107a3e699a5180667ab4c8c875e0ca8783544667e5271de36d","status":"success","startEpochMs":1787565046818,"endEpochMs":1787565046832,"latencyMs":14}
CALIPER_TX_LATENCY {"workerIndex":1,"roundIndex":1,"roundLabel":"clients-2-read","transactionId":"889127146f4062fe1adeaf7ffa449071bebfb22a5484bdd206228fd7c2f63152","status":"success","startEpochMs":1787565046818,"endEpochMs":1787565046832,"latencyMs":14}
2026.08.24-15:20:47.823[32m info [39m [caliper] [default-observer] 	[clients-2-read Round 1 Transaction Info] - Submitted: 80 Succ: 78 Fail:0 Unfinished:2
CALIPER_TX_LATENCY {"workerIndex":1,"roundIndex":1,"roundLabel":"clients-2-read","transactionId":"9b3235555b99d0ff9e2ee54d6feafd623cfa448078d0ee3112597d8d8e1a6a14","status":"success","startEpochMs":1787565047817,"endEpochMs":1787565047835,"latencyMs":18}
CALIPER_TX_LATENCY {"workerIndex":0,"roundIndex":1,"roundLabel":"clients-2-read","transactionId":"5b752f53cb1f7a126c8369b8cfa7a52d54a082dde7fa90a0c1204b0e64964bd5","status":"success","startEpochMs":1787565047819,"endEpochMs":1787565047835,"latencyMs":16}
CALIPER_TX_LATENCY {"workerIndex":1,"roundIndex":1,"roundLabel":"clients-2-read","transactionId":"8b316f1e5fda0673d3ebd34ec2425d1aba6e7fd026e83e48d69b61f9c42d1b31","status":"success","startEpochMs":1787565048818,"endEpochMs":1787565048832,"latencyMs":14}
CALIPER_TX_LATENCY {"workerIndex":0,"roundIndex":1,"roundLabel":"clients-2-read","transactionId":"0009208cfc0fe59920b643e146b86baeb10917c186a3f6840d5353898b3958a8","status":"success","startEpochMs":1787565048818,"endEpochMs":1787565048832,"latencyMs":14}
CALIPER_TX_LATENCY {"workerIndex":0,"roundIndex":1,"roundLabel":"clients-2-read","transactionId":"fd2efd5cc6b0596b73780ff39f101f858dbd0a4952028f4c5845876e2fcb1302","status":"success","startEpochMs":1787565049818,"endEpochMs":1787565049830,"latencyMs":12}
CALIPER_TX_LATENCY {"workerIndex":1,"roundIndex":1,"roundLabel":"clients-2-read","transactionId":"047dd551f2959121ab158f55c6b8ce9a85fe6f1438fe563e8412eaf4cb40c19e","status":"success","startEpochMs":1787565049818,"endEpochMs":1787565049830,"latencyMs":12}
CALIPER_TX_LATENCY {"workerIndex":1,"roundIndex":1,"roundLabel":"clients-2-read","transactionId":"7753e656f51d2d005812bb2a4c75de13d2c27817c027f06fc3f59aa1a542229a","status":"success","startEpochMs":1787565050819,"endEpochMs":1787565050839,"latencyMs":20}
CALIPER_TX_LATENCY {"workerIndex":0,"roundIndex":1,"roundLabel":"clients-2-read","transactionId":"6d55bd1b5a25096929e353174f90c95115223ece9d1d762cfecbebe6ec411833","status":"success","startEpochMs":1787565050819,"endEpochMs":1787565050839,"latencyMs":20}
CALIPER_TX_LATENCY {"workerIndex":1,"roundIndex":1,"roundLabel":"clients-2-read","transactionId":"210a0c9f5f292eb2f14f0db05c15c11d5594e0efcc75926a1a0903b162580438","status":"success","startEpochMs":1787565051817,"endEpochMs":1787565051831,"latencyMs":14}
CALIPER_TX_LATENCY {"workerIndex":0,"roundIndex":1,"roundLabel":"clients-2-read","transactionId":"7d41041f1100d30169e112768f918e97af0b300bfe31056c7713f23c504ed3f5","status":"success","startEpochMs":1787565051817,"endEpochMs":1787565051831,"latencyMs":14}
2026.08.24-15:20:52.823[32m info [39m [caliper] [default-observer] 	[clients-2-read Round 1 Transaction Info] - Submitted: 90 Succ: 89 Fail:0 Unfinished:1
CALIPER_TX_LATENCY {"workerIndex":1,"roundIndex":1,"roundLabel":"clients-2-read","transactionId":"797f2387b5025a8ca7aa5778d96f928122986d48c3c9b58e92e785d9b98d5177","status":"success","startEpochMs":1787565052818,"endEpochMs":1787565052831,"latencyMs":13}
CALIPER_TX_LATENCY {"workerIndex":0,"roundIndex":1,"roundLabel":"clients-2-read","transactionId":"e03577fac4417f5853e7e7f0df9d5861de6d5a1cc81ae6c1219cf04231bb92c3","status":"success","startEpochMs":1787565052818,"endEpochMs":1787565052831,"latencyMs":13}
2026.08.24-15:20:53.921[32m info [39m [caliper] [connectors/peer-gateway/PeerGateway] 	disconnecting gateway for user io.krishnan
2026.08.24-15:20:53.921[32m info [39m [caliper] [connectors/peer-gateway/PeerGateway] 	disconnecting gateway for user insp.rathore
2026.08.24-15:20:53.921[32m info [39m [caliper] [connectors/peer-gateway/PeerGateway] 	disconnecting gateway for user insp.singh
2026.08.24-15:20:53.921[32m info [39m [caliper] [connectors/peer-gateway/PeerGateway] 	disconnecting gateway for user const.verma
2026.08.24-15:20:53.921[32m info [39m [caliper] [connectors/peer-gateway/PeerGateway] 	disconnecting gateway for user insp.sharma
2026.08.24-15:20:53.921[32m info [39m [caliper] [connectors/peer-gateway/PeerGateway] 	disconnecting gateway for user _AuditMSP_aud.qureshi
2026.08.24-15:20:53.921[32m info [39m [caliper] [connectors/peer-gateway/PeerGateway] 	disconnecting gRpc client at peer PoliceMSP_localhost:7051
2026.08.24-15:20:53.921[32m info [39m [caliper] [connectors/peer-gateway/PeerGateway] 	disconnecting gRpc client at peer AuditMSP_localhost:11051
2026.08.24-15:20:53.921[32m info [39m [caliper] [connectors/peer-gateway/PeerGateway] 	disconnecting gateway for user io.krishnan
2026.08.24-15:20:53.921[32m info [39m [caliper] [connectors/peer-gateway/PeerGateway] 	disconnecting gateway for user insp.rathore
2026.08.24-15:20:53.921[32m info [39m [caliper] [worker-message-handler] 	Worker#1 finished Round#1
2026.08.24-15:20:53.921[32m info [39m [caliper] [connectors/peer-gateway/PeerGateway] 	disconnecting gateway for user insp.singh
2026.08.24-15:20:53.921[32m info [39m [caliper] [connectors/peer-gateway/PeerGateway] 	disconnecting gateway for user const.verma
2026.08.24-15:20:53.921[32m info [39m [caliper] [connectors/peer-gateway/PeerGateway] 	disconnecting gateway for user insp.sharma
2026.08.24-15:20:53.921[32m info [39m [caliper] [connectors/peer-gateway/PeerGateway] 	disconnecting gateway for user _AuditMSP_aud.qureshi
2026.08.24-15:20:53.921[32m info [39m [caliper] [connectors/peer-gateway/PeerGateway] 	disconnecting gRpc client at peer PoliceMSP_localhost:7051
2026.08.24-15:20:53.922[32m info [39m [caliper] [connectors/peer-gateway/PeerGateway] 	disconnecting gRpc client at peer AuditMSP_localhost:11051
2026.08.24-15:20:53.922[32m info [39m [caliper] [worker-message-handler] 	Worker#0 finished Round#1
2026.08.24-15:20:58.923[32m info [39m [caliper] [default-observer] 	Resetting txCount indicator count
2026.08.24-15:20:58.925[32m info [39m [caliper] [report-builder] 	### Test result ###
2026.08.24-15:20:58.926[32m info [39m [caliper] [report-builder] 	
+----------------+------+------+-----------------+-----------------+-----------------+-----------------+------------------+
| Name           | Succ | Fail | Send Rate (TPS) | Max Latency (s) | Min Latency (s) | Avg Latency (s) | Throughput (TPS) |
|----------------|------|------|-----------------|-----------------|-----------------|-----------------|------------------|
| clients-2-read | 92   | 0    | 2.0             | 0.02            | 0.01            | 0.01            | 2.0              |
+----------------+------+------+-----------------+-----------------+-----------------+-----------------+------------------+

2026.08.24-15:20:58.952[32m info [39m [caliper] [report-builder] 	### prometheus resource stats ###'
2026.08.24-15:20:58.954[32m info [39m [caliper] [report-builder] 	
+--------------------------------------------------+-------------------------------------------------------------------------------------------------------------------------------------------------------------------------------------------------------------------------------------------------------------------------------------------------+------------------------------------+---------+
| Metric                                           | Prometheus Query                                                                                                                                                                                                                                                                                | Name                               | Value   |
|--------------------------------------------------|-------------------------------------------------------------------------------------------------------------------------------------------------------------------------------------------------------------------------------------------------------------------------------------------------|------------------------------------|---------|
| Process resident memory (MiB, max)               | process_resident_memory_bytes{job=~"fabric-.*"}                                                                                                                                                                                                                                                 | orderer.example.com:9443           | 62.2    |
|--------------------------------------------------|-------------------------------------------------------------------------------------------------------------------------------------------------------------------------------------------------------------------------------------------------------------------------------------------------|------------------------------------|---------|
|                                                  |                                                                                                                                                                                                                                                                                                 | peer0.audit.example.com:9448       | 132     |
|--------------------------------------------------|-------------------------------------------------------------------------------------------------------------------------------------------------------------------------------------------------------------------------------------------------------------------------------------------------|------------------------------------|---------|
|                                                  |                                                                                                                                                                                                                                                                                                 | peer0.court.example.com:9447       | 132     |
|--------------------------------------------------|-------------------------------------------------------------------------------------------------------------------------------------------------------------------------------------------------------------------------------------------------------------------------------------------------|------------------------------------|---------|
|                                                  |                                                                                                                                                                                                                                                                                                 | peer0.forensics.example.com:9445   | 131     |
|--------------------------------------------------|-------------------------------------------------------------------------------------------------------------------------------------------------------------------------------------------------------------------------------------------------------------------------------------------------|------------------------------------|---------|
|                                                  |                                                                                                                                                                                                                                                                                                 | peer0.police.example.com:9444      | 139     |
|--------------------------------------------------|-------------------------------------------------------------------------------------------------------------------------------------------------------------------------------------------------------------------------------------------------------------------------------------------------|------------------------------------|---------|
|                                                  |                                                                                                                                                                                                                                                                                                 | peer0.prosecution.example.com:9446 | 128     |
|--------------------------------------------------|-------------------------------------------------------------------------------------------------------------------------------------------------------------------------------------------------------------------------------------------------------------------------------------------------|------------------------------------|---------|
| Process CPU rate (percent, max)                  | rate(process_cpu_seconds_total{job=~"fabric-.*"}[1m])                                                                                                                                                                                                                                           | orderer.example.com:9443           | 0.255   |
|--------------------------------------------------|-------------------------------------------------------------------------------------------------------------------------------------------------------------------------------------------------------------------------------------------------------------------------------------------------|------------------------------------|---------|
|                                                  |                                                                                                                                                                                                                                                                                                 | peer0.audit.example.com:9448       | 3.25    |
|--------------------------------------------------|-------------------------------------------------------------------------------------------------------------------------------------------------------------------------------------------------------------------------------------------------------------------------------------------------|------------------------------------|---------|
|                                                  |                                                                                                                                                                                                                                                                                                 | peer0.court.example.com:9447       | 3.20    |
|--------------------------------------------------|-------------------------------------------------------------------------------------------------------------------------------------------------------------------------------------------------------------------------------------------------------------------------------------------------|------------------------------------|---------|
|                                                  |                                                                                                                                                                                                                                                                                                 | peer0.forensics.example.com:9445   | 3.20    |
|--------------------------------------------------|-------------------------------------------------------------------------------------------------------------------------------------------------------------------------------------------------------------------------------------------------------------------------------------------------|------------------------------------|---------|
|                                                  |                                                                                                                                                                                                                                                                                                 | peer0.police.example.com:9444      | 3.91    |
|--------------------------------------------------|-------------------------------------------------------------------------------------------------------------------------------------------------------------------------------------------------------------------------------------------------------------------------------------------------|------------------------------------|---------|
|                                                  |                                                                                                                                                                                                                                                                                                 | peer0.prosecution.example.com:9446 | 3.04    |
|--------------------------------------------------|-------------------------------------------------------------------------------------------------------------------------------------------------------------------------------------------------------------------------------------------------------------------------------------------------|------------------------------------|---------|
| Crimerecords endorsement duration (seconds, avg) | sum by (instance) (rate(endorser_proposal_duration_sum{job=~"fabric-.*",channel="crimechannel",chaincode="crimerecords",success="true"}[1m])) / sum by (instance) (rate(endorser_proposal_duration_count{job=~"fabric-.*",channel="crimechannel",chaincode="crimerecords",success="true"}[1m])) | peer0.audit.example.com:9448       | NaN     |
|--------------------------------------------------|-------------------------------------------------------------------------------------------------------------------------------------------------------------------------------------------------------------------------------------------------------------------------------------------------|------------------------------------|---------|
|                                                  |                                                                                                                                                                                                                                                                                                 | peer0.court.example.com:9447       | NaN     |
|--------------------------------------------------|-------------------------------------------------------------------------------------------------------------------------------------------------------------------------------------------------------------------------------------------------------------------------------------------------|------------------------------------|---------|
|                                                  |                                                                                                                                                                                                                                                                                                 | peer0.forensics.example.com:9445   | NaN     |
|--------------------------------------------------|-------------------------------------------------------------------------------------------------------------------------------------------------------------------------------------------------------------------------------------------------------------------------------------------------|------------------------------------|---------|
|                                                  |                                                                                                                                                                                                                                                                                                 | peer0.police.example.com:9444      | 0.00718 |
|--------------------------------------------------|-------------------------------------------------------------------------------------------------------------------------------------------------------------------------------------------------------------------------------------------------------------------------------------------------|------------------------------------|---------|
|                                                  |                                                                                                                                                                                                                                                                                                 | peer0.prosecution.example.com:9446 | NaN     |
|--------------------------------------------------|-------------------------------------------------------------------------------------------------------------------------------------------------------------------------------------------------------------------------------------------------------------------------------------------------|------------------------------------|---------|
| Ledger height (blocks, max)                      | ledger_blockchain_height{job=~"fabric-.*",channel="crimechannel"}                                                                                                                                                                                                                               | orderer.example.com:9443           | 375     |
|--------------------------------------------------|-------------------------------------------------------------------------------------------------------------------------------------------------------------------------------------------------------------------------------------------------------------------------------------------------|------------------------------------|---------|
|                                                  |                                                                                                                                                                                                                                                                                                 | peer0.audit.example.com:9448       | 375     |
|--------------------------------------------------|-------------------------------------------------------------------------------------------------------------------------------------------------------------------------------------------------------------------------------------------------------------------------------------------------|------------------------------------|---------|
|                                                  |                                                                                                                                                                                                                                                                                                 | peer0.court.example.com:9447       | 375     |
|--------------------------------------------------|-------------------------------------------------------------------------------------------------------------------------------------------------------------------------------------------------------------------------------------------------------------------------------------------------|------------------------------------|---------|
|                                                  |                                                                                                                                                                                                                                                                                                 | peer0.forensics.example.com:9445   | 375     |
|--------------------------------------------------|-------------------------------------------------------------------------------------------------------------------------------------------------------------------------------------------------------------------------------------------------------------------------------------------------|------------------------------------|---------|
|                                                  |                                                                                                                                                                                                                                                                                                 | peer0.police.example.com:9444      | 375     |
|--------------------------------------------------|-------------------------------------------------------------------------------------------------------------------------------------------------------------------------------------------------------------------------------------------------------------------------------------------------|------------------------------------|---------|
|                                                  |                                                                                                                                                                                                                                                                                                 | peer0.prosecution.example.com:9446 | 375     |
+--------------------------------------------------+-------------------------------------------------------------------------------------------------------------------------------------------------------------------------------------------------------------------------------------------------------------------------------------------------+------------------------------------+---------+

2026.08.24-15:20:58.955[32m info [39m [caliper] [round-orchestrator] 	Finished round 2 (clients-2-read) in 45.105 seconds
2026.08.24-15:20:58.955[32m info [39m [caliper] [monitor.js] 	Stopping all monitors
2026.08.24-15:20:58.955[32m info [39m [caliper] [report-builder] 	### All test results ###
2026.08.24-15:20:58.955[32m info [39m [caliper] [report-builder] 	
+------------------+------+------+-----------------+-----------------+-----------------+-----------------+------------------+
| Name             | Succ | Fail | Send Rate (TPS) | Max Latency (s) | Min Latency (s) | Avg Latency (s) | Throughput (TPS) |
|------------------|------|------|-----------------|-----------------|-----------------|-----------------|------------------|
| clients-2-warmup | 22   | 0    | 2.2             | 0.07            | 0.01            | 0.02            | 2.2              |
|------------------|------|------|-----------------|-----------------|-----------------|-----------------|------------------|
| clients-2-read   | 92   | 0    | 2.0             | 0.02            | 0.01            | 0.01            | 2.0              |
+------------------+------+------+-----------------+-----------------+-----------------+-----------------+------------------+

2026.08.24-15:20:58.963[32m info [39m [caliper] [report-builder] 	Generated report with path /Users/venkatrayudu/Workspace/XAI workspace/crime-records-network/experiments/runs/2026-08-24T09-49-46-253Z_caliper_latency-clients-2/caliper-report.html
2026.08.24-15:20:58.963[32m info [39m [caliper] [monitor.js] 	Stopping all monitors
2026.08.24-15:20:58.963[32m info [39m [caliper] [worker-orchestrator] 	Sending exit message to connected workers
2026.08.24-15:20:58.963[32m info [39m [caliper] [round-orchestrator] 	Benchmark finished in 72.332 seconds. Total rounds: 2. Successful rounds: 2. Failed rounds: 0.
2026.08.24-15:20:58.963[32m info [39m [caliper] [caliper-engine] 	Skipping end command due to benchmark flow conditioning
2026.08.24-15:20:58.964[32m info [39m [caliper] [cli-launch-manager] 	Benchmark successfully finished!
2026.08.24-15:20:58.964[32m info [39m [caliper] [worker-message-handler] 	Worker#1 is exiting
2026.08.24-15:20:58.964[32m info [39m [caliper] [worker-message-handler] 	Worker#0 is exiting
