epoch_s,model_cpu_cores,model_rss_bytes,mac_cpu_pct_of_all_cores,mac_cpu_cores_used,mac_memory_used_bytes,mac_memory_total_bytes,gpu_utilization_pct,gpu_in_use_memory_bytes
1790344163.514,0.352,3028582400,14.70,2.352,47685959680,68719476736,94,13124190208
1790344168.542,0.093,3028533248,14.10,2.256,47572729856,68719476736,93,1303691264
1790344173.600,0.001,3028533248,14.10,2.256,44819693568,68719476736,0,1350270976
1790344178.638,0.001,3028533248,13.40,2.144,42899505152,68719476736,0,718356480
1790344183.681,0.001,3028533248,14.20,2.272,42844061696,68719476736,0,721502208
1790344188.709,0.001,3028533248,14.00,2.240,42914430976,68719476736,0,1053097984
1790344193.745,0.001,3028533248,14.60,2.336,42947543040,68719476736,0,1063813120
1790344198.795,0.001,3028533248,13.60,2.176,42915528704,68719476736,0,718340096
1790344203.849,0.001,3028533248,13.40,2.144,42864394240,68719476736,0,1231192064
1790344208.899,0.001,3028533248,19.90,3.184,43466850304,68719476736,26,1469218816
1790344213.920,0.001,3028533248,14.10,2.256,43036246016,68719476736,13,1045446656
1790344218.960,0.001,3028533248,13.00,2.080,42892017664,68719476736,0,1045544960
1790344223.998,0.001,3028533248,35.00,5.600,43345969152,68719476736,0,1631207424
1790344229.023,0.001,3028533248,12.20,1.952,42958831616,68719476736,0,1042104320
1790344234.067,0.001,3028533248,12.30,1.968,42840064000,68719476736,0,1031127040
1790344239.116,0.001,3028533248,13.60,2.176,43022188544,68719476736,4,1221869568
1790344244.165,0.001,3028533248,14.20,2.272,42940153856,68719476736,0,1037828096
1790344249.203,0.001,3028533248,12.20,1.952,42892394496,68719476736,0,1028882432
1790344254.251,0.001,3028533248,13.10,2.096,43082301440,68719476736,3,1264795648
1790344259.290,0.001,3028533248,13.90,2.224,42951294976,68719476736,0,1057849344
1790344264.342,0.001,3028533248,13.10,2.096,42937122816,68719476736,0,1045135360
1790344269.397,0.001,3028533248,13.10,2.096,42846568448,68719476736,0,808288256
1790344274.463,0.001,3028533248,14.00,2.240,42923229184,68719476736,0,1038041088
1790344279.490,0.001,3028533248,13.50,2.160,43071029248,68719476736,4,1045479424
1790344284.517,0.064,3028566016,21.20,3.392,47698706432,68719476736,5,13907263488
1790344289.540,0.096,3028566016,18.90,3.024,47238938624,68719476736,99,13166034944
1790344294.565,0.259,3028582400,11.50,1.840,48338010112,68719476736,96,14639022080
1790344299.608,0.238,3028582400,15.20,2.432,47797239808,68719476736,96,14091091968
1790344304.637,0.136,3028582400,13.30,2.128,49692753920,68719476736,98,15503196160
1790344309.661,0.338,3028566016,11.50,1.840,47396339712,68719476736,94,13457588224
1790344314.688,0.107,3028566016,13.40,2.144,47446147072,68719476736,99,13463961600
1790344319.713,0.178,3028566016,13.80,2.208,49880711168,68719476736,97,15751921664
1790344324.735,0.333,3028582400,29.50,4.720,48869097472,68719476736,95,13908557824
1790344329.761,0.107,3028320256,18.20,2.912,46959673344,68719476736,99,13433995264
1790344334.791,0.254,3028303872,12.40,1.984,47988965376,68719476736,96,14544207872
1790344339.844,0.215,3028303872,13.20,2.112,46966145024,68719476736,97,13444481024
1790344344.873,0.133,3028303872,13.50,2.160,48532406272,68719476736,98,15158460416
1790344349.908,0.274,3028320256,13.20,2.112,47827730432,68719476736,95,14648229888
1790344354.958,0.168,3028303872,12.90,2.064,46728790016,68719476736,97,13383843840
1790344359.994,0.145,3028303872,12.20,1.952,48890314752,68719476736,98,15432515584
1790344365.033,0.290,3028320256,13.00,2.080,47796977664,68719476736,95,14553137152
1790344370.072,0.165,3028320256,11.50,1.840,46714880000,68719476736,97,13358907392
1790344375.106,0.205,3028303872,12.00,1.920,48441196544,68719476736,97,14853095424
1790344380.146,0.255,3028320256,13.40,2.144,46640349184,68719476736,96,13435650048
1790344385.171,0.095,3028303872,12.30,1.968,48921034752,68719476736,99,15633530880
1790344390.208,0.264,3028320256,11.10,1.776,47690612736,68719476736,95,14022983680
1790344395.256,0.165,3028303872,11.10,1.776,46679572480,68719476736,98,13024837632
1790344400.289,0.164,3028303872,11.50,1.840,48362799104,68719476736,97,15070642176
1790344405.327,0.237,3028303872,11.80,1.888,47614902272,68719476736,96,14321467392
1790344410.355,0.072,3028303872,11.10,1.776,47199698944,68719476736,99,13654147072
1790344415.386,0.252,3028303872,12.00,1.920,48098852864,68719476736,96,15005204480
1790344420.445,0.131,3028303872,12.80,2.048,46980349952,68719476736,98,13333479424
1790344425.469,0.215,3028303872,11.00,1.760,47826714624,68719476736,96,14388953088
1790344430.488,0.150,3028303872,12.70,2.032,46676525056,68719476736,98,13323108352
1790344435.520,0.143,3028303872,11.50,1.840,47665233920,68719476736,98,14305984512
1790344440.565,0.157,3028303872,15.70,2.512,47022440448,68719476736,96,13709901824
1790344445.594,0.244,3028303872,13.10,2.096,48168108032,68719476736,96,14448328704
1790344450.648,0.071,3028303872,11.10,1.776,46813773824,68719476736,99,13342212096
1790344455.676,0.315,3028303872,11.30,1.808,47556460544,68719476736,94,14153154560
1790344460.714,0.034,3028303872,11.60,1.856,48452878336,68719476736,100,15054143488
1790344465.749,0.256,3028303872,13.20,2.112,46957379584,68719476736,95,13649641472
1790344470.788,0.061,3028303872,12.00,1.920,48862838784,68719476736,99,15545892864
1790344475.838,0.224,3028303872,12.90,2.064,46876278784,68719476736,95,13321437184
1790344480.870,0.105,3028303872,13.20,2.112,47984885760,68719476736,98,14417428480
1790344485.906,0.153,3028303872,11.50,1.840,46867169280,68719476736,97,13343309824
1790344490.942,0.230,3028303872,12.20,1.952,47825174528,68719476736,96,14342897664
1790344495.980,0.074,3028303872,12.40,1.984,46737424384,68719476736,99,12997132288
1790344501.011,0.217,3028303872,11.40,1.824,47891546112,68719476736,96,14045741056
1790344506.051,0.110,3028303872,12.30,1.968,46929412096,68719476736,98,13358252032
1790344511.077,0.161,3028303872,11.80,1.888,47887499264,68719476736,97,14420312064
1790344516.106,0.204,3028303872,11.50,1.840,46879784960,68719476736,97,13016662016
1790344521.148,0.174,3028303872,11.90,1.904,47894675456,68719476736,97,14291353600
1790344526.175,0.202,3028303872,12.10,1.936,46938521600,68719476736,97,13355909120
1790344531.206,0.169,3028303872,10.90,1.744,48202268672,68719476736,97,14620049408
1790344536.237,0.233,3028303872,12.30,1.968,47033155584,68719476736,96,13426098176
1790344541.268,0.135,3028303872,12.70,2.032,48357818368,68719476736,98,14811365376
1790344546.296,0.243,3028303872,12.40,1.984,47097626624,68719476736,96,13636583424
1790344551.330,0.078,3028303872,13.20,2.112,48663363584,68719476736,99,15042117632
1790344556.376,0.249,3028303872,13.40,2.144,48006299648,68719476736,96,14281981952
1790344561.400,0.107,3030581248,12.90,2.064,46967144448,68719476736,99,13344178176
1790344566.441,0.308,3030581248,11.30,1.808,47876276224,68719476736,95,13976305664
1790344571.490,0.142,3030597632,14.50,2.320,47090892800,68719476736,98,13640843264
1790344576.543,0.175,3030581248,12.50,2.000,48194977792,68719476736,97,14761263104
1790344581.600,0.229,3030581248,12.50,2.000,46939848704,68719476736,97,13356089344
1790344586.624,0.048,3030581248,23.80,3.808,48879566848,68719476736,99,14855979008
1790344591.664,0.250,3030581248,17.20,2.752,47809593344,68719476736,96,14254063616
1790344596.709,0.149,3030581248,14.00,2.240,47142338560,68719476736,98,13359316992
1790344601.739,0.288,3030581248,12.80,2.048,48032120832,68719476736,95,13906804736
1790344606.774,0.174,3030597632,12.40,1.984,47165964288,68719476736,98,13039927296
1790344611.812,0.261,3030597632,12.90,2.064,48193732608,68719476736,96,14465630208
1790344616.860,0.160,3030581248,19.20,3.072,47197175808,68719476736,98,13352697856
1790344621.892,0.209,3030581248,18.00,2.880,48076161024,68719476736,96,13969178624
1790344626.952,0.230,3030581248,12.00,1.920,47101050880,68719476736,96,13355089920
1790344631.993,0.145,3030581248,11.50,1.840,49012817920,68719476736,98,15136178176
1790344637.062,0.255,3030581248,13.50,2.160,48003350528,68719476736,96,14203060224
1790344642.116,0.135,3030581248,11.60,1.856,47216476160,68719476736,98,13466140672
1790344647.157,0.314,3030581248,12.40,1.984,48374530048,68719476736,95,14713733120
1790344652.216,0.139,3030581248,13.20,2.112,47315976192,68719476736,98,13656096768
1790344657.250,0.214,3030581248,11.60,1.856,48128786432,68719476736,96,14326185984
1790344662.303,0.241,3030597632,11.40,1.824,47140945920,68719476736,96,13397671936
1790344667.331,0.178,3030581248,13.10,2.096,49165484032,68719476736,97,15280701440
1790344672.359,0.257,3030581248,16.20,2.592,47465611264,68719476736,96,13438910464
1790344677.392,0.112,3030581248,12.30,1.968,49183703040,68719476736,98,15265169408
1790344682.442,0.340,3030581248,12.40,1.984,47353446400,68719476736,94,13411500032
1790344687.480,0.067,3030581248,13.10,2.096,49209851904,68719476736,99,14928855040
1790344692.527,0.340,3030597632,12.40,1.984,48238264320,68719476736,94,13939474432
1790344697.561,0.092,3030597632,11.50,1.840,47289647104,68719476736,99,13349453824
1790344702.591,0.273,3030581248,14.50,2.320,48472342528,68719476736,96,14397800448
1790344707.630,0.169,3030581248,12.90,2.064,47478554624,68719476736,98,13301006336
1790344712.664,0.196,3030581248,12.20,1.952,48710696960,68719476736,97,14584102912
1790344717.705,0.253,3030581248,15.30,2.448,47587655680,68719476736,96,13369098240
1790344722.741,0.125,3030597632,12.50,2.000,49618337792,68719476736,98,15469232128
1790344727.766,0.312,3030581248,13.30,2.128,48286826496,68719476736,95,14357069824
1790344732.802,0.077,3030581248,12.70,2.032,47435776000,68719476736,99,13346570240
1790344737.833,0.277,3030581248,15.70,2.512,48565534720,68719476736,95,14314946560
1790344742.860,0.081,3030581248,18.40,2.944,47751462912,68719476736,99,13336231936
1790344747.893,0.254,3030581248,15.60,2.496,48611852288,68719476736,96,14238334976
1790344752.918,0.130,3030581248,16.30,2.608,47566061568,68719476736,98,13357924352
1790344757.953,0.208,3030597632,11.40,1.824,48625090560,68719476736,97,14507622400
1790344762.998,0.231,3030581248,12.40,1.984,47413149696,68719476736,96,13351944192
1790344768.029,0.213,3030581248,12.30,1.968,48496263168,68719476736,97,14333296640
1790344773.068,0.243,3030581248,12.10,1.936,47459811328,68719476736,96,13339541504
1790344778.106,0.168,3030614016,11.00,1.760,49343004672,68719476736,98,15268233216
1790344783.151,0.308,3030614016,11.50,1.840,48573186048,68719476736,95,14513651712
1790344788.191,0.088,3030614016,12.50,2.000,47465070592,68719476736,99,13382795264
1790344793.226,0.270,3030614016,11.90,1.904,48236462080,68719476736,95,14205353984
1790344798.269,0.189,3030614016,11.80,1.888,47222489088,68719476736,97,13032390656
1790344803.309,0.149,3030614016,12.00,1.920,49332207616,68719476736,98,15306145792
1790344808.361,0.306,3030614016,13.10,2.096,48188997632,68719476736,95,14164574208
1790344813.390,0.060,3030614016,12.50,2.000,47277670400,68719476736,99,13116702720
1790344818.424,0.207,3030614016,12.40,1.984,48366141440,68719476736,97,14208303104
1790344823.469,0.231,3030614016,13.10,2.096,47372484608,68719476736,96,13354254336
1790344828.506,0.169,3030614016,11.30,1.808,49345724416,68719476736,98,15516647424
1790344833.549,0.282,3030614016,12.30,1.968,47269920768,68719476736,95,13358940160
1790344838.581,0.094,3030614016,11.70,1.872,49155817472,68719476736,99,15358738432
1790344843.610,0.242,3030614016,12.70,2.032,48329850880,68719476736,96,14535737344
1790344848.644,0.179,3030614016,13.10,2.096,47388000256,68719476736,97,13364658176
1790344853.676,0.180,3030614016,11.60,1.856,49147445248,68719476736,97,15240314880
1790344858.709,0.311,3030614016,13.20,2.112,47314223104,68719476736,95,13359284224
1790344863.735,0.064,3030614016,13.00,2.080,48455909376,68719476736,99,13354745856
1790344868.769,0.248,3030614016,12.60,2.016,48269197312,68719476736,96,14409383936
1790344873.793,0.207,3030614016,11.90,1.904,47280930816,68719476736,97,13304938496
1790344878.829,0.156,3030614016,12.40,1.984,48955211776,68719476736,98,15003271168
1790344883.887,0.235,3030614016,13.10,2.096,48251076608,68719476736,96,14466760704
1790344888.909,0.130,3030614016,11.30,1.808,47258943488,68719476736,98,13347487744
1790344893.944,0.270,3030614016,13.10,2.096,48346202112,68719476736,95,14502330368
1790344898.989,0.186,3030614016,12.20,1.952,47252537344,68719476736,97,13342720000
1790344904.025,0.171,3030614016,11.10,1.776,48643719168,68719476736,97,14436630528
1790344909.065,0.277,3030614016,12.00,1.920,47222571008,68719476736,95,13350731776
1790344914.101,0.098,3030614016,11.10,1.776,48712892416,68719476736,99,14855831552
1790344919.162,0.392,3030614016,12.60,2.016,48126590976,68719476736,93,13923221504
1790344924.186,0.076,3030614016,13.10,2.096,49131061248,68719476736,99,13050298368
1790344929.219,0.295,3030614016,21.00,3.360,48155410432,68719476736,95,14273904640
1790344934.270,0.143,3030614016,11.30,1.808,47295512576,68719476736,98,13399916544
1790344939.310,0.218,3030614016,11.80,1.888,48277929984,68719476736,96,14166704128
1790344944.368,0.253,3030614016,12.20,1.952,47285125120,68719476736,96,13372260352
1790344949.397,0.089,3030614016,11.40,1.824,47356182528,68719476736,99,13448478720
1790344954.433,0.293,3030614016,11.90,1.904,48370745344,68719476736,95,14456619008
1790344959.491,0.193,3030614016,12.00,1.920,47266562048,68719476736,97,13354860544
1790344964.524,0.103,3030614016,11.30,1.808,49017372672,68719476736,99,15103967232
1790344969.558,0.318,3030614016,11.70,1.872,48187097088,68719476736,95,14265745408
1790344974.606,0.129,3030614016,12.10,1.936,47428190208,68719476736,98,13458505728
1790344979.642,0.213,3030614016,14.00,2.240,48373055488,68719476736,97,14472691712
1790344984.683,0.251,3030614016,12.60,2.016,47410839552,68719476736,96,13378666496
1790344989.705,0.094,3030614016,11.50,1.840,47492726784,68719476736,99,13699842048
1790344994.740,0.270,3030614016,13.40,2.144,48371843072,68719476736,96,14559084544
1790344999.784,0.195,3030614016,12.30,1.968,47469002752,68719476736,97,13655408640
1790345004.813,0.163,3030614016,12.90,2.064,48802332672,68719476736,98,14763819008
1790345009.856,0.242,3030614016,12.70,2.032,48088252416,68719476736,96,13804470272
1790345014.907,0.115,3030614016,11.50,1.840,47383429120,68719476736,98,13357056000
1790345019.945,0.222,3030614016,11.70,1.872,48481304576,68719476736,96,14664548352
1790345024.990,0.246,3030614016,11.60,1.856,47196225536,68719476736,96,13008928768
1790345030.024,0.205,3030614016,11.10,1.776,48722313216,68719476736,97,14528086016
1790345035.066,0.249,3030614016,11.50,1.840,48046784512,68719476736,96,14138982400
1790345040.098,0.095,3030614016,12.40,1.984,47388704768,68719476736,99,13482917888
1790345045.138,0.288,3030614016,12.20,1.952,48394141696,68719476736,95,14386823168
1790345050.196,0.196,3030614016,11.60,1.856,47352987648,68719476736,97,13361086464
1790345055.239,0.180,3030614016,11.60,1.856,48996712448,68719476736,97,15058485248
1790345060.291,0.291,3030614016,12.10,1.936,48172744704,68719476736,95,14238351360
1790345065.345,0.126,3030614016,11.20,1.792,47309864960,68719476736,98,13375258624
1790345070.386,0.226,3030614016,12.40,1.984,48887955456,68719476736,96,14827110400
1790345075.435,0.256,3030614016,12.30,1.968,47528099840,68719476736,96,13380386816
1790345080.465,0.113,3030614016,11.00,1.760,49115561984,68719476736,99,15132639232
1790345085.503,0.294,3030614016,11.50,1.840,48163930112,68719476736,95,14243151872
1790345090.552,0.150,3030614016,11.70,1.872,47364440064,68719476736,98,13366607872
1790345095.593,0.210,3030614016,11.20,1.792,49007869952,68719476736,97,14692384768
1790345100.647,0.288,3030614016,12.00,1.920,47375073280,68719476736,95,13479985152
1790345105.680,0.099,3030614016,11.10,1.776,47456043008,68719476736,99,13406846976
1790345110.714,0.295,3030614016,12.30,1.968,48463790080,68719476736,95,14228275200
1790345115.772,0.164,3030614016,12.90,2.064,47590752256,68719476736,98,13361987584
1790345120.801,0.119,3030614016,12.90,2.064,49602068480,68719476736,98,15652945920
1790345125.832,0.244,3030614016,12.30,1.968,48394141696,68719476736,96,14292451328
1790345130.885,0.190,3030614016,12.40,1.984,47576055808,68719476736,97,13075496960
1790345135.923,0.123,3030614016,12.30,1.968,49700421632,68719476736,99,15356051456
1790345140.964,0.324,3030614016,13.10,2.096,48613015552,68719476736,95,14646476800
1790345146.009,0.162,3030614016,12.10,1.936,47484747776,68719476736,98,13424918528
1790345151.047,0.137,3030614016,11.30,1.808,49406787584,68719476736,98,15402205184
1790345156.107,0.261,3030614016,11.70,1.872,48264052736,68719476736,96,14288551936
1790345161.157,0.166,3030614016,12.30,1.968,47502671872,68719476736,98,13650427904
1790345166.191,0.198,3030614016,12.40,1.984,48782573568,68719476736,97,14926151680
1790345171.230,0.262,3030614016,12.30,1.968,47329689600,68719476736,96,13346717696
1790345176.271,0.124,3030614016,12.60,2.016,49055367168,68719476736,98,15074836480
1790345181.316,0.336,3030614016,14.20,2.272,47461629952,68719476736,94,13419659264
1790345186.353,0.111,3030614016,11.40,1.824,49136336896,68719476736,99,15104983040
1790345191.404,0.295,3030614016,12.80,2.048,48447848448,68719476736,95,14388297728
1790345196.459,0.193,3030614016,14.90,2.384,47599976448,68719476736,97,13617758208
1790345201.487,0.235,3030614016,12.20,1.952,48376315904,68719476736,96,14081228800
1790345206.525,0.245,3030614016,12.70,2.032,47487434752,68719476736,96,13356023808
1790345211.558,0.124,3030614016,11.70,1.872,49163370496,68719476736,98,15123578880
1790345216.589,0.294,3030614016,12.00,1.920,48420110336,68719476736,95,13972029440
1790345221.642,0.145,3030614016,14.70,2.352,47386198016,68719476736,98,13107347456
1790345226.675,0.203,3030614016,11.80,1.888,49162403840,68719476736,97,15194685440
1790345231.706,0.280,3030614016,12.60,2.016,47416655872,68719476736,95,13348028416
1790345236.739,0.102,3030614016,13.20,2.112,49529159680,68719476736,99,15110373376
1790345241.773,0.265,3030614016,13.20,2.112,48377348096,68719476736,96,13934411776
1790345246.809,0.206,3030614016,11.40,1.824,47415377920,68719476736,97,13347389440
1790345251.851,0.154,3030614016,11.40,1.824,49274421248,68719476736,98,15268462592
1790345256.901,0.323,3030614016,12.10,1.936,48192323584,68719476736,94,14184988672
1790345261.923,0.120,3030614016,11.10,1.776,47338455040,68719476736,98,13330694144
1790345266.962,0.248,3030614016,12.00,1.920,48462217216,68719476736,96,14455832576
1790345271.991,0.262,3030614016,12.60,2.016,47356723200,68719476736,96,13341032448
1790345277.021,0.135,3030614016,10.90,1.744,49077567488,68719476736,98,15156854784
1790345282.067,0.260,3030614016,12.70,2.032,48396140544,68719476736,96,14393311232
1790345287.111,0.206,3030614016,12.30,1.968,47392391168,68719476736,97,13330300928
1790345292.136,0.167,3030614016,11.10,1.776,49110335488,68719476736,98,15050686464
1790345297.162,0.311,3030614016,12.10,1.936,48296263680,68719476736,95,14243577856
1790345302.192,0.134,3030614016,11.20,1.792,47434301440,68719476736,98,13355909120
1790345307.221,0.183,3030614016,11.30,1.808,49133355008,68719476736,97,14735212544
1790345312.254,0.315,3030614016,12.10,1.936,48234987520,68719476736,95,14157725696
1790345317.280,0.098,3030614016,10.60,1.696,47450570752,68719476736,99,13392822272
1790345322.309,0.277,3030614016,11.40,1.824,48205283328,68719476736,95,13806256128
1790345327.341,0.225,3030614016,11.80,1.888,47461335040,68719476736,96,13059735552
1790345332.372,0.113,3030614016,11.40,1.824,47447375872,68719476736,99,13366198272
1790345337.403,0.262,3030614016,11.20,1.792,48373268480,68719476736,96,14425997312
1790345342.452,0.232,3030614016,12.20,1.952,47398682624,68719476736,96,13046644736
1790345347.489,0.147,3030630400,10.60,1.696,49509122048,68719476736,98,15160262656
1790345352.553,0.251,3030614016,11.90,1.904,48503521280,68719476736,96,14445002752
1790345357.594,0.221,3030614016,11.70,1.872,47438807040,68719476736,97,13372473344
1790345362.624,0.102,3030614016,14.90,2.384,47437381632,68719476736,99,13355859968
1790345367.659,0.282,3030597632,11.60,1.856,48330670080,68719476736,95,14251769856
1790345372.701,0.208,3030597632,11.60,1.856,47439478784,68719476736,97,13347405824
1790345377.733,0.157,3030614016,10.70,1.712,48851058688,68719476736,98,14762721280
1790345382.790,0.311,3030597632,12.70,2.032,48281255936,68719476736,95,14191984640
1790345387.835,0.132,3030597632,12.40,1.984,47478292480,68719476736,98,13356400640
1790345392.869,0.161,3030597632,12.00,1.920,49180803072,68719476736,98,15047311360
1790345397.908,0.250,3030597632,13.80,2.208,48652369920,68719476736,96,14732509184
1790345402.953,0.204,3030597632,12.20,1.952,47615885312,68719476736,97,13349830656
1790345407.992,0.181,3030597632,12.40,1.984,49728339968,68719476736,97,15506669568
1790345413.050,0.258,3030597632,13.30,2.128,48530243584,68719476736,96,13912883200
1790345418.079,0.180,3030597632,12.40,1.984,47549464576,68719476736,97,13373276160
1790345423.111,0.101,3030597632,13.00,2.080,49496604672,68719476736,99,15199911936
1790345428.160,0.308,3030597632,12.10,1.936,48432070656,68719476736,95,14249410560
1790345433.198,0.191,3030597632,12.10,1.936,47494152192,68719476736,97,13031178240
1790345438.231,0.229,3030597632,11.00,1.760,49201020928,68719476736,96,15074803712
1790345443.275,0.284,3030597632,11.80,1.888,47510650880,68719476736,95,13381992448
1790345448.309,0.124,3030614016,12.40,1.984,49691131904,68719476736,98,15125086208
1790345453.343,0.304,3030597632,12.60,2.016,48377643008,68719476736,95,13894746112
1790345458.401,0.193,3030597632,12.00,1.920,47510028288,68719476736,97,13352747008
1790345463.427,0.112,3030597632,12.70,2.032,47571828736,68719476736,99,13394706432
1790345468.449,0.219,3030597632,12.90,2.064,49139023872,68719476736,96,15065923584
1790345473.478,0.268,3030597632,12.80,2.048,47735881728,68719476736,96,13474398208
1790345478.510,0.144,3030597632,11.10,1.776,49657544704,68719476736,98,15485861888
1790345483.553,0.304,3030663168,11.90,1.904,48362160128,68719476736,95,14229684224
1790345488.595,0.173,3030646784,12.20,1.952,47521955840,68719476736,97,13392183296
1790345493.628,0.245,3030646784,11.90,1.904,48676093952,68719476736,96,14552236032
1790345498.653,0.253,3030646784,11.20,1.792,47495593984,68719476736,96,13366689792
1790345503.686,0.127,3030646784,11.40,1.824,49341677568,68719476736,98,15233597440
1790345508.720,0.311,3030646784,11.90,1.904,48423813120,68719476736,95,14313914368
1790345513.748,0.184,3030646784,11.60,1.856,47505457152,68719476736,97,13374554112
1790345518.785,0.190,3030646784,11.70,1.872,49213702144,68719476736,97,14752235520
1790345523.843,0.303,3030646784,11.80,1.888,48306470912,68719476736,95,14165983232
1790345528.864,0.098,3030646784,10.90,1.744,47503917056,68719476736,99,13388087296
1790345533.892,0.260,3030646784,11.10,1.776,48652550144,68719476736,95,14173274112
1790345538.921,0.247,3030663168,11.90,1.904,47514157056,68719476736,96,13055410176
1790345543.945,0.122,3030646784,11.40,1.824,48582656000,68719476736,99,13399605248
1790345548.969,0.293,3030646784,11.40,1.824,48385507328,68719476736,95,14243627008
1790345554.001,0.202,3030646784,12.00,1.920,47430434816,68719476736,97,13020413952
1790345559.033,0.163,3030663168,10.70,1.712,49116413952,68719476736,98,14708670464
1790345564.086,0.312,3030646784,11.60,1.856,48301408256,68719476736,95,14170554368
1790345569.129,0.132,3030646784,11.70,1.872,47493185536,68719476736,98,13371408384
1790345574.162,0.222,3030646784,11.80,1.888,49495212032,68719476736,96,15245770752
1790345579.208,0.280,3030646784,13.50,2.160,47575072768,68719476736,95,13349961728
1790345584.247,0.137,3030646784,12.10,1.936,49436344320,68719476736,98,15403614208
1790345589.295,0.345,3030646784,12.30,1.968,48410230784,68719476736,94,14176731136
1790345594.344,0.158,3030646784,11.50,1.840,47533948928,68719476736,98,13360250880
1790345599.386,0.185,3030646784,11.10,1.776,49463590912,68719476736,97,15322284032
1790345604.434,0.338,3030646784,12.30,1.968,48342892544,68719476736,94,14207434752
1790345609.464,0.132,3030663168,12.10,1.936,47509405696,68719476736,98,13389430784
1790345614.500,0.239,3030646784,11.30,1.808,48965206016,68719476736,96,14889926656
1790345619.537,0.271,3030646784,11.40,1.824,47497805824,68719476736,95,13362872320
1790345624.575,0.115,3030646784,11.50,1.840,47498936320,68719476736,99,13041451008
1790345629.614,0.193,3030646784,10.90,1.744,49183391744,68719476736,97,15034761216
1790345634.662,0.320,3030663168,13.30,2.128,47553167360,68719476736,95,13374291968
1790345639.692,0.120,3030646784,13.00,2.080,47494529024,68719476736,99,13037207552
1790345644.717,0.311,3030646784,13.30,2.128,48540827648,68719476736,95,14220017664
1790345649.749,0.196,3030646784,12.80,2.048,47618883584,68719476736,97,13377191936
1790345654.774,0.116,3030646784,13.20,2.112,47505604608,68719476736,99,13369311232
1790345659.794,0.261,3030646784,12.50,2.000,48568532992,68719476736,96,14166016000
1790345664.827,0.230,3030646784,12.90,2.064,47464235008,68719476736,96,13026770944
1790345669.856,0.104,3030646784,12.70,2.032,47576039424,68719476736,99,13394427904
1790345674.877,0.259,3030646784,11.30,1.808,48783196160,68719476736,96,14671511552
1790345679.913,0.266,3030646784,12.00,1.920,47354068992,68719476736,96,12995297280
1790345684.937,0.128,3030646784,11.50,1.840,47402582016,68719476736,98,13318029312
1790345689.967,0.333,3030646784,11.60,1.856,48460169216,68719476736,94,14321418240
1790345695.023,0.190,3030679552,12.30,1.968,47644246016,68719476736,97,13544914944
1790345700.050,0.200,3030663168,12.50,2.000,49446830080,68719476736,97,15321890816
1790345705.092,0.293,3030646784,11.80,1.888,48326705152,68719476736,95,14094991360
1790345710.126,0.112,3030646784,12.90,2.064,47586099200,68719476736,98,13347340288
1790345715.162,0.236,3030646784,12.90,2.064,49021435904,68719476736,96,14830698496
1790345720.194,0.274,3030663168,12.90,2.064,47578644480,68719476736,96,13448085504
1790345725.234,0.119,3030646784,12.70,2.032,49340334080,68719476736,98,15194390528
1790345730.287,0.348,3030646784,13.40,2.144,48356245504,68719476736,94,14211284992
1790345735.330,0.164,3030646784,12.40,1.984,47521185792,68719476736,98,13384515584
1790345740.371,0.208,3030646784,12.90,2.064,49147379712,68719476736,97,15037284352
1790345745.420,0.247,3030663168,12.80,2.048,48368926720,68719476736,96,14224769024
1790345750.453,0.161,3030646784,12.80,2.048,47705899008,68719476736,98,13120208896
1790345755.495,0.228,3030646784,12.10,1.936,49728339968,68719476736,97,15563046912
1790345760.543,0.301,3030646784,13.00,2.080,47655174144,68719476736,95,13762428928
1790345765.573,0.124,3030646784,10.90,1.744,47276113920,68719476736,99,13016580096
1790345770.609,0.255,3030646784,12.20,1.952,48418963456,68719476736,96,14152040448
1790345775.634,0.289,3030646784,12.30,1.968,47531458560,68719476736,95,13582614528
1790345780.662,0.126,3030646784,12.50,2.000,47465054208,68719476736,98,13409337344
1790345785.702,0.206,3030646784,12.60,2.016,49165893632,68719476736,97,14784774144
1790345790.760,0.301,3030663168,12.60,2.016,48261922816,68719476736,95,14176124928
1790345795.807,0.147,3030646784,11.70,1.872,47402762240,68719476736,98,13363806208
1790345800.848,0.194,3030646784,13.70,2.192,49079451648,68719476736,97,15168208896
1790345805.891,0.246,3030646784,11.40,1.824,48208625664,68719476736,96,14114537472
1790345810.937,0.188,3030663168,12.80,2.048,47502557184,68719476736,97,13385089024
1790345815.978,0.176,3030646784,12.80,2.048,49554800640,68719476736,97,15641542656
1790345821.031,0.334,3030646784,13.20,2.112,47448145920,68719476736,94,13559545856
1790345826.063,0.111,3030646784,12.20,1.952,47398944768,68719476736,99,13330677760
1790345831.088,0.230,3030663168,12.60,2.016,48517431296,68719476736,96,14443167744
1790345836.111,0.285,3030663168,12.30,1.968,47436447744,68719476736,95,13357088768
1790345841.143,0.126,3030646784,12.10,1.936,47433777152,68719476736,98,13363232768
1790345846.176,0.253,3030646784,12.20,1.952,48421699584,68719476736,96,14375452672
1790345851.225,0.270,3030663168,12.40,1.984,47431303168,68719476736,96,13361414144
1790345856.258,0.137,3030646784,13.50,2.160,47456370688,68719476736,98,13053345792
1790345861.292,0.238,3030663168,12.40,1.984,48893394944,68719476736,96,14825701376
1790345866.321,0.278,3030646784,12.10,1.936,47481487360,68719476736,95,13394345984
1790345871.361,0.129,3030646784,12.80,2.048,47454126080,68719476736,98,13043433472
1790345876.396,0.248,3030646784,13.30,2.128,48346218496,68719476736,96,14008287232
1790345881.423,0.273,3030663168,13.10,2.096,47453945856,68719476736,96,13401145344
1790345886.463,0.129,3030646784,12.00,1.920,47458222080,68719476736,98,13404880896
1790345891.500,0.275,3030646784,12.80,2.048,48642588672,68719476736,95,14181023744
1790345896.546,0.261,3030646784,13.80,2.208,47528837120,68719476736,96,13410254848
1790345901.581,0.136,3030646784,11.90,1.904,47460663296,68719476736,98,13410287616
1790345906.611,0.215,3030646784,11.90,1.904,49462460416,68719476736,97,15304818688
1790345911.665,0.312,3030663168,13.20,2.112,47492120576,68719476736,95,13470859264
1790345916.687,0.136,3030646784,12.30,1.968,47930146816,68719476736,98,14137409536
1790345921.727,0.176,3030646784,11.60,1.856,49863393280,68719476736,97,15457091584
1790345926.785,0.323,3030646784,11.20,1.792,48328294400,68719476736,94,14219870208
1790345931.838,0.181,3030646784,12.40,1.984,47542616064,68719476736,97,13405978624
1790345936.871,0.140,3030646784,12.40,1.984,47744516096,68719476736,98,13320650752
1790345941.902,0.259,3030646784,11.90,1.904,48568287232,68719476736,96,14625374208
1790345946.956,0.245,3030663168,12.10,1.936,47404711936,68719476736,96,13346193408
1790345951.996,0.148,3030646784,11.20,1.792,49365090304,68719476736,98,15435988992
1790345957.044,0.298,3030663168,11.40,1.824,48218570752,68719476736,95,14197620736
1790345962.086,0.218,3030646784,11.50,1.840,47251226624,68719476736,96,13026705408
1790345967.127,0.231,3030646784,11.50,1.840,48879124480,68719476736,96,14956691456
1790345972.159,0.247,3030646784,11.70,1.872,48479322112,68719476736,96,14325202944
1790345977.195,0.196,3030663168,13.70,2.192,47384477696,68719476736,97,13115867136
1790345982.231,0.221,3030646784,11.90,1.904,49005576192,68719476736,96,14784561152
1790345987.270,0.309,3030663168,12.50,2.000,47590178816,68719476736,95,13369638912
1790345992.299,0.126,3030646784,13.10,2.096,47526068224,68719476736,98,13357154304
1790345997.342,0.254,3030646784,11.80,1.888,48723296256,68719476736,96,14899281920
1790346002.389,0.283,3030646784,12.40,1.984,47540387840,68719476736,95,13337755648
1790346007.425,0.149,3030646784,11.80,1.888,47815147520,68719476736,98,13305544704
1790346012.451,0.294,3030663168,11.90,1.904,48601776128,68719476736,95,14393671680
1790346017.488,0.237,3030663168,12.70,2.032,47563341824,68719476736,96,13353484288
1790346022.527,0.148,3030646784,12.90,2.064,49277747200,68719476736,98,15096315904
1790346027.574,0.305,3030646784,12.10,1.936,48428089344,68719476736,95,14299086848
1790346032.600,0.219,3030663168,11.60,1.856,47432613888,68719476736,97,13345538048
1790346037.640,0.153,3030663168,11.00,1.760,49420517376,68719476736,98,15362048000
1790346042.687,0.341,3030646784,12.40,1.984,48365731840,68719476736,94,14269710336
1790346047.715,0.199,3030663168,11.80,1.888,47633383424,68719476736,97,13443989504
1790346052.754,0.158,3030663168,13.30,2.128,49312464896,68719476736,98,15400402944
1790346057.787,0.253,3030646784,14.20,2.272,48737550336,68719476736,96,14840102912
1790346062.824,0.246,3030646784,13.80,2.208,47922855936,68719476736,96,13332758528
1790346067.857,0.139,3030646784,12.50,2.000,48914087936,68719476736,98,13590167552
1790346072.894,0.306,3030646784,13.40,2.144,49025843200,68719476736,95,14394916864
1790346077.933,0.237,3030646784,13.20,2.112,47758737408,68719476736,97,13646807040
1790346082.966,0.121,3030646784,20.60,3.296,49261002752,68719476736,98,13026394112
1790346088.004,0.282,3030646784,15.90,2.544,48932880384,68719476736,95,14122811392
1790346093.037,0.252,3030646784,13.20,2.112,48015015936,68719476736,96,13378764800
1790346098.072,0.148,3030827008,13.00,2.080,49655824384,68719476736,98,15211544576
1790346103.096,0.240,3030827008,13.30,2.128,49201184768,68719476736,96,14180990976
1790346108.132,0.287,3030827008,13.80,2.208,48323444736,68719476736,95,14234107904
1790346113.159,0.135,3030827008,15.60,2.496,48136404992,68719476736,98,13441957888
1790346118.189,0.234,3030827008,13.40,2.144,49930715136,68719476736,96,15163277312
1790346123.211,0.260,3030827008,14.20,2.272,49286742016,68719476736,96,14917107712
1790346128.232,0.167,3030827008,12.90,2.064,47981051904,68719476736,98,13336870912
1790346133.258,0.126,3030827008,12.00,1.920,49692573696,68719476736,98,15091941376
1790346138.291,0.303,3030827008,12.70,2.032,48754212864,68719476736,95,14240858112
1790346143.319,0.231,3030843392,14.10,2.256,48240377856,68719476736,96,14029750272
1790346148.349,0.125,3030827008,11.60,1.856,49156325376,68719476736,98,13902020608
1790346153.377,0.323,3030827008,13.50,2.160,48750182400,68719476736,95,14215036928
1790346158.414,0.210,3030843392,12.50,2.000,47831580672,68719476736,97,13380681728
1790346163.444,0.135,3030843392,12.40,1.984,47765078016,68719476736,98,13408632832
1790346168.476,0.187,3030843392,13.00,2.080,50306154496,68719476736,97,15941058560
1790346173.519,0.340,3030843392,13.20,2.112,48104341504,68719476736,94,13295452160
1790346178.546,0.138,3030843392,11.80,1.888,48268738560,68719476736,98,13581582336
1790346183.582,0.178,3030843392,13.30,2.128,49711890432,68719476736,97,15075508224
1790346188.636,0.244,3030843392,12.80,2.048,49022418944,68719476736,96,14083719168
1790346193.684,0.248,3030859776,12.60,2.016,48244293632,68719476736,96,13025918976
1790346198.718,0.136,3030843392,12.10,1.936,48044310528,68719476736,98,13627555840
1790346203.758,0.334,3030843392,13.40,2.144,48702423040,68719476736,94,14240464896
1790346208.813,0.207,3030843392,12.50,2.000,47829368832,68719476736,97,13051559936
1790346213.848,0.206,3030859776,13.70,2.192,49728552960,68719476736,97,15363981312
1790346218.894,0.305,3030843392,12.90,2.064,48700833792,68719476736,95,14156972032
1790346223.931,0.147,3030843392,12.00,1.920,48157589504,68719476736,98,13357662208
1790346228.971,0.184,3030843392,12.70,2.032,49652482048,68719476736,97,15037513728
1790346234.010,0.288,3030859776,13.20,2.112,48727130112,68719476736,95,14240448512
1790346239.050,0.217,3030843392,12.70,2.032,48102670336,68719476736,97,13751435264
1790346244.094,0.187,3030843392,12.60,2.016,49919279104,68719476736,97,15397404672
1790346249.140,0.338,3030859776,13.60,2.176,48597843968,68719476736,94,14262124544
1790346254.164,0.127,3030843392,11.50,1.840,47871131648,68719476736,98,13394886656
1790346259.203,0.302,3030843392,12.30,1.968,49039294464,68719476736,95,14473478144
1790346264.253,0.261,3030843392,13.80,2.208,47934685184,68719476736,96,13488570368
1790346269.282,0.130,3030843392,11.40,1.824,48809869312,68719476736,98,13839974400
1790346274.319,0.318,3030843392,12.70,2.032,49082826752,68719476736,95,14308491264
1790346279.375,0.238,3030843392,12.80,2.048,48143384576,68719476736,96,13139509248
1790346284.400,0.160,3030843392,12.30,1.968,50220630016,68719476736,98,15494643712
1790346289.448,0.318,3030859776,14.10,2.256,49480089600,68719476736,95,14957854720
1790346294.480,0.187,3030908928,12.70,2.032,48249176064,68719476736,97,13042466816
1790346299.512,0.196,3030892544,11.90,1.904,49921245184,68719476736,97,15005712384
1790346304.545,0.312,3030908928,12.10,1.936,48792125440,68719476736,95,14302756864
1790346309.581,0.172,3030908928,11.00,1.760,47866183680,68719476736,98,13379895296
1790346314.609,0.200,3030908928,12.00,1.920,49889083392,68719476736,97,14556250112
1790346319.644,0.324,3030892544,13.80,2.208,48356786176,68719476736,95,13877624832
1790346324.679,0.166,3030892544,12.70,2.032,48054714368,68719476736,98,13361561600
1790346329.714,0.200,3030892544,12.60,2.016,49553752064,68719476736,97,15072821248
1790346334.764,0.303,3030892544,12.60,2.016,48699654144,68719476736,95,14272397312
1790346339.815,0.168,3030925312,13.00,2.080,48595927040,68719476736,98,13988102144
1790346344.849,0.255,3030925312,12.90,2.064,49283563520,68719476736,96,14652047360
1790346349.889,0.268,3030925312,13.80,2.208,47976579072,68719476736,96,13392691200
1790346354.928,0.157,3030925312,12.80,2.048,47937552384,68719476736,98,13409894400
1790346359.959,0.292,3030925312,14.00,2.240,48652255232,68719476736,95,14142570496
1790346365.012,0.217,3030925312,15.30,2.448,47933620224,68719476736,97,13405093888
1790346370.049,0.150,3030925312,12.70,2.032,49794056192,68719476736,98,15279538176
1790346375.106,0.317,3030925312,13.20,2.112,49185685504,68719476736,95,14318223360
1790346380.155,0.197,3030925312,13.80,2.208,48248438784,68719476736,97,13397606400
1790346385.190,0.153,3030925312,12.30,1.968,50038669312,68719476736,98,15142699008
1790346390.237,0.264,3030941696,12.90,2.064,48986783744,68719476736,96,14477262848
1790346395.268,0.268,3030925312,13.10,2.096,47868592128,68719476736,96,13351567360
1790346400.304,0.144,3030941696,19.00,3.040,49471422464,68719476736,98,13486915584
1790346405.341,0.300,3030925312,17.10,2.736,49230643200,68719476736,95,14102052864
1790346410.394,0.224,3030941696,13.40,2.144,48091496448,68719476736,97,13409222656
1790346415.433,0.134,3030925312,12.50,2.000,48110338048,68719476736,98,13695844352
1790346420.472,0.245,3030941696,11.70,1.872,49406427136,68719476736,96,14639579136
1790346425.512,0.292,3030925312,14.50,2.320,49175625728,68719476736,96,14263894016
1790346430.532,0.128,3030925312,12.40,1.984,48084303872,68719476736,98,13373964288
1790346435.564,0.200,3030925312,13.60,2.176,49845207040,68719476736,97,15292121088
1790346440.611,0.311,3030941696,14.00,2.240,48711237632,68719476736,95,14173061120
1790346445.649,0.154,3030925312,13.50,2.160,47934455808,68719476736,98,13334151168
1790346450.674,0.126,3030925312,13.20,2.112,48856350720,68719476736,98,13421543424
1790346455.699,0.349,3030925312,13.50,2.160,48912629760,68719476736,94,14299725824
1790346460.738,0.192,3030941696,12.90,2.064,47901016064,68719476736,97,13454770176
1790346465.773,0.158,3030941696,11.20,1.792,49273700352,68719476736,98,14777303040
1790346470.820,0.312,3030925312,12.60,2.016,48720281600,68719476736,95,14120943616
1790346475.861,0.195,3030941696,13.30,2.128,48009822208,68719476736,97,13478395904
1790346480.898,0.222,3030941696,13.20,2.112,49426989056,68719476736,96,15792635904
1790346485.930,0.294,3030925312,13.70,2.192,48402677760,68719476736,95,14011252736
1790346490.955,0.133,3030925312,12.50,2.000,48441556992,68719476736,98,13178437632
1790346495.989,0.261,3030925312,14.10,2.256,49685479424,68719476736,96,14616018944
1790346501.028,0.272,3030925312,14.50,2.320,49167663104,68719476736,96,14173913088
1790346506.052,0.134,3030925312,12.30,1.968,48257155072,68719476736,98,13121454080
1790346511.082,0.227,3030941696,13.10,2.096,50093408256,68719476736,97,15100116992
1790346516.131,0.236,3030941696,15.30,2.448,48948838400,68719476736,97,14358921216
1790346521.158,0.214,3030925312,13.50,2.160,47951069184,68719476736,97,13347160064
1790346526.197,0.168,3030925312,12.00,1.920,49971429376,68719476736,98,15042641920
1790346531.251,0.291,3030941696,13.10,2.096,49201676288,68719476736,95,13892222976
1790346536.279,0.215,3030925312,14.00,2.240,48384458752,68719476736,97,13352402944
1790346541.315,0.142,3030925312,13.60,2.176,48197074944,68719476736,98,13384089600
1790346546.346,0.264,3030941696,14.00,2.240,49112514560,68719476736,96,14430748672
1790346551.373,0.272,3030925312,12.10,1.936,48029286400,68719476736,96,13339623424
1790346556.408,0.128,3030941696,13.50,2.160,48084418560,68719476736,98,13360644096
1790346561.436,0.213,3030941696,13.30,2.128,49529946112,68719476736,97,14840463360
1790346566.487,0.299,3030925312,12.90,2.064,48971595776,68719476736,95,14350974976
1790346571.519,0.146,3030925312,12.40,1.984,48161046528,68719476736,98,13525041152
1790346576.561,0.307,3030925312,12.30,1.968,49027809280,68719476736,95,14285438976
1790346581.612,0.217,3030925312,12.70,2.032,48467181568,68719476736,97,13542866944
1790346586.651,0.136,3030925312,12.20,1.952,48469458944,68719476736,98,13380272128
1790346591.691,0.289,3030925312,12.50,2.000,49399676928,68719476736,95,14641070080
1790346596.734,0.266,3030925312,13.00,2.080,48097247232,68719476736,96,13041926144
1790346601.765,0.136,3030941696,12.60,2.016,48229335040,68719476736,98,13562363904
1790346606.789,0.259,3030925312,13.00,2.080,49530421248,68719476736,96,14883274752
1790346611.813,0.289,3030958080,13.30,2.128,48098754560,68719476736,95,13064617984
1790346616.841,0.145,3030958080,11.90,1.904,48055189504,68719476736,98,13071908864
1790346621.870,0.250,3030958080,12.90,2.064,50001231872,68719476736,96,15425028096
1790346626.895,0.271,3030958080,13.30,2.128,48286957568,68719476736,96,13386907648
1790346631.918,0.149,3030974464,17.30,2.768,48138272768,68719476736,98,13063028736
1790346636.953,0.227,3030958080,13.70,2.192,49779851264,68719476736,96,14559330304
1790346641.983,0.282,3030958080,13.60,2.176,48634036224,68719476736,95,13418823680
1790346647.024,0.150,3030958080,12.80,2.048,48756703232,68719476736,98,14013710336
1790346652.055,0.249,3030974464,13.50,2.160,49304748032,68719476736,96,14373240832
1790346657.082,0.240,3030958080,12.40,1.984,49110974464,68719476736,96,14428946432
1790346662.120,0.168,3030958080,13.30,2.128,48541646848,68719476736,97,13596377088
1790346667.157,0.156,3030958080,12.50,2.000,50254200832,68719476736,98,15498690560
1790346672.207,0.247,3030958080,12.80,2.048,49333338112,68719476736,96,14511603712
1790346677.233,0.281,3030958080,12.90,2.064,48199237632,68719476736,95,13385056256
1790346682.265,0.143,3030958080,11.60,1.856,48137797632,68719476736,98,13385728000
1790346687.299,0.249,3030974464,11.90,1.904,49453989888,68719476736,96,14770044928
1790346692.355,0.277,3030974464,13.40,2.144,48143204352,68719476736,95,13363101696
1790346697.395,0.008,3030941696,12.90,2.064,47232647168,68719476736,96,1242497024
1790346702.467,0.001,3030925312,14.10,2.256,45324042240,68719476736,3,1137508352
1790346707.532,0.001,3030925312,13.10,2.096,43105075200,68719476736,0,1027784704
1790346712.572,0.001,3030925312,12.40,1.984,42410180608,68719476736,0,1038761984
1790346717.615,0.001,3030925312,17.30,2.768,42399612928,68719476736,0,837681152
1790346722.672,0.001,3030925312,15.40,2.464,42364928000,68719476736,4,720519168
1790346727.726,0.083,3030974464,33.60,5.376,50144329728,68719476736,99,15491792896
1790346732.755,0.298,3030958080,22.40,3.584,49573740544,68719476736,95,14494400512
1790346737.785,0.141,3030958080,12.70,2.032,48289792000,68719476736,98,13051445248
1790346742.814,0.209,3030958080,13.60,2.176,50011455488,68719476736,97,14855684096
1790346747.871,0.335,3030958080,13.50,2.160,48998236160,68719476736,94,14160379904
1790346752.895,0.112,3030958080,12.60,2.016,48168435712,68719476736,98,13362348032
1790346757.926,0.176,3030958080,11.50,1.840,50116657152,68719476736,97,15313551360
1790346762.992,0.301,3030958080,12.60,2.016,49093099520,68719476736,95,14313209856
1790346768.043,0.179,3030958080,12.50,2.000,48400711680,68719476736,97,13486030848
1790346773.070,0.190,3030958080,11.40,1.824,49943003136,68719476736,97,15069921280
1790346778.113,0.239,3030974464,12.00,1.920,49417617408,68719476736,96,14699249664
1790346783.158,0.227,3030958080,14.60,2.336,48934371328,68719476736,97,14004846592
1790346788.184,0.159,3030958080,11.70,1.872,50672795648,68719476736,98,15547662336
1790346793.223,0.253,3030958080,12.10,1.936,49402527744,68719476736,96,14647590912
1790346798.259,0.264,3030958080,15.90,2.544,49235968000,68719476736,96,14441594880
1790346803.291,0.139,3030974464,11.70,1.872,51004997632,68719476736,98,16199712768
1790346808.332,0.342,3030974464,13.20,2.112,49357160448,68719476736,94,13881982976
1790346813.367,0.148,3030958080,12.80,2.048,48556638208,68719476736,98,13389283328
1790346818.392,0.132,3030958080,12.60,2.016,50198069248,68719476736,98,14816100352
1790346823.444,0.313,3030958080,13.00,2.080,50017009664,68719476736,95,14960902144
1790346828.494,0.215,3030958080,12.20,1.952,48447045632,68719476736,97,13052035072
1790346833.527,0.165,3030958080,11.90,1.904,49838260224,68719476736,97,14864384000
1790346838.572,0.305,3030958080,13.50,2.160,49750114304,68719476736,95,14299054080
1790346843.630,0.176,3030958080,12.40,1.984,48437346304,68719476736,97,13048430592
1790346848.662,0.185,3030974464,12.80,2.048,50261852160,68719476736,97,15048933376
1790346853.709,0.346,3030958080,13.20,2.112,49262460928,68719476736,94,14163230720
1790346858.734,0.130,3030958080,12.70,2.032,49191534592,68719476736,98,14388035584
1790346863.767,0.198,3030974464,12.70,2.032,50268274688,68719476736,97,15043198976
1790346868.820,0.317,3030958080,12.00,1.920,48435544064,68719476736,94,13385859072
1790346873.855,0.143,3030958080,11.20,1.792,48281321472,68719476736,98,13349863424
1790346878.896,0.170,3030958080,11.20,1.792,50925535232,68719476736,98,15994961920
1790346883.955,0.325,3030958080,14.20,2.272,49424646144,68719476736,94,14252834816
1790346889.002,0.164,3030958080,13.00,2.080,48593059840,68719476736,98,13650542592
1790346894.037,0.200,3030958080,14.20,2.272,50328125440,68719476736,97,15334965248
1790346899.096,0.269,3030958080,13.70,2.192,49657544704,68719476736,96,14354513920
1790346904.147,0.216,3030990848,13.90,2.224,48542072832,68719476736,97,13388627968
1790346909.178,0.175,3030958080,13.90,2.224,50293374976,68719476736,97,15373205504
1790346914.226,0.317,3030958080,13.10,2.096,49332109312,68719476736,95,13939851264
1790346919.255,0.158,3030958080,12.80,2.048,48473063424,68719476736,98,13384253440
1790346924.276,0.217,3030958080,12.80,2.048,49917689856,68719476736,97,14781251584
1790346929.296,0.268,3030974464,14.20,2.272,49829953536,68719476736,96,14467317760
1790346934.324,0.181,3030974464,12.80,2.048,48592617472,68719476736,97,13035732992
1790346939.350,0.171,3030958080,13.80,2.208,50189893632,68719476736,97,14923399168
1790346944.379,0.310,3030958080,13.80,2.208,49405493248,68719476736,95,14310457344
1790346949.410,0.182,3030958080,12.70,2.032,48394141696,68719476736,97,13048922112
1790346954.441,0.185,3030958080,13.30,2.128,49804001280,68719476736,97,14779908096
1790346959.472,0.311,3030958080,13.60,2.176,49316626432,68719476736,95,14181154816
1790346964.494,0.157,3030958080,12.70,2.032,48406888448,68719476736,98,13358399488
1790346969.519,0.132,3030958080,12.00,1.920,48516169728,68719476736,98,13614104576
1790346974.541,0.284,3030958080,12.40,1.984,49324228608,68719476736,95,14312669184
1790346979.580,0.235,3030958080,13.20,2.112,48454434816,68719476736,96,13364002816
1790346984.608,0.143,3030958080,12.10,1.936,50242207744,68719476736,98,15237070848
1790346989.640,0.221,3030958080,12.50,2.000,49284071424,68719476736,96,14338899968
1790346994.667,0.265,3030958080,12.90,2.064,48553000960,68719476736,96,13377060864
1790346999.696,0.123,3030958080,13.60,2.176,50315083776,68719476736,98,13353271296
1790347004.726,0.312,3030958080,14.30,2.288,50079432704,68719476736,95,15273443328
1790347009.756,0.201,3030958080,13.80,2.208,48748036096,68719476736,97,13403127808
1790347014.789,0.143,3030958080,12.30,1.968,50234933248,68719476736,98,15125823488
1790347019.843,0.290,3030958080,15.20,2.432,49425235968,68719476736,95,13977911296
1790347024.889,0.240,3030958080,13.40,2.144,48409280512,68719476736,96,13368016896
1790347029.914,0.129,3030958080,11.80,1.888,50823266304,68719476736,98,15569125376
1790347034.958,0.285,3030958080,12.50,2.000,49472602112,68719476736,95,13970079744
1790347040.005,0.235,3030958080,12.40,1.984,48412131328,68719476736,96,13044973568
1790347045.041,0.135,3030958080,12.00,1.920,50521522176,68719476736,98,15517597696
1790347050.075,0.225,3030958080,12.10,1.936,50086461440,68719476736,96,15219228672
1790347055.108,0.287,3030958080,12.90,2.064,49608474624,68719476736,96,14427668480
1790347060.129,0.109,3030958080,14.30,2.288,49199267840,68719476736,99,14073200640
1790347065.159,0.172,3030958080,13.20,2.112,50363121664,68719476736,97,15177728000
1790347070.208,0.332,3030974464,13.00,2.080,49307746304,68719476736,94,14417952768
1790347075.261,0.151,3030958080,14.60,2.336,48389210112,68719476736,98,13333610496
1790347080.296,0.142,3030958080,15.00,2.400,50696568832,68719476736,98,15453192192
1790347085.337,0.309,3030958080,13.40,2.144,49539874816,68719476736,95,14334935040
1790347090.382,0.212,3030958080,13.40,2.144,48540925952,68719476736,97,13454295040
1790347095.418,0.157,3030958080,11.90,1.904,50275041280,68719476736,98,15192883200
1790347100.461,0.333,3030974464,12.80,2.048,49827266560,68719476736,94,14455980032
1790347105.515,0.184,3030958080,13.80,2.208,48904388608,68719476736,97,13476790272
1790347110.541,0.181,3030958080,11.80,1.888,50550456320,68719476736,97,15370616832
1790347115.569,0.338,3030958080,12.00,1.920,49226825728,68719476736,94,14182055936
1790347120.595,0.143,3030958080,12.30,1.968,48450076672,68719476736,98,13375864832
1790347125.624,0.248,3030958080,12.30,1.968,49629184000,68719476736,96,14280163328
1790347130.650,0.271,3030958080,11.70,1.872,48441802752,68719476736,96,13370720256
1790347135.681,0.146,3030958080,13.10,2.096,48848928768,68719476736,98,13512933376
1790347140.704,0.317,3030958080,15.30,2.448,49720918016,68719476736,95,14258716672
1790347145.739,0.207,3030958080,13.30,2.128,48609722368,68719476736,97,13081018368
1790347150.772,0.147,3030958080,13.30,2.128,50654003200,68719476736,98,15677423616
1790347155.834,0.303,3030958080,13.90,2.224,50111561728,68719476736,95,15079161856
1790347160.877,0.212,3030958080,14.70,2.352,48765042688,68719476736,97,13057622016
1790347165.912,0.201,3030958080,13.00,2.080,50193711104,68719476736,97,14736097280
1790347170.970,0.246,3030974464,13.30,2.128,49415356416,68719476736,96,14280081408
1790347176.033,0.210,3030958080,13.70,2.192,48947232768,68719476736,97,13360398336
1790347181.067,0.134,3030958080,12.60,2.016,50450939904,68719476736,98,15084781568
1790347186.123,0.301,3030958080,11.70,1.872,49274060800,68719476736,95,14120189952
1790347191.187,0.206,3030958080,13.30,2.128,48635265024,68719476736,97,13669122048
1790347196.221,0.143,3030958080,12.00,1.920,49937907712,68719476736,98,14776516608
1790347201.267,0.310,3030958080,11.70,1.872,49478320128,68719476736,95,14141571072
1790347206.318,0.218,3030958080,12.50,2.000,48661200896,68719476736,97,13385891840
1790347211.352,0.154,3030958080,11.20,1.792,50393333760,68719476736,98,15237070848
1790347216.413,0.312,3030974464,11.40,1.824,49466572800,68719476736,95,14391623680
1790347221.456,0.210,3030958080,14.90,2.384,48563699712,68719476736,97,13390479360
1790347226.496,0.164,3030958080,12.00,1.920,50511642624,68719476736,98,15375974400
1790347231.546,0.363,3030958080,11.80,1.888,48471130112,68719476736,94,13827899392
1790347236.575,0.142,3030958080,12.70,2.032,48673882112,68719476736,98,13582663680
1790347241.616,0.251,3030974464,12.80,2.048,49557897216,68719476736,96,14387888128
1790347246.649,0.231,3030974464,13.30,2.128,49553211392,68719476736,97,13968588800
1790347251.707,0.178,3030958080,12.20,1.952,48603561984,68719476736,97,13360529408
1790347256.728,0.136,3030958080,13.60,2.176,48597843968,68719476736,98,13401948160
1790347261.751,0.235,3030958080,11.90,1.904,50373967872,68719476736,96,15412690944
1790347266.787,0.295,3030958080,14.00,2.240,48640868352,68719476736,95,13219676160
1790347271.813,0.123,3030958080,11.70,1.872,48632250368,68719476736,98,13221429248
1790347276.839,0.213,3030958080,12.40,1.984,50667618304,68719476736,97,15541960704
1790347281.874,0.314,3030958080,13.00,2.080,49428430848,68719476736,95,14159872000
1790347286.893,0.122,3030958080,13.00,2.080,48691494912,68719476736,98,13643120640
1790347291.932,0.222,3030958080,12.50,2.000,49669750784,68719476736,96,15283732480
1790347296.976,0.310,3030958080,14.00,2.240,49485053952,68719476736,95,14330085376
1790347302.000,0.114,3030958080,11.90,1.904,48692625408,68719476736,98,13549912064
1790347307.040,0.192,3030958080,12.80,2.048,50718146560,68719476736,97,15621701632
1790347312.091,0.334,3030974464,16.10,2.576,49569021952,68719476736,94,14228340736
1790347317.127,0.138,3030958080,12.40,1.984,48628432896,68719476736,98,13478789120
1790347322.162,0.247,3030958080,11.80,1.888,50258591744,68719476736,96,15224619008
1790347327.210,0.252,3030974464,13.50,2.160,49573953536,68719476736,96,14455013376
1790347332.260,0.160,3030958080,13.20,2.112,48747577344,68719476736,98,13376356352
1790347337.297,0.187,3030958080,13.50,2.160,50574622720,68719476736,97,14995423232
1790347342.354,0.335,3051814912,13.20,2.112,48571858944,68719476736,94,13385138176
1790347347.375,0.118,3051814912,11.80,1.888,48575758336,68719476736,98,13383188480
1790347352.415,0.174,3051798528,13.20,2.112,50299469824,68719476736,98,14794588160
1790347357.458,0.312,3051798528,12.60,2.016,49474961408,68719476736,95,13990936576
1790347362.508,0.178,3051798528,16.60,2.656,48565714944,68719476736,97,13373456384
1790347367.547,0.127,3051798528,18.60,2.976,50829557760,68719476736,98,13368066048
1790347372.594,0.314,3051798528,20.70,3.312,49454497792,68719476736,95,13878657024
1790347377.632,0.193,3051798528,12.50,2.000,48549806080,68719476736,97,13441826816
1790347382.670,0.222,3051798528,13.70,2.192,50354536448,68719476736,97,15027945472
1790347387.723,0.243,3051798528,12.90,2.064,49378050048,68719476736,96,14137032704
1790347392.775,0.194,3051798528,13.20,2.112,48771350528,68719476736,97,13649084416
1790347397.807,0.164,3051798528,12.10,1.936,50394054656,68719476736,98,15354937344
1790347402.864,0.324,3051814912,13.00,2.080,49322442752,68719476736,95,14139621376
1790347407.921,0.135,3051798528,12.10,1.936,48543399936,68719476736,98,13368410112
1790347412.958,0.220,3051798528,13.20,2.112,50693144576,68719476736,97,15638282240
1790347418.008,0.316,3051798528,12.70,2.032,49142824960,68719476736,95,14111784960
1790347423.032,0.119,3051798528,11.60,1.856,48559783936,68719476736,98,13370507264
1790347428.061,0.230,3051798528,12.30,1.968,49541644288,68719476736,96,14675460096
1790347433.090,0.275,3051798528,13.90,2.224,48593305600,68719476736,95,13405929472
1790347438.124,0.128,3051798528,12.10,1.936,48578854912,68719476736,98,13495517184
1790347443.150,0.252,3051798528,12.70,2.032,49818943488,68719476736,96,14201782272
1790347448.179,0.248,3051798528,12.30,1.968,49516052480,68719476736,96,14254931968
1790347453.208,0.176,3051814912,12.90,2.064,48608837632,68719476736,97,13409615872
1790347458.240,0.199,3051814912,11.80,1.888,50501468160,68719476736,97,14980268032
1790347463.287,0.309,3051814912,13.00,2.080,49522262016,68719476736,95,13917601792
1790347468.310,0.125,3051814912,13.60,2.176,48745758720,68719476736,98,13405978624
1790347473.337,0.154,3051798528,12.70,2.032,50690441216,68719476736,98,15387492352
1790347478.378,0.308,3051798528,12.30,1.968,49435820032,68719476736,95,13890846720
1790347483.429,0.158,3051798528,12.40,1.984,48710221824,68719476736,98,13502447616
1790347488.461,0.177,3051798528,14.00,2.240,50876596224,68719476736,97,15639592960
1790347493.506,0.290,3051798528,13.90,2.224,49782800384,68719476736,95,14412578816
1790347498.567,0.162,3051798528,12.20,1.952,48788586496,68719476736,97,13555351552
1790347503.599,0.158,3051798528,13.00,2.080,50450563072,68719476736,98,15280701440
1790347508.660,0.306,3051814912,13.70,2.192,49486364672,68719476736,95,14328774656
1790347513.705,0.190,3051798528,12.90,2.064,48638509056,68719476736,97,13371850752
1790347518.738,0.176,3051798528,11.60,1.856,50814058496,68719476736,97,15657680896
1790347523.794,0.291,3051798528,14.50,2.320,49506779136,68719476736,95,14332657664
1790347528.846,0.197,3051798528,13.50,2.160,48704323584,68719476736,97,13363838976
1790347533.877,0.162,3051814912,11.20,1.792,50304466944,68719476736,98,15057485824
1790347538.927,0.301,3051814912,13.60,2.176,49527668736,68719476736,95,14341668864
1790347543.980,0.215,3051798528,12.10,1.936,48569876480,68719476736,97,13304741888
1790347549.012,0.170,3051798528,11.20,1.792,50435948544,68719476736,98,15005745152
1790347554.058,0.320,3051798528,12.70,2.032,49686200320,68719476736,95,14310440960
1790347559.109,0.171,3051798528,11.70,1.872,48605478912,68719476736,97,13350502400
1790347564.133,0.134,3051814912,11.60,1.856,48840540160,68719476736,98,13015531520
1790347569.165,0.353,3051814912,12.40,1.984,49309630464,68719476736,94,13879099392
1790347574.207,0.168,3051814912,11.20,1.792,48555655168,68719476736,98,13404372992
1790347579.250,0.178,3051798528,12.70,2.032,50400018432,68719476736,97,15289892864
1790347584.302,0.315,3051798528,13.70,2.192,49329504256,68719476736,95,14224769024
1790347589.351,0.177,3051814912,11.50,1.840,48538435584,68719476736,97,13374046208
1790347594.390,0.155,3051798528,12.20,1.952,50454855680,68719476736,98,15387131904
1790347599.451,0.293,3051814912,14.60,2.336,49576919040,68719476736,95,14384463872
1790347604.491,0.215,3051798528,13.20,2.112,48744890368,68719476736,97,13659897856
1790347609.520,0.137,3051798528,12.70,2.032,50888261632,68719476736,98,15515385856
1790347614.564,0.288,3051798528,14.50,2.320,50097782784,68719476736,95,14744502272
1790347619.606,0.258,3051814912,12.90,2.064,49335484416,68719476736,96,14249951232
1790347624.629,0.138,3051814912,14.20,2.272,48478470144,68719476736,98,13423788032
1790347629.658,0.186,3051798528,13.70,2.192,50114265088,68719476736,97,15007416320
1790347634.700,0.259,3051798528,13.90,2.224,49384226816,68719476736,96,13976862720
1790347639.742,0.185,3051798528,13.50,2.160,48298213376,68719476736,97,13329907712
1790347644.777,0.159,3051798528,13.10,2.096,49607835648,68719476736,98,14778220544
1790347649.818,0.243,3051798528,12.20,1.952,49231626240,68719476736,96,14272462848
1790347654.868,0.228,3051798528,12.10,1.936,48222978048,68719476736,96,12996657152
1790347659.901,0.143,3051798528,11.70,1.872,48223305728,68719476736,98,13366050816
1790347664.933,0.275,3051798528,13.50,2.160,49263689728,68719476736,95,14371815424
1790347669.979,0.242,3051798528,12.40,1.984,48301948928,68719476736,96,13044285440
1790347675.017,0.149,3051798528,12.20,1.952,49957863424,68719476736,98,14793687040
1790347680.058,0.302,3051798528,13.10,2.096,49485299712,68719476736,95,14505459712
1790347685.097,0.216,3051798528,14.00,2.240,48872374272,68719476736,97,13931823104
1790347690.125,0.176,3051798528,12.70,2.032,50549800960,68719476736,97,15706030080
1790347695.161,0.337,3051798528,12.00,1.920,49315397632,68719476736,94,14216871936
1790347700.186,0.136,3051798528,12.10,1.936,48741613568,68719476736,98,13372932096
1790347705.210,0.277,3051798528,12.20,1.952,49777295360,68719476736,95,14470103040
1790347710.232,0.261,3051798528,11.90,1.904,48425762816,68719476736,96,13384777728
1790347715.257,0.126,3051798528,12.40,1.984,48433987584,68719476736,98,13396901888
1790347720.285,0.271,3051798528,13.20,2.112,49459462144,68719476736,95,14504984576
1790347725.314,0.253,3051814912,12.00,1.920,48376758272,68719476736,96,13409075200
1790347730.344,0.139,3051798528,12.10,1.936,48505077760,68719476736,98,13610401792
1790347735.368,0.365,3051814912,13.60,2.176,49255923712,68719476736,93,14203092992
1790347740.399,0.177,3051798528,12.70,2.032,48471785472,68719476736,97,13468188672
1790347745.424,0.123,3051798528,11.80,1.888,48936976384,68719476736,98,13768638464
1790347750.447,0.297,3051798528,14.20,2.272,49408884736,68719476736,95,14574272512
1790347755.468,0.235,3051798528,11.80,1.888,48411000832,68719476736,96,13367115776
1790347760.498,0.116,3051798528,11.10,1.776,49771282432,68719476736,98,13025132544
1790347765.533,0.305,3051798528,12.70,2.032,49288790016,68719476736,95,14352580608
1790347770.560,0.210,3051798528,13.30,2.128,48533618688,68719476736,97,13678510080
1790347775.596,0.161,3051798528,9.00,1.440,49182687232,68719476736,97,13768327168
1790347780.639,0.301,3051814912,10.40,1.664,48822861824,68719476736,95,13328793600
1790347785.660,0.208,3051814912,9.40,1.504,47751348224,68719476736,97,12697075712
1790347790.701,0.151,3051798528,9.80,1.568,49699995648,68719476736,98,14772027392
1790347795.757,0.315,3051798528,9.80,1.568,48551788544,68719476736,94,13328924672
1790347800.783,0.209,3051798528,9.30,1.488,47927377920,68719476736,97,12735266816
1790347805.818,0.252,3051814912,9.70,1.552,49721966592,68719476736,96,14628028416
1790347810.850,0.311,3051798528,9.20,1.472,47706603520,68719476736,95,12700991488
1790347815.879,0.135,3051798528,9.30,1.488,47709454336,68719476736,98,12681379840
1790347820.919,0.261,3051798528,9.10,1.456,48812490752,68719476736,95,13777272832
1790347825.959,0.279,3051814912,9.30,1.488,48032104448,68719476736,95,13006553088
1790347830.995,0.144,3051798528,9.20,1.472,47710945280,68719476736,98,12689784832
1790347836.031,0.197,3051798528,9.10,1.456,49478385664,68719476736,97,14458404864
1790347841.072,0.291,3051798528,8.90,1.424,48454303744,68719476736,95,13421936640
1790347846.129,0.161,3051798528,9.30,1.488,47703769088,68719476736,97,12669517824
1790347851.170,0.177,3051798528,9.80,1.568,49722589184,68719476736,97,14737342464
1790347856.230,0.312,3051798528,9.40,1.504,48503029760,68719476736,95,13529923584
1790347861.272,0.179,3051814912,9.30,1.488,47914582016,68719476736,97,12653805568
1790347866.312,0.179,3051798528,8.90,1.424,49529012224,68719476736,97,14120108032
1790347871.373,0.316,3051798528,8.80,1.408,48537485312,68719476736,95,13526401024
1790347876.426,0.178,3051798528,9.20,1.472,47680471040,68719476736,97,12672139264
1790347881.458,0.174,3051798528,10.30,1.648,50152456192,68719476736,97,14569635840
1790347886.497,0.316,3051798528,11.70,1.872,48968466432,68719476736,95,13539950592
1790347891.537,0.173,3051798528,11.20,1.792,48010461184,68719476736,97,12989284352
1790347896.570,0.202,3051798528,13.40,2.144,49948884992,68719476736,97,14408663040
1790347901.617,0.249,3051798528,17.10,2.736,48744775680,68719476736,96,13260898304
1790347906.673,0.200,3051798528,9.50,1.520,47560556544,68719476736,97,12662177792
1790347911.714,0.199,3051798528,9.20,1.472,49561010176,68719476736,97,14622441472
1790347916.758,0.321,3051798528,8.80,1.408,48450174976,68719476736,94,13509574656
1790347921.786,0.164,3051798528,9.00,1.440,47903834112,68719476736,98,12669583360
1790347926.828,0.211,3051798528,9.10,1.456,49480744960,68719476736,97,14360002560
1790347931.877,0.327,3051798528,8.80,1.408,48513368064,68719476736,94,13487538176
1790347936.902,0.136,3051798528,8.80,1.408,47662546944,68719476736,98,12639387648
1790347941.941,0.185,3051798528,9.20,1.472,49649057792,68719476736,97,14636056576
1790347946.994,0.364,3051798528,9.00,1.440,48473522176,68719476736,94,13451591680
1790347952.051,0.179,3051798528,9.40,1.504,47667609600,68719476736,97,12638928896
1790347957.088,0.238,3051798528,9.20,1.472,48855482368,68719476736,96,14141849600
1790347962.119,0.265,3051798528,8.30,1.328,48436396032,68719476736,96,13434896384
1790347967.176,0.157,3051798528,8.80,1.408,47688531968,68719476736,97,12656590848
1790347972.221,0.224,3051798528,9.60,1.536,49462050816,68719476736,96,14170177536
1790347977.260,0.301,3051798528,9.10,1.456,47930130432,68719476736,95,13033848832
1790347982.289,0.127,3051798528,8.80,1.408,47864692736,68719476736,98,12648611840
1790347987.329,0.258,3051814912,9.40,1.504,48811393024,68719476736,96,13460258816
1790347992.383,0.288,3051798528,8.70,1.392,47610019840,68719476736,95,12323962880
1790347997.415,0.130,3051798528,8.60,1.376,47693758464,68719476736,98,12680069120
1790348002.446,0.279,3051798528,8.80,1.408,48622862336,68719476736,95,13599981568
1790348007.497,0.257,3051798528,8.90,1.424,47653306368,68719476736,96,12664307712
1790348012.533,0.136,3051814912,9.10,1.456,47705849856,68719476736,98,12669534208
1790348017.564,0.268,3051798528,9.00,1.440,48810721280,68719476736,95,13784219648
1790348022.612,0.265,3051798528,9.10,1.456,47645573120,68719476736,96,12638240768
1790348027.648,0.144,3051798528,8.30,1.328,49435197440,68719476736,98,12645515264
1790348032.687,0.329,3051814912,12.10,1.936,48584228864,68719476736,94,13611614208
1790348037.714,0.204,3051814912,10.20,1.632,47878602752,68719476736,97,13041795072
1790348042.747,0.182,3051814912,8.80,1.408,49805770752,68719476736,97,14686208000
1790348047.779,0.247,3051798528,9.70,1.552,48757817344,68719476736,96,13743439872
1790348052.817,0.260,3051798528,8.90,1.424,47642001408,68719476736,96,12655132672
1790348057.850,0.138,3051814912,8.70,1.392,49396547584,68719476736,98,14418280448
1790348062.908,0.332,3051798528,9.70,1.552,48602431488,68719476736,94,13635272704
1790348067.948,0.208,3051798528,8.70,1.392,47633154048,68719476736,97,12670976000
1790348072.986,0.148,3051798528,8.80,1.408,49054056448,68719476736,98,14071119872
1790348078.031,0.256,3051798528,11.70,1.872,48576462848,68719476736,96,13270482944
1790348083.060,0.263,3051798528,10.10,1.616,47648718848,68719476736,96,12661637120
1790348088.095,0.134,3051798528,9.30,1.488,47684091904,68719476736,98,12660555776
1790348093.127,0.261,3051798528,9.40,1.504,48820174848,68719476736,95,13461372928
1790348098.160,0.270,3051798528,9.70,1.552,48184098816,68719476736,96,13016203264
1790348103.197,0.155,3051798528,9.40,1.504,47849472000,68719476736,98,12684345344
1790348108.220,0.228,3051798528,9.30,1.488,48645521408,68719476736,96,13701955584
1790348113.243,0.278,3051798528,8.60,1.376,47615524864,68719476736,95,12329648128
1790348118.274,0.137,3051798528,8.80,1.408,47619653632,68719476736,98,12663717888
1790348123.306,0.270,3051798528,10.00,1.600,48742514688,68719476736,95,13777453056
1790348128.327,0.257,3051798528,8.50,1.360,47614656512,68719476736,96,12644597760
1790348133.360,0.130,3051798528,9.00,1.440,47607005184,68719476736,98,12648611840
1790348138.393,0.213,3051798528,8.40,1.344,49271013376,68719476736,96,14314717184
1790348143.433,0.325,3051798528,9.20,1.472,47619276800,68719476736,94,12659326976
1790348148.470,0.140,3051798528,8.70,1.392,47643492352,68719476736,98,12680232960
1790348153.507,0.239,3051798528,8.70,1.392,49104781312,68719476736,96,14175698944
1790348158.540,0.290,3051798528,9.30,1.488,48004153344,68719476736,95,12668420096
1790348163.577,0.146,3051798528,8.90,1.424,47789785088,68719476736,98,12657786880
1790348168.616,0.230,3051798528,9.20,1.472,49302683648,68719476736,96,14306639872
1790348173.658,0.295,3051798528,9.00,1.440,48446291968,68719476736,95,13519355904
1790348178.689,0.152,3051798528,8.60,1.376,47604711424,68719476736,98,12667764736
1790348183.731,0.231,3051798528,9.00,1.440,49730387968,68719476736,96,14526054400
1790348188.777,0.328,3051814912,9.10,1.456,48761487360,68719476736,94,13812236288
1790348193.811,0.162,3051798528,8.80,1.408,47616131072,68719476736,98,12674940928
1790348198.848,0.145,3051798528,8.50,1.360,49670193152,68719476736,98,12303613952
1790348203.912,0.293,3051798528,9.20,1.472,48440098816,68719476736,95,13223854080
1790348208.959,0.247,3051798528,9.50,1.520,47688335360,68719476736,96,12758827008
1790348213.987,0.138,3051798528,8.60,1.376,47588081664,68719476736,98,12660031488
1790348219.022,0.245,3051798528,9.50,1.520,48457793536,68719476736,96,13074776064
1790348224.043,0.261,3051798528,11.50,1.840,48608280576,68719476736,96,13500841984
1790348229.083,0.154,3051798528,17.50,2.800,47706537984,68719476736,98,12653723648
1790348234.125,0.202,3051798528,11.10,1.776,49704239104,68719476736,97,14711652352
1790348239.187,0.310,3051798528,9.00,1.440,48497459200,68719476736,95,13491027968
1790348244.243,0.174,3051798528,9.00,1.440,47677652992,68719476736,97,12704694272
1790348249.280,0.194,3051798528,8.80,1.408,49612931072,68719476736,97,14655062016
1790348254.332,0.322,3051798528,9.00,1.440,48540991488,68719476736,95,13580517376
1790348259.387,0.177,3051798528,8.50,1.360,47633498112,68719476736,97,12671631360
1790348264.419,0.222,3051798528,8.80,1.408,49292427264,68719476736,96,14306967552
1790348269.458,0.298,3051798528,9.80,1.568,47676784640,68719476736,95,12686589952
1790348274.490,0.139,3051798528,8.90,1.424,47663644672,68719476736,98,12681379840
1790348279.518,0.315,3051798528,11.70,1.872,49254137856,68719476736,95,13745438720
1790348284.551,0.232,3051798528,9.50,1.520,47882633216,68719476736,96,12692111360
1790348289.589,0.132,3051798528,8.60,1.376,49121460224,68719476736,98,13774929920
1790348294.631,0.293,3051798528,15.50,2.480,48736337920,68719476736,95,13745995776
1790348299.667,0.237,3051798528,10.80,1.728,47655043072,68719476736,96,12678905856
1790348304.696,0.139,3051798528,9.00,1.440,49427152896,68719476736,98,13161644032
1790348309.733,0.366,3051814912,9.70,1.552,48694411264,68719476736,93,13194215424
1790348314.789,0.166,3051798528,8.70,1.392,47796305920,68719476736,97,12711608320
1790348319.827,0.163,3051814912,8.30,1.328,49451302912,68719476736,98,14458912768
1790348324.885,0.333,3051814912,9.00,1.440,48544546816,68719476736,94,13548109824
1790348329.925,0.207,3051814912,9.10,1.456,47688171520,68719476736,97,12680036352
1790348334.964,0.191,3051814912,8.90,1.424,49408507904,68719476736,97,14389886976
1790348340.016,0.346,3051798528,9.40,1.504,48616816640,68719476736,94,13820542976
1790348345.058,0.149,3051798528,10.30,1.648,47814639616,68719476736,98,12677545984
1790348350.091,0.209,3051798528,8.40,1.344,49428463616,68719476736,97,14353285120
1790348355.147,0.302,3051798528,10.80,1.728,48607313920,68719476736,95,13561659392
1790348360.203,0.178,3051798528,9.10,1.456,47714861056,68719476736,97,12691947520
1790348365.239,0.192,3051798528,8.80,1.408,49642061824,68719476736,97,14663942144
1790348370.297,0.323,3051798528,9.10,1.456,48592650240,68719476736,94,13565558784
1790348375.349,0.170,3051798528,8.90,1.424,47694495744,68719476736,98,12321882112
1790348380.385,0.266,3051798528,8.50,1.360,48830005248,68719476736,95,13782990848
1790348385.438,0.278,3051814912,9.10,1.456,47698739200,68719476736,95,12680167424
1790348390.473,0.145,3051798528,9.40,1.504,47745286144,68719476736,98,12657639424
1790348395.505,0.217,3051798528,9.90,1.584,49703682048,68719476736,97,14327218176
1790348400.557,0.250,3051798528,10.10,1.616,49609326592,68719476736,96,14785495040
1790348405.585,0.239,3051798528,11.00,1.760,48378216448,68719476736,96,13726547968
1790348410.612,0.135,3051798528,8.10,1.296,47778316288,68719476736,98,12317081600
1790348415.649,0.236,3051798528,9.10,1.456,48865886208,68719476736,96,13569638400
1790348420.676,0.312,3051798528,9.20,1.472,47540076544,68719476736,95,12675072000
1790348425.703,0.139,3051798528,8.50,1.360,47536111616,68719476736,98,12663848960
1790348430.737,0.256,3051798528,8.40,1.344,48482287616,68719476736,96,13593051136
1790348435.788,0.283,3051798528,9.10,1.456,47519023104,68719476736,95,12636635136
1790348440.812,0.137,3051814912,8.70,1.392,47554510848,68719476736,98,12664799232
1790348445.846,0.233,3051782144,9.10,1.456,47490793472,68719476736,93,341671936
1790348450.900,0.001,3051765760,11.30,1.808,44585861120,68719476736,0,635240448
1790348455.969,0.001,3051765760,17.70,2.832,42242670592,68719476736,0,341671936
1790348461.040,0.001,3051765760,18.90,3.024,41799467008,68719476736,0,730906624
1790348466.093,0.001,3051765760,10.00,1.600,41560571904,68719476736,0,361463808
1790348471.149,0.001,3051765760,9.60,1.536,41477406720,68719476736,0,361463808
1790348476.193,0.001,3051765760,12.30,1.968,41521299456,68719476736,0,341671936
1790348481.219,0.156,3051814912,25.30,4.048,47464333312,68719476736,99,12329500672
1790348486.248,0.303,3051798528,9.10,1.456,48495050752,68719476736,95,13692485632
1790348491.273,0.237,3051798528,9.30,1.488,47485124608,68719476736,96,12684410880
1790348496.303,0.147,3051798528,8.90,1.424,47490547712,68719476736,98,12345196544
1790348501.329,0.346,3051814912,8.90,1.424,48344072192,68719476736,94,13202407424
1790348506.365,0.184,3051798528,9.30,1.488,47490793472,68719476736,97,12673433600
1790348511.396,0.172,3051798528,8.40,1.344,48999661568,68719476736,97,14205403136
1790348516.438,0.308,3051814912,9.90,1.584,48271228928,68719476736,95,13124124672
1790348521.478,0.172,3051798528,9.10,1.456,48002957312,68719476736,97,12384665600
1790348526.513,0.202,3051798528,9.60,1.536,49212653568,68719476736,97,14125383680
1790348531.572,0.248,3051798528,9.30,1.488,48739827712,68719476736,96,13779075072
1790348536.625,0.208,3051798528,10.70,1.712,47637708800,68719476736,97,12678725632
1790348541.652,0.151,3051798528,8.80,1.408,47639085056,68719476736,98,12669059072
1790348546.683,0.186,3051798528,9.00,1.440,49338318848,68719476736,97,14367850496
1790348551.739,0.336,3051798528,9.50,1.520,47621947392,68719476736,94,12656443392
1790348556.771,0.151,3051798528,9.10,1.456,47627141120,68719476736,98,12657786880
1790348561.807,0.294,3051798528,9.00,1.440,48675241984,68719476736,95,13695975424
1790348566.861,0.241,3051798528,9.60,1.536,47590031360,68719476736,96,12630441984
1790348571.900,0.160,3051798528,8.60,1.376,49677303808,68719476736,98,14706589696
1790348576.941,0.321,3051798528,9.70,1.552,48792371200,68719476736,94,13964902400
1790348581.977,0.205,3051798528,9.40,1.504,47811346432,68719476736,97,12635471872
1790348587.013,0.165,3051798528,8.80,1.408,49547771904,68719476736,98,14165114880
1790348592.072,0.319,3051798528,10.50,1.680,48480026624,68719476736,94,13484179456
1790348597.119,0.181,3051798528,9.10,1.456,47617572864,68719476736,97,12627755008
1790348602.158,0.164,3051814912,9.90,1.584,49036951552,68719476736,98,14381727744
1790348607.219,0.296,3051798528,9.70,1.552,48139239424,68719476736,95,13214154752
1790348612.277,0.191,3051798528,9.10,1.456,47384100864,68719476736,97,12757565440
1790348617.317,0.178,3051798528,8.50,1.360,49266376704,68719476736,97,14643707904
1790348622.365,0.297,3051814912,9.30,1.488,48109830144,68719476736,95,13189513216
1790348627.399,0.180,3051814912,8.90,1.424,47299133440,68719476736,97,12653510656
1790348632.430,0.162,3051814912,8.90,1.424,49015521280,68719476736,98,14355480576
1790348637.473,0.344,3051814912,9.70,1.552,48588210176,68719476736,94,14236876800
1790348642.510,0.153,3051814912,9.10,1.456,47552053248,68719476736,98,12628328448
1790348647.543,0.207,3051814912,8.90,1.424,49424302080,68719476736,97,14658502656
1790348652.584,0.268,3051814912,9.50,1.520,48060743680,68719476736,95,13397000192
1790348657.625,0.199,3051814912,9.40,1.504,47324102656,68719476736,97,12662489088
1790348662.650,0.133,3051814912,8.60,1.376,47317467136,68719476736,98,12648071168
1790348667.684,0.253,3051814912,9.00,1.440,48272228352,68719476736,96,13614170112
1790348672.734,0.273,3051814912,9.70,1.552,47322300416,68719476736,95,12669009920
1790348677.759,0.133,3050766336,8.40,1.344,47345532928,68719476736,98,12687409152
1790348682.791,0.267,3050766336,8.60,1.376,48269819904,68719476736,95,13641809920
1790348687.835,0.262,3050782720,9.80,1.568,47369256960,68719476736,96,12685246464
1790348692.863,0.141,3050766336,9.00,1.440,47375892480,68719476736,98,12350996480
1790348697.888,0.250,3050766336,8.90,1.424,48581722112,68719476736,96,14026522624
1790348702.912,0.282,3050766336,9.40,1.504,48351870976,68719476736,95,13477003264
1790348707.938,0.144,3050766336,9.90,1.584,47449309184,68719476736,98,12353224704
1790348712.980,0.210,3050766336,9.20,1.472,49044520960,68719476736,97,14038728704
1790348718.024,0.310,3050782720,9.80,1.568,48171859968,68719476736,95,13497303040
1790348723.045,0.141,3050782720,9.60,1.536,47386836992,68719476736,98,12704284672
1790348728.082,0.277,3050782720,8.90,1.424,48077094912,68719476736,95,13113065472
1790348733.127,0.259,3050766336,9.50,1.520,47349202944,68719476736,96,12379275264
1790348738.158,0.124,3050766336,8.50,1.360,48819077120,68719476736,98,14141308928
1790348743.209,0.280,3050782720,9.50,1.520,48320380928,68719476736,95,13642727424
1790348748.258,0.235,3050766336,9.30,1.488,47406186496,68719476736,96,12708872192
1790348753.296,0.151,3050766336,8.80,1.408,49123721216,68719476736,98,14461353984
1790348758.346,0.299,3050766336,9.30,1.488,48432971776,68719476736,95,13583777792
1790348763.400,0.227,3050766336,9.10,1.456,47507030016,68719476736,96,12718047232
1790348768.436,0.168,3050782720,9.40,1.504,49230479360,68719476736,97,14514143232
1790348773.493,0.316,3050782720,9.40,1.504,48198483968,68719476736,94,13540343808
1790348778.547,0.186,3050766336,8.80,1.408,47351709696,68719476736,97,12689358848
1790348783.586,0.170,3050782720,9.10,1.456,49168351232,68719476736,98,14514946048
1790348788.636,0.335,3050782720,9.80,1.568,47354445824,68719476736,94,13602177024
1790348793.667,0.157,3050766336,8.60,1.376,47251734528,68719476736,98,12659015680
1790348798.699,0.228,3050766336,9.20,1.472,49117396992,68719476736,96,14198800384
1790348803.729,0.301,3050766336,9.20,1.472,47265906688,68719476736,95,12668207104
1790348808.757,0.136,3050766336,8.50,1.360,47272230912,68719476736,98,12667011072
1790348813.780,0.225,3050766336,9.10,1.456,49157832704,68719476736,96,14227324928
1790348818.824,0.234,3050766336,9.30,1.488,48280174592,68719476736,96,13227081728
1790348823.873,0.220,3050766336,9.70,1.552,47425421312,68719476736,96,12706414592
1790348828.898,0.144,3050766336,9.20,1.472,48862281728,68719476736,98,14213398528
1790348833.927,0.319,3050766336,9.10,1.456,48181608448,68719476736,94,13246382080
1790348838.958,0.191,3050766336,9.80,1.568,47244443648,68719476736,97,12681347072
1790348843.999,0.166,3050766336,9.30,1.488,49308729344,68719476736,98,14687584256
1790348849.051,0.291,3050766336,9.70,1.552,48161079296,68719476736,95,13550403584
1790348854.107,0.209,3050766336,8.70,1.392,47295414272,68719476736,97,12690522112
1790348859.143,0.182,3050766336,10.00,1.600,49012359168,68719476736,97,14378582016
1790348864.182,0.310,3050766336,9.30,1.488,48179986432,68719476736,95,13544767488
1790348869.220,0.165,3050766336,8.90,1.424,47293120512,68719476736,97,12670746624
1790348874.250,0.180,3050766336,9.10,1.456,49259315200,68719476736,97,14619443200
1790348879.310,0.331,3050766336,9.50,1.520,48347889664,68719476736,94,13540737024
1790348884.353,0.166,3050766336,8.90,1.424,47440969728,68719476736,98,12354584576
1790348889.387,0.128,3050766336,8.80,1.408,49177673728,68719476736,98,14470496256
1790348894.448,0.326,3050766336,9.10,1.456,48356360192,68719476736,94,13723893760
1790348899.493,0.220,3050782720,8.70,1.392,47616802816,68719476736,96,12976177152
1790348904.533,0.162,3050782720,9.50,1.520,49629757440,68719476736,98,14668840960
1790348909.581,0.317,3050766336,9.30,1.488,48244080640,68719476736,94,13597392896
1790348914.620,0.178,3050766336,8.60,1.376,47275671552,68719476736,97,12628770816
1790348919.643,0.144,3050766336,9.10,1.456,47254241280,68719476736,98,12341444608
1790348924.671,0.255,3050766336,9.00,1.440,48186523648,68719476736,95,13263159296
1790348929.708,0.271,3050782720,8.80,1.408,47303999488,68719476736,96,12682788864
1790348934.747,0.126,3050766336,9.00,1.440,47287369728,68719476736,98,12659212288
1790348939.780,0.251,3050766336,13.80,2.208,48564895744,68719476736,96,13458964480
1790348944.823,0.276,3050766336,9.40,1.504,47423422464,68719476736,96,12644794368
1790348949.856,0.135,3050766336,9.80,1.568,47386279936,68719476736,98,12659245056
1790348954.880,0.248,3050766336,8.90,1.424,48822075392,68719476736,96,14139949056
1790348959.903,0.298,3050782720,9.00,1.440,47373238272,68719476736,95,12686442496
1790348964.937,0.134,3050766336,9.60,1.536,47359164416,68719476736,98,12682641408
1790348969.963,0.267,3050766336,9.00,1.440,48127246336,68719476736,95,13442875392
1790348975.002,0.247,3050766336,9.30,1.488,48186015744,68719476736,96,13502676992
1790348980.050,0.162,3050766336,9.20,1.472,47330312192,68719476736,98,12655427584
1790348985.083,0.156,3050766336,9.60,1.536,47339159552,68719476736,98,12666159104
1790348990.112,0.280,3050766336,8.70,1.392,48492773376,68719476736,95,13770915840
1790348995.168,0.248,3050766336,9.70,1.552,47365734400,68719476736,96,12652511232
1790349000.201,0.160,3050782720,9.70,1.552,49449926656,68719476736,98,14802911232
1790349005.234,0.300,3050782720,8.90,1.424,48391864320,68719476736,95,13548126208
1790349010.286,0.199,3050766336,10.10,1.616,47418769408,68719476736,97,12343902208
1790349015.320,0.171,3050782720,8.40,1.344,49072373760,68719476736,98,14426832896
1790349020.390,0.315,3050766336,9.60,1.536,48272654336,68719476736,94,13589037056
1790349025.432,0.176,3050766336,9.40,1.504,47359639552,68719476736,97,12345245696
1790349030.473,0.185,3050766336,8.90,1.424,49282580480,68719476736,97,14339932160
1790349035.531,0.299,3050766336,10.00,1.600,48170352640,68719476736,95,13498073088
1790349040.587,0.180,3050766336,12.80,2.048,47520268288,68719476736,97,12684197888
1790349045.629,0.182,3050766336,8.60,1.376,49616699392,68719476736,97,14765555712
1790349050.688,0.341,3050782720,9.40,1.504,48297181184,68719476736,94,13512425472
1790349055.743,0.149,3050766336,9.10,1.456,47448440832,68719476736,98,12663160832
1790349060.780,0.206,3050766336,9.00,1.440,49583177728,68719476736,97,14930935808
1790349065.824,0.236,3050766336,8.90,1.424,48396255232,68719476736,96,13548126208
1790349070.878,0.216,3050766336,9.70,1.552,47444082688,68719476736,97,12640878592
1790349075.907,0.207,3050766336,8.40,1.344,49075716096,68719476736,97,14338195456
1790349080.959,0.312,3050782720,12.40,1.984,48153509888,68719476736,95,13421264896
1790349085.987,0.156,3050766336,9.90,1.584,47496298496,68719476736,98,12762136576
1790349091.030,0.211,3050766336,9.70,1.552,48907468800,68719476736,97,14153121792
1790349096.080,0.309,3050766336,9.10,1.456,47446523904,68719476736,95,12431605760
1790349101.118,0.128,3050766336,9.10,1.456,47537700864,68719476736,98,12773687296
1790349106.159,0.226,3050782720,8.60,1.376,49451876352,68719476736,96,14716502016
1790349111.217,0.252,3050766336,9.20,1.472,48373923840,68719476736,96,13556793344
1790349116.270,0.206,3050766336,9.20,1.472,47364161536,68719476736,97,12337610752
1790349121.297,0.128,3050766336,9.00,1.440,47597207552,68719476736,98,12654182400
1790349126.336,0.317,3050766336,9.30,1.488,48468754432,68719476736,94,13682950144
1790349131.386,0.214,3050766336,9.00,1.440,47354920960,68719476736,97,12331106304
1790349136.423,0.163,3050766336,8.40,1.344,49355309056,68719476736,98,14325891072
1790349141.481,0.321,3050766336,9.40,1.504,48320692224,68719476736,94,13599473664
1790349146.539,0.193,3050766336,9.50,1.520,47420899328,68719476736,97,12676546560
1790349151.580,0.206,3050766336,8.80,1.408,49103978496,68719476736,97,14347141120
1790349156.630,0.320,3050766336,9.50,1.520,48241000448,68719476736,94,13474217984
1790349161.660,0.140,3050766336,9.70,1.552,47463628800,68719476736,98,12712099840
1790349166.693,0.236,3050766336,8.70,1.392,49193156608,68719476736,96,14441152512
1790349171.729,0.308,3050766336,9.60,1.536,48130736128,68719476736,95,13424541696
1790349176.750,0.112,3050766336,9.00,1.440,47398060032,68719476736,98,12638126080
1790349181.779,0.231,3050766336,10.60,1.696,49111252992,68719476736,96,14154678272
1790349186.814,0.294,3050766336,9.70,1.552,47545237504,68719476736,95,12748734464
1790349191.849,0.150,3050766336,9.10,1.456,47413198848,68719476736,98,12684722176
1790349196.886,0.247,3050766336,8.30,1.328,48347496448,68719476736,96,13602078720
1790349201.922,0.258,3050766336,9.50,1.520,47404449792,68719476736,96,12328763392
1790349206.958,0.135,3050766336,9.00,1.440,47464300544,68719476736,98,12630196224
1790349211.989,0.318,3050766336,8.90,1.424,48274554880,68719476736,94,13518733312
1790349217.046,0.207,3050766336,9.60,1.536,47389442048,68719476736,97,12315656192
1790349222.079,0.185,3050766336,8.80,1.408,49468391424,68719476736,97,14403993600
1790349227.136,0.249,3050766336,8.20,1.312,48161292288,68719476736,96,13433618432
1790349232.186,0.239,3050766336,10.30,1.648,47472328704,68719476736,96,12696535040
1790349237.213,0.137,3050766336,9.30,1.488,47724167168,68719476736,98,12726108160
1790349242.240,0.263,3050766336,8.50,1.360,48557555712,68719476736,95,13288554496
1790349247.264,0.263,3050766336,10.70,1.712,47590113280,68719476736,96,12704595968
1790349252.291,0.144,3050766336,9.20,1.472,47552462848,68719476736,98,12724142080
1790349257.312,0.281,3050766336,8.60,1.376,48453386240,68719476736,95,13628456960
1790349262.341,0.237,3050766336,9.40,1.504,47534669824,68719476736,96,12701253632
1790349267.364,0.152,3050766336,9.00,1.440,47881682944,68719476736,98,12669550592
1790349272.395,0.215,3050766336,9.10,1.456,49410260992,68719476736,96,14581088256
1790349277.422,0.302,3050766336,9.20,1.472,47506554880,68719476736,95,12675956736
1790349282.442,0.148,3050766336,9.00,1.440,47491366912,68719476736,98,12659097600
1790349287.472,0.220,3050782720,8.50,1.360,49170972672,68719476736,96,14319599616
1790349292.500,0.299,3050766336,9.90,1.584,47535718400,68719476736,95,12681478144
1790349297.529,0.138,3050766336,9.30,1.488,47781691392,68719476736,98,13050658816
1790349302.552,0.303,3050766336,8.60,1.376,48470392832,68719476736,95,13414629376
1790349307.584,0.224,3050766336,10.40,1.664,47625437184,68719476736,96,12681363456
1790349312.609,0.135,3050766336,8.90,1.424,49095393280,68719476736,98,12674777088
1790349317.640,0.297,3050766336,8.80,1.408,48478093312,68719476736,95,13607993344
1790349322.680,0.229,3050766336,9.50,1.520,47559737344,68719476736,96,12684115968
1790349327.703,0.137,3050766336,8.90,1.424,49287168000,68719476736,98,14135869440
1790349332.728,0.291,3050782720,9.10,1.456,48471310336,68719476736,95,13587775488
1790349337.764,0.217,3050766336,10.00,1.600,47561932800,68719476736,96,12691980288
1790349342.797,0.177,3050766336,8.60,1.376,49324834816,68719476736,97,14182350848
1790349347.839,0.299,3050782720,9.30,1.488,48396058624,68719476736,95,13239287808
1790349352.890,0.205,3050782720,9.70,1.552,47527133184,68719476736,97,12707921920
1790349357.922,0.156,3050766336,8.60,1.376,49607065600,68719476736,98,14925250560
1790349362.980,0.343,3050766336,9.30,1.488,48479600640,68719476736,94,13227950080
1790349368.036,0.177,3050782720,9.50,1.520,47573827584,68719476736,97,12673646592
1790349373.064,0.137,3050766336,9.20,1.472,47530934272,68719476736,98,12684017664
1790349378.093,0.325,3050782720,13.90,2.224,48423829504,68719476736,94,13539655680
1790349383.139,0.187,3050766336,9.20,1.472,47580561408,68719476736,97,12682690560
1790349388.173,0.150,3050766336,9.10,1.456,47575646208,68719476736,98,12688605184
1790349393.202,0.243,3050766336,9.50,1.520,48932831232,68719476736,96,14166786048
1790349398.235,0.292,3050766336,10.00,1.600,47631564800,68719476736,95,12699860992
1790349403.274,0.140,3050766336,8.70,1.392,47553691648,68719476736,98,12718080000
1790349408.307,0.238,3050782720,8.80,1.408,48675749888,68719476736,96,13823901696
1790349413.329,0.286,3050766336,9.30,1.488,47556231168,68719476736,95,12699648000
1790349418.359,0.142,3050766336,8.80,1.408,47814148096,68719476736,98,12703973376
1790349423.394,0.238,3050766336,9.20,1.472,49177395200,68719476736,96,14187413504
1790349428.429,0.282,3050766336,9.60,1.536,47619178496,68719476736,95,12691832832
1790349433.455,0.133,3050766336,8.60,1.376,47560032256,68719476736,98,12367773696
1790349438.484,0.277,3050766336,8.70,1.392,48506667008,68719476736,95,13632700416
1790349443.530,0.246,3050766336,9.90,1.584,47538405376,68719476736,96,12676136960
1790349448.555,0.147,3050766336,8.80,1.408,47532244992,68719476736,98,12331008000
1790349453.586,0.313,3050766336,8.60,1.376,48511877120,68719476736,94,13362216960
1790349458.629,0.222,3050766336,9.90,1.584,47568076800,68719476736,96,12702531584
1790349463.660,0.139,3050766336,8.60,1.376,47657304064,68719476736,98,12797001728
1790349468.695,0.232,3050766336,8.80,1.408,49269473280,68719476736,96,14056521728
1790349473.719,0.303,3050766336,9.60,1.536,47802859520,68719476736,95,12651626496
1790349478.746,0.138,3050766336,8.90,1.424,47753756672,68719476736,98,12684312576
1790349483.785,0.217,3050766336,8.90,1.424,49528438784,68719476736,96,14557937664
1790349488.838,0.254,3050766336,10.10,1.616,48400875520,68719476736,96,13487669248
1790349493.870,0.222,3050782720,9.10,1.456,47535898624,68719476736,97,12668387328
1790349498.908,0.147,3050766336,9.00,1.440,47843573760,68719476736,98,12990447616
1790349503.936,0.225,3050782720,9.20,1.472,49360355328,68719476736,96,14491189248
1790349508.964,0.306,3050766336,9.30,1.488,47542321152,68719476736,95,12671008768
1790349513.988,0.144,3050766336,8.90,1.424,47544008704,68719476736,98,12677447680
1790349519.019,0.241,3050766336,9.40,1.504,48457400320,68719476736,96,13656276992
1790349524.039,0.263,3050766336,9.70,1.552,48369106944,68719476736,96,13529202688
1790349529.077,0.146,3050766336,9.00,1.440,47588409344,68719476736,98,12737871872
1790349534.112,0.206,3050766336,9.50,1.520,49289019392,68719476736,97,14414594048
1790349539.147,0.315,3050766336,8.90,1.424,48494067712,68719476736,95,13147602944
1790349544.190,0.153,3050766336,9.20,1.472,47733800960,68719476736,98,12699648000
1790349549.220,0.140,3050782720,9.40,1.504,47732899840,68719476736,98,12798935040
1790349554.252,0.320,3050766336,8.80,1.408,48699441152,68719476736,94,13461569536
1790349559.305,0.206,3050766336,9.30,1.488,47541256192,68719476736,97,12362989568
1790349564.327,0.171,3050766336,9.50,1.520,49612537856,68719476736,98,14687748096
1790349569.359,0.352,3050766336,9.40,1.504,47601860608,68719476736,93,12697960448
1790349574.388,0.150,3050766336,9.50,1.520,47529033728,68719476736,98,12348604416
1790349579.425,0.252,3050766336,9.00,1.440,48485711872,68719476736,96,13436780544
1790349584.453,0.286,3050782720,9.50,1.520,47587557376,68719476736,95,12689375232
1790349589.478,0.135,3050782720,9.80,1.568,47636381696,68719476736,98,12669599744
1790349594.510,0.264,3050782720,9.20,1.472,49020387328,68719476736,95,14036484096
1790349599.531,0.295,3050782720,9.70,1.552,47749627904,68719476736,95,12670861312
1790349604.561,0.142,3050766336,9.30,1.488,47727296512,68719476736,98,12638273536
1790349609.585,0.259,3050782720,9.60,1.536,48614293504,68719476736,95,13586317312
1790349614.619,0.275,3050766336,9.40,1.504,47664971776,68719476736,95,12668387328
1790349619.646,0.145,3050766336,9.10,1.456,47653765120,68719476736,98,12662374400
1790349624.682,0.262,3050782720,9.40,1.504,48784998400,68719476736,96,13793345536
1790349629.706,0.253,3050782720,9.00,1.440,47629107200,68719476736,96,12664619008
1790349634.742,0.140,3050782720,8.70,1.392,48328441856,68719476736,98,13000458240
1790349639.776,0.238,3050766336,8.90,1.424,49361403904,68719476736,96,14378303488
1790349644.827,0.317,3050766336,9.90,1.584,47535013888,68719476736,94,12298174464
1790349649.850,0.134,3050766336,8.80,1.408,47517761536,68719476736,98,12650414080
1790349654.873,0.309,3050766336,8.60,1.376,48265347072,68719476736,94,13398245376
1790349659.911,0.236,3050766336,9.30,1.488,47712518144,68719476736,96,12726403072
1790349664.941,0.131,3050766336,9.00,1.440,49181622272,68719476736,98,13918945280
1790349669.975,0.337,3050766336,8.90,1.424,48435658752,68719476736,94,13502283776
1790349675.013,0.177,3050782720,8.90,1.424,47643852800,68719476736,97,12777897984
1790349680.044,0.141,3050766336,13.10,2.096,49442537472,68719476736,98,12328206336
1790349685.080,0.255,3050766336,12.50,2.000,48879599616,68719476736,96,14005354496
1790349690.115,0.247,3050766336,9.00,1.440,48432742400,68719476736,96,13565902848
1790349695.162,0.184,3050766336,10.30,1.648,48099573760,68719476736,97,12977389568
1790349700.191,0.266,3050766336,12.20,1.952,49905041408,68719476736,96,14798340096
1790349705.219,0.290,3050766336,9.40,1.504,47736193024,68719476736,95,12674662400
1790349710.256,0.130,3050766336,9.00,1.440,47553593344,68719476736,99,12651134976
1790349715.288,0.284,3050782720,8.30,1.328,48577134592,68719476736,95,13784334336
1790349720.343,0.247,3050766336,18.70,2.992,47827107840,68719476736,96,13062619136
1790349725.374,0.133,3050766336,10.60,1.696,47643918336,68719476736,98,12656377856
1790349730.405,0.306,3050766336,8.50,1.360,48563666944,68719476736,94,13618446336
1790349735.459,0.231,3050766336,9.30,1.488,47639625728,68719476736,96,12734840832
1790349740.491,0.147,3050766336,9.70,1.552,47561621504,68719476736,98,12653953024
1790349745.522,0.305,3050766336,8.70,1.392,48497934336,68719476736,95,13597622272
1790349750.578,0.235,3050766336,9.20,1.472,47533735936,68719476736,96,12633047040
1790349755.615,0.153,3050766336,8.70,1.392,49290166272,68719476736,98,14410792960
1790349760.651,0.302,3050766336,9.00,1.440,48597090304,68719476736,95,13723516928
1790349765.692,0.217,3050782720,9.30,1.488,47576809472,68719476736,97,12680036352
1790349770.725,0.157,3050782720,9.20,1.472,49323458560,68719476736,98,14089175040
1790349775.766,0.295,3050766336,8.90,1.424,48487317504,68719476736,95,13573668864
1790349780.810,0.235,3050782720,9.40,1.504,47789850624,68719476736,96,13044383744
1790349785.847,0.153,3050766336,8.20,1.312,49352704000,68719476736,98,14064533504
1790349790.901,0.312,3050782720,9.10,1.456,48492773376,68719476736,94,13334020096
1790349795.950,0.218,3050782720,8.90,1.424,47562473472,68719476736,97,12676284416
1790349800.981,0.139,3050766336,8.60,1.376,47581380608,68719476736,98,12695977984
1790349806.015,0.223,3050766336,9.00,1.440,49449893888,68719476736,96,14271987712
1790349811.062,0.318,3050766336,9.20,1.472,48361668608,68719476736,95,13448167424
1790349816.084,0.138,3050766336,8.20,1.312,47558311936,68719476736,98,12652429312
1790349821.124,0.231,3050766336,8.90,1.424,49303388160,68719476736,96,14395228160
1790349826.171,0.304,3050766336,9.10,1.456,47577628672,68719476736,95,12671041536
1790349831.209,0.145,3050766336,8.60,1.376,47582986240,68719476736,98,12670959616
1790349836.240,0.231,3050766336,9.20,1.472,49376264192,68719476736,96,14611660800
1790349841.282,0.315,3050766336,10.00,1.600,47968763904,68719476736,95,13453852672
1790349846.306,0.136,3050766336,8.50,1.360,47643410432,68719476736,98,12674826240
1790349851.346,0.240,3050766336,9.20,1.472,49016389632,68719476736,96,14275002368
1790349856.400,0.295,3050766336,9.50,1.520,48382197760,68719476736,95,13516963840
1790349861.431,0.155,3050766336,8.90,1.424,47550676992,68719476736,98,12683821056
1790349866.473,0.218,3050766336,9.00,1.440,49298604032,68719476736,96,14460256256
1790349871.524,0.326,3050766336,8.90,1.424,47542140928,68719476736,94,12684115968
1790349876.557,0.141,3050766336,9.60,1.536,47577612288,68719476736,98,12379340800
1790349881.591,0.269,3050766336,8.40,1.344,48515973120,68719476736,95,13646856192
1790349886.649,0.256,3050766336,8.90,1.424,47572451328,68719476736,96,12695912448
1790349891.679,0.153,3050782720,9.10,1.456,47608152064,68719476736,98,12368969728
1790349896.706,0.284,3050799104,8.90,1.424,48650928128,68719476736,95,13486964736
1790349901.740,0.253,3050782720,9.20,1.472,47763488768,68719476736,96,12683984896
1790349906.781,0.146,3050782720,8.20,1.312,49410736128,68719476736,98,12682461184
1790349911.847,0.317,3050782720,9.90,1.584,48472473600,68719476736,94,13554434048
1790349916.903,0.201,3050782720,9.10,1.456,47587524608,68719476736,97,12672172032
1790349921.941,0.163,3050782720,8.60,1.376,49413963776,68719476736,98,14507868160
1790349926.995,0.291,3050782720,8.70,1.392,48464232448,68719476736,95,13543079936
1790349932.044,0.228,3050782720,8.80,1.408,47604367360,68719476736,96,12685295616
1790349937.084,0.149,3050782720,8.50,1.360,49362370560,68719476736,98,14450065408
1790349942.125,0.236,3050782720,9.00,1.440,48914120704,68719476736,96,14037958656
1790349947.153,0.286,3050799104,9.00,1.440,47599927296,68719476736,95,12703612928
1790349952.185,0.159,3050782720,8.80,1.408,47545401344,68719476736,98,12682543104
1790349957.212,0.235,3050782720,9.50,1.520,49495572480,68719476736,96,14758297600
1790349962.249,0.255,3050782720,9.10,1.456,48598974464,68719476736,96,13217366016
1790349967.297,0.202,3050782720,8.70,1.392,47644262400,68719476736,97,12701155328
1790349972.339,0.175,3050782720,9.30,1.488,49101193216,68719476736,97,14234124288
1790349977.384,0.313,3050782720,9.60,1.536,48427859968,68719476736,95,13502382080
1790349982.438,0.197,3050799104,9.10,1.456,47510077440,68719476736,97,12371361792
1790349987.479,0.219,3050782720,9.20,1.472,49477009408,68719476736,97,14607974400
1790349992.523,0.317,3050782720,9.20,1.472,48379822080,68719476736,94,13507969024
1790349997.563,0.162,3050782720,8.90,1.424,47566766080,68719476736,97,12363546624
1790350002.594,0.236,3050782720,9.10,1.456,49147510784,68719476736,96,13990166528
1790350007.631,0.316,3050782720,9.30,1.488,47565291520,68719476736,95,12707938304
1790350012.656,0.135,3050782720,8.70,1.392,47549120512,68719476736,98,12690718720
1790350017.691,0.222,3050782720,17.40,2.784,49986912256,68719476736,96,14945140736
1790350022.741,0.316,3050782720,11.20,1.792,47917744128,68719476736,95,12654034944
1790350027.767,0.148,3050782720,8.20,1.312,47883862016,68719476736,98,12679249920
1790350032.809,0.190,3050782720,9.30,1.488,49546149888,68719476736,97,14390329344
1790350037.851,0.307,3050799104,9.00,1.440,48724803584,68719476736,95,13596262400
1790350042.877,0.187,3050782720,9.10,1.456,48097935360,68719476736,97,12973686784
1790350047.919,0.196,3050799104,8.60,1.376,50143592448,68719476736,97,15011758080
1790350052.962,0.346,3050799104,9.30,1.488,48637345792,68719476736,94,13531119616
1790350057.991,0.150,3050799104,8.30,1.328,47714484224,68719476736,98,12626296832
1790350063.035,0.163,3050782720,9.20,1.472,49561288704,68719476736,98,14459600896
1790350068.075,0.222,3050782720,8.90,1.424,49478811648,68719476736,96,14118289408
1790350073.095,0.306,3050799104,8.70,1.392,47790440448,68719476736,95,12657049600
1790350078.124,0.134,3050782720,9.20,1.472,48035889152,68719476736,98,13047185408
1790350083.160,0.240,3050782720,8.60,1.376,49491148800,68719476736,96,14331019264
1790350088.195,0.302,3050782720,9.60,1.536,47717105664,68719476736,95,12314918912
1790350093.226,0.130,3050782720,9.00,1.440,47721873408,68719476736,98,12657803264
1790350098.263,0.219,3050782720,10.20,1.632,49490313216,68719476736,96,14419066880
1790350103.318,0.328,3050782720,9.50,1.520,47719219200,68719476736,94,12357009408
1790350108.349,0.144,3050799104,13.60,2.176,47747448832,68719476736,98,12354420736
1790350113.375,0.234,3050782720,9.20,1.472,49242324992,68719476736,96,14122188800
1790350118.394,0.249,3050782720,9.20,1.472,48660217856,68719476736,96,13531791360
1790350123.425,0.201,3050782720,9.00,1.440,47777234944,68719476736,97,12350455808
1790350128.451,0.153,3050782720,8.80,1.408,47827468288,68719476736,98,12705497088
1790350133.475,0.262,3050782720,9.40,1.504,48992485376,68719476736,96,13861732352
1790350138.501,0.301,3050782720,9.80,1.568,48331636736,68719476736,95,12685295616
1790350143.528,0.147,3050782720,9.90,1.584,49690853376,68719476736,98,14443741184
1790350148.561,0.298,3050782720,9.30,1.488,48736698368,68719476736,95,13576536064
1790350153.598,0.232,3050782720,9.90,1.584,47771598848,68719476736,96,12678742016
1790350158.625,0.141,3050782720,8.60,1.376,47744319488,68719476736,98,12660097024
1790350163.652,0.289,3050782720,8.90,1.424,48814866432,68719476736,95,13747470336
1790350168.684,0.260,3050782720,9.40,1.504,47782150144,68719476736,96,12678692864
1790350173.717,0.145,3050782720,9.00,1.440,48296738816,68719476736,98,13390168064
1790350178.748,0.296,3050782720,9.20,1.472,49140482048,68719476736,95,14308589568
1790350183.793,0.252,3050799104,9.40,1.504,47705653248,68719476736,96,12693307392
1790350188.823,0.149,3050799104,9.20,1.472,47911403520,68719476736,98,12647202816
1790350193.855,0.314,3050766336,9.70,1.552,47477112832,68719476736,92,12343918592
1790350198.905,0.001,3050749952,12.00,1.920,45082460160,68719476736,0,661192704
1790350203.941,0.001,3050749952,19.00,3.040,41727492096,68719476736,0,361463808
1790350208.975,0.001,3050749952,18.30,2.928,41453584384,68719476736,0,341671936
1790350214.014,0.001,3050749952,9.40,1.504,41368092672,68719476736,0,293699584
1790350219.058,0.001,3050749952,9.60,1.536,41351118848,68719476736,0,361463808
1790350224.116,0.001,3050749952,10.50,1.680,41366405120,68719476736,0,361463808
1790350229.174,0.100,3050799104,27.60,4.416,49145577472,68719476736,99,14113013760
1790350234.207,0.316,3050782720,8.40,1.344,48362749952,68719476736,94,13635338240
1790350239.252,0.207,3050782720,9.60,1.536,47442427904,68719476736,97,12649906176
1790350244.277,0.157,3050782720,9.20,1.472,49174446080,68719476736,98,14387298304
1790350249.310,0.242,3050782720,9.20,1.472,48570023936,68719476736,96,13813006336
1790350254.334,0.285,3050782720,9.40,1.504,47380070400,68719476736,95,12627476480
1790350259.369,0.156,3050782720,9.00,1.440,49452531712,68719476736,98,14362427392
1790350264.403,0.332,3050782720,9.10,1.456,48488185856,68719476736,94,13567377408
1790350269.446,0.184,3050782720,10.50,1.680,47585968128,68719476736,97,12611846144
1790350274.473,0.173,3050782720,10.80,1.728,49379278848,68719476736,97,14435647488
1790350279.511,0.298,3050782720,9.30,1.488,48548528128,68719476736,95,13595901952
1790350284.553,0.201,3050782720,10.50,1.680,47608545280,68719476736,97,12676268032
1790350289.596,0.192,3050782720,8.60,1.376,49315790848,68719476736,97,14373453824
1790350294.650,0.346,3050799104,9.30,1.488,48391536640,68719476736,94,13430784000
1790350299.673,0.133,3050782720,8.80,1.408,47617392640,68719476736,98,12342460416
1790350304.701,0.217,3050782720,8.70,1.392,49260281856,68719476736,96,14307737600
1790350309.731,0.260,3050782720,8.80,1.408,48564174848,68719476736,96,13624655872
1790350314.769,0.172,3050782720,9.00,1.440,47648587776,68719476736,97,12686540800
1790350319.806,0.173,3050782720,8.90,1.424,49139548160,68719476736,97,13775929344
1790350324.858,0.285,3050782720,9.30,1.488,48720609280,68719476736,95,13688979456
1790350329.895,0.214,3050782720,11.40,1.824,47780528128,68719476736,97,12738265088
1790350334.917,0.135,3050782720,13.20,2.112,47762489344,68719476736,98,12378488832
1790350339.948,0.303,3050782720,9.20,1.472,48647815168,68719476736,95,13349879808
1790350344.999,0.204,3050782720,9.70,1.552,47754985472,68719476736,97,12707577856
1790350350.021,0.148,3050799104,9.70,1.552,47752314880,68719476736,98,12692537344
1790350355.052,0.200,3050799104,8.90,1.424,49636229120,68719476736,97,14583889920
1790350360.108,0.243,3050782720,9.20,1.472,48727490560,68719476736,96,13689176064
1790350365.156,0.237,3050782720,9.10,1.456,47693955072,68719476736,96,12624986112
1790350370.193,0.127,3050782720,9.80,1.568,47692873728,68719476736,98,12606668800
1790350375.230,0.253,3050782720,9.50,1.520,49052827648,68719476736,96,13996081152
1790350380.263,0.261,3050782720,9.00,1.440,48692625408,68719476736,96,13818118144
1790350385.305,0.157,3050799104,10.10,1.616,47753478144,68719476736,98,12607995904
1790350390.342,0.191,3050799104,9.60,1.536,49085906944,68719476736,97,14043086848
1790350395.403,0.301,3050782720,9.00,1.440,48580165632,68719476736,95,13574537216
1790350400.454,0.169,3050782720,12.90,2.064,47685795840,68719476736,97,12638797824
1790350405.495,0.201,3050782720,9.20,1.472,49321328640,68719476736,97,13973438464
1790350410.547,0.322,3050782720,9.20,1.472,48512614400,68719476736,95,13486178304
1790350415.580,0.136,3050782720,8.80,1.408,47681388544,68719476736,98,12654280704
1790350420.623,0.242,3050782720,9.20,1.472,48677797888,68719476736,96,13312212992
1790350425.647,0.258,3050782720,8.70,1.392,47694053376,68719476736,96,12338905088
1790350430.676,0.136,3050782720,8.70,1.392,47730180096,68719476736,98,12703088640
1790350435.706,0.281,3050815488,9.10,1.456,48655761408,68719476736,95,13643874304
1790350440.760,0.252,3050799104,9.50,1.520,47923232768,68719476736,96,12754255872
1790350445.790,0.136,3050799104,9.00,1.440,47763701760,68719476736,98,12400279552
1790350450.822,0.286,3050799104,10.10,1.616,48741040128,68719476736,95,13676462080
1790350455.865,0.247,3050782720,10.50,1.680,47700361216,68719476736,96,12694077440
1790350460.891,0.128,3050782720,9.00,1.440,47719088128,68719476736,98,12677611520
1790350465.919,0.253,3050782720,10.10,1.616,48814538752,68719476736,96,13782466560
1790350470.948,0.282,3050782720,8.80,1.408,47702147072,68719476736,95,12682395648
1790350475.979,0.136,3050782720,9.00,1.440,47703080960,68719476736,98,12680183808
1790350481.007,0.251,3050799104,9.10,1.456,48462626816,68719476736,96,13437321216
1790350486.044,0.264,3050799104,9.10,1.456,47715155968,68719476736,96,12693159936
1790350491.072,0.151,3050799104,9.70,1.552,47739764736,68719476736,98,12687245312
1790350496.106,0.227,3050782720,9.70,1.552,49612177408,68719476736,96,14574223360
1790350501.135,0.298,3050799104,9.00,1.440,47960276992,68719476736,95,13077331968
1790350506.164,0.152,3050782720,9.10,1.456,47793733632,68719476736,98,12675006464
1790350511.192,0.304,3050799104,9.50,1.520,48762175488,68719476736,94,13385809920
1790350516.223,0.215,3050782720,9.20,1.472,47714844672,68719476736,97,12656689152
1790350521.250,0.142,3050782720,8.90,1.424,47783837696,68719476736,98,12697190400
1790350526.274,0.311,3050782720,9.60,1.536,48751509504,68719476736,94,13370474496
1790350531.301,0.234,3050782720,9.30,1.488,47681912832,68719476736,96,12362498048
1790350536.337,0.144,3050782720,8.80,1.408,49837686784,68719476736,98,14772748288
1790350541.377,0.297,3050782720,9.20,1.472,48664313856,68719476736,95,13602111488
1790350546.407,0.226,3050782720,9.20,1.472,47731605504,68719476736,96,12354486272
1790350551.437,0.178,3050782720,9.20,1.472,47578251264,68719476736,98,12278071296
1790350556.467,0.279,3050782720,8.70,1.392,48722132992,68719476736,95,13706952704
1790350561.514,0.229,3050799104,9.30,1.488,48231464960,68719476736,96,13022674944
1790350566.547,0.145,3050782720,9.20,1.472,47814967296,68719476736,98,12703678464
1790350571.578,0.297,3050782720,8.50,1.360,48795189248,68719476736,95,13752451072
1790350576.636,0.214,3050782720,10.00,1.600,47740993536,68719476736,97,12690817024
1790350581.671,0.138,3050782720,9.50,1.520,47744466944,68719476736,98,12690522112
1790350586.715,0.195,3050782720,8.60,1.376,49472323584,68719476736,97,14417313792
1790350591.770,0.306,3050782720,9.50,1.520,48618029056,68719476736,95,13552336896
1790350596.826,0.174,3050782720,9.50,1.520,47751823360,68719476736,97,12694749184
1790350601.863,0.221,3050782720,8.70,1.392,49169334272,68719476736,96,14133051392
1790350606.920,0.293,3050782720,9.20,1.472,48613736448,68719476736,95,13583253504
1790350611.963,0.156,3050782720,9.00,1.440,47756902400,68719476736,98,12705087488
1790350617.007,0.219,3050782720,8.90,1.424,49734959104,68719476736,96,14499921920
1790350622.054,0.313,3050782720,9.30,1.488,48023732224,68719476736,95,12790054912
1790350627.085,0.141,3050782720,9.10,1.456,47787802624,68719476736,98,12696846336
1790350632.129,0.261,3050799104,8.60,1.376,48675831808,68719476736,95,13630668800
1790350637.179,0.242,3050782720,10.00,1.600,47724118016,68719476736,96,12356747264
1790350642.218,0.165,3050782720,9.00,1.440,49468555264,68719476736,97,14425014272
1790350647.276,0.225,3050782720,8.60,1.376,48703127552,68719476736,96,13677445120
1790350652.330,0.261,3050782720,9.90,1.584,47683452928,68719476736,96,12367249408
1790350657.367,0.143,3050782720,9.20,1.472,47705030656,68719476736,98,12392497152
1790350662.401,0.208,3050782720,8.60,1.376,49516036096,68719476736,97,14459650048
1790350667.460,0.288,3050782720,9.00,1.440,48576151552,68719476736,95,13529481216
1790350672.505,0.180,3050782720,10.40,1.664,47769387008,68719476736,97,12703252480
1790350677.547,0.175,3050782720,9.00,1.440,49814716416,68719476736,97,14900936704
1790350682.596,0.315,3050799104,9.30,1.488,48864493568,68719476736,94,13666615296
1790350687.647,0.188,3050782720,8.80,1.408,47815622656,68719476736,97,12705857536
1790350692.678,0.147,3050782720,9.50,1.520,48153067520,68719476736,98,12662390784
1790350697.708,0.305,3050782720,9.80,1.568,48631087104,68719476736,95,13565771776
1790350702.761,0.216,3050782720,10.80,1.728,47847047168,68719476736,97,12772032512
1790350707.795,0.184,3050782720,8.50,1.360,49553571840,68719476736,97,14507606016
1790350712.857,0.300,3050782720,9.40,1.504,48605003776,68719476736,95,13550616576
1790350717.902,0.182,3050782720,9.00,1.440,47761473536,68719476736,97,12694011904
1790350722.943,0.189,3050782720,8.70,1.392,49483874304,68719476736,97,14094794752
1790350727.996,0.288,3050799104,9.00,1.440,48539090944,68719476736,95,13470859264
1790350733.051,0.157,3050782720,9.20,1.472,47764930560,68719476736,98,12718931968
1790350738.078,0.160,3050782720,8.70,1.392,47941746688,68719476736,98,12759154688
1790350743.108,0.278,3050799104,9.60,1.536,48530980864,68719476736,95,13120831488
1790350748.155,0.243,3050799104,9.60,1.536,47758229504,68719476736,96,12716310528
1790350753.189,0.179,3050782720,8.90,1.424,49216536576,68719476736,97,14227062784
1790350758.240,0.314,3050799104,9.70,1.552,48553558016,68719476736,95,13212827648
1790350763.287,0.160,3050799104,9.40,1.504,47716990976,68719476736,98,12719226880
1790350768.330,0.194,3050782720,8.70,1.392,49776295936,68719476736,97,14759591936
1790350773.380,0.348,3050782720,9.90,1.584,48489037824,68719476736,94,13485129728
1790350778.406,0.140,3050782720,8.70,1.392,47701786624,68719476736,98,12696862720
1790350783.438,0.235,3050782720,8.60,1.376,49180524544,68719476736,96,14173224960
1790350788.476,0.305,3050782720,9.60,1.536,47749988352,68719476736,95,12691439616
1790350793.515,0.143,3050782720,10.00,1.600,47751004160,68719476736,98,12720324608
1790350798.540,0.249,3050782720,9.10,1.456,49114595328,68719476736,96,13823262720
1790350803.566,0.294,3050782720,9.30,1.488,47859679232,68719476736,95,12682264576
1790350808.602,0.139,3050799104,8.90,1.424,47764160512,68719476736,98,12679954432
1790350813.635,0.268,3050799104,8.80,1.408,48635822080,68719476736,95,13621952512
1790350818.685,0.237,3050799104,9.40,1.504,48532455424,68719476736,96,13544423424
1790350823.709,0.149,3050799104,9.70,1.552,47691857920,68719476736,98,12654739456
1790350828.734,0.257,3050782720,8.90,1.424,48624041984,68719476736,95,13272694784
1790350833.768,0.237,3050782720,8.90,1.424,47660466176,68719476736,96,12640862208
1790350838.802,0.123,3050782720,9.40,1.504,49138679808,68719476736,98,12653576192
1790350843.832,0.286,3050782720,8.60,1.376,48677437440,68719476736,95,13373964288
1790350848.886,0.241,3050782720,9.60,1.536,47604449280,68719476736,96,12307333120
1790350853.917,0.152,3050782720,8.70,1.392,49665032192,68719476736,98,14708932608
1790350858.955,0.301,3050782720,9.00,1.440,48731914240,68719476736,95,13539704832
1790350863.991,0.218,3050782720,9.30,1.488,47711895552,68719476736,97,12323520512
1790350869.025,0.136,3050782720,8.20,1.312,49094279168,68719476736,98,14063124480
1790350874.074,0.293,3050782720,9.30,1.488,48718610432,68719476736,95,13706313728
1790350879.126,0.227,3050782720,9.40,1.504,47683059712,68719476736,96,12676284416
1790350884.154,0.153,3050782720,8.90,1.424,49600675840,68719476736,98,14716649472
1790350889.194,0.301,3050782720,9.70,1.552,48449011712,68719476736,95,13425377280
1790350894.247,0.212,3050782720,9.30,1.488,47807971328,68719476736,97,12782518272
1790350899.281,0.140,3050782720,8.30,1.328,47720775680,68719476736,98,12701958144
1790350904.308,0.234,3050782720,9.30,1.488,48928178176,68719476736,96,14079033344
1790350909.337,0.282,3050782720,9.10,1.456,47712075776,68719476736,95,12687671296
1790350914.368,0.138,3050782720,8.60,1.376,47696379904,68719476736,98,12673531904
1790350919.407,0.220,3050782720,9.30,1.488,49848598528,68719476736,97,14670692352
1790350924.453,0.252,3050782720,9.60,1.536,48893902848,68719476736,96,13736558592
1790350929.484,0.234,3050782720,9.40,1.504,47728427008,68719476736,96,12607815680
1790350934.506,0.166,3050799104,9.00,1.440,49813340160,68719476736,98,14413414400
1790350939.536,0.245,3050782720,9.00,1.440,48632315904,68719476736,96,13556940800
1790350944.563,0.267,3050799104,11.70,1.872,47629828096,68719476736,96,12610535424
1790350949.591,0.147,3050782720,9.90,1.584,47689793536,68719476736,98,12293275648
1790350954.616,0.242,3050782720,9.00,1.440,49093836800,68719476736,96,13862174720
1790350959.639,0.306,3050782720,9.10,1.456,47684354048,68719476736,95,12611878912
1790350964.666,0.127,3050782720,8.90,1.424,47796764672,68719476736,98,12744687616
1790350969.694,0.255,3050782720,8.60,1.376,48733192192,68719476736,96,13345488896
1790350974.723,0.265,3050782720,9.00,1.440,47651651584,68719476736,96,12313198592
1790350979.753,0.141,3050782720,9.30,1.488,47968305152,68719476736,98,12754731008
1790350984.773,0.301,3050782720,9.20,1.472,48703832064,68719476736,95,13569294336
1790350989.804,0.235,3050799104,9.20,1.472,47749971968,68719476736,96,12659589120
1790350994.835,0.199,3050799104,8.60,1.376,49431445504,68719476736,97,14377533440
1790350999.885,0.331,3050782720,9.50,1.520,48543907840,68719476736,94,13493682176
1790351004.912,0.138,3050782720,9.20,1.472,47740600320,68719476736,98,12686639104
1790351009.943,0.209,3050799104,9.20,1.472,49391763456,68719476736,96,14340669440
1790351014.990,0.320,3050782720,9.70,1.552,48539271168,68719476736,95,13485883392
1790351020.016,0.142,3050782720,8.70,1.392,47795060736,68719476736,98,12741001216
1790351025.050,0.196,3050782720,8.90,1.424,49443225600,68719476736,97,14418149376
1790351030.100,0.255,3050782720,9.10,1.456,48626761728,68719476736,96,13585252352
1790351035.137,0.206,3050782720,9.20,1.472,47734620160,68719476736,97,12680036352
1790351040.170,0.164,3050782720,9.40,1.504,49738432512,68719476736,98,14453178368
1790351045.202,0.321,3050782720,9.40,1.504,48727703552,68719476736,94,13532495872
1790351050.241,0.176,3050782720,9.00,1.440,47809593344,68719476736,97,12699926528
1790351055.282,0.188,3050782720,9.70,1.552,49181048832,68719476736,97,13774946304
1790351060.319,0.256,3050782720,9.40,1.504,48804478976,68719476736,96,13389791232
1790351065.350,0.227,3050782720,9.30,1.488,47764537344,68719476736,97,12683919360
1790351070.384,0.145,3050782720,9.00,1.440,49834967040,68719476736,98,14779629568
1790351075.435,0.348,3050782720,9.40,1.504,48603004928,68719476736,94,13215268864
1790351080.464,0.180,3050782720,8.90,1.424,47704801280,68719476736,97,12349194240
1790351085.502,0.167,3050799104,9.20,1.472,49762156544,68719476736,98,14677196800
1790351090.558,0.288,3050782720,9.40,1.504,48660316160,68719476736,95,13553057792
1790351095.606,0.211,3050782720,9.40,1.504,47807201280,68719476736,97,12680183808
1790351100.648,0.156,3050782720,9.20,1.472,50167070720,68719476736,98,15229026304
1790351105.693,0.321,3050799104,9.30,1.488,48729358336,68719476736,94,13555744768
1790351110.724,0.195,3050799104,9.50,1.520,47789375488,68719476736,97,12695732224
1790351115.750,0.161,3050782720,8.60,1.376,49525211136,68719476736,98,14440660992
1790351120.787,0.305,3050782720,9.00,1.440,48718462976,68719476736,95,13626327040
1790351125.824,0.213,3050782720,9.10,1.456,48081698816,68719476736,97,12994510848
1790351130.861,0.146,3050782720,9.40,1.504,49932222464,68719476736,98,14867054592
1790351135.907,0.306,3050782720,8.90,1.424,48686432256,68719476736,95,13620740096
1790351140.961,0.205,3050782720,10.40,1.664,47820816384,68719476736,97,12712542208
1790351145.994,0.183,3050799104,9.50,1.520,49757503488,68719476736,97,14663172096
1790351151.052,0.242,3050782720,9.00,1.440,48863166464,68719476736,96,13811548160
1790351156.104,0.249,3050782720,9.50,1.520,47762784256,68719476736,96,12719341568
1790351161.142,0.135,3050782720,8.90,1.424,49792696320,68719476736,98,14864089088
1790351166.200,0.332,3050782720,8.70,1.392,48648093696,68719476736,94,13252673536
1790351171.251,0.188,3050782720,9.50,1.520,47758999552,68719476736,97,12706398208
1790351176.293,0.172,3050782720,9.30,1.488,49481908224,68719476736,97,14431485952
1790351181.347,0.295,3050782720,9.00,1.440,48723722240,68719476736,95,13335412736
1790351186.393,0.217,3050799104,9.40,1.504,47676063744,68719476736,97,12357124096
1790351191.435,0.179,3050799104,9.00,1.440,49535090688,68719476736,97,14487404544
1790351196.496,0.295,3050782720,10.20,1.632,48704700416,68719476736,95,13663830016
1790351201.544,0.201,3050782720,9.30,1.488,47707635712,68719476736,97,12642172928
1790351206.584,0.210,3050782720,9.20,1.472,49395236864,68719476736,97,14324465664
1790351211.636,0.323,3050782720,9.30,1.488,47711240192,68719476736,94,12649889792
1790351216.668,0.137,3050799104,9.50,1.520,47717040128,68719476736,98,12654133248
1790351221.701,0.214,3050782720,9.40,1.504,49622024192,68719476736,97,14356414464
1790351226.748,0.303,3050782720,9.20,1.472,47808512000,68719476736,95,12657901568
1790351231.786,0.156,3050782720,9.20,1.472,48063512576,68719476736,98,12984565760
1790351236.824,0.213,3050782720,9.00,1.440,50007326720,68719476736,97,14967832576
1790351241.866,0.310,3050782720,9.30,1.488,48502915072,68719476736,95,13481590784
1790351246.888,0.146,3050782720,8.80,1.408,47719350272,68719476736,98,12685279232
1790351251.925,0.211,3050782720,9.00,1.440,49436508160,68719476736,97,14112571392
1790351256.970,0.307,3050782720,9.60,1.536,47686385664,68719476736,95,12682805248
1790351261.996,0.141,3050782720,8.80,1.408,47684894720,68719476736,98,12664487936
1790351267.025,0.193,3050782720,9.10,1.456,49301716992,68719476736,97,14018936832
1790351272.066,0.341,3050782720,9.20,1.472,48409952256,68719476736,94,13135839232
1790351277.091,0.135,3050782720,9.20,1.472,48041689088,68719476736,98,13169655808
1790351282.130,0.231,3050782720,9.40,1.504,49645731840,68719476736,96,14435893248
1790351287.178,0.304,3050799104,9.00,1.440,48452927488,68719476736,95,13120864256
1790351292.204,0.133,3050782720,9.30,1.488,47644688384,68719476736,98,12349374464
1790351297.230,0.233,3050782720,9.00,1.440,48853663744,68719476736,96,13885423616
1790351302.265,0.270,3050782720,8.80,1.408,47715729408,68719476736,95,12686344192
1790351307.297,0.120,3050782720,8.90,1.424,47723593728,68719476736,98,12675776512
1790351312.335,0.199,3050782720,9.10,1.456,49652170752,68719476736,97,14603272192
1790351317.386,0.308,3050782720,8.80,1.408,48486236160,68719476736,95,13445873664
1790351322.437,0.158,3050782720,9.20,1.472,47738634240,68719476736,98,12695404544
1790351327.480,0.255,3050782720,10.10,1.616,48496050176,68719476736,95,13445611520
1790351332.514,0.283,3050782720,9.40,1.504,47836119040,68719476736,95,12784828416
1790351337.547,0.135,3050782720,9.10,1.456,47996387328,68719476736,98,13108510720
1790351342.581,0.262,3050782720,9.10,1.456,49053417472,68719476736,95,13871448064
1790351347.625,0.276,3050782720,9.60,1.536,47791751168,68719476736,96,12721127424
1790351352.660,0.144,3050782720,9.50,1.520,47739731968,68719476736,98,12697747456
1790351357.694,0.262,3050782720,9.70,1.552,48874897408,68719476736,95,13508919296
1790351362.745,0.270,3050782720,9.20,1.472,47724658688,68719476736,96,12673925120
1790351367.785,0.151,3050782720,9.20,1.472,47729246208,68719476736,98,12687327232
1790351372.817,0.259,3050799104,9.10,1.456,48794681344,68719476736,96,13434830848
1790351377.857,0.258,3050799104,9.10,1.456,47701442560,68719476736,96,12341919744
1790351382.891,0.147,3050782720,9.70,1.552,47720873984,68719476736,98,12684771328
1790351387.921,0.320,3050782720,9.10,1.456,48643702784,68719476736,94,13570195456
1790351392.962,0.214,3050782720,9.30,1.488,47724724224,68719476736,97,12344737792
1790351398.000,0.156,3050782720,8.60,1.376,50123407360,68719476736,98,15233482752
1790351403.057,0.381,3050782720,9.20,1.472,48713023488,68719476736,93,13481279488
1790351408.088,0.165,3050782720,9.10,1.456,47784099840,68719476736,98,12650070016
1790351413.124,0.195,3050782720,9.00,1.440,49176952832,68719476736,97,14088814592
1790351418.164,0.314,3050782720,9.60,1.536,47728082944,68719476736,95,12636651520
1790351423.187,0.145,3050799104,8.80,1.408,47738650624,68719476736,98,12643123200
1790351428.218,0.218,3050799104,8.90,1.424,49428447232,68719476736,96,14495514624
1790351433.250,0.310,3050782720,9.30,1.488,47751561216,68719476736,95,12657754112
1790351438.276,0.143,3050782720,8.60,1.376,47759835136,68719476736,98,12674826240
1790351443.307,0.248,3050782720,9.90,1.584,48534929408,68719476736,96,13432979456
1790351448.333,0.295,3050799104,9.20,1.472,47768223744,68719476736,95,12689375232
1790351453.368,0.138,3050799104,9.10,1.456,47715270656,68719476736,98,12677742592
1790351458.404,0.275,3050799104,8.80,1.408,49098588160,68719476736,95,13809582080
1790351463.449,0.291,3050799104,9.10,1.456,47785328640,68719476736,95,12345049088
1790351468.482,0.125,3050799104,9.10,1.456,47832350720,68719476736,98,12780535808
1790351473.503,0.236,3050799104,9.50,1.520,49274208256,68719476736,96,14239596544
1790351478.527,0.311,3050799104,8.80,1.408,48478060544,68719476736,95,13154353152
1790351483.556,0.134,3050799104,9.00,1.440,47685599232,68719476736,98,12365807616
1790351488.596,0.217,3050799104,8.50,1.360,49618812928,68719476736,96,14564425728
1790351493.650,0.278,3050799104,9.10,1.456,48628236288,68719476736,96,13600980992
1790351498.706,0.192,3050799104,9.70,1.552,48837689344,68719476736,97,13663436800
1790351503.743,0.146,3050799104,12.50,2.000,47860514816,68719476736,98,12569591808
1790351508.767,0.207,3050799104,9.60,1.536,49748115456,68719476736,97,14611300352
1790351513.810,0.270,3050799104,9.10,1.456,48344612864,68719476736,95,13513850880
1790351518.861,0.188,3050799104,15.10,2.416,47629926400,68719476736,97,12609273856
1790351523.902,0.182,3050799104,13.50,2.160,49690361856,68719476736,97,14728937472
1790351528.943,0.255,3050799104,9.00,1.440,48425107456,68719476736,96,13536083968
1790351533.978,0.263,3050799104,9.90,1.584,47468806144,68719476736,96,12609290240
1790351539.019,0.156,3050799104,8.20,1.312,48874668032,68719476736,98,14019444736
1790351544.075,0.232,3050799104,9.30,1.488,49068146688,68719476736,96,14202896384
1790351549.102,0.287,3050799104,8.90,1.424,47489974272,68719476736,95,12637880320
1790351554.133,0.142,3050799104,8.40,1.344,47587639296,68719476736,98,12730957824
1790351559.166,0.241,3050799104,8.80,1.408,48710451200,68719476736,96,14016544768
1790351564.196,0.294,3050799104,9.10,1.456,47513387008,68719476736,95,12656771072
1790351569.227,0.127,3050799104,9.40,1.504,47875571712,68719476736,98,12316082176
1790351574.260,0.318,3050799104,8.90,1.424,48525983744,68719476736,94,13693698048
1790351579.312,0.217,3050799104,9.20,1.472,47672950784,68719476736,97,12688506880
1790351584.354,0.158,3050799104,8.70,1.392,49319870464,68719476736,98,12694437888
1790351589.398,0.328,3050799104,9.00,1.440,48567074816,68719476736,94,13357711360
1790351594.455,0.211,3050799104,9.30,1.488,47546826752,68719476736,97,12697780224
1790351599.494,0.148,3050799104,8.60,1.376,49064738816,68719476736,98,14233468928
1790351604.538,0.243,3050799104,9.50,1.520,48654974976,68719476736,96,13498138624
1790351609.563,0.283,3050799104,9.10,1.456,47473573888,68719476736,95,12376604672
1790351614.586,0.131,3050799104,8.20,1.312,47554445312,68719476736,98,12728909824
1790351619.616,0.239,3050799104,9.00,1.440,48672800768,68719476736,96,13885505536
1790351624.640,0.295,3050799104,9.40,1.504,47539847168,68719476736,95,12705185792
1790351629.668,0.135,3050799104,8.80,1.408,47557591040,68719476736,98,12719636480
1790351634.690,0.244,3050799104,9.00,1.440,49298309120,68719476736,96,14457782272
1790351639.720,0.314,3050799104,9.40,1.504,47768387584,68719476736,95,12726157312
1790351644.744,0.139,3050799104,8.40,1.344,47659122688,68719476736,98,12707643392
1790351649.777,0.255,3050799104,13.90,2.224,48572710912,68719476736,96,13671546880
1790351654.830,0.279,3050799104,10.10,1.616,47580708864,68719476736,95,12712902656
1790351659.857,0.137,3050799104,8.20,1.312,47530016768,68719476736,98,12690341888
1790351664.879,0.250,3050799104,9.70,1.552,48502865920,68719476736,96,13650870272
1790351669.904,0.283,3050799104,9.10,1.456,47533342720,68719476736,95,12675055616
1790351674.926,0.142,3050799104,8.00,1.280,47529525248,68719476736,98,12687228928
1790351679.963,0.243,3050799104,8.80,1.408,48507060224,68719476736,96,13647020032
1790351684.984,0.287,3050799104,8.70,1.392,47555100672,68719476736,95,12716916736
1790351690.009,0.143,3050799104,9.40,1.504,47626649600,68719476736,98,12698517504
1790351695.041,0.242,3050799104,10.00,1.600,49674338304,68719476736,96,14476181504
1790351700.080,0.323,3050799104,8.80,1.408,48179232768,68719476736,94,13385039872
1790351705.112,0.139,3051520000,9.00,1.440,47705964544,68719476736,98,12720701440
1790351710.150,0.234,3051520000,9.10,1.456,49395269632,68719476736,96,14256701440
1790351715.197,0.319,3051520000,9.30,1.488,47511601152,68719476736,94,12370051072
1790351720.231,0.139,3051520000,9.00,1.440,47591440384,68719476736,98,12703825920
1790351725.268,0.179,3051520000,9.00,1.440,49573904384,68719476736,97,14682226688
1790351730.328,0.253,3051520000,8.50,1.360,48430661632,68719476736,96,13612023808
1790351735.381,0.247,3051520000,9.10,1.456,47576825856,68719476736,96,12674793472
1790351740.419,0.138,3051520000,8.80,1.408,48854089728,68719476736,98,12680069120
1790351745.460,0.322,3051520000,8.80,1.408,48501719040,68719476736,94,13588201472
1790351750.505,0.228,3051520000,9.10,1.456,47571910656,68719476736,96,12670861312
1790351755.532,0.159,3051520000,9.20,1.472,48825319424,68719476736,98,12861505536
1790351760.561,0.328,3051520000,8.90,1.424,48615112704,68719476736,94,13796950016
1790351765.588,0.206,3051520000,9.00,1.440,47685091328,68719476736,97,12698550272
1790351770.615,0.159,3051520000,8.90,1.424,49294721024,68719476736,98,14395342848
1790351775.640,0.369,3051520000,9.10,1.456,48409395200,68719476736,93,13472595968
1790351780.661,0.139,3051520000,8.80,1.408,47597125632,68719476736,98,12666781696
1790351785.687,0.291,3051520000,8.70,1.392,48548724736,68719476736,95,13635305472
1790351790.722,0.268,3051520000,9.00,1.440,47600091136,68719476736,96,12693291008
1790351795.747,0.132,3051520000,8.60,1.376,47602401280,68719476736,98,12677611520
1790351800.771,0.238,3051520000,9.30,1.488,49230528512,68719476736,96,14009630720
1790351805.796,0.258,3051520000,8.40,1.344,48545939456,68719476736,96,13625163776
1790351810.824,0.200,3051520000,9.00,1.440,47605972992,68719476736,97,12691865600
1790351815.852,0.182,3051520000,10.00,1.600,49413046272,68719476736,97,14184464384
1790351820.882,0.298,3051520000,8.90,1.424,48712761344,68719476736,95,13633667072
1790351825.913,0.218,3051520000,8.90,1.424,47742205952,68719476736,97,12741656576
1790351830.942,0.181,3051520000,8.60,1.376,49645780992,68719476736,97,14760296448
1790351835.982,0.251,3051520000,15.50,2.480,48566206464,68719476736,96,13305544704
1790351841.033,0.251,3051520000,14.40,2.304,47582740480,68719476736,96,12359761920
1790351846.066,0.154,3051520000,8.60,1.376,49366286336,68719476736,98,14429782016
1790351851.103,0.311,3051520000,8.70,1.392,48601481216,68719476736,95,13686030336
1790351856.154,0.212,3051520000,9.30,1.488,47610707968,68719476736,97,12673269760
1790351861.186,0.135,3051520000,9.30,1.488,49365647360,68719476736,98,14432075776
1790351866.224,0.324,3051520000,8.40,1.344,48529719296,68719476736,94,13585793024
1790351871.278,0.208,3051520000,9.50,1.520,47629991936,68719476736,97,12684771328
1790351876.307,0.170,3051520000,9.40,1.504,49019994112,68719476736,98,14144241664
1790351881.344,0.246,3051520000,9.10,1.456,48965238784,68719476736,96,13835403264
1790351886.400,0.265,3051520000,9.20,1.472,47711862784,68719476736,96,12695404544
1790351891.437,0.144,3051520000,8.80,1.408,47621292032,68719476736,98,12715261952
1790351896.468,0.322,3051520000,8.80,1.408,48382164992,68719476736,94,13463257088
1790351901.525,0.222,3051520000,9.40,1.504,47737192448,68719476736,97,12786368512
1790351906.565,0.165,3051520000,9.00,1.440,49217945600,68719476736,98,13969211392
1790351911.597,0.324,3051520000,8.60,1.376,48661692416,68719476736,94,13711441920
1790351916.648,0.223,3051520000,9.70,1.552,47650029568,68719476736,97,12700106752
1790351921.690,0.182,3051520000,8.20,1.312,49420369920,68719476736,97,14190329856
1790351926.734,0.327,3051520000,8.90,1.424,48427008000,68719476736,94,13223395328
1790351931.786,0.194,3051520000,8.90,1.424,47634874368,68719476736,97,12710100992
1790351936.819,0.198,3051520000,8.70,1.392,49417945088,68719476736,97,14495907840
1790351941.850,0.284,3051487232,10.10,1.616,47661137920,68719476736,94,12375097344
1790351946.882,0.001,3051487232,12.00,1.920,45239009280,68719476736,0,1407877120
1790351951.920,0.001,3051487232,17.30,2.768,41717088256,68719476736,0,341671936
1790351956.956,0.001,3051487232,19.90,3.184,41562750976,68719476736,0,341671936
1790351961.997,0.001,3051487232,10.10,1.616,41265594368,68719476736,0,341671936
1790351967.055,0.001,3051487232,9.50,1.520,41143304192,68719476736,0,341671936
1790351972.117,0.001,3051487232,9.50,1.520,41144352768,68719476736,0,341671936
1790351977.179,0.089,3051520000,28.00,4.480,49966432256,68719476736,99,14710554624
1790351982.242,0.287,3051520000,14.00,2.240,48651485184,68719476736,95,13658603520
1790351987.294,0.200,3051520000,9.60,1.536,47684141056,68719476736,97,12697993216
1790351992.336,0.188,3051520000,9.60,1.536,49370300416,68719476736,97,14386774016
1790351997.383,0.322,3051520000,8.90,1.424,48755867648,68719476736,94,13888061440
1790352002.417,0.156,3051520000,9.50,1.520,47783116800,68719476736,98,12683739136
1790352007.461,0.214,3051520000,9.30,1.488,49539891200,68719476736,97,14243086336
1790352012.517,0.320,3051520000,9.40,1.504,47601680384,68719476736,94,12332662784
1790352017.541,0.133,3051520000,9.00,1.440,47657156608,68719476736,98,12658409472
1790352022.581,0.196,3051520000,9.20,1.472,49355407360,68719476736,97,14371930112
1790352027.629,0.331,3051520000,9.10,1.456,48423124992,68719476736,94,13156368384
1790352032.652,0.145,3051520000,9.20,1.472,47564357632,68719476736,98,12331614208
1790352037.689,0.232,3051520000,8.90,1.424,49413308416,68719476736,96,14477787136
1790352042.738,0.252,3051520000,9.00,1.440,48447864832,68719476736,96,13508657152
1790352047.791,0.176,3051520000,9.30,1.488,47620997120,68719476736,97,12647432192
1790352052.835,0.134,3051520000,9.40,1.504,47608709120,68719476736,98,12661669888
1790352057.866,0.286,3051520000,9.40,1.504,48826744832,68719476736,95,13971292160
1790352062.909,0.256,3051520000,10.10,1.616,47886450688,68719476736,96,12736348160
1790352067.944,0.142,3051520000,9.20,1.472,47640018944,68719476736,98,12637765632
1790352072.981,0.241,3051520000,9.60,1.536,49063346176,68719476736,96,14100758528
1790352078.003,0.269,3051520000,8.70,1.392,47654584320,68719476736,95,12661276672
1790352083.041,0.130,3051520000,9.20,1.472,47645114368,68719476736,98,12670664704
1790352088.066,0.352,3051520000,9.50,1.520,48455270400,68719476736,94,13545357312
1790352093.099,0.184,3051520000,9.50,1.520,47570485248,68719476736,97,12658753536
1790352098.123,0.141,3051520000,8.90,1.424,47633252352,68719476736,98,12667731968
1790352103.147,0.296,3051520000,8.80,1.408,48527163392,68719476736,95,13595705344
1790352108.183,0.224,3051520000,9.50,1.520,47585705984,68719476736,96,12689178624
1790352113.212,0.184,3051520000,9.50,1.520,49685528576,68719476736,97,14725922816
1790352118.249,0.236,3051520000,10.20,1.632,48836231168,68719476736,96,13624279040
1790352123.295,0.256,3051520000,14.40,2.304,47940665344,68719476736,96,12695404544
1790352128.330,0.147,3051520000,25.40,4.064,47828271104,68719476736,98,12685279232
1790352133.360,0.273,3051520000,16.70,2.672,48741515264,68719476736,95,13276839936
1790352138.403,0.214,3051520000,20.80,3.328,47782313984,68719476736,96,12366168064
1790352143.437,0.151,3051520000,10.50,1.680,47878930432,68719476736,98,12691685376
1790352148.468,0.310,3051520000,9.20,1.472,48822108160,68719476736,94,13661339648
1790352153.524,0.202,3051520000,10.10,1.616,47631351808,68719476736,97,12305874944
1790352158.559,0.156,3051520000,9.40,1.504,49826103296,68719476736,98,14705524736
1790352163.610,0.293,3051520000,9.20,1.472,48561537024,68719476736,95,13396819968
1790352168.664,0.217,3051520000,9.90,1.584,47800188928,68719476736,96,12644663296
1790352173.701,0.157,3051520000,9.00,1.440,49517084672,68719476736,98,14392049664
1790352178.749,0.317,3051520000,9.40,1.504,48730898432,68719476736,94,13509181440
1790352183.802,0.199,3051520000,9.50,1.520,47908306944,68719476736,97,12669566976
1790352188.843,0.157,3051520000,11.80,1.888,49643274240,68719476736,98,14386855936
1790352193.883,0.299,3051520000,14.00,2.240,48911843328,68719476736,95,13648134144
1790352198.940,0.223,3051470848,9.60,1.536,48003006464,68719476736,97,12978634752
1790352203.971,0.145,3051470848,9.50,1.520,49712480256,68719476736,98,14437318656
1790352209.013,0.298,3051470848,22.30,3.568,48818880512,68719476736,95,13680181248
1790352214.056,0.211,3051470848,15.60,2.496,47797338112,68719476736,97,12681805824
1790352219.083,0.145,3051470848,9.80,1.568,49446928384,68719476736,98,14069760000
1790352224.120,0.280,3051470848,9.60,1.536,48458465280,68719476736,95,13088948224
1790352229.179,0.232,3051470848,9.90,1.584,47821914112,68719476736,96,12676251648
1790352234.215,0.132,3051470848,9.70,1.552,47795175424,68719476736,98,12664651776
1790352239.247,0.218,3051470848,9.80,1.568,49790189568,68719476736,96,14328954880
1790352244.291,0.329,3051470848,10.00,1.600,48373334016,68719476736,94,13106593792
1790352249.311,0.138,3051470848,9.50,1.520,47665201152,68719476736,98,12668436480
1790352254.342,0.237,3051470848,10.60,1.696,49128390656,68719476736,96,14141521920
1790352259.378,0.302,3051470848,10.10,1.616,47642509312,68719476736,95,12655149056
1790352264.411,0.136,3051470848,9.20,1.472,47646048256,68719476736,98,12670959616
1790352269.443,0.273,3051470848,9.20,1.472,48617373696,68719476736,95,13627260928
1790352274.499,0.243,3051470848,10.10,1.616,47659253760,68719476736,96,12648333312
1790352279.531,0.146,3051470848,8.90,1.424,47677784064,68719476736,98,12677414912
1790352284.560,0.253,3051470848,9.80,1.568,48635002880,68719476736,96,13641416704
1790352289.581,0.274,3051470848,10.20,1.632,47750873088,68719476736,95,12690538496
1790352294.611,0.134,3051470848,9.40,1.504,47740846080,68719476736,98,12708823040
1790352299.637,0.276,3051470848,9.30,1.488,48606117888,68719476736,95,13472333824
1790352304.669,0.237,3051470848,10.30,1.648,48618405888,68719476736,96,13526056960
1790352309.694,0.131,3051470848,9.20,1.472,47776268288,68719476736,98,12711378944
1790352314.730,0.201,3051470848,9.70,1.552,49159274496,68719476736,97,14136803328
1790352319.784,0.296,3051470848,22.80,3.648,47738617856,68719476736,94,12727533568
1790352324.812,0.142,3051470848,9.30,1.488,47730049024,68719476736,98,12705431552
1790352329.847,0.231,3051470848,9.70,1.552,49344069632,68719476736,96,14049542144
1790352334.897,0.259,3051470848,13.70,2.192,48665755648,68719476736,96,13599571968
1790352339.941,0.193,3051470848,15.80,2.528,47756460032,68719476736,97,12690472960
1790352344.981,0.162,3051470848,9.90,1.584,49457823744,68719476736,97,14158774272
1790352350.030,0.299,3051470848,9.40,1.504,48572645376,68719476736,95,13297598464
1790352355.085,0.192,3051470848,9.70,1.552,47751168000,68719476736,97,12694470656
1790352360.122,0.230,3051470848,9.60,1.536,49499308032,68719476736,96,14596833280
1790352365.151,0.292,3051470848,10.60,1.696,47752216576,68719476736,95,12647235584
1790352370.185,0.138,3051470848,8.90,1.424,47734226944,68719476736,98,12673515520
1790352375.226,0.222,3051470848,9.90,1.584,49458282496,68719476736,96,14406844416
1790352380.266,0.297,3051470848,9.50,1.520,47737552896,68719476736,95,12688048128
1790352385.292,0.116,3051470848,12.10,1.936,47809036288,68719476736,98,12690554880
1790352390.331,0.258,3051470848,9.20,1.472,48587522048,68719476736,95,13445136384
1790352395.387,0.261,3051470848,9.90,1.584,47945662464,68719476736,96,12783403008
1790352400.422,0.139,3051470848,12.40,1.984,47933603840,68719476736,98,12692684800
1790352405.456,0.300,3051470848,9.40,1.504,48763043840,68719476736,95,13589610496
1790352410.502,0.214,3051470848,11.70,1.872,47886630912,68719476736,96,12680740864
1790352415.539,0.178,3051470848,9.20,1.472,48036691968,68719476736,98,12995854336
1790352420.571,0.293,3051470848,11.60,1.856,49396678656,68719476736,95,14415872000
1790352425.629,0.212,3051470848,9.50,1.520,47631089664,68719476736,97,12701188096
1790352430.664,0.145,3051470848,8.50,1.360,49613340672,68719476736,98,12672794624
1790352435.727,0.305,3051470848,11.60,1.856,48423927808,68719476736,95,13253967872
1790352440.780,0.219,3051470848,10.10,1.616,47559917568,68719476736,97,12681199616
1790352445.813,0.142,3051470848,10.60,1.696,49024630784,68719476736,98,14210236416
1790352450.873,0.301,3051470848,9.50,1.520,48385982464,68719476736,95,13247840256
1790352455.916,0.230,3051470848,9.50,1.520,47459287040,68719476736,96,12358303744
1790352460.948,0.185,3051470848,8.90,1.424,49190387712,68719476736,97,14413774848
1790352466.004,0.234,3051470848,9.20,1.472,48559243264,68719476736,96,13782450176
1790352471.059,0.255,3051487232,9.10,1.456,47493431296,68719476736,96,12691980288
1790352476.093,0.136,3051470848,8.60,1.376,48684007424,68719476736,98,12785500160
1790352481.131,0.231,3051470848,9.90,1.584,48691691520,68719476736,96,14694662144
1790352486.175,0.312,3051470848,9.50,1.520,47544238080,68719476736,95,12675956736
1790352491.207,0.152,3051470848,8.20,1.312,47766192128,68719476736,98,12983123968
1790352496.238,0.149,3051470848,9.90,1.584,49470504960,68719476736,98,14822572032
1790352501.278,0.303,3051454464,9.20,1.472,48357244928,68719476736,95,13567393792
1790352506.321,0.237,3051454464,9.10,1.456,47499771904,68719476736,96,12731285504
1790352511.359,0.140,3051470848,8.70,1.392,49230069760,68719476736,98,14458421248
1790352516.418,0.257,3051454464,19.00,3.040,48409985024,68719476736,95,13602340864
1790352521.450,0.242,3051454464,11.90,1.904,47425748992,68719476736,96,12377964544
1790352526.483,0.146,3051454464,9.00,1.440,47530000384,68719476736,98,12713492480
1790352531.515,0.256,3051454464,9.80,1.568,48643719168,68719476736,95,13847298048
1790352536.560,0.261,3051454464,9.60,1.536,47549235200,68719476736,96,12659376128
1790352541.601,0.143,3051454464,9.30,1.488,47562883072,68719476736,98,12370608128
1790352546.626,0.298,3051454464,9.40,1.504,48643719168,68719476736,95,13727629312
1790352551.655,0.239,3051454464,9.10,1.456,47529738240,68719476736,96,12703793152
1790352556.680,0.135,3051454464,9.60,1.536,49557291008,68719476736,98,14438465536
1790352561.704,0.338,3051470848,10.10,1.616,48344154112,68719476736,94,13231947776
1790352566.723,0.200,3051454464,8.80,1.408,47521251328,68719476736,97,12688211968
1790352571.744,0.148,3051454464,9.30,1.488,47522856960,68719476736,98,12691783680
1790352576.772,0.307,3051454464,8.70,1.392,48282091520,68719476736,94,13429424128
1790352581.792,0.212,3051454464,9.60,1.536,47500705792,68719476736,97,12665618432
1790352586.821,0.165,3051470848,8.80,1.408,49539727360,68719476736,98,14629928960
1790352591.857,0.244,3051470848,8.90,1.424,48500408320,68719476736,96,13583187968
1790352596.885,0.226,3051454464,12.20,1.952,47571435520,68719476736,96,12660523008
1790352601.916,0.143,3051470848,10.10,1.616,49873092608,68719476736,98,14824472576
1790352606.967,0.320,3051454464,8.80,1.408,48621846528,68719476736,94,13670481920
1790352612.012,0.203,3051454464,8.80,1.408,47551774720,68719476736,97,12673646592
1790352617.046,0.130,3051454464,10.10,1.616,47538241536,68719476736,98,12678332416
1790352622.076,0.254,3051454464,8.80,1.408,48318971904,68719476736,95,13419020288
1790352627.133,0.249,3050405888,9.50,1.520,47568896000,68719476736,96,12346540032
1790352632.167,0.138,3050405888,8.90,1.424,47637970944,68719476736,98,12749783040
1790352637.197,0.228,3050405888,8.80,1.408,49497587712,68719476736,96,14622343168
1790352642.236,0.295,3050405888,15.90,2.544,47563571200,68719476736,95,12653428736
1790352647.272,0.148,3050405888,13.50,2.160,47538782208,68719476736,98,12337299456
1790352652.313,0.180,3050405888,9.10,1.456,49272029184,68719476736,97,14406418432
1790352657.377,0.351,3050405888,9.70,1.552,47782199296,68719476736,94,13048102912
1790352662.402,0.138,3050405888,9.30,1.488,47559262208,68719476736,98,12296536064
1790352667.442,0.192,3050405888,8.20,1.312,49176297472,68719476736,97,14016462848
1790352672.504,0.319,3050405888,9.50,1.520,48328097792,68719476736,95,13464141824
1790352677.555,0.163,3050405888,9.50,1.520,47498821632,68719476736,98,12654903296
1790352682.584,0.251,3050405888,9.60,1.536,49152245760,68719476736,96,14291615744
1790352687.614,0.236,3050405888,9.50,1.520,48344170496,68719476736,96,13493944320
1790352692.659,0.196,3050405888,9.80,1.568,47528722432,68719476736,97,12668026880
1790352697.695,0.177,3050405888,8.50,1.360,49396826112,68719476736,97,14542798848
1790352702.754,0.298,3050405888,14.60,2.336,48455008256,68719476736,95,13511639040
1790352707.803,0.175,3050405888,19.40,3.104,47675129856,68719476736,97,12666880000
1790352712.842,0.164,3050405888,20.00,3.200,49688641536,68719476736,97,14670036992
1790352717.883,0.299,3050405888,20.40,3.264,48844193792,68719476736,95,13935296512
1790352722.916,0.161,3050405888,15.50,2.480,47726739456,68719476736,98,12648742912
1790352727.945,0.198,3050405888,15.10,2.416,49577754624,68719476736,97,14558019584
1790352732.980,0.300,3050405888,15.10,2.416,48353755136,68719476736,95,13125468160
1790352738.010,0.148,3050405888,15.80,2.528,47602204672,68719476736,98,12631490560
1790352743.037,0.233,3050405888,15.10,2.416,48555622400,68719476736,96,14318813184
1790352748.072,0.300,3050405888,15.90,2.544,47596781568,68719476736,95,12301959168
1790352753.101,0.133,3050405888,15.00,2.400,47571615744,68719476736,98,12330811392
1790352758.133,0.214,3050405888,14.70,2.352,49388929024,68719476736,96,14420852736
1790352763.176,0.320,3050405888,15.70,2.512,48399826944,68719476736,94,13458571264
1790352768.203,0.150,3050405888,13.60,2.176,47859843072,68719476736,98,12638486528
1790352773.235,0.217,3050405888,14.20,2.272,49569316864,68719476736,96,14327988224
1790352778.279,0.303,3050405888,15.50,2.480,47917580288,68719476736,95,12758614016
1790352783.311,0.139,3050405888,15.10,2.416,47750332416,68719476736,98,12671057920
1790352788.341,0.255,3050405888,15.30,2.448,48792698880,68719476736,96,13757710336
1790352793.371,0.240,3050405888,15.20,2.432,48461889536,68719476736,96,13496025088
1790352798.423,0.177,3050405888,15.10,2.416,47622242304,68719476736,97,12642304000
1790352803.455,0.130,3050422272,17.20,2.752,49127030784,68719476736,98,12632752128
1790352808.499,0.224,3050405888,15.80,2.528,49364959232,68719476736,96,14384201728
1790352813.541,0.301,3050422272,15.70,2.512,48459694080,68719476736,95,13478936576
1790352818.563,0.140,3050405888,13.50,2.160,47612575744,68719476736,98,12636815360
1790352823.609,0.216,3050438656,17.60,2.816,49285349376,68719476736,96,14316519424
1790352828.661,0.311,3050438656,16.20,2.592,47659843584,68719476736,94,12663128064
1790352833.689,0.130,3050438656,14.50,2.320,47665905664,68719476736,98,12657934336
1790352838.732,0.284,3050438656,15.30,2.448,48817143808,68719476736,95,13614841856
1790352843.784,0.263,3050455040,15.90,2.544,47812493312,68719476736,95,12664258560
1790352848.808,0.133,3050455040,14.50,2.320,47773876224,68719476736,98,12725960704
1790352853.834,0.251,3050455040,16.50,2.640,48698130432,68719476736,96,13819363328
1790352858.860,0.275,3050438656,15.20,2.432,47737225216,68719476736,95,12385828864
1790352863.893,0.136,3050438656,15.00,2.400,47745089536,68719476736,98,12714098688
1790352868.936,0.265,3050438656,15.70,2.512,48679305216,68719476736,95,13632061440
1790352873.981,0.242,3050438656,15.10,2.416,48599728128,68719476736,96,13242531840
1790352879.018,0.154,3050438656,15.00,2.400,47688695808,68719476736,98,12393644032
1790352884.060,0.190,3050438656,14.10,2.256,49180786688,68719476736,97,14164017152
1790352889.099,0.290,3050438656,15.30,2.448,48677355520,68719476736,95,13608386560
1790352894.133,0.166,3050438656,13.00,2.080,47757901824,68719476736,97,12708724736
1790352899.166,0.216,3050438656,14.00,2.240,49651482624,68719476736,96,14391607296
1790352904.203,0.265,3050438656,15.30,2.448,48742252544,68719476736,96,13606682624
1790352909.232,0.186,3050438656,13.50,2.160,47733276672,68719476736,97,12695764992
1790352914.263,0.168,3050455040,14.20,2.272,49519017984,68719476736,97,14495170560
1790352919.299,0.338,3050438656,15.60,2.496,48571252736,68719476736,94,13560201216
1790352924.331,0.164,3050438656,14.10,2.256,47689711616,68719476736,98,12673482752
1790352929.365,0.233,3050438656,21.90,3.504,48966107136,68719476736,96,14095941632
1790352934.389,0.265,3050438656,21.90,3.504,47679193088,68719476736,96,12645908480
1790352939.418,0.135,3050455040,20.90,3.344,47725363200,68719476736,98,12670746624
1790352944.450,0.245,3050455040,21.80,3.488,49305845760,68719476736,96,14348615680
1790352949.479,0.271,3050438656,17.10,2.736,47704375296,68719476736,95,12689358848
1790352954.506,0.120,3050438656,14.50,2.320,47709306880,68719476736,98,12690669568
1790352959.541,0.273,3050438656,20.00,3.200,48611557376,68719476736,95,13428342784
1790352964.577,0.247,3050438656,19.20,3.072,47856467968,68719476736,96,12438601728
1790352969.607,0.123,3050455040,19.50,3.120,47738929152,68719476736,98,12655771648
1790352974.633,0.341,3050455040,20.90,3.344,48545021952,68719476736,93,13489963008
1790352979.667,0.174,3050455040,14.80,2.368,47666380800,68719476736,97,12338249728
1790352984.693,0.172,3050455040,15.20,2.432,49747853312,68719476736,97,14434942976
1790352989.724,0.328,3050455040,13.30,2.128,48562257920,68719476736,94,13562658816
1790352994.760,0.161,3050455040,14.20,2.272,47858614272,68719476736,98,12674957312
1790352999.801,0.210,3050455040,13.90,2.224,49574789120,68719476736,97,14223785984
1790353004.849,0.314,3050455040,14.70,2.352,47631220736,68719476736,95,12655132672
1790353009.877,0.127,3050455040,13.70,2.192,47690825728,68719476736,98,12672155648
1790353014.913,0.237,3050455040,15.20,2.432,49415454720,68719476736,96,14398111744
1790353019.946,0.300,3050455040,16.40,2.624,47843655680,68719476736,95,12672172032
1790353024.976,0.137,3050455040,13.20,2.112,47729000448,68719476736,98,12645842944
1790353030.010,0.305,3050455040,13.40,2.144,48610607104,68719476736,95,13554434048
1790353035.058,0.214,3050455040,16.50,2.640,47648980992,68719476736,96,12635471872
1790353040.093,0.177,3050455040,14.20,2.272,49785929728,68719476736,97,14754217984
1790353045.143,0.323,3050455040,15.00,2.400,48527327232,68719476736,94,13521469440
1790353050.190,0.168,3050455040,14.70,2.352,47636316160,68719476736,97,12643516416
1790353055.220,0.133,3050455040,14.90,2.384,47664185344,68719476736,98,12681576448
1790353060.252,0.260,3050455040,15.20,2.432,48533880832,68719476736,95,13556023296
1790353065.295,0.264,3050455040,15.30,2.448,47977037824,68719476736,96,12976521216
1790353070.323,0.141,3050455040,13.30,2.128,47657664512,68719476736,98,12336709632
1790353075.351,0.242,3050455040,14.50,2.320,48989945856,68719476736,96,14108426240
1790353080.380,0.300,3050455040,15.40,2.464,47913009152,68719476736,95,13091684352
1790353085.405,0.123,3050455040,14.50,2.320,47753609216,68719476736,98,12346490880
1790353090.443,0.204,3050455040,15.10,2.416,49499275264,68719476736,97,14139523072
1790353095.497,0.308,3050455040,16.10,2.576,48558325760,68719476736,95,13560856576
1790353100.529,0.166,3050455040,13.00,2.080,47667544064,68719476736,98,12703711232
1790353105.571,0.195,3050455040,14.50,2.320,49616453632,68719476736,97,14321270784
1790353110.626,0.332,3050455040,14.60,2.336,48447094784,68719476736,94,13193560064
1790353115.649,0.157,3050455040,12.60,2.016,47647375360,68719476736,98,12662947840
1790353120.681,0.232,3050455040,13.10,2.096,48811245568,68719476736,96,13984399360
1790353125.709,0.288,3050455040,14.50,2.320,47659106304,68719476736,95,12650037248
1790353130.734,0.145,3050455040,13.40,2.144,47666659328,68719476736,98,12662980608
1790353135.767,0.281,3050455040,15.10,2.416,48587620352,68719476736,95,13580550144
1790353140.813,0.243,3050455040,14.00,2.240,47902244864,68719476736,96,13057474560
1790353145.853,0.137,3050455040,14.70,2.352,49538301952,68719476736,98,12695126016
1790353150.919,0.306,3050455040,15.90,2.544,48438624256,68719476736,94,13429342208
1790353155.976,0.243,3050455040,15.40,2.464,47689089024,68719476736,96,12664160256
1790353161.018,0.171,3050455040,15.00,2.400,49704665088,68719476736,98,14714798080
1790353166.079,0.248,3050455040,14.50,2.320,48708960256,68719476736,96,13724057600
1790353171.119,0.266,3050455040,14.10,2.256,47651176448,68719476736,96,12651200512
1790353176.159,0.152,3050455040,14.50,2.320,49762484224,68719476736,98,14503510016
1790353181.201,0.304,3050455040,14.90,2.384,48654090240,68719476736,94,13678329856
1790353186.251,0.211,3050455040,14.00,2.240,47627403264,68719476736,97,12640010240
1790353191.291,0.141,3050455040,14.90,2.384,47614001152,68719476736,98,12320063488
1790353196.324,0.200,3050455040,16.10,2.576,49058824192,68719476736,97,13738541056
1790353201.378,0.321,3050455040,16.20,2.592,48816209920,68719476736,94,13474250752
1790353206.407,0.150,3050455040,15.10,2.416,47906684928,68719476736,98,12765593600
1790353211.447,0.182,3050455040,14.50,2.320,49727913984,68719476736,97,14408105984
1790353216.508,0.308,3050455040,14.30,2.288,48525197312,68719476736,95,13482459136
1790353221.556,0.188,3050455040,15.30,2.448,47699722240,68719476736,97,12657393664
1790353226.594,0.141,3050455040,14.10,2.256,47668527104,68719476736,98,12626509824
1790353231.626,0.342,3050455040,13.30,2.128,48536141824,68719476736,94,13518323712
1790353236.687,0.193,3050455040,14.50,2.320,47647965184,68719476736,97,12613206016
1790353241.725,0.139,3050455040,14.90,2.384,49418076160,68719476736,98,14390771712
1790353246.776,0.290,3050455040,15.30,2.448,48547381248,68719476736,95,13540147200
1790353251.812,0.234,3050455040,21.10,3.376,47642394624,68719476736,96,12626149376
1790353256.852,0.178,3050455040,16.00,2.560,49665818624,68719476736,97,14654898176
1790353261.902,0.233,3050455040,11.80,1.888,48720363520,68719476736,96,13223116800
1790353266.959,0.256,3050455040,14.70,2.352,47717302272,68719476736,96,12652462080
1790353271.994,0.148,3050455040,14.80,2.368,47655370752,68719476736,98,12681576448
1790353277.029,0.260,3050455040,15.00,2.400,48594141184,68719476736,95,13271384064
1790353282.079,0.259,3050455040,19.90,3.184,47667445760,68719476736,96,12342575104
1790353287.121,0.144,3050455040,18.70,2.992,49755013120,68719476736,98,14757429248
1790353292.181,0.307,3050455040,13.80,2.208,48614932480,68719476736,94,13651148800
1790353297.231,0.216,3050455040,15.50,2.480,47619047424,68719476736,97,12300484608
1790353302.268,0.146,3050455040,15.60,2.496,49675665408,68719476736,98,14388969472
1790353307.330,0.306,3050455040,17.70,2.832,48839720960,68719476736,95,13675118592
1790353312.379,0.230,3050455040,17.60,2.816,47946858496,68719476736,96,12660473856
1790353317.419,0.139,3050455040,14.90,2.384,49777950720,68719476736,98,14910832640
1790353322.478,0.342,3050455040,14.70,2.352,48876781568,68719476736,94,13509607424
1790353327.535,0.192,3050455040,15.40,2.464,47698919424,68719476736,97,12649906176
1790353332.571,0.171,3050455040,14.90,2.384,49241882624,68719476736,97,14340292608
1790353337.620,0.302,3050455040,16.60,2.656,48493166592,68719476736,95,13577699328
1790353342.656,0.221,3050455040,14.00,2.240,47611379712,68719476736,97,12649758720
1790353347.679,0.175,3050455040,14.00,2.240,49311858688,68719476736,97,14354907136
1790353352.705,0.324,3050455040,15.40,2.464,48583704576,68719476736,94,13633060864
1790353357.731,0.183,3050455040,13.60,2.176,47649898496,68719476736,97,12697370624
1790353362.754,0.167,3050455040,15.10,2.416,49050042368,68719476736,97,14087716864
1790353367.777,0.301,3050455040,15.20,2.432,48398417920,68719476736,95,13448151040
1790353372.805,0.190,3050455040,15.90,2.544,47665872896,68719476736,97,12710182912
1790353377.831,0.129,3050455040,15.00,2.400,50040176640,68719476736,98,13097091072
1790353382.859,0.253,3050455040,12.20,1.952,49742397440,68719476736,96,14298447872
1790353387.893,0.321,3050455040,14.40,2.304,47636824064,68719476736,94,12348981248
1790353392.914,0.142,3050455040,15.00,2.400,47657664512,68719476736,98,12681560064
1790353397.943,0.251,3050455040,16.10,2.576,48775692288,68719476736,96,13798883328
1790353402.964,0.282,3050455040,16.40,2.624,47594962944,68719476736,95,12345917440
1790353407.995,0.142,3050455040,15.10,2.416,47602860032,68719476736,98,12362268672
1790353413.023,0.291,3050455040,15.10,2.416,48601661440,68719476736,95,13637140480
1790353418.061,0.222,3050455040,15.40,2.464,47640510464,68719476736,96,12684083200
1790353423.097,0.152,3050455040,15.10,2.416,47609282560,68719476736,98,12367659008
1790353428.126,0.297,3050455040,16.10,2.576,48567386112,68719476736,95,13598867456
1790353433.170,0.225,3050455040,15.70,2.512,47668314112,68719476736,96,12689063936
1790353438.198,0.140,3050455040,14.50,2.320,49684480000,68719476736,98,14468612096
1790353443.242,0.321,3050455040,15.40,2.464,48607297536,68719476736,94,13470449664
1790353448.292,0.174,3050455040,15.90,2.544,47755345920,68719476736,97,12698386432
1790353453.324,0.141,3050455040,14.00,2.240,47710273536,68719476736,98,12712361984
1790353458.349,0.261,3050455040,15.00,2.400,48477077504,68719476736,95,13472595968
1790353463.375,0.275,3050455040,15.70,2.512,47713255424,68719476736,95,12708872192
1790353468.407,0.154,3050455040,14.90,2.384,47689056256,68719476736,98,12701270016
1790353473.440,0.287,3050455040,14.90,2.384,48643211264,68719476736,95,13651836928
1790353478.487,0.227,3050455040,15.60,2.496,47667019776,68719476736,96,12675956736
1790353483.524,0.161,3050455040,14.00,2.240,47685894144,68719476736,98,12709576704
1790353488.568,0.260,3050455040,14.70,2.352,48471048192,68719476736,95,13440385024
1790353493.619,0.268,3050455040,16.30,2.608,47718547456,68719476736,95,12380585984
1790353498.649,0.163,3050455040,13.60,2.176,47838396416,68719476736,98,12672139264
1790353503.686,0.362,3050455040,13.40,2.144,48644685824,68719476736,93,13555941376
1790353508.740,0.157,3050471424,18.00,2.880,47732572160,68719476736,98,12338790400
1790353513.777,0.202,3050471424,15.60,2.496,49448337408,68719476736,97,14117945344
1790353518.833,0.342,3050471424,16.40,2.624,48510844928,68719476736,94,13505937408
1790353523.861,0.146,3050471424,14.60,2.336,47709421568,68719476736,98,12711395328
1790353528.902,0.215,3050471424,14.80,2.368,49129390080,68719476736,96,13778042880
1790353533.934,0.295,3050471424,15.60,2.496,47725887488,68719476736,95,12693094400
1790353538.962,0.128,3050471424,14.90,2.384,47821520896,68719476736,98,12807569408
1790353543.987,0.296,3050471424,14.90,2.384,48724131840,68719476736,95,13718749184
1790353549.018,0.233,3050471424,16.30,2.608,47717695488,68719476736,96,12678332416
1790353554.049,0.163,3050471424,16.40,2.624,49459281920,68719476736,98,14395392000
1790353559.092,0.305,3050471424,15.70,2.512,48938844160,68719476736,95,13685964800
1790353564.138,0.222,3050471424,13.40,2.144,47680569344,68719476736,97,12696928256
1790353569.174,0.139,3050471424,14.10,2.256,49644175360,68719476736,98,14749253632
1790353574.223,0.309,3050471424,12.90,2.064,48562798592,68719476736,94,13685456896
1790353579.279,0.209,3050471424,14.00,2.240,47552086016,68719476736,97,12674744320
1790353584.321,0.148,3050471424,16.20,2.592,49412079616,68719476736,98,14554398720
1790353589.378,0.321,3050471424,15.00,2.400,48437870592,68719476736,94,13575159808
1790353594.429,0.226,3050471424,16.40,2.624,47539240960,68719476736,97,12655132672
1790353599.472,0.172,3050471424,15.00,2.400,49533665280,68719476736,98,14378024960
1790353604.528,0.356,3050471424,14.60,2.336,48384770048,68719476736,93,13484769280
1790353609.564,0.164,3050471424,15.60,2.496,47549136896,68719476736,98,12632702976
1790353614.598,0.157,3050471424,15.50,2.480,47489007616,68719476736,98,12327206912
1790353619.628,0.322,3050471424,13.80,2.208,48579395584,68719476736,94,13217398784
1790353624.660,0.203,3050471424,14.80,2.368,47666577408,68719476736,97,12657868800
1790353629.693,0.131,3050471424,15.00,2.400,47607349248,68719476736,98,12657999872
1790353634.720,0.266,3050471424,15.90,2.544,48625057792,68719476736,95,13595361280
1790353639.744,0.231,3050471424,14.90,2.384,48726540288,68719476736,96,13798113280
1790353644.779,0.197,3050471424,15.60,2.496,47607824384,68719476736,97,12669714432
1790353649.811,0.161,3050471424,15.00,2.400,49421484032,68719476736,98,14505066496
1790353654.871,0.300,3050471424,17.70,2.832,48479862784,68719476736,95,13566558208
1790353659.918,0.207,3050471424,15.60,2.496,47621308416,68719476736,97,12680052736
1790353664.945,0.133,3050471424,15.40,2.464,47625666560,68719476736,98,12703662080
1790353669.976,0.288,3050471424,14.80,2.368,48762372096,68719476736,95,13838188544
1790353675.034,0.271,3050471424,14.60,2.336,47625551872,68719476736,96,12709019648
1790353680.068,0.141,3050471424,13.60,2.176,47825059840,68719476736,98,13104693248
1790353685.104,0.265,3050471424,13.00,2.080,48692330496,68719476736,95,13623132160
1790353690.163,0.269,3050471424,16.90,2.704,47615328256,68719476736,96,12732628992
1790353695.190,0.024,3050438656,17.00,2.720,47426060288,68719476736,94,1216053248
1790353700.219,0.001,3050438656,16.80,2.688,43617337344,68719476736,0,341671936
1790353705.249,0.001,3050438656,18.50,2.960,42775052288,68719476736,0,293699584
1790353710.269,0.001,3050438656,16.00,2.560,42087694336,68719476736,0,341671936
1790353715.307,0.001,3050438656,16.50,2.640,41607790592,68719476736,0,361463808
1790353720.350,0.001,3050438656,17.70,2.832,41591177216,68719476736,0,296648704
1790353725.400,0.078,3050471424,34.90,5.584,48917594112,68719476736,99,14014857216
1790353730.445,0.263,3050471424,12.70,2.032,47809396736,68719476736,96,13070041088
1790353735.479,0.156,3050471424,13.60,2.176,49659625472,68719476736,98,12694978560
1790353740.522,0.237,3050471424,14.40,2.304,49402544128,68719476736,96,14409433088
1790353745.572,0.298,3050471424,15.10,2.416,47590408192,68719476736,95,12668190720
1790353750.604,0.153,3050471424,14.50,2.320,47550906368,68719476736,98,12674990080
1790353755.635,0.260,3050471424,15.30,2.448,48275308544,68719476736,95,13429374976
1790353760.695,0.231,3050471424,15.90,2.544,47599403008,68719476736,96,12763332608
1790353765.732,0.159,3050471424,15.40,2.464,49341792256,68719476736,98,14519713792
1790353770.791,0.314,3050471424,16.80,2.688,48383361024,68719476736,94,13541720064
1790353775.845,0.184,3050471424,15.20,2.432,47526936576,68719476736,97,12719276032
1790353780.889,0.172,3050471424,14.90,2.384,49269407744,68719476736,97,14442528768
1790353785.938,0.303,3050471424,16.00,2.560,48446570496,68719476736,95,13605289984
1790353790.988,0.181,3050471424,14.70,2.352,47588425728,68719476736,97,12350341120
1790353796.028,0.145,3050471424,13.50,2.160,49004363776,68719476736,98,14090485760
1790353801.075,0.243,3050471424,16.60,2.656,49339629568,68719476736,96,14953693184
1790353806.095,0.276,3050487808,13.80,2.208,47481651200,68719476736,95,12368412672
1790353811.135,0.150,3050471424,14.70,2.352,47157821440,68719476736,98,12365955072
1790353816.173,0.202,3050455040,16.10,2.576,49069719552,68719476736,97,14545633280
1790353821.213,0.292,3050455040,17.60,2.816,47223799808,68719476736,95,12700696576
1790353826.244,0.136,3050455040,14.40,2.304,47167963136,68719476736,98,12354027520
1790353831.284,0.220,3050471424,16.10,2.576,48646733824,68719476736,96,13945356288
1790353836.317,0.287,3050455040,16.10,2.576,47213821952,68719476736,95,12663455744
1790353841.353,0.132,3050455040,14.90,2.384,47221424128,68719476736,98,12686835712
1790353846.388,0.237,3050455040,15.90,2.544,48901865472,68719476736,96,14344077312
1790353851.429,0.246,3050455040,15.80,2.528,48086155264,68719476736,96,13530398720
1790353856.486,0.197,3050455040,15.50,2.480,47203991552,68719476736,97,12644745216
1790353861.525,0.160,3050455040,18.20,2.912,49251303424,68719476736,98,14385856512
1790353866.585,0.283,3050455040,19.70,3.152,48238723072,68719476736,95,13529579520
1790353871.642,0.202,3050471424,19.80,3.168,47270838272,68719476736,97,12659015680
1790353876.676,0.212,3050471424,20.30,3.248,49147412480,68719476736,96,14524022784
1790353881.708,0.314,3050455040,19.00,3.040,48051978240,68719476736,95,13454442496
1790353886.729,0.136,3050455040,14.80,2.368,47381643264,68719476736,98,12784058368
1790353891.766,0.238,3050455040,18.00,2.880,48913661952,68719476736,96,14411268096
1790353896.798,0.269,3050471424,17.00,2.720,48147480576,68719476736,96,13530218496
1790353901.831,0.171,3050471424,14.60,2.336,47294332928,68719476736,97,12656181248
1790353906.874,0.226,3050471424,17.20,2.752,49298161664,68719476736,96,14651473920
1790353911.929,0.321,3050455040,15.60,2.496,47299608576,68719476736,94,12645449728
1790353916.958,0.131,3050455040,14.60,2.336,47279865856,68719476736,98,12609241088
1790353921.995,0.243,3050455040,15.70,2.512,48623534080,68719476736,96,13549928448
1790353927.020,0.252,3050455040,16.80,2.688,48258105344,68719476736,96,13443432448
1790353932.058,0.164,3050455040,14.60,2.336,47374581760,68719476736,97,12346163200
1790353937.097,0.188,3050455040,16.40,2.624,49321984000,68719476736,97,14282686464
1790353942.137,0.308,3050455040,15.30,2.448,48194437120,68719476736,95,13518209024
1790353947.175,0.162,3050455040,14.80,2.368,47363948544,68719476736,98,12673286144
1790353952.209,0.196,3050455040,15.30,2.448,49026859008,68719476736,97,14311014400
1790353957.242,0.313,3050471424,15.80,2.528,47362228224,68719476736,94,12652363776
1790353962.273,0.147,3050455040,13.40,2.144,47367749632,68719476736,98,12662505472
1790353967.301,0.233,3050455040,16.20,2.592,48379199488,68719476736,96,13664419840
1790353972.327,0.278,3050455040,15.80,2.528,48117268480,68719476736,95,13420199936
1790353977.353,0.133,3050471424,14.70,2.352,47622209536,68719476736,98,13073285120
1790353982.396,0.233,3050471424,15.50,2.480,49162027008,68719476736,96,14339407872
1790353987.438,0.293,3050455040,16.70,2.672,47443689472,68719476736,95,12681625600
1790353992.462,0.138,3050455040,13.90,2.224,47360212992,68719476736,98,12679266304
1790353997.499,0.188,3050455040,15.40,2.464,49147953152,68719476736,97,14439366656
1790354002.547,0.315,3050471424,17.00,2.720,48228777984,68719476736,95,13498925056
1790354007.588,0.173,3050455040,14.90,2.384,47409905664,68719476736,97,12677758976
1790354012.625,0.179,3050455040,15.00,2.400,48855728128,68719476736,97,14478852096
1790354017.670,0.260,3050455040,16.10,2.576,48420831232,68719476736,96,13694664704
1790354022.714,0.239,3050455040,13.50,2.160,47328329728,68719476736,96,12340133888
1790354027.753,0.145,3050455040,14.20,2.272,48895688704,68719476736,98,14173290496
1790354032.809,0.278,3050471424,15.40,2.464,48279928832,68719476736,95,13583106048
1790354037.849,0.227,3050455040,15.40,2.464,47649177600,68719476736,96,12748865536
1790354042.883,0.137,3050455040,14.80,2.368,49256251392,68719476736,98,14129119232
1790354047.942,0.285,3050455040,15.10,2.416,48362455040,68719476736,95,13601030144
1790354052.995,0.225,3050471424,16.60,2.656,47419785216,68719476736,96,12711755776
1790354058.021,0.132,3050455040,15.60,2.496,47415427072,68719476736,98,12693225472
1790354063.051,0.264,3050455040,14.90,2.384,48328916992,68719476736,95,13632585728
1790354068.092,0.273,3050455040,15.90,2.544,47432220672,68719476736,95,12710232064
1790354073.127,0.130,3050455040,15.10,2.416,47419867136,68719476736,98,12704972800
1790354078.155,0.243,3050455040,15.00,2.400,48593092608,68719476736,96,13865271296
1790354083.175,0.283,3050471424,14.20,2.272,47399976960,68719476736,95,12691914752
1790354088.208,0.137,3050471424,15.30,2.448,47491055616,68719476736,98,12711559168
1790354093.238,0.262,3050471424,22.00,3.520,48602546176,68719476736,95,13660962816
1790354098.296,0.255,3050455040,14.60,2.336,47912648704,68719476736,96,12719325184
1790354103.333,0.138,3050455040,19.40,3.104,47589326848,68719476736,98,12701024256
1790354108.364,0.295,3050455040,16.60,2.656,48398811136,68719476736,95,13269467136
1790354113.408,0.217,3050455040,15.20,2.432,47464349696,68719476736,96,12698370048
1790354118.450,0.148,3050455040,15.10,2.416,49549164544,68719476736,98,14824701952
1790354123.509,0.393,3050455040,14.00,2.240,48304373760,68719476736,93,13544570880
1790354128.556,0.171,3050455040,13.80,2.208,47447916544,68719476736,98,12357124096
1790354133.601,0.193,3050455040,14.10,2.256,49372135424,68719476736,97,14613757952
1790354138.652,0.333,3050455040,13.10,2.096,47476916224,68719476736,94,12683919360
1790354143.672,0.154,3050471424,13.50,2.160,47440003072,68719476736,98,12372066304
1790354148.701,0.158,3050455040,13.30,2.128,49472552960,68719476736,98,14414233600
1790354153.726,0.232,3050455040,16.40,2.624,48499179520,68719476736,96,13784055808
1790354158.753,0.260,3050455040,14.50,2.320,47614885888,68719476736,96,12652642304
1790354163.780,0.159,3050455040,14.30,2.288,47521316864,68719476736,98,12651675648
1790354168.801,0.322,3050471424,14.40,2.304,48184442880,68719476736,94,13402980352
1790354173.825,0.168,3050455040,16.20,2.592,47441854464,68719476736,97,12651200512
1790354178.848,0.186,3050455040,15.60,2.496,49182359552,68719476736,97,14387740672
1790354183.877,0.312,3050455040,15.60,2.496,48269082624,68719476736,94,13475512320
1790354188.902,0.160,3050455040,15.20,2.432,47411658752,68719476736,98,12624986112
1790354193.925,0.183,3050455040,15.00,2.400,49188143104,68719476736,97,14394703872
1790354198.956,0.221,3050455040,15.00,2.400,48548102144,68719476736,96,13743996928
1790354203.987,0.250,3050471424,15.20,2.432,48225927168,68719476736,96,13424377856
1790354209.009,0.135,3050455040,15.00,2.400,47452717056,68719476736,98,12653854720
1790354214.037,0.231,3050455040,14.80,2.368,48971251712,68719476736,96,14167097344
1790354219.065,0.286,3050455040,15.40,2.464,47661596672,68719476736,95,12694765568
1790354224.096,0.145,3050455040,15.30,2.448,47629680640,68719476736,98,12723486720
1790354229.126,0.229,3050455040,14.90,2.384,49496309760,68719476736,96,14642511872
1790354234.172,0.298,3050455040,13.30,2.128,47430811648,68719476736,95,12373884928
1790354239.199,0.143,3050455040,15.60,2.496,47591276544,68719476736,98,12784484352
1790354244.224,0.250,3050455040,15.40,2.464,48742694912,68719476736,96,13960642560
1790354249.246,0.277,3050455040,13.30,2.128,47468363776,68719476736,95,12666535936
1790354254.273,0.141,3050471424,14.60,2.336,47390998528,68719476736,98,12340641792
1790354259.310,0.255,3050455040,14.90,2.384,48420683776,68719476736,95,13618757632
1790354264.362,0.272,3050455040,16.00,2.560,47480455168,68719476736,95,12706480128
1790354269.391,0.134,3050455040,16.90,2.704,47454093312,68719476736,98,12379734016
1790354274.422,0.318,3050455040,15.30,2.448,48458924032,68719476736,94,13401718784
1790354279.472,0.217,3050455040,13.50,2.160,47834775552,68719476736,97,12735905792
1790354284.505,0.149,3050455040,13.50,2.160,49749688320,68719476736,98,14809890816
1790354289.538,0.279,3050455040,13.60,2.176,48664788992,68719476736,95,13837877248
1790354294.566,0.269,3050455040,15.10,2.416,47453569024,68719476736,96,12666830848
1790354299.602,0.165,3050455040,14.90,2.384,49616437248,68719476736,98,14825439232
1790354304.652,0.343,3050455040,14.60,2.336,48320856064,68719476736,94,13538099200
1790354309.684,0.171,3050471424,15.00,2.400,47442935808,68719476736,98,12648153088
1790354314.718,0.150,3050455040,15.00,2.400,47403417600,68719476736,98,12624248832
1790354319.748,0.335,3050455040,15.70,2.512,48206069760,68719476736,94,13392134144
1790354324.799,0.171,3050455040,20.50,3.280,47552233472,68719476736,97,12656820224
1790354329.836,0.176,3050471424,20.50,3.280,49267802112,68719476736,97,14361624576
1790354334.888,0.321,3050455040,17.70,2.832,48388440064,68719476736,94,13475725312
1790354339.925,0.142,3050455040,15.20,2.432,47373828096,68719476736,98,12308480000
1790354344.955,0.206,3050455040,14.40,2.304,48918216704,68719476736,97,14305509376
1790354349.986,0.305,3050455040,15.70,2.512,48030121984,68719476736,95,13521321984
1790354355.016,0.145,3050455040,15.30,2.448,47109996544,68719476736,98,12311085056
1790354360.044,0.239,3050455040,15.50,2.480,48993861632,68719476736,96,14182563840
1790354365.081,0.254,3050471424,15.90,2.544,47921397760,68719476736,96,13407748096
1790354370.114,0.158,3050455040,14.80,2.368,47166193664,68719476736,98,12674990080
1790354375.150,0.150,3050455040,14.60,2.336,47257698304,68719476736,98,12341067776
1790354380.180,0.310,3050471424,15.30,2.448,48068542464,68719476736,94,13237862400
1790354385.219,0.211,3050455040,15.60,2.496,47168012288,68719476736,97,12692013056
1790354390.250,0.173,3050455040,14.80,2.368,49181736960,68719476736,97,14680801280
1790354395.309,0.325,3050455040,16.30,2.608,48142794752,68719476736,94,13608075264
1790354400.357,0.172,3050455040,14.50,2.320,47456026624,68719476736,98,13069238272
1790354405.392,0.180,3050471424,14.70,2.352,48998629376,68719476736,97,14370848768
1790354410.451,0.316,3050471424,16.10,2.576,48016916480,68719476736,94,13484785664
1790354415.496,0.146,3050455040,15.50,2.480,47225208832,68719476736,98,12669550592
1790354420.532,0.198,3050471424,16.20,2.592,49133502464,68719476736,97,14580498432
1790354425.584,0.248,3050455040,15.50,2.480,48118349824,68719476736,96,13574324224
1790354430.633,0.204,3050471424,21.10,3.376,47220654080,68719476736,97,12665896960
1790354435.665,0.156,3050455040,17.70,2.832,48958685184,68719476736,98,14421262336
1790354440.710,0.296,3050455040,15.70,2.512,48111288320,68719476736,95,13539344384
1790354445.744,0.195,3050455040,15.50,2.480,47229321216,68719476736,97,12337332224
1790354450.780,0.230,3050455040,14.80,2.368,49190125568,68719476736,96,14650753024
1790354455.832,0.300,3050455040,15.60,2.496,47971549184,68719476736,95,13457752064
1790354460.862,0.146,3050455040,15.70,2.512,47528738816,68719476736,98,12826394624
1790354465.893,0.240,3050455040,14.80,2.368,49082695680,68719476736,96,14255636480
1790354470.938,0.238,3050471424,15.50,2.480,48058990592,68719476736,96,13579894784
1790354475.991,0.184,3050455040,15.60,2.496,47175319552,68719476736,97,12677234688
1790354481.023,0.171,3050455040,15.80,2.528,49178853376,68719476736,97,14388969472
1790354486.076,0.314,3050471424,16.00,2.560,47956852736,68719476736,94,13355532288
1790354491.111,0.165,3050455040,15.10,2.416,47182266368,68719476736,97,12677185536
1790354496.142,0.204,3050455040,14.70,2.352,48578560000,68719476736,97,14087323648
1790354501.175,0.262,3050455040,15.70,2.512,47924117504,68719476736,96,13434535936
1790354506.203,0.205,3050455040,15.20,2.432,47149334528,68719476736,97,12684886016
1790354511.228,0.175,3050455040,15.10,2.416,49179361280,68719476736,97,14705934336
1790354516.261,0.290,3050471424,15.60,2.496,48011345920,68719476736,95,13542064128
1790354521.294,0.183,3050471424,15.40,2.464,47361310720,68719476736,97,12653477888
1790354526.327,0.174,3050455040,14.90,2.384,48925327360,68719476736,97,14345715712
1790354531.363,0.321,3050455040,15.90,2.544,47987916800,68719476736,94,13519028224
1790354536.392,0.158,3050455040,14.10,2.256,47130705920,68719476736,98,12684296192
1790354541.427,0.217,3050455040,16.80,2.688,48816668672,68719476736,96,14361264128
1790354546.483,0.235,3050455040,15.30,2.448,47898640384,68719476736,96,13420838912
1790354551.541,0.211,3050455040,15.20,2.432,47163670528,68719476736,96,12360876032
1790354556.572,0.143,3050455040,14.90,2.384,48910942208,68719476736,98,14436958208
1790354561.622,0.277,3050455040,16.60,2.656,48907517952,68719476736,95,14672379904
1790354566.668,0.216,3050455040,16.60,2.656,47388590080,68719476736,97,13137838080
1790354571.693,0.131,3050455040,16.50,2.640,47953379328,68719476736,98,13558398976
1790354576.722,0.223,3050455040,15.10,2.416,48775561216,68719476736,96,14578778112
1790354581.747,0.245,3050455040,20.30,3.248,47660023808,68719476736,96,13438222336
1790354586.773,0.134,3050455040,13.90,2.224,47740846080,68719476736,98,13441859584
1790354591.802,0.189,3050455040,14.30,2.288,49611603968,68719476736,97,15011807232
1790354596.854,0.274,3050455040,13.20,2.112,48336420864,68719476736,95,14175420416
1790354601.886,0.168,3050455040,13.00,2.080,47555805184,68719476736,97,12967673856
1790354606.920,0.163,3050455040,10.90,1.744,49200021504,68719476736,97,14732591104
1790354611.968,0.279,3050455040,10.70,1.712,48459317248,68719476736,95,14203977728
1790354617.014,0.179,3050455040,10.60,1.696,47514304512,68719476736,97,12971556864
1790354622.046,0.162,3050455040,10.40,1.664,49283137536,68719476736,97,15009415168
1790354627.097,0.294,3050455040,11.90,1.904,48443883520,68719476736,95,14180466688
1790354632.150,0.164,3050455040,13.40,2.144,47976808448,68719476736,98,13695811584
1790354637.182,0.160,3050455040,10.10,1.616,49406459904,68719476736,97,15072509952
1790354642.238,0.266,3050455040,8.60,1.376,48361078784,68719476736,95,13598883840
1790354647.291,0.183,3050471424,8.90,1.424,47215116288,68719476736,97,12731629568
1790354652.324,0.144,3050455040,8.60,1.376,49124081664,68719476736,98,14759133184
1790354657.373,0.295,3050455040,8.90,1.424,47831056384,68719476736,95,13126303744
1790354662.425,0.180,3050455040,11.30,1.808,47094890496,68719476736,97,12717998080
1790354667.462,0.159,3050455040,9.50,1.520,48803184640,68719476736,98,14427684864
1790354672.514,0.267,3050455040,8.50,1.360,48075882496,68719476736,95,13389496320
1790354677.554,0.192,3050471424,8.90,1.424,47018852352,68719476736,97,12374048768
1790354682.583,0.166,3050455040,8.70,1.392,48882761728,68719476736,97,14521843712
1790354687.624,0.197,3050455040,13.10,2.096,48253190144,68719476736,97,13850918912
1790354692.645,0.240,3050455040,10.10,1.616,47028862976,68719476736,96,12338806784
1790354697.677,0.131,3050455040,8.80,1.408,49689149440,68719476736,98,15441494016
1790354702.725,0.265,3050455040,8.40,1.344,48378281984,68719476736,95,13661683712
1790354707.769,0.220,3050455040,11.40,1.824,47424962560,68719476736,96,12639551488
1790354712.796,0.141,3050455040,10.50,1.680,47211642880,68719476736,98,12668272640
1790354717.817,0.218,3050455040,11.20,1.792,48798433280,68719476736,96,14378663936
1790354722.845,0.217,3050455040,11.50,1.840,48220028928,68719476736,97,13549633536
1790354727.893,0.174,3050455040,11.10,1.776,47388213248,68719476736,97,12951289856
1790354732.922,0.160,3050455040,11.20,1.792,49417093120,68719476736,98,15008153600
1790354737.967,0.322,3050455040,12.20,1.952,47541862400,68719476736,94,13322829824
1790354743.002,0.127,3050455040,10.20,1.632,47378022400,68719476736,98,13003112448
1790354748.028,0.217,3050455040,12.10,1.936,49093591040,68719476736,96,14786101248
1790354753.054,0.255,3050455040,10.80,1.728,47376809984,68719476736,95,12648710144
1790354758.083,0.135,3050455040,9.30,1.488,47603253248,68719476736,98,13260357632
1790354763.109,0.242,3050455040,9.80,1.568,48268804096,68719476736,96,13549715456
1790354768.150,0.259,3050455040,11.80,1.888,47413297152,68719476736,96,12971802624
1790354773.174,0.133,3050455040,9.40,1.504,47214460928,68719476736,98,12978814976
1790354778.201,0.163,3050455040,10.00,1.600,48808689664,68719476736,97,14026866688
1790354783.255,0.272,3050455040,11.10,1.776,48121741312,68719476736,95,13418364928
1790354788.309,0.181,3050455040,9.00,1.440,47029878784,68719476736,97,12686704640
1790354793.335,0.145,3050455040,8.70,1.392,48849846272,68719476736,98,14488371200
1790354798.380,0.280,3050455040,13.20,2.112,48260726784,68719476736,95,13675102208
1790354803.435,0.200,3050455040,11.40,1.824,47367553024,68719476736,97,13050642432
1790354808.463,0.150,3050455040,11.50,1.840,49018191872,68719476736,98,14839840768
1790354813.508,0.325,3050455040,12.40,1.984,48262774784,68719476736,94,13867646976
1790354818.541,0.145,3050455040,13.50,2.160,47787458560,68719476736,98,13387579392
1790354823.569,0.195,3050455040,14.00,2.240,49497440256,68719476736,97,15118270464
1790354828.618,0.298,3050471424,15.30,2.448,47963176960,68719476736,95,13391249408
1790354833.643,0.130,3050471424,14.20,2.272,47862906880,68719476736,98,13434650624
1790354838.669,0.200,3050471424,14.50,2.320,49347067904,68719476736,97,14775631872
1790354843.713,0.275,3050471424,12.20,1.952,48371564544,68719476736,95,13954236416
1790354848.732,0.134,3050471424,12.60,2.016,47489662976,68719476736,98,13036584960
1790354853.760,0.183,3050471424,15.30,2.448,49988960256,68719476736,97,15748923392
1790354858.809,0.249,3050471424,13.60,2.176,48971350016,68719476736,96,14737965056
1790354863.854,0.183,3037446144,11.40,1.824,48419618816,68719476736,97,13725777920
1790354868.884,0.205,3037446144,12.60,2.016,49324015616,68719476736,97,14917287936
1790354873.914,0.276,3037462528,13.60,2.176,47934881792,68719476736,95,13348896768
1790354878.941,0.135,3037167616,17.80,2.848,48662003712,68719476736,98,13961576448
1790354883.970,0.208,3037233152,17.20,2.752,49509040128,68719476736,97,15375122432
1790354888.999,0.274,3037233152,13.50,2.160,48043606016,68719476736,96,13332119552
1790354894.027,0.115,3037233152,12.60,2.016,49663655936,68719476736,99,15331852288
1790354899.080,0.305,3037233152,14.30,2.288,49094541312,68719476736,95,14740045824
1790354904.132,0.198,3037265920,11.40,1.824,48158769152,68719476736,97,13529939968
1790354909.164,0.164,3037265920,10.00,1.600,49815027712,68719476736,97,15371304960
1790354914.210,0.299,3037282304,16.00,2.560,49183260672,68719476736,95,14894284800
1790354919.261,0.167,3037282304,14.10,2.256,48318480384,68719476736,98,13892337664
1790354924.296,0.210,3037315072,13.60,2.176,50210963456,68719476736,97,15753887744
1790354929.332,0.297,3037298688,14.00,2.240,48351477760,68719476736,95,13909606400
1790354934.356,0.129,3037298688,11.30,1.808,48213032960,68719476736,98,13653311488
1790354939.390,0.181,3037298688,10.50,1.680,49751588864,68719476736,97,15296512000
1790354944.435,0.241,3037298688,12.50,2.000,49224876032,68719476736,96,14804779008
1790354949.492,0.206,3037298688,10.80,1.728,48384933888,68719476736,97,13912965120
1790354954.516,0.133,3037298688,11.60,1.856,48461316096,68719476736,98,13713653760
1790354959.537,0.275,3037298688,14.00,2.240,49395924992,68719476736,96,14896906240
1790354964.560,0.201,3037298688,13.60,2.176,48348987392,68719476736,97,13904658432
1790354969.582,0.159,3037298688,12.70,2.032,50249367552,68719476736,98,15702409216
1790354974.603,0.309,3037298688,13.80,2.208,48943611904,68719476736,95,14133575680
1790354979.628,0.132,3037298688,13.00,2.080,48182001664,68719476736,98,13701005312
1790354984.651,0.215,3037298688,13.20,2.112,49832099840,68719476736,97,15344861184
1790354989.673,0.268,3037298688,14.50,2.320,48200679424,68719476736,96,13383925760
1790354994.698,0.123,3037298688,13.00,2.080,48216866816,68719476736,99,13389807616
1790354999.721,0.157,3037298688,12.50,2.000,50012553216,68719476736,98,15445229568
1790355004.744,0.312,3037298688,14.20,2.272,49122017280,68719476736,95,14574944256
1790355009.764,0.134,3037298688,13.20,2.112,48211181568,68719476736,98,13379141632
1790355014.786,0.218,3037298688,13.00,2.080,49871716352,68719476736,97,15039152128
1790355019.811,0.268,3037298688,14.20,2.272,48289431552,68719476736,96,13734494208
1790355024.834,0.123,3037298688,13.30,2.128,50573557760,68719476736,98,16027320320
1790355029.861,0.294,3037298688,15.20,2.432,49389191168,68719476736,95,14862483456
1790355034.893,0.205,3037298688,13.70,2.192,48462757888,68719476736,97,13809074176
1790355039.918,0.148,3037298688,12.70,2.032,50589712384,68719476736,98,16004431872
1790355044.944,0.247,3037298688,12.90,2.064,49583587328,68719476736,96,15068102656
1790355049.975,0.246,3037298688,15.70,2.512,48441163776,68719476736,96,13940932608
1790355055.003,0.132,3037298688,15.00,2.400,50742280192,68719476736,98,14210236416
1790355060.029,0.292,3037298688,14.90,2.384,49303191552,68719476736,95,14688026624
1790355065.065,0.215,3037298688,12.80,2.048,48370728960,68719476736,97,13687209984
1790355070.092,0.132,3037298688,11.00,1.760,49924341760,68719476736,98,15418556416
1790355075.118,0.230,3037298688,10.50,1.680,48729669632,68719476736,96,13938622464
1790355080.144,0.272,3037298688,13.50,2.160,48044326912,68719476736,95,13798850560
1790355085.169,0.132,3037298688,13.00,2.080,48210444288,68719476736,99,13880655872
1790355090.194,0.268,3037298688,10.40,1.664,48952213504,68719476736,95,14582644736
1790355095.244,0.248,3037315072,12.70,2.032,48168435712,68719476736,96,13836615680
1790355100.277,0.138,3037315072,13.20,2.112,48134995968,68719476736,98,13489143808
1790355105.303,0.302,3037315072,10.50,1.680,49213194240,68719476736,95,14872936448
1790355110.354,0.211,3037315072,12.00,1.920,48439410688,68719476736,97,13807960064
1790355115.387,0.132,3037298688,12.80,2.048,50551848960,68719476736,98,13946011648
1790355120.453,0.223,3037298688,13.50,2.160,49704730624,68719476736,96,14838366208
1790355125.483,0.297,3037298688,14.70,2.352,48451534848,68719476736,95,13932625920
1790355130.515,0.124,3037298688,11.90,1.904,48433152000,68719476736,98,13884833792
1790355135.546,0.239,3037298688,16.90,2.704,49631887360,68719476736,97,14778695680
1790355140.569,0.253,3037298688,17.10,2.736,48751558656,68719476736,96,14234976256
1790355145.600,0.149,3037315072,16.20,2.592,48954228736,68719476736,98,14694694912
1790355150.633,0.201,3037315072,12.00,1.920,50262114304,68719476736,97,15555117056
1790355155.681,0.294,3037298688,15.40,2.464,49317576704,68719476736,95,13990592512
1790355160.708,0.144,3037298688,13.30,2.128,48565338112,68719476736,98,13854932992
1790355165.731,0.151,3037298688,13.40,2.144,50516574208,68719476736,98,16008658944
1790355170.771,0.288,3037298688,13.00,2.080,49291788288,68719476736,95,14727102464
1790355175.811,0.204,3037282304,11.60,1.856,48438493184,68719476736,97,13854588928
1790355180.838,0.137,3037282304,11.60,1.856,50280087552,68719476736,98,15726673920
1790355185.870,0.321,3037282304,11.50,1.840,49298898944,68719476736,95,14697086976
1790355190.912,0.155,3037282304,10.90,1.744,48494411776,68719476736,98,13875544064
1790355195.945,0.177,3037282304,11.00,1.760,50167365632,68719476736,97,15591096320
1790355200.989,0.301,3037298688,12.40,1.984,49311039488,68719476736,95,14667104256
1790355206.017,0.118,3037282304,10.80,1.728,48484532224,68719476736,98,13837369344
1790355211.049,0.236,3037282304,11.30,1.808,49657200640,68719476736,96,15060926464
1790355216.079,0.266,3037282304,11.30,1.808,48514514944,68719476736,96,13896056832
1790355221.107,0.119,3037298688,11.30,1.808,48558096384,68719476736,98,13967966208
1790355226.137,0.217,3037298688,11.00,1.760,50466029568,68719476736,96,15787999232
1790355231.174,0.291,3037298688,11.90,1.904,48485466112,68719476736,95,13916798976
1790355236.207,0.106,3037298688,15.00,2.400,48600924160,68719476736,99,14001553408
1790355241.230,0.296,3037298688,15.30,2.448,49451450368,68719476736,96,14883012608
1790355246.281,0.188,3037298688,15.50,2.480,48583262208,68719476736,98,14015922176
1790355251.311,0.157,3037298688,15.10,2.416,50394677248,68719476736,98,15823011840
1790355256.357,0.325,3037298688,15.50,2.480,49391337472,68719476736,95,14831124480
1790355261.386,0.105,3037298688,15.90,2.544,48595615744,68719476736,99,14011285504
1790355266.416,0.241,3037298688,15.10,2.416,49829183488,68719476736,97,15419703296
1790355271.459,0.260,3037315072,15.90,2.544,48595189760,68719476736,96,13996097536
1790355276.494,0.140,3037315072,14.60,2.336,50631639040,68719476736,98,16114335744
1790355281.535,0.291,3037298688,14.50,2.320,49463836672,68719476736,96,14967111680
1790355286.585,0.165,3037298688,15.20,2.432,48498540544,68719476736,98,13943324672
1790355291.620,0.125,3037298688,15.60,2.496,50618040320,68719476736,98,16124805120
1790355296.645,0.247,3037298688,14.60,2.336,49659068416,68719476736,96,15186968576
1790355301.676,0.231,3037298688,14.80,2.368,49228857344,68719476736,97,14787477504
1790355306.704,0.115,3037298688,15.50,2.480,48447291392,68719476736,99,13927514112
1790355311.730,0.226,3037298688,14.40,2.304,49856512000,68719476736,97,15608233984
1790355316.761,0.245,3037298688,14.90,2.384,48450568192,68719476736,97,13945225216
1790355321.788,0.132,3037298688,15.60,2.496,49991663616,68719476736,98,15490859008
1790355326.818,0.306,3037298688,15.20,2.432,49288527872,68719476736,96,14810939392
1790355331.847,0.153,3037298688,15.60,2.496,48390111232,68719476736,98,13876297728
1790355336.872,0.209,3037298688,15.10,2.416,49928617984,68719476736,97,15480242176
1790355341.897,0.270,3037298688,14.90,2.384,48450371584,68719476736,96,13940424704
1790355346.924,0.125,3037298688,15.90,2.544,48369549312,68719476736,99,13877526528
1790355351.949,0.193,3037298688,15.30,2.448,50611601408,68719476736,97,16210100224
1790355356.987,0.226,3037265920,17.20,2.752,49150574592,68719476736,97,14792851456
1790355362.022,0.176,3037265920,17.90,2.864,48396648448,68719476736,98,14013153280
1790355367.052,0.191,3037265920,14.90,2.384,49894506496,68719476736,97,15546220544
1790355372.092,0.303,3037265920,15.90,2.544,48365715456,68719476736,95,14680293376
1790355377.115,0.110,3037265920,15.10,2.416,48387538944,68719476736,99,13964476416
1790355382.140,0.231,3037265920,14.80,2.368,50067832832,68719476736,97,15646687232
1790355387.172,0.264,3037265920,14.90,2.384,48379084800,68719476736,96,13951877120
1790355392.201,0.121,3037265920,14.00,2.240,48460267520,68719476736,99,14029291520
1790355397.227,0.300,3037282304,14.60,2.336,49371742208,68719476736,96,14934884352
1790355402.282,0.167,3037265920,14.80,2.368,48399826944,68719476736,98,13945077760
1790355407.318,0.182,3037265920,14.10,2.256,50113363968,68719476736,97,15683895296
1790355412.365,0.296,3037265920,14.90,2.384,49212669952,68719476736,96,14774714368
1790355417.389,0.101,3037265920,14.80,2.368,48416653312,68719476736,99,13983531008
1790355422.420,0.220,3037265920,14.70,2.352,49936187392,68719476736,97,15483191296
1790355427.454,0.266,3037265920,14.70,2.352,48442736640,68719476736,96,13955809280
1790355432.487,0.117,3037249536,18.10,2.896,50563432448,68719476736,99,16215097344
1790355437.518,0.293,3037249536,17.30,2.768,49433378816,68719476736,96,15026683904
1790355442.561,0.208,3037265920,11.80,1.888,47622815744,68719476736,97,12766183424
1790355447.590,0.133,3037249536,9.70,1.552,47478751232,68719476736,98,12718129152
1790355452.617,0.283,3037233152,8.80,1.408,47245066240,68719476736,93,12357222400
1790355457.651,0.001,3037216768,11.00,1.760,44968493056,68719476736,0,352157696
1790355462.712,0.001,3037216768,10.30,1.648,42564222976,68719476736,0,352157696
1790355467.775,0.001,3037216768,9.50,1.520,41752756224,68719476736,0,352157696
1790355472.834,0.001,3037216768,9.40,1.504,41139666944,68719476736,0,352157696
1790355477.878,0.001,3037216768,9.30,1.488,41374007296,68719476736,0,836042752
1790355482.921,0.001,3037216768,10.20,1.632,41219653632,68719476736,0,352157696
1790355487.970,0.106,3037265920,28.00,4.480,49170808832,68719476736,99,14739554304
1790355492.998,0.267,3037265920,9.80,1.568,48042934272,68719476736,95,13655801856
1790355498.036,0.192,3037249536,9.50,1.520,47059484672,68719476736,97,12656050176
1790355503.063,0.195,3037249536,9.20,1.472,48907026432,68719476736,97,14287650816
1790355508.103,0.213,3037249536,10.00,1.600,48152625152,68719476736,96,13546176512
1790355513.140,0.213,3037249536,9.30,1.488,47177154560,68719476736,96,12680167424
1790355518.167,0.162,3037249536,8.20,1.312,48875225088,68719476736,98,14354644992
1790355523.224,0.296,3037249536,9.10,1.456,47818424320,68719476736,95,13081247744
1790355528.268,0.143,3037249536,9.00,1.440,47099068416,68719476736,98,12632801280
1790355533.295,0.128,3037249536,8.70,1.392,49218174976,68719476736,98,14893481984
1790355538.354,0.300,3037249536,9.10,1.456,48168878080,68719476736,95,13212532736
1790355543.413,0.212,3037249536,9.50,1.520,47225110528,68719476736,97,12333400064
1790355548.446,0.150,3037249536,8.70,1.392,49050222592,68719476736,98,14540013568
1790355553.500,0.315,3037249536,9.50,1.520,48148496384,68719476736,94,13694091264
1790355558.554,0.194,3037249536,9.10,1.456,47173451776,68719476736,97,12683968512
1790355563.594,0.147,3037249536,9.90,1.584,47193784320,68719476736,98,12698386432
1790355568.624,0.283,3037249536,9.30,1.488,48097263616,68719476736,95,13588119552
1790355573.670,0.214,3037249536,9.40,1.504,47229419520,68719476736,97,12710035456
1790355578.705,0.169,3037249536,8.80,1.408,49049206784,68719476736,97,14528675840
1790355583.759,0.249,3037265920,9.60,1.536,48293494784,68719476736,96,13776011264
1790355588.810,0.258,3037249536,10.20,1.632,47270887424,68719476736,96,12676104192
1790355593.834,0.143,3037249536,9.30,1.488,47279751168,68719476736,98,12700008448
1790355598.876,0.250,3037265920,9.50,1.520,48607444992,68719476736,96,13799833600
1790355603.897,0.281,3037249536,10.30,1.648,47500460032,68719476736,95,12676104192
1790355608.926,0.136,3037249536,9.70,1.552,47375056896,68719476736,98,12336005120
1790355613.956,0.217,3037265920,9.50,1.520,49085644800,68719476736,96,14473379840
1790355619.000,0.234,3037249536,10.00,1.600,48279322624,68719476736,96,13645545472
1790355624.039,0.192,3037249536,9.40,1.504,47422930944,68719476736,97,12624838656
1790355629.076,0.148,3037249536,9.00,1.440,48834265088,68719476736,98,13761658880
1790355634.127,0.302,3037249536,10.00,1.600,48190865408,68719476736,95,13503725568
1790355639.163,0.183,3037249536,9.30,1.488,47340453888,68719476736,97,12665749504
1790355644.202,0.167,3037249536,9.60,1.536,49031479296,68719476736,97,14021459968
1790355649.236,0.306,3037249536,11.90,1.904,48675438592,68719476736,95,13176324096
1790355654.271,0.190,3037249536,10.30,1.648,47486713856,68719476736,97,12659376128
1790355659.309,0.169,3037249536,9.50,1.520,49221074944,68719476736,98,14353301504
1790355664.362,0.337,3037265920,11.70,1.872,49172103168,68719476736,94,14742257664
1790355669.385,0.160,3037265920,14.30,2.288,48561700864,68719476736,98,14215184384
1790355674.419,0.128,3037265920,11.50,1.840,49731076096,68719476736,98,14698872832
1790355679.459,0.279,3037265920,11.60,1.856,48866836480,68719476736,95,14488322048
1790355684.482,0.233,3037249536,11.90,1.904,48174333952,68719476736,97,13659537408
1790355689.511,0.122,3037249536,11.30,1.808,50039865344,68719476736,98,15605792768
1790355694.539,0.266,3037249536,11.90,1.904,49107222528,68719476736,95,14671183872
1790355699.563,0.197,3037249536,16.90,2.704,48295723008,68719476736,97,13899317248
1790355704.592,0.139,3037249536,14.50,2.320,50090606592,68719476736,98,15754805248
1790355709.630,0.317,3037249536,17.50,2.800,49108860928,68719476736,96,14698168320
1790355714.655,0.134,3037249536,13.90,2.224,48273571840,68719476736,98,13818396672
1790355719.682,0.205,3037249536,14.20,2.272,49254367232,68719476736,97,15458844672
1790355724.707,0.267,3037265920,15.30,2.448,48265740288,68719476736,96,13872414720
1790355729.729,0.108,3037249536,15.60,2.496,48288219136,68719476736,99,13896400896
1790355734.751,0.189,3037249536,17.50,2.800,50074124288,68719476736,97,15680651264
1790355739.794,0.282,3037249536,12.90,2.064,48219357184,68719476736,95,13826686976
1790355744.825,0.128,3037249536,12.10,1.936,47705702400,68719476736,98,12717817856
1790355749.847,0.224,3037265920,11.40,1.824,49107845120,68719476736,96,14562197504
1790355754.872,0.266,3037249536,10.50,1.680,47730900992,68719476736,96,13231095808
1790355759.906,0.154,3037249536,11.80,1.888,50038456320,68719476736,98,15759310848
1790355764.946,0.281,3037249536,10.40,1.664,48769646592,68719476736,95,14479278080
1790355769.987,0.200,3037249536,11.10,1.776,47794110464,68719476736,97,13221658624
1790355775.016,0.145,3037249536,11.20,1.792,50052513792,68719476736,98,15726936064
1790355780.051,0.219,3037265920,12.10,1.936,49460461568,68719476736,96,14940241920
1790355785.074,0.253,3037249536,9.70,1.552,47432908800,68719476736,96,12718358528
1790355790.103,0.143,3037249536,9.40,1.504,49771905024,68719476736,98,15390097408
1790355795.154,0.258,3037249536,11.40,1.824,48827482112,68719476736,95,14472134656
1790355800.186,0.194,3037249536,13.90,2.224,48287481856,68719476736,97,13941030912
1790355805.210,0.118,3016425472,18.50,2.960,50316296192,68719476736,98,14008418304
1790355810.232,0.252,3016425472,14.40,2.304,48989732864,68719476736,96,14664204288
1790355815.256,0.239,3016425472,21.30,3.408,48268410880,68719476736,96,13657210880
1790355820.277,0.129,3016425472,16.70,2.672,48573530112,68719476736,98,13971881984
1790355825.301,0.260,3016425472,12.10,1.936,48969940992,68719476736,95,14576910336
1790355830.327,0.222,3016425472,12.80,2.048,47817392128,68719476736,97,13557481472
1790355835.348,0.112,3016425472,13.50,2.160,48899686400,68719476736,98,13550075904
1790355840.375,0.298,3016425472,10.70,1.712,48613638144,68719476736,95,13803929600
1790355845.400,0.193,3016425472,9.40,1.504,47318089728,68719476736,97,12693192704
1790355850.423,0.127,3016425472,9.20,1.472,47537995776,68719476736,98,12711854080
1790355855.447,0.223,3016425472,11.60,1.856,49273192448,68719476736,96,14532968448
1790355860.471,0.271,3016425472,10.60,1.696,47707029504,68719476736,96,13169786880
1790355865.494,0.124,3016425472,12.50,2.000,47796076544,68719476736,98,13292290048
1790355870.519,0.248,3016425472,9.70,1.552,48718561280,68719476736,96,14478966784
1790355875.544,0.227,3016425472,11.50,1.840,48562716672,68719476736,96,14007140352
1790355880.576,0.162,3016425472,12.70,2.032,48172269568,68719476736,98,13768933376
1790355885.600,0.189,3016425472,14.10,2.256,50142576640,68719476736,97,15289401344
1790355890.625,0.289,3016425472,11.10,1.776,47746220032,68719476736,95,13358448640
1790355895.651,0.126,3016425472,14.00,2.240,47809888256,68719476736,98,13388382208
1790355900.681,0.190,3016425472,11.70,1.872,49730617344,68719476736,97,15366602752
1790355905.700,0.303,3016425472,11.20,1.792,48559276032,68719476736,95,14137622528
1790355910.720,0.128,3016425472,12.90,2.064,47756967936,68719476736,98,13328007168
1790355915.748,0.203,3016425472,14.50,2.320,49496834048,68719476736,97,15003287552
1790355920.772,0.274,3016425472,12.00,1.920,47738601472,68719476736,95,13336657920
1790355925.798,0.127,3016425472,10.80,1.728,47845916672,68719476736,98,13403242496
1790355930.827,0.225,3016425472,12.30,1.968,49262690304,68719476736,96,14842675200
1790355935.856,0.259,3016425472,12.90,2.064,47716417536,68719476736,96,13309739008
1790355940.889,0.130,3016425472,12.00,1.920,47705866240,68719476736,98,13295861760
1790355945.910,0.236,3016441856,9.50,1.520,48362291200,68719476736,96,13334282240
1790355950.942,0.242,3016425472,10.70,1.712,47819505664,68719476736,96,12730499072
1790355955.969,0.127,3016425472,9.10,1.456,47232466944,68719476736,98,12677218304
1790355960.998,0.277,3016425472,12.60,2.016,49747689472,68719476736,95,15167340544
1790355966.041,0.209,3016425472,11.70,1.872,48188194816,68719476736,97,13690830848
1790355971.072,0.150,3016425472,11.80,1.888,50137038848,68719476736,98,15840821248
1790355976.116,0.329,3016425472,13.10,2.096,48383541248,68719476736,94,13522780160
1790355981.148,0.155,3016425472,11.70,1.872,47512797184,68719476736,98,12343738368
1790355986.185,0.177,3016425472,12.80,2.048,49798414336,68719476736,97,15576678400
1790355991.231,0.222,3016425472,15.20,2.432,49093132288,68719476736,97,14868398080
1790355996.283,0.212,3016425472,13.70,2.192,48097640448,68719476736,97,13893042176
1790356001.319,0.121,3016441856,11.90,1.904,49570381824,68719476736,98,15235809280
1790356006.370,0.283,3016425472,11.90,1.904,48984686592,68719476736,95,14564229120
1790356011.403,0.202,3016425472,12.20,1.952,47914549248,68719476736,97,13496320000
1790356016.429,0.136,3016425472,12.70,2.032,49896685568,68719476736,98,15672164352
1790356021.466,0.238,3016425472,11.90,1.904,48884613120,68719476736,96,13808533504
1790356026.508,0.215,3016425472,11.20,1.792,47689351168,68719476736,96,12682264576
1790356031.536,0.151,3016458240,10.50,1.680,48062234624,68719476736,98,13840482304
1790356036.564,0.253,3016458240,12.90,2.064,49313677312,68719476736,96,15204007936
1790356041.611,0.202,3016458240,16.60,2.656,48027860992,68719476736,97,13448462336
1790356046.639,0.141,3016458240,12.00,1.920,47886778368,68719476736,98,13343883264
1790356051.666,0.269,3016458240,11.70,1.872,48609427456,68719476736,95,13569589248
1790356056.711,0.225,3016474624,14.50,2.320,48176971776,68719476736,97,13610221568
1790356061.737,0.121,3016458240,8.60,1.376,49054367744,68719476736,98,14489550848
1790356066.787,0.283,3016458240,8.90,1.424,48007086080,68719476736,95,13328580608
1790356071.840,0.200,3016458240,12.30,1.968,48000352256,68719476736,97,13715521536
1790356076.871,0.202,3016458240,13.30,2.128,49563172864,68719476736,97,15210921984
1790356081.897,0.215,3016474624,12.90,2.064,48912154624,68719476736,97,14645067776
1790356086.940,0.181,3016458240,14.10,2.256,48021635072,68719476736,97,13536428032
1790356091.976,0.174,3016458240,12.00,1.920,49689116672,68719476736,97,16243441664
1790356097.028,0.283,3016458240,9.80,1.568,48652845056,68719476736,95,13894057984
1790356102.079,0.179,3016474624,10.40,1.664,47449014272,68719476736,97,12989333504
1790356107.108,0.140,3016458240,13.00,2.080,48314105856,68719476736,98,13745471488
1790356112.130,0.295,3016458240,22.50,3.600,49239261184,68719476736,95,14754725888
1790356117.184,0.181,3016458240,12.10,1.936,48210034688,68719476736,97,13799358464
1790356122.212,0.148,3016458240,11.00,1.760,49990664192,68719476736,98,15647817728
1790356127.262,0.272,3016458240,10.70,1.712,49101193216,68719476736,95,14744698880
1790356132.313,0.195,3016474624,12.40,1.984,48211787776,68719476736,97,13833306112
1790356137.335,0.121,3016458240,13.90,2.224,48364634112,68719476736,98,13965623296
1790356142.363,0.271,3016458240,11.00,1.760,49300488192,68719476736,95,14815625216
1790356147.416,0.216,3016458240,11.60,1.856,48377593856,68719476736,96,13959086080
1790356152.444,0.136,3016458240,10.40,1.664,49836310528,68719476736,98,15361966080
1790356157.477,0.233,3016458240,11.50,1.840,49341939712,68719476736,96,15026978816
1790356162.502,0.240,3016458240,12.40,1.984,49097916416,68719476736,96,14679162880
1790356167.524,0.135,3016458240,11.70,1.872,48265658368,68719476736,98,13869924352
1790356172.548,0.203,3016458240,11.50,1.840,49245978624,68719476736,97,15466463232
1790356177.571,0.291,3016458240,13.30,2.128,48314204160,68719476736,95,13939507200
1790356182.591,0.102,3016458240,15.80,2.528,48344973312,68719476736,99,13886078976
1790356187.619,0.244,3016458240,15.30,2.448,49451155456,68719476736,97,15007252480
1790356192.656,0.220,3016458240,16.70,2.672,48316727296,68719476736,97,13823197184
1790356197.679,0.150,3016458240,14.60,2.336,50303565824,68719476736,98,15864315904
1790356202.707,0.305,3016458240,15.20,2.432,49128734720,68719476736,96,14651146240
1790356207.737,0.114,3016458240,15.40,2.464,48336715776,68719476736,98,13879050240
1790356212.764,0.189,3016458240,14.70,2.352,49818779648,68719476736,97,15331033088
1790356217.793,0.236,3016458240,15.10,2.416,48322101248,68719476736,97,13840203776
1790356222.817,0.095,3016458240,14.90,2.384,48344645632,68719476736,99,13868318720
1790356227.846,0.241,3016458240,14.40,2.304,49273667584,68719476736,96,14793375744
1790356232.886,0.208,3016458240,15.40,2.464,48319905792,68719476736,97,13826162688
1790356237.917,0.110,3016458240,15.50,2.480,50055987200,68719476736,99,15608152064
1790356242.954,0.318,3016458240,16.50,2.640,49263083520,68719476736,96,14822260736
1790356248.006,0.148,3016458240,17.30,2.768,48372121600,68719476736,98,13852573696
1790356253.077,0.114,3012476928,29.30,4.688,51590889472,68719476736,99,16448684032
1790356258.253,0.351,3012050944,60.60,9.696,51474546688,68719476736,96,15373336576
1790356263.286,0.154,2938503168,42.30,6.768,51528040448,68719476736,98,14711193600
1790356268.318,0.184,2939502592,18.90,3.024,52534378496,68719476736,98,15738060800
1790356273.363,0.274,2939584512,25.00,4.000,51364855808,68719476736,97,14733475840
1790356278.384,0.087,2939617280,20.10,3.216,52843069440,68719476736,99,16624140288
1790356283.411,0.259,2939846656,18.90,3.024,51765903360,68719476736,97,15707193344
1790356288.456,0.158,2939863040,21.50,3.440,50627084288,68719476736,98,14491992064
1790356293.481,0.185,2826534912,21.10,3.376,52475772928,68719476736,98,16102916096
1790356298.506,0.226,2826485760,20.10,3.216,50712936448,68719476736,98,14549549056
1790356303.534,0.133,2756083712,21.80,3.488,52726480896,68719476736,98,16309780480
1790356308.565,0.308,2756149248,20.20,3.232,51563315200,68719476736,97,15407742976
1790356313.585,0.070,2756198400,16.20,2.592,50623070208,68719476736,99,14442987520
1790356318.613,0.284,2756509696,16.40,2.624,51426410496,68719476736,97,15333556224
1790356323.660,0.150,2756788224,17.20,2.752,50566021120,68719476736,98,14455799808
1790356328.690,0.161,2756837376,17.70,2.832,52080574464,68719476736,98,15956934656
1790356333.718,0.238,2756870144,17.40,2.784,50686803968,68719476736,97,14490697728
1790356338.746,0.087,2757165056,20.20,3.232,53027110912,68719476736,99,14658076672
1790356343.789,0.332,2757705728,19.80,3.168,51628654592,68719476736,96,15480176640
1790356348.814,0.109,2757492736,18.40,2.944,51019776000,68719476736,99,14628552704
1790356353.842,0.226,2757492736,19.10,3.056,52226818048,68719476736,98,16177610752
1790356358.880,0.195,2757541888,19.90,3.184,50880069632,68719476736,98,14560411648
1790356363.911,0.141,2757541888,17.70,2.832,52881965056,68719476736,98,16677732352
1790356368.953,0.232,2757558272,17.60,2.816,51550928896,68719476736,97,15148695552
1790356373.985,0.147,2757558272,16.60,2.656,50297765888,68719476736,98,14054948864
1790356379.012,0.219,2757574656,16.10,2.576,51198001152,68719476736,97,15065726976
1790356384.033,0.210,2757558272,17.40,2.784,50265309184,68719476736,97,14114226176
1790356389.055,0.114,2757558272,16.60,2.656,52414791680,68719476736,99,16227876864
1790356394.097,0.220,2757607424,17.70,2.832,51688095744,68719476736,97,15243378688
1790356399.145,0.176,2757607424,17.70,2.832,50517540864,68719476736,98,14196932608
1790356404.172,0.135,2757607424,19.50,3.120,52833173504,68719476736,98,16484564992
1790356409.196,0.304,2757902336,19.00,3.040,50909003776,68719476736,96,14899462144
1790356414.217,0.068,2757902336,16.70,2.672,50728058880,68719476736,99,14278262784
1790356419.247,0.282,2757935104,17.10,2.736,51334168576,68719476736,97,14920777728
1790356424.274,0.148,2757935104,16.10,2.576,50475712512,68719476736,98,14186905600
1790356429.296,0.099,2757935104,16.80,2.688,52122206208,68719476736,99,15911567360
1790356434.324,0.278,2757967872,17.10,2.736,51214663680,68719476736,97,15025340416
1790356439.365,0.127,2757967872,16.10,2.576,50705481728,68719476736,98,14153121792
1790356444.401,0.158,2757967872,17.70,2.832,52485111808,68719476736,98,16117874688
1790356449.435,0.279,2757967872,17.40,2.784,51285164032,68719476736,96,15025061888
1790356454.461,0.102,2757967872,15.60,2.496,50467667968,68719476736,99,14192148480
1790356459.485,0.219,2757967872,16.20,2.592,51417825280,68719476736,97,15100952576
1790356464.516,0.211,2757967872,19.50,3.120,51175489536,68719476736,98,14722613248
1790356469.542,0.130,2757967872,17.80,2.848,52668710912,68719476736,98,16439558144
1790356474.574,0.215,2757967872,18.60,2.976,51725713408,68719476736,97,15200141312
1790356479.612,0.144,2757967872,17.60,2.816,50857967616,68719476736,98,14816428032
1790356484.635,0.176,2757967872,16.40,2.624,52069400576,68719476736,98,15842082816
1790356489.656,0.241,2757967872,20.10,3.216,50907987968,68719476736,98,14884110336
1790356494.679,0.159,2757967872,16.60,2.656,52175306752,68719476736,98,15891513344
1790356499.713,0.242,2757967872,26.70,4.272,51384418304,68719476736,97,15088500736
1790356504.747,0.115,2757967872,19.40,3.104,50500009984,68719476736,99,14196670464
1790356509.774,0.201,2757967872,17.90,2.864,51497123840,68719476736,98,15217147904
1790356514.796,0.222,2757984256,17.20,2.752,50521096192,68719476736,97,14207729664
1790356519.823,0.124,2757967872,16.20,2.592,52355678208,68719476736,99,15999860736
1790356524.862,0.315,2757967872,21.40,3.424,51389546496,68719476736,96,15048441856
1790356529.887,0.080,2757967872,16.40,2.624,50918326272,68719476736,99,14303068160
1790356534.911,0.248,2757967872,17.00,2.720,51650871296,68719476736,97,15171780608
1790356539.954,0.182,2757984256,17.00,2.720,50914574336,68719476736,98,14753906688
1790356544.977,0.183,2758000640,15.90,2.544,52112703488,68719476736,98,15802810368
1790356550.007,0.227,2757984256,16.80,2.688,50380931072,68719476736,97,14126186496
1790356555.037,0.080,2757984256,19.90,3.184,50876334080,68719476736,99,14177222656
1790356560.065,0.281,2757984256,24.50,3.920,51764150272,68719476736,97,15210545152
1790356565.092,0.132,2758033408,22.30,3.568,50710970368,68719476736,99,14203420672
1790356570.119,0.193,2758033408,17.90,2.864,51801260032,68719476736,98,15305621504
1790356575.146,0.206,2758049792,19.20,3.072,51767197696,68719476736,98,15147368448
1790356580.170,0.119,2758033408,17.70,2.832,52917157888,68719476736,99,16284598272
1790356585.199,0.292,2758033408,19.90,3.184,50688655360,68719476736,97,14254931968
1790356590.227,0.078,2758033408,16.80,2.688,52436369408,68719476736,99,16035053568
1790356595.268,0.304,2758033408,18.30,2.928,51561955328,68719476736,97,15080374272
1790356600.302,0.082,2758049792,17.90,2.864,51278757888,68719476736,99,14826291200
1790356605.330,0.185,2758033408,17.40,2.784,52709933056,68719476736,98,16164585472
1790356610.368,0.238,2758033408,18.50,2.960,50648465408,68719476736,98,14193934336
1790356615.391,0.094,2758049792,16.70,2.672,52395474944,68719476736,99,15980937216
1790356620.417,0.295,2758049792,18.50,2.960,51814481920,68719476736,97,15122579456
1790356625.451,0.100,2758049792,17.60,2.816,50762448896,68719476736,99,14251474944
1790356630.480,0.234,2758066176,17.80,2.848,51540688896,68719476736,98,15202942976
1790356635.531,0.173,2758066176,18.60,2.976,50682806272,68719476736,98,14292434944
1790356640.561,0.138,2758049792,18.70,2.992,53832744960,68719476736,98,17274241024
1790356645.596,0.259,2757804032,19.60,3.136,51156369408,68719476736,97,14273904640
1790356650.622,0.088,2757787648,17.00,2.720,51012452352,68719476736,99,14299185152
1790356655.646,0.295,2757804032,21.20,3.392,51969966080,68719476736,97,15201419264
1790356660.670,0.114,2757804032,19.50,3.120,51665895424,68719476736,99,15011414016
1790356665.696,0.232,2757836800,20.70,3.312,52438777856,68719476736,97,15424438272
1790356670.720,0.187,2757738496,22.20,3.552,51497336832,68719476736,98,14696513536
1790356675.745,0.176,2757738496,19.10,3.056,52983037952,68719476736,98,16279371776
1790356680.772,0.219,2757738496,18.20,2.912,51351044096,68719476736,97,14724366336
1790356685.793,0.113,2757738496,20.80,3.328,53301002240,68719476736,98,16516923392
1790356690.817,0.247,2757738496,20.30,3.248,51518799872,68719476736,97,14803861504
1790356695.844,0.097,2757738496,19.30,3.088,53563080704,68719476736,99,16836493312
1790356700.871,0.282,2757738496,20.70,3.312,51517882368,68719476736,97,14780579840
1790356705.897,0.118,2757738496,18.40,2.944,52908408832,68719476736,99,16027369472
1790356710.918,0.251,2757738496,18.00,2.880,51547471872,68719476736,97,14669594624
1790356715.945,0.077,2757738496,16.60,2.656,52820606976,68719476736,99,16053157888
1790356720.974,0.309,2757738496,18.70,2.992,51254755328,68719476736,97,14311915520
1790356725.999,0.058,2757738496,16.90,2.704,52663599104,68719476736,99,15842181120
1790356731.030,0.315,2757738496,18.40,2.944,51916275712,68719476736,97,15184019456
1790356736.061,0.083,2757738496,18.10,2.896,51036454912,68719476736,99,14334705664
1790356741.087,0.207,2757738496,20.50,3.280,52766769152,68719476736,98,15801892864
1790356746.109,0.172,2757804032,20.10,3.216,51620216832,68719476736,98,14835548160
1790356751.136,0.200,2757804032,19.20,3.072,52432961536,68719476736,98,15388459008
1790356756.173,0.190,2757787648,17.90,2.864,51715276800,68719476736,98,14789623808
1790356761.201,0.162,2757787648,17.40,2.784,52399767552,68719476736,98,15854419968
1790356766.227,0.200,2757787648,18.10,2.896,51050921984,68719476736,98,14357676032
1790356771.254,0.127,2757804032,16.80,2.688,52983595008,68719476736,98,16306110464
1790356776.289,0.263,2757804032,18.00,2.880,51861405696,68719476736,97,15164850176
1790356781.322,0.064,2757804032,17.30,2.768,51366952960,68719476736,99,14376288256
1790356786.349,0.287,2757804032,18.10,2.896,52152107008,68719476736,97,15205711872
1790356791.398,0.102,2757804032,17.80,2.848,51298844672,68719476736,99,14359969792
1790356796.425,0.227,2757804032,17.50,2.800,51984171008,68719476736,97,15122808832
1790356801.455,0.146,2757804032,17.90,2.864,51749011456,68719476736,99,14946861056
1790356806.485,0.143,2757804032,17.50,2.800,53257666560,68719476736,98,16308338688
1790356811.531,0.254,2757804032,19.70,3.152,52629012480,68719476736,97,15709716480
1790356816.553,0.036,2757804032,19.20,3.072,53928853504,68719476736,100,17069654016
1790356821.587,0.301,2757804032,20.20,3.232,52438056960,68719476736,96,15295332352
1790356826.622,0.069,2757804032,17.50,2.800,51371458560,68719476736,99,14437302272
1790356831.651,0.284,2757804032,21.60,3.456,52891123712,68719476736,97,15971418112
1790356836.680,0.101,2757771264,24.20,3.872,52822360064,68719476736,99,15504588800
1790356841.703,0.257,2757771264,19.50,3.120,52781940736,68719476736,98,15409889280
1790356846.743,0.157,2757787648,19.80,3.168,52122320896,68719476736,98,15231254528
1790356851.766,0.111,2757771264,18.60,2.976,53471150080,68719476736,99,16412950528
1790356856.796,0.294,2757771264,19.50,3.120,51281428480,68719476736,97,14240038912
1790356861.824,0.051,2757771264,16.70,2.672,52753694720,68719476736,99,15717777408
1790356866.872,0.312,2757804032,22.30,3.568,52766162944,68719476736,96,15545614336
1790356871.903,0.082,2757804032,18.70,2.992,51792871424,68719476736,99,14733312000
1790356876.936,0.271,2757804032,18.10,2.896,52409139200,68719476736,97,15131115520
1790356881.957,0.125,2757804032,18.50,2.960,51432882176,68719476736,99,14231453696
1790356886.982,0.208,2757804032,17.90,2.864,52279918592,68719476736,98,15212625920
1790356892.008,0.204,2757804032,17.60,2.816,51874217984,68719476736,98,14786347008
1790356897.039,0.154,2757820416,19.90,3.184,53639135232,68719476736,98,16289480704
1790356902.065,0.225,2757820416,19.80,3.168,52027162624,68719476736,98,14694678528
1790356907.096,0.117,2757722112,20.80,3.328,54347186176,68719476736,99,16911876096
1790356912.123,0.236,2757722112,23.50,3.760,52932018176,68719476736,97,15736176640
1790356917.149,0.069,2757722112,20.20,3.232,52286177280,68719476736,99,15234973696
1790356922.178,0.280,2757738496,23.10,3.696,52755070976,68719476736,97,15222194176
1790356927.226,0.171,2757738496,19.50,3.120,51565936640,68719476736,98,14399946752
1790356932.251,0.205,2757722112,18.60,2.976,52544831488,68719476736,98,15993044992
1790356937.281,0.159,2757722112,19.60,3.136,52270678016,68719476736,98,14807433216
1790356942.310,0.160,2757722112,19.70,3.152,53782118400,68719476736,98,16369745920
1790356947.337,0.217,2757722112,19.80,3.168,51939213312,68719476736,98,14788116480
1790356952.365,0.118,2757722112,18.40,2.944,53335556096,68719476736,99,15888580608
1790356957.393,0.291,2757722112,19.60,3.136,51540525056,68719476736,97,14328725504
1790356962.421,0.087,2757722112,16.70,2.672,53499691008,68719476736,99,16057171968
1790356967.453,0.281,2757722112,21.00,3.360,53587656704,68719476736,97,16582131712
1790356972.484,0.086,2757722112,22.50,3.600,52376190976,68719476736,99,15217197056
1790356977.521,0.266,2757722112,21.10,3.376,52739194880,68719476736,97,15695790080
1790356982.552,0.125,2757722112,23.30,3.728,52183187456,68719476736,99,14937112576
1790356987.582,0.141,2757722112,17.50,2.800,53371469824,68719476736,99,16106782720
1790356992.608,0.280,2757722112,18.90,3.024,51406012416,68719476736,97,14725562368
1790356997.635,0.059,2757722112,18.30,2.928,53208514560,68719476736,99,16094085120
1790357002.679,0.312,2757722112,28.20,4.512,52789411840,68719476736,97,15655403520
1790357007.725,0.088,2757722112,18.90,3.024,51819266048,68719476736,99,14783905792
1790357012.756,0.315,2757722112,18.60,2.976,52387725312,68719476736,97,15159885824
1790357017.782,0.079,2757722112,16.60,2.656,51456229376,68719476736,99,14300102656
1790357022.814,0.249,2757722112,17.40,2.784,52395180032,68719476736,97,15158886400
1790357027.843,0.164,2757722112,18.90,3.024,51835191296,68719476736,99,15709437952
1790357032.868,0.178,2757738496,19.70,3.152,53313208320,68719476736,98,16071753728
1790357037.894,0.234,2757722112,23.60,3.776,51823017984,68719476736,98,14455128064
1790357042.924,0.072,2757722112,17.00,2.720,53710045184,68719476736,99,16643276800
1790357047.955,0.343,2757722112,19.80,3.168,51728826368,68719476736,97,14689435648
1790357052.986,0.068,2757722112,19.50,3.120,53914501120,68719476736,99,17083121664
1790357058.027,0.301,2757722112,21.20,3.392,52678492160,68719476736,97,15549808640
1790357063.063,0.064,2757738496,18.80,3.008,51776831488,68719476736,99,14745468928
1790357068.087,0.183,2757722112,17.10,2.736,52568555520,68719476736,98,15353643008
1790357073.117,0.218,2757722112,17.80,2.848,51940016128,68719476736,98,14831747072
1790357078.143,0.104,2757722112,16.30,2.608,52920532992,68719476736,99,15820505088
1790357083.169,0.312,2757722112,19.50,3.120,52707606528,68719476736,96,16078110720
1790357088.191,0.035,2757722112,19.30,3.088,53868052480,68719476736,100,16665837568
1790357093.216,0.313,2757722112,25.00,4.000,53215330304,68719476736,96,15978479616
1790357098.253,0.103,2757722112,17.40,2.784,51595608064,68719476736,99,14270578688
1790357103.282,0.236,2757722112,20.20,3.232,52194951168,68719476736,98,15113748480
1790357108.321,0.186,2757722112,17.70,2.832,51399573504,68719476736,98,14352596992
1790357113.354,0.154,2757722112,18.80,3.008,53208465408,68719476736,98,15979233280
1790357118.380,0.235,2757672960,21.20,3.392,52518846464,68719476736,98,15275016192
1790357123.406,0.072,2757672960,18.70,2.992,53988835328,68719476736,99,16825303040
1790357128.451,0.284,2757656576,17.80,2.848,52473233408,68719476736,97,15202566144
1790357133.499,0.104,2757656576,17.10,2.736,51389202432,68719476736,99,14269726720
1790357138.526,0.233,2757656576,16.70,2.672,52289667072,68719476736,98,15231746048
1790357143.552,0.181,2757656576,18.10,2.896,51581386752,68719476736,98,14320336896
1790357148.582,0.153,2757656576,18.40,2.944,53140766720,68719476736,98,15996272640
1790357153.616,0.242,2757656576,18.70,2.992,52477526016,68719476736,98,15165194240
1790357158.648,0.090,2757656576,16.60,2.656,51414073344,68719476736,99,14291845120
1790357163.674,0.243,2757656576,21.60,3.456,53692792832,68719476736,97,16513351680
1790357168.700,0.143,2757623808,24.80,3.968,52337033216,68719476736,99,15273295872
1790357173.728,0.249,2757623808,18.90,3.024,52604125184,68719476736,97,15360950272
1790357178.775,0.169,2757623808,18.40,2.944,51798228992,68719476736,98,14714716160
1790357183.803,0.130,2757623808,18.40,2.944,53380169728,68719476736,99,16260186112
1790357188.837,0.279,2757623808,22.60,3.616,51911655424,68719476736,97,14682193920
1790357193.861,0.097,2757623808,19.40,3.104,53599174656,68719476736,99,16528736256
1790357198.886,0.289,2757640192,18.60,2.976,51591643136,68719476736,97,14263615488
1790357203.916,0.068,2757623808,16.10,2.576,53392539648,68719476736,99,16064757760
1790357208.951,0.302,2757623808,18.30,2.928,52705198080,68719476736,97,15712747520
1790357213.975,0.081,2757672960,17.20,2.752,51770245120,68719476736,99,14378024960
1790357219.002,0.237,2757689344,18.00,2.880,52425441280,68719476736,97,15256616960
1790357224.049,0.159,2757689344,18.60,2.976,51439697920,68719476736,98,14386315264
1790357229.078,0.232,2757689344,21.20,3.392,52697989120,68719476736,98,15299690496
1790357234.104,0.178,2757689344,18.10,2.896,51523223552,68719476736,98,14339014656
1790357239.132,0.137,2757689344,17.50,2.800,53240102912,68719476736,98,16071311360
1790357244.162,0.264,2757689344,19.80,3.168,51689734144,68719476736,97,14361591808
1790357249.191,0.101,2757705728,17.10,2.736,53655044096,68719476736,99,16336338944
1790357254.222,0.285,2757689344,18.30,2.928,52198670336,68719476736,97,14882177024
1790357259.245,0.074,2757689344,17.00,2.720,52088782848,68719476736,99,14363492352
1790357264.273,0.297,2757689344,18.40,2.944,52656848896,68719476736,97,15285305344
1790357269.306,0.094,2757705728,17.90,2.864,51533807616,68719476736,99,14359494656
1790357274.334,0.302,2757705728,18.50,2.960,52853882880,68719476736,97,15534243840
1790357279.366,0.092,2757705728,17.90,2.864,51543425024,68719476736,99,14376239104
1790357284.393,0.229,2757689344,18.30,2.928,52336328704,68719476736,98,15285256192
1790357289.433,0.153,2757689344,17.60,2.816,51365691392,68719476736,99,14342406144
1790357294.460,0.174,2757689344,18.30,2.928,53031731200,68719476736,98,16034676736
1790357299.485,0.233,2757722112,19.50,3.120,51978960896,68719476736,98,14897692672
1790357304.513,0.109,2757754880,18.30,2.928,53328953344,68719476736,99,16079486976
1790357309.541,0.279,2757738496,19.80,3.168,51594526720,68719476736,97,14345601024
1790357314.569,0.087,2757705728,20.00,3.200,51489210368,68719476736,99,14291550208
1790357319.598,0.277,2757722112,20.10,3.216,52720467968,68719476736,97,16078438400
1790357324.645,0.101,2757738496,17.50,2.800,51668369408,68719476736,99,14399684608
1790357329.668,0.189,2757738496,19.60,3.136,53013987328,68719476736,98,15800041472
1790357334.690,0.224,2757754880,19.80,3.168,51552190464,68719476736,98,14407270400
1790357339.717,0.141,2758492160,19.90,3.184,53872607232,68719476736,99,16520970240
1790357344.745,0.278,2758475776,20.00,3.200,52200177664,68719476736,97,14973779968
1790357349.772,0.056,2758475776,18.20,2.912,53563834368,68719476736,99,16266756096
1790357354.797,0.310,2758475776,23.20,3.712,52859928576,68719476736,97,15411281920
1790357359.845,0.128,2758492160,19.90,3.184,51730219008,68719476736,99,14471331840
1790357364.869,0.218,2758492160,22.10,3.536,52716257280,68719476736,98,15499264000
1790357369.896,0.206,2758492160,19.30,3.088,51571720192,68719476736,98,14428160000
1790357374.923,0.105,2758459392,19.50,3.120,51282329600,68719476736,82,2670542848
1790357379.954,0.001,2758459392,17.90,2.864,48145727488,68719476736,73,2615656448
1790357384.988,0.001,2758459392,18.70,2.992,45489422336,68719476736,75,2153381888
1790357390.015,0.001,2758459392,18.50,2.960,45882572800,68719476736,76,2696609792
1790357395.048,0.001,2758459392,18.10,2.896,45490257920,68719476736,75,2150645760
1790357400.094,0.001,2758459392,19.40,3.104,45385695232,68719476736,74,2147942400
1790357405.138,0.075,2758492160,35.80,5.728,52198047744,68719476736,83,15334178816
1790357410.164,0.115,2758492160,31.50,5.040,51697631232,68719476736,99,14533181440
1790357415.186,0.217,2758492160,22.70,3.632,53145534464,68719476736,98,15558803456
1790357420.213,0.183,2758508544,19.80,3.168,51352993792,68719476736,98,14470479872
1790357425.241,0.077,2758508544,20.90,3.344,53214871552,68719476736,99,16226385920
1790357430.283,0.342,2758475776,20.60,3.296,51299237888,68719476736,97,14512488448
1790357435.305,0.063,2758508544,18.50,2.960,51378159616,68719476736,99,14400978944
1790357440.334,0.313,2758508544,25.60,4.096,52336754688,68719476736,97,15318810624
1790357445.375,0.106,2758508544,18.40,2.944,51293077504,68719476736,99,14433206272
1790357450.405,0.235,2758524928,19.20,3.072,52573110272,68719476736,98,15945793536
1790357455.449,0.176,2758443008,19.20,3.072,51288555520,68719476736,98,14473756672
1790357460.478,0.182,2758426624,19.90,3.184,52878016512,68719476736,98,16140206080
1790357465.501,0.215,2758426624,18.60,2.976,51207274496,68719476736,98,14442479616
1790357470.529,0.094,2758443008,18.60,2.976,53183397888,68719476736,99,16448487424
1790357475.556,0.293,2758426624,19.10,3.056,52104970240,68719476736,97,15316123648
1790357480.582,0.092,2758426624,17.90,2.864,51153321984,68719476736,99,14503165952
1790357485.615,0.240,2758426624,20.00,3.200,52154613760,68719476736,98,15418785792
1790357490.658,0.178,2758426624,19.70,3.152,51377029120,68719476736,98,14449917952
1790357495.685,0.184,2758426624,19.30,3.088,52828897280,68719476736,98,16066035712
1790357500.712,0.223,2758410240,19.90,3.184,51399065600,68719476736,98,14474117120
1790357505.742,0.144,2758410240,18.40,2.944,52998881280,68719476736,99,16184737792
1790357510.771,0.287,2758410240,20.00,3.200,51238060032,68719476736,97,14567899136
1790357515.794,0.069,2755264512,20.60,3.296,51990413312,68719476736,99,15242739712
1790357520.823,0.353,2755280896,21.10,3.376,51352420352,68719476736,97,15294513152
1790357525.847,0.060,2755264512,17.60,2.816,51409715200,68719476736,99,14884339712
1790357530.869,0.278,2755280896,22.80,3.648,52639842304,68719476736,97,16040656896
1790357535.914,0.142,2755264512,20.10,3.216,51385040896,68719476736,98,14484045824
1790357540.941,0.144,2755264512,19.60,3.136,53267628032,68719476736,99,16489267200
1790357545.970,0.280,2755264512,22.70,3.632,51300122624,68719476736,97,14632042496
1790357551.006,0.106,2755526656,18.90,3.024,52806942720,68719476736,99,16005758976
1790357556.031,0.256,2757541888,20.30,3.248,52332085248,68719476736,97,15553773568
1790357561.083,0.138,2757525504,20.10,3.216,51678298112,68719476736,99,14827732992
1790357566.111,0.142,2757525504,19.40,3.104,53482176512,68719476736,99,16662888448
1790357571.136,0.319,2757525504,20.70,3.312,51486998528,68719476736,97,14743830528
1790357576.175,0.070,2757541888,21.10,3.376,53290795008,68719476736,99,16656482304
1790357581.219,0.236,2757591040,19.90,3.184,52818935808,68719476736,98,16119529472
1790357586.253,0.181,2757591040,20.50,3.280,51418759168,68719476736,98,14413873152
1790357591.284,0.143,2757591040,18.90,3.024,52965081088,68719476736,99,16094658560
1790357596.333,0.224,2757591040,18.60,2.976,52142309376,68719476736,98,15353413632
1790357601.378,0.112,2757591040,18.30,2.928,51229048832,68719476736,99,14411038720
1790357606.405,0.229,2757591040,22.40,3.584,53012217856,68719476736,98,16025534464
1790357611.430,0.191,2757591040,20.40,3.264,51651887104,68719476736,98,14824570880
1790357616.457,0.133,2757607424,21.20,3.392,52784234496,68719476736,98,15865298944
1790357621.499,0.258,2757591040,22.10,3.536,53094055936,68719476736,97,15545204736
1790357626.525,0.111,2757591040,20.90,3.344,51476185088,68719476736,99,14407303168
1790357631.550,0.236,2757591040,21.20,3.392,52219215872,68719476736,98,15488057344
1790357636.576,0.178,2757591040,18.50,2.960,51212615680,68719476736,98,14378319872
1790357641.603,0.156,2757591040,24.50,3.920,52332150784,68719476736,98,16323837952
1790357646.631,0.285,2757591040,24.80,3.968,51716816896,68719476736,98,14429503488
1790357651.656,0.067,2757591040,18.90,3.024,53372420096,68719476736,99,16426713088
1790357656.680,0.297,2757591040,20.00,3.200,52269105152,68719476736,97,15386132480
1790357661.710,0.119,2757591040,20.90,3.344,51783188480,68719476736,99,14838923264
1790357666.733,0.243,2757591040,21.00,3.360,52533182464,68719476736,98,15551348736
1790357671.758,0.197,2757591040,23.30,3.728,51728580608,68719476736,98,14590279680
1790357676.786,0.169,2757591040,21.10,3.376,53799337984,68719476736,98,16582705152
1790357681.811,0.232,2757607424,19.30,3.088,52015972352,68719476736,98,15005171712
1790357686.838,0.133,2757591040,21.50,3.440,53673885696,68719476736,99,16611508224
1790357691.880,0.298,2757607424,20.80,3.328,51545260032,68719476736,97,14455455744
1790357696.907,0.068,2757591040,18.40,2.944,53510537216,68719476736,99,16513728512
1790357701.933,0.311,2757591040,20.00,3.200,52613922816,68719476736,97,15365210112
1790357706.979,0.112,2757591040,23.10,3.696,51835928576,68719476736,99,14601814016
1790357712.006,0.165,2757591040,20.50,3.280,53773484032,68719476736,98,16522166272
1790357717.047,0.229,2757591040,21.10,3.376,51707936768,68719476736,98,14444281856
1790357722.074,0.140,2757591040,21.00,3.360,53882224640,68719476736,99,16771973120
1790357727.116,0.290,2757591040,23.60,3.776,51973488640,68719476736,97,14929592320
1790357732.141,0.068,2757591040,18.30,2.928,53498331136,68719476736,99,16310321152
1790357737.165,0.310,2757591040,21.70,3.472,52961230848,68719476736,97,15665348608
1790357742.210,0.115,2757525504,22.50,3.600,51857752064,68719476736,99,15019868160
1790357747.237,0.223,2757525504,20.20,3.232,52405977088,68719476736,98,15206776832
1790357752.262,0.169,2757525504,18.40,2.944,51529695232,68719476736,99,14456733696
1790357757.289,0.146,2757541888,18.70,2.992,53612986368,68719476736,98,16651272192
1790357762.314,0.249,2757541888,21.10,3.376,51883884544,68719476736,98,14735835136
1790357767.341,0.087,2757525504,18.20,2.912,54026813440,68719476736,99,16899686400
1790357772.382,0.312,2757525504,20.00,3.200,52740669440,68719476736,97,15585738752
1790357777.408,0.082,2757541888,18.00,2.880,51939655680,68719476736,99,14756315136
1790357782.437,0.308,2757541888,20.00,3.200,52835336192,68719476736,97,15657369600
1790357787.478,0.100,2757525504,24.20,3.872,52330135552,68719476736,99,15011889152
1790357792.505,0.224,2757541888,19.40,3.104,52665171968,68719476736,98,15426781184
1790357797.543,0.157,2757525504,20.00,3.200,51470647296,68719476736,98,14448410624
1790357802.576,0.190,2757525504,18.60,2.976,52981497856,68719476736,98,15646539776
1790357807.602,0.206,2757525504,19.00,3.040,51752484864,68719476736,98,14458945536
1790357812.632,0.116,2757525504,18.30,2.928,53449555968,68719476736,99,16306290688
1790357817.657,0.230,2757525504,19.10,3.056,52539834368,68719476736,98,15461351424
1790357822.685,0.113,2757541888,18.10,2.896,51585974272,68719476736,99,14486683648
1790357827.711,0.218,2757525504,22.90,3.664,52736163840,68719476736,98,15533670400
1790357832.733,0.195,2757525504,20.90,3.344,51983843328,68719476736,98,15302639616
1790357837.760,0.154,2757541888,22.20,3.552,53573238784,68719476736,99,16186834944
1790357842.790,0.243,2757541888,22.10,3.536,52027883520,68719476736,98,14772862976
1790357847.816,0.102,2757476352,24.10,3.856,54156066816,68719476736,99,16783802368
1790357852.843,0.307,2757476352,20.40,3.264,52167999488,68719476736,97,14813970432
1790357857.873,0.066,2757476352,20.50,3.280,52568719360,68719476736,99,14741225472
1790357862.902,0.195,2757476352,18.90,3.024,53411627008,68719476736,98,15890595840
1790357867.927,0.213,2757361664,25.20,4.032,52265189376,68719476736,98,14733213696
1790357872.952,0.075,2757361664,20.60,3.296,53921628160,68719476736,99,16497573888
1790357877.984,0.294,2757361664,20.70,3.312,53488713728,68719476736,97,16221159424
1790357883.008,0.103,2757410816,19.20,3.072,52320763904,68719476736,99,14884995072
1790357888.041,0.233,2757410816,20.90,3.344,53167325184,68719476736,98,15824257024
1790357893.073,0.175,2757410816,19.20,3.072,52114554880,68719476736,98,14818164736
1790357898.100,0.227,2757705728,21.70,3.472,53333147648,68719476736,98,15894134784
1790357903.133,0.201,2757705728,19.30,3.088,52170080256,68719476736,98,14741291008
1790357908.156,0.170,2757738496,21.90,3.504,53839413248,68719476736,98,16423714816
1790357913.180,0.251,2757738496,21.20,3.392,52203831296,68719476736,98,14750138368
1790357918.205,0.089,2757738496,18.80,3.008,53923053568,68719476736,99,16513859584
1790357923.232,0.303,2757738496,19.60,3.136,53410627584,68719476736,97,16123265024
1790357928.269,0.089,2757754880,22.90,3.664,52257079296,68719476736,99,14461435904
1790357933.297,0.284,2757754880,19.70,3.152,52943978496,68719476736,97,15393128448
1790357938.341,0.130,2757754880,19.10,3.056,52145537024,68719476736,99,14811250688
1790357943.371,0.155,2757754880,20.40,3.264,54049964032,68719476736,99,16699932672
1790357948.408,0.280,2757754880,20.30,3.248,52113276928,68719476736,98,14700445696
1790357953.436,0.083,2757754880,20.90,3.344,53902884864,68719476736,99,16492625920
1790357958.469,0.308,2757754880,19.50,3.120,52121370624,68719476736,97,14697070592
1790357963.501,0.069,2757754880,22.70,3.632,54333947904,68719476736,99,16145924096
1790357968.549,0.282,2757771264,21.60,3.456,53096628224,68719476736,98,16267739136
1790357973.596,0.123,2757754880,21.30,3.408,52358922240,68719476736,99,14709325824
1790357978.619,0.198,2757771264,20.60,3.296,53249687552,68719476736,98,15940354048
1790357983.647,0.209,2757787648,20.60,3.296,51992739840,68719476736,98,14724005888
1790357988.680,0.131,2757787648,23.40,3.744,54172467200,68719476736,99,17036787712
1790357993.708,0.261,2757771264,23.20,3.712,52947976192,68719476736,98,15632449536
1790357998.751,0.104,2757771264,20.00,3.200,51980140544,68719476736,99,14780301312
1790358003.778,0.269,2757771264,21.10,3.376,53004730368,68719476736,97,15757869056
1790358008.814,0.137,2757771264,19.20,3.072,51967049728,68719476736,99,14756921344
1790358013.842,0.201,2757787648,18.70,2.992,53643231232,68719476736,98,16433348608
1790358018.871,0.207,2757787648,22.70,3.632,52034486272,68719476736,98,14755921920
1790358023.901,0.162,2757787648,22.70,3.632,53384593408,68719476736,98,16128868352
1790358028.927,0.261,2757787648,19.50,3.120,51644956672,68719476736,98,14448050176
1790358033.954,0.086,2757787648,18.20,2.912,53377302528,68719476736,99,16311058432
1790358038.976,0.319,2757787648,22.50,3.600,52364214272,68719476736,97,15279325184
1790358044.002,0.086,2757787648,21.80,3.488,51838795776,68719476736,99,14488354816
1790358049.033,0.269,2757787648,22.60,3.616,52573503488,68719476736,97,15481438208
1790358054.058,0.134,2757787648,19.20,3.072,51616890880,68719476736,99,14456569856
1790358059.085,0.152,2757787648,18.10,2.896,53374435328,68719476736,98,16338042880
1790358064.123,0.247,2757787648,20.40,3.264,51699515392,68719476736,98,14447624192
1790358069.148,0.116,2757804032,19.50,3.120,53655371776,68719476736,99,16501211136
1790358074.176,0.293,2757804032,19.00,3.040,51539181568,68719476736,97,14451310592
1790358079.204,0.056,2757804032,17.50,2.800,53620785152,68719476736,99,16515235840
1790358084.250,0.348,2757804032,22.10,3.536,52288962560,68719476736,97,15191392256
1790358089.275,0.060,2757804032,18.00,2.880,51549241344,68719476736,99,14435024896
1790358094.302,0.194,2757804032,18.20,2.912,52498055168,68719476736,98,15507537920
1790358099.349,0.241,2757804032,21.90,3.504,52335017984,68719476736,98,15188885504
1790358104.376,0.180,2757804032,19.30,3.088,53592162304,68719476736,98,16290037760
1790358109.406,0.219,2757820416,21.40,3.424,52014186496,68719476736,98,14677868544
1790358114.434,0.122,2757804032,19.30,3.088,53734014976,68719476736,99,16387375104
1790358119.484,0.274,2757804032,19.30,3.088,51902201856,68719476736,98,14683095040
1790358124.512,0.077,2757804032,22.50,3.600,53243248640,68719476736,99,16197484544
1790358129.547,0.332,2757804032,22.00,3.520,52478935040,68719476736,97,15222226944
1790358134.568,0.065,2757804032,20.10,3.216,51883524096,68719476736,99,14757085184
1790358139.598,0.299,2757804032,21.30,3.408,52643364864,68719476736,97,15507996672
1790358144.631,0.111,2757804032,19.30,3.088,51916554240,68719476736,99,14741110784
1790358149.654,0.242,2757869568,24.30,3.888,52891811840,68719476736,98,15742058496
1790358154.686,0.204,2757869568,27.30,4.368,52176257024,68719476736,98,14829371392
1790358159.712,0.187,2757885952,22.40,3.584,54084468736,68719476736,98,16963715072
1790358164.738,0.233,2757902336,20.80,3.328,52113539072,68719476736,98,14777253888
1790358169.765,0.103,2757918720,22.00,3.520,54068559872,68719476736,99,16748101632
1790358174.794,0.310,2757902336,19.70,3.152,53065498624,68719476736,97,15562506240
1790358179.821,0.060,2757902336,19.10,3.056,52019265536,68719476736,99,14787936256
1790358184.849,0.266,2757902336,20.50,3.280,52883275776,68719476736,98,15758180352
1790358189.881,0.142,2757902336,21.20,3.392,52012679168,68719476736,99,14718255104
1790358194.908,0.253,2757918720,19.90,3.184,52967456768,68719476736,98,15699197952
1790358199.949,0.147,2757918720,20.60,3.296,52164329472,68719476736,99,14750318592
1790358204.979,0.176,2757918720,21.00,3.360,53031960576,68719476736,98,15903096832
1790358210.003,0.233,2757918720,26.10,4.176,52050821120,68719476736,98,14773092352
1790358215.030,0.074,2757902336,25.00,4.000,54305521664,68719476736,99,16938401792
1790358220.059,0.250,2757902336,27.20,4.352,52984512512,68719476736,98,16230694912
1790358225.080,0.187,2757902336,21.40,3.424,52145225728,68719476736,98,14721024000
1790358230.108,0.091,2757902336,19.30,3.088,53849407488,68719476736,99,16496508928
1790358235.129,0.257,2757902336,23.20,3.712,53301837824,68719476736,98,15580315648
1790358240.161,0.179,2757885952,22.90,3.664,52568555520,68719476736,99,15044820992
1790358245.184,0.101,2757885952,20.70,3.312,54057533440,68719476736,99,16646848512
1790358250.209,0.246,2757885952,19.90,3.184,53143437312,68719476736,98,15719514112
1790358255.250,0.122,2757902336,21.40,3.424,52177846272,68719476736,99,14727823360
1790358260.277,0.202,2757902336,18.90,3.024,53103820800,68719476736,98,15694643200
1790358265.302,0.183,2757885952,19.20,3.072,52189741056,68719476736,98,14758608896
1790358270.331,0.084,2757885952,19.40,3.104,54023520256,68719476736,99,16608509952
1790358275.380,0.307,2757869568,20.90,3.344,53279916032,68719476736,97,15988998144
1790358280.437,0.092,2757541888,20.60,3.296,52640530432,68719476736,99,15321153536
1790358285.466,0.177,2757558272,18.90,3.024,53044133888,68719476736,98,15783444480
1790358290.509,0.203,2757541888,21.30,3.408,52229259264,68719476736,98,14820016128
1790358295.538,0.140,2757541888,19.30,3.088,54282485760,68719476736,99,17031135232
1790358300.582,0.275,2757558272,21.80,3.488,51997736960,68719476736,98,14452031488
1790358305.612,0.076,2757541888,18.00,2.880,53874589696,68719476736,99,16549462016
1790358310.645,0.297,2757558272,21.10,3.376,52810121216,68719476736,97,15239495680
1790358315.687,0.096,2757558272,18.70,2.992,51995344896,68719476736,99,14571716608
1790358320.715,0.232,2757558272,20.20,3.232,52673986560,68719476736,98,15387820032
1790358325.749,0.156,2757541888,19.90,3.184,51806044160,68719476736,98,14451392512
1790358330.777,0.172,2757574656,20.10,3.216,53737979904,68719476736,98,16245604352
1790358335.826,0.246,2757574656,20.30,3.248,52329119744,68719476736,98,14853586944
1790358340.859,0.113,2757591040,18.70,2.992,54119071744,68719476736,99,16621879296
1790358345.888,0.306,2757591040,20.80,3.328,52593934336,68719476736,97,15323348992
1790358350.913,0.074,2757591040,19.40,3.104,51929300992,68719476736,99,14565736448
1790358355.942,0.273,2757591040,19.10,3.056,52751859712,68719476736,97,15504146432
1790358360.986,0.131,2757591040,21.30,3.408,51845955584,68719476736,99,14477000704
1790358366.014,0.217,2757591040,20.00,3.200,52569473024,68719476736,98,15284355072
1790358371.040,0.184,2757591040,18.50,2.960,51772375040,68719476736,98,14513274880
1790358376.069,0.143,2757607424,18.20,2.912,53529657344,68719476736,99,16283533312
1790358381.104,0.242,2757607424,23.20,3.712,52802633728,68719476736,98,15444508672
1790358386.143,0.076,2757705728,20.50,3.280,52158234624,68719476736,99,14779973632
1790358391.174,0.251,2757705728,19.50,3.120,53058191360,68719476736,98,15782592512
1790358396.219,0.143,2757705728,19.20,3.072,52056129536,68719476736,99,14749974528
1790358401.247,0.196,2757705728,19.20,3.072,53216051200,68719476736,98,15744991232
1790358406.282,0.214,2757705728,20.90,3.344,52056768512,68719476736,98,14719352832
1790358411.311,0.150,2757705728,18.80,3.008,54120513536,68719476736,98,17001857024
1790358416.363,0.253,2757705728,22.60,3.616,52157399040,68719476736,98,14803140608
1790358421.390,0.102,2757705728,19.20,3.072,53626142720,68719476736,99,16231137280
1790358426.447,0.300,2757705728,22.60,3.616,53042544640,68719476736,97,15599599616
1790358431.469,0.070,2757705728,19.30,3.088,52106444800,68719476736,99,14823997440
1790358436.495,0.277,2757705728,19.40,3.104,52959019008,68719476736,98,15733096448
1790358441.540,0.128,2757705728,19.90,3.184,52035010560,68719476736,99,14767489024
1790358446.575,0.230,2757705728,20.20,3.232,53048852480,68719476736,98,15515926528
1790358451.618,0.174,2757705728,20.10,3.216,52142718976,68719476736,98,14772666368
1790358456.641,0.196,2757705728,18.60,2.976,53173649408,68719476736,98,15930933248
1790358461.663,0.189,2757705728,19.60,3.136,52250296320,68719476736,98,14757298176
1790358466.691,0.160,2757705728,20.10,3.216,53823438848,68719476736,98,16485367808
1790358471.721,0.232,2757722112,19.40,3.104,52055474176,68719476736,98,14803910656
1790358476.749,0.098,2757722112,18.50,2.960,54048522240,68719476736,99,16776986624
1790358481.772,0.293,2757738496,20.20,3.232,53080997888,68719476736,97,15591161856
1790358486.801,0.064,2757722112,18.70,2.992,52275511296,68719476736,99,14911488000
1790358491.829,0.195,2757722112,20.10,3.216,53532573696,68719476736,98,15972122624
1790358496.869,0.208,2757705728,19.30,3.088,52148453376,68719476736,98,14758871040
1790358501.897,0.129,2757705728,21.20,3.392,53546532864,68719476736,99,16212393984
1790358506.928,0.271,2757705728,20.40,3.264,51988774912,68719476736,97,14770585600
1790358511.955,0.082,2757705728,20.20,3.232,53814984704,68719476736,99,16500080640
1790358516.998,0.291,2757705728,20.00,3.200,52933328896,68719476736,97,15646752768
1790358522.020,0.083,2757689344,22.30,3.568,52212924416,68719476736,99,14751154176
1790358527.049,0.243,2757689344,19.60,3.136,52979302400,68719476736,98,15656419328
1790358532.101,0.144,2757689344,21.70,3.472,52012924928,68719476736,99,14748876800
1790358537.128,0.175,2757689344,18.60,2.976,53835431936,68719476736,98,16445505536
1790358542.167,0.230,2757689344,22.10,3.536,52165115904,68719476736,98,14485766144
1790358547.198,0.077,2757689344,23.10,3.696,53954084864,68719476736,99,16351870976
1790358552.223,0.292,2758000640,20.90,3.344,53150515200,68719476736,97,15756034048
1790358557.245,0.117,2758000640,20.20,3.232,51987775488,68719476736,99,14495334400
1790358562.272,0.208,2758000640,21.60,3.456,52921679872,68719476736,98,15448244224
1790358567.297,0.197,2758000640,19.50,3.120,51945930752,68719476736,98,14496268288
1790358572.323,0.199,2758000640,19.40,3.104,53064646656,68719476736,98,15689252864
1790358577.347,0.206,2758000640,20.90,3.344,52047937536,68719476736,98,14452899840
1790358582.375,0.158,2758017024,19.50,3.120,54137815040,68719476736,98,16531881984
1790358587.402,0.232,2758017024,22.70,3.632,52087619584,68719476736,98,14451834880
1790358592.426,0.087,2758017024,19.80,3.168,53683208192,68719476736,99,16276897792
1790358597.452,0.315,2758017024,20.00,3.200,52690141184,68719476736,97,15272951808
1790358602.474,0.052,2758017024,18.50,2.960,53596241920,68719476736,99,15005810688
1790358607.500,0.280,2758017024,19.30,3.088,52983693312,68719476736,97,15406039040
1790358612.540,0.113,2758017024,20.50,3.280,52053491712,68719476736,99,14524776448
1790358617.567,0.220,2733342720,23.10,3.696,54129246208,68719476736,98,15924445184
1790358622.591,0.192,2740224000,16.60,2.656,52178370560,68719476736,98,14204518400
1790358627.615,0.171,2756624384,15.60,2.496,53930098688,68719476736,98,15904948224
1790358632.636,0.246,2757099520,15.10,2.416,51896090624,68719476736,97,14191509504
1790358637.663,0.111,2757165056,14.10,2.256,53764800512,68719476736,99,16218013696
1790358642.703,0.312,2757246976,15.00,2.400,52065075200,68719476736,96,15032123392
1790358647.727,0.079,2757246976,14.50,2.320,51993559040,68719476736,99,14321549312
1790358652.753,0.256,2757246976,12.10,1.936,52956528640,68719476736,96,15029370880
1790358657.785,0.208,2757246976,11.30,1.808,51884294144,68719476736,97,14088224768
1790358662.813,0.107,2757263360,10.50,1.680,53612396544,68719476736,99,13993263104
1790358667.871,0.221,2757328896,11.50,1.840,52991508480,68719476736,96,15085551616
1790358672.896,0.245,2757312512,11.20,1.792,51843661824,68719476736,96,13946617856
1790358677.921,0.127,2757312512,11.00,1.760,52495646720,68719476736,98,14415790080
1790358682.951,0.266,2757312512,10.80,1.728,52895858688,68719476736,96,15090188288
1790358688.005,0.209,2757312512,11.40,1.824,51840876544,68719476736,97,13949091840
1790358693.030,0.122,2757591040,10.40,1.664,53897412608,68719476736,98,16020717568
1790358698.063,0.274,2757591040,11.10,1.776,52736507904,68719476736,95,14857142272
1790358703.100,0.186,2757591040,11.30,1.808,51845627904,68719476736,97,13939884032
1790358708.123,0.141,2757591040,10.80,1.728,53351694336,68719476736,98,15460810752
1790358713.157,0.289,2757591040,11.40,1.824,52764508160,68719476736,95,14876786688
1790358718.195,0.160,2757591040,11.90,1.904,51862437888,68719476736,98,14024867840
1790358723.230,0.126,2757591040,11.90,1.904,54056501248,68719476736,98,16067067904
1790358728.275,0.332,2757607424,11.60,1.856,52675919872,68719476736,94,14740291584
1790358733.301,0.132,2757591040,11.00,1.760,51736608768,68719476736,98,13914996736
1790358738.335,0.189,2757607424,11.10,1.776,53506588672,68719476736,97,15622127616
1790358743.391,0.275,2757591040,11.50,1.840,51797098496,68719476736,95,13938720768
1790358748.415,0.115,2757623808,11.60,1.856,51848216576,68719476736,99,13963165696
1790358753.436,0.241,2757623808,10.80,1.728,52764147712,68719476736,96,14904049664
1790358758.459,0.237,2757623808,11.10,1.776,51818086400,68719476736,96,13921583104
1790358763.489,0.142,2757623808,10.50,1.680,53566144512,68719476736,98,15698477056
1790358768.528,0.293,2757640192,11.10,1.776,52677902336,68719476736,95,14774419456
1790358773.562,0.136,2757640192,11.00,1.760,51881066496,68719476736,98,13954334720
1790358778.592,0.171,2757640192,10.80,1.728,53300002816,68719476736,97,15413329920
1790358783.649,0.307,2757640192,11.30,1.808,52652720128,68719476736,95,14775238656
1790358788.673,0.107,2757640192,10.50,1.680,51904692224,68719476736,99,13998522368
1790358793.700,0.205,2757640192,11.70,1.872,53283389440,68719476736,97,15431122944
1790358798.735,0.272,2757640192,11.40,1.824,51879444480,68719476736,96,13951369216
1790358803.760,0.128,2757640192,10.90,1.744,51902382080,68719476736,98,14000193536
1790358808.788,0.230,2757640192,10.90,1.744,52878999552,68719476736,96,14974877696
1790358813.811,0.252,2757640192,10.80,1.728,51894714368,68719476736,96,13994672128
1790358818.834,0.122,2757640192,11.00,1.760,51953827840,68719476736,99,13948387328
1790358823.860,0.257,2757640192,10.40,1.664,53046804480,68719476736,96,15082700800
1790358828.913,0.223,2757656576,11.50,1.840,51948322816,68719476736,97,13997932544
1790358833.934,0.114,2757656576,10.50,1.680,54047916032,68719476736,99,16077537280
1790358838.970,0.330,2757656576,11.20,1.792,52801536000,68719476736,94,14818852864
1790358844.005,0.126,2757656576,10.80,1.728,51976699904,68719476736,98,13987102720
1790358849.031,0.192,2757656576,10.50,1.680,53663760384,68719476736,97,15716515840
1790358854.074,0.241,2757656576,11.40,1.824,52870676480,68719476736,96,14902706176
1790358859.127,0.173,2757656576,11.00,1.760,51954909184,68719476736,98,13974142976
1790358864.161,0.131,2757656576,10.80,1.728,51946160128,68719476736,98,13963526144
1790358869.185,0.216,2757656576,12.90,2.064,53433221120,68719476736,96,15453913088
1790358874.219,0.222,2757672960,10.90,1.744,52712030208,68719476736,97,14745731072
1790358879.270,0.186,2757656576,10.60,1.696,52262600704,68719476736,97,14273052672
1790358884.304,0.113,2757689344,11.10,1.776,51959021568,68719476736,99,14007959552
1790358889.328,0.197,2757689344,10.60,1.696,53840904192,68719476736,97,15878373376
1790358894.363,0.281,2757705728,11.30,1.808,51973636096,68719476736,96,13979238400
1790358899.395,0.123,2757705728,10.80,1.728,51995885568,68719476736,98,14011875328
1790358904.429,0.168,2757705728,11.00,1.760,54031384576,68719476736,97,16002367488
1790358909.465,0.289,2757722112,11.30,1.808,52789329920,68719476736,95,14862729216
1790358914.508,0.154,2757705728,11.90,1.904,51937001472,68719476736,98,13929578496
1790358919.532,0.148,2757705728,10.80,1.728,53352267776,68719476736,98,15339356160
1790358924.559,0.316,2757705728,11.50,1.840,52795998208,68719476736,95,14757101568
1790358929.593,0.164,2757722112,11.30,1.808,51969605632,68719476736,98,13941178368
1790358934.622,0.223,2757705728,10.70,1.712,53997371392,68719476736,97,16014245888
1790358939.649,0.316,2757705728,11.40,1.824,51876773888,68719476736,95,13935280128
1790358944.685,0.130,2757754880,11.20,1.792,51981434880,68719476736,98,14012039168
1790358949.712,0.263,2757771264,10.70,1.712,52726841344,68719476736,96,14818590720
1790358954.746,0.251,2757754880,10.90,1.744,51910311936,68719476736,96,13993082880
1790358959.779,0.134,2757754880,10.90,1.744,51931463680,68719476736,98,14034534400
1790358964.804,0.308,2757754880,11.00,1.760,52962230272,68719476736,95,15038414848
1790358969.839,0.216,2757754880,10.90,1.744,51923861504,68719476736,97,13989281792
1790358974.877,0.158,2757754880,10.80,1.728,53756149760,68719476736,98,15879684096
1790358979.927,0.350,2757771264,11.50,1.840,52810252288,68719476736,94,14922334208
1790358984.963,0.172,2757771264,11.00,1.760,51885195264,68719476736,98,14018805760
1790358989.998,0.193,2757771264,10.70,1.712,53406613504,68719476736,97,15505768448
1790358995.043,0.316,2757754880,11.10,1.776,52720697344,68719476736,95,14845919232
1790359000.077,0.141,2757754880,18.60,2.976,51957235712,68719476736,98,14018248704
1790359005.109,0.165,2757754880,14.20,2.272,53938094080,68719476736,98,16004481024
1790359010.151,0.315,2757771264,11.00,1.760,52860321792,68719476736,95,14881882112
1790359015.196,0.165,2757771264,12.20,1.952,51785269248,68719476736,98,13978992640
1790359020.238,0.183,2757754880,14.40,2.304,53658386432,68719476736,97,15768584192
1790359025.280,0.296,2757754880,11.10,1.776,52721942528,68719476736,95,14745812992
1790359030.314,0.130,2757754880,10.60,1.696,51913113600,68719476736,98,13938262016
1790359035.355,0.223,2757771264,11.20,1.792,53594374144,68719476736,97,15661580288
1790359040.398,0.294,2757771264,12.20,1.952,52725383168,68719476736,95,14784266240
1790359045.422,0.118,2757771264,10.90,1.744,51948273664,68719476736,98,13973192704
1790359050.462,0.235,2757754880,12.90,2.064,53842477056,68719476736,96,15919579136
1790359055.502,0.293,2757738496,10.70,1.712,51832356864,68719476736,95,14029291520
1790359060.534,0.119,2757738496,13.20,2.112,51888717824,68719476736,98,14028095488
1790359065.570,0.342,2757738496,12.50,2.000,52822654976,68719476736,94,14959607808
1790359070.620,0.178,2757738496,11.50,1.840,51803209728,68719476736,97,14014726144
1790359075.659,0.201,2757738496,11.00,1.760,53532999680,68719476736,97,15711158272
1790359080.713,0.308,2757738496,14.70,2.352,52712587264,68719476736,95,14904967168
1790359085.740,0.137,2757738496,11.00,1.760,51843792896,68719476736,98,14007746560
1790359090.780,0.223,2757738496,11.60,1.856,53607055360,68719476736,97,15797731328
1790359095.826,0.245,2757738496,12.70,2.032,52811382784,68719476736,96,15007203328
1790359100.862,0.200,2757738496,12.80,2.048,51878805504,68719476736,97,14046642176
1790359105.897,0.160,2757738496,10.80,1.728,53287780352,68719476736,98,15482585088
1790359110.952,0.330,2757738496,12.20,1.952,52756856832,68719476736,94,14938734592
1790359115.994,0.159,2757738496,19.80,3.168,51851264000,68719476736,98,13956759552
1790359121.036,0.204,2757738496,14.70,2.352,53732556800,68719476736,97,15884091392
1790359126.076,0.311,2757738496,11.60,1.856,51827687424,68719476736,95,13978058752
1790359131.101,0.123,2757754880,13.30,2.128,51853066240,68719476736,98,13948239872
1790359136.139,0.231,2757738496,12.70,2.032,53515026432,68719476736,96,15630696448
1790359141.174,0.257,2757738496,11.40,1.824,52689469440,68719476736,96,14825095168
1790359146.205,0.181,2757754880,11.30,1.808,51902169088,68719476736,97,14008205312
1790359151.246,0.182,2757738496,14.50,2.320,53938536448,68719476736,97,15909240832
1790359156.305,0.276,2757722112,17.40,2.784,52797554688,68719476736,96,14831337472
1790359161.337,0.156,2757722112,16.60,2.656,52007911424,68719476736,98,14072430592
1790359166.378,0.231,2757722112,17.10,2.736,53419311104,68719476736,96,15476817920
1790359171.415,0.287,2757722112,17.20,2.752,51947569152,68719476736,95,13978435584
1790359176.444,0.124,2757722112,16.10,2.576,51924025344,68719476736,99,13967523840
1790359181.477,0.227,2757689344,17.00,2.720,51784122368,68719476736,91,13749633024
1790359186.522,0.001,2757689344,17.20,2.752,51242500096,68719476736,31,1642954752
1790359191.565,0.070,2757738496,16.60,2.656,52771897344,68719476736,83,14895579136
1790359196.618,0.189,2757722112,16.90,2.704,51894108160,68719476736,97,13961445376
1790359201.653,0.169,2757722112,16.50,2.640,53914271744,68719476736,98,15937142784
1790359206.692,0.232,2757738496,17.40,2.784,52952367104,68719476736,96,15061811200
1790359211.741,0.280,2757722112,17.90,2.864,51830210560,68719476736,96,13989527552
1790359216.771,0.132,2757722112,18.20,2.912,53680816128,68719476736,98,15768338432
1790359221.812,0.335,2757722112,18.70,2.992,52674822144,68719476736,94,14767423488
1790359226.862,0.152,2757722112,19.40,3.104,51842646016,68719476736,98,13960134656
1790359231.903,0.209,2757722112,17.30,2.768,53667758080,68719476736,97,15683698688
1790359236.958,0.312,2757722112,17.80,2.848,52679131136,68719476736,95,14746894336
1790359241.982,0.139,2757722112,16.70,2.672,51799703552,68719476736,98,13945552896
1790359247.013,0.241,2757722112,16.70,2.672,53034008576,68719476736,96,15230533632
1790359252.045,0.272,2757722112,20.20,3.232,52686274560,68719476736,96,14838136832
1790359257.073,0.125,2757722112,16.60,2.656,51912802304,68719476736,98,14048985088
1790359262.112,0.238,2757722112,16.60,2.656,53825437696,68719476736,96,15903457280
1790359267.159,0.289,2757738496,16.70,2.672,51851689984,68719476736,95,14006108160
1790359272.200,0.144,2757722112,16.80,2.688,51826933760,68719476736,98,13989789696
1790359277.237,0.234,2757722112,16.70,2.672,53007515648,68719476736,96,15160393728
1790359282.271,0.276,2757722112,17.60,2.816,51827146752,68719476736,96,13971111936
1790359287.309,0.142,2757722112,16.70,2.672,51847938048,68719476736,98,13981335552
1790359292.345,0.260,2757722112,16.90,2.704,52606877696,68719476736,96,14754791424
1790359297.395,0.248,2757722112,17.50,2.800,51861176320,68719476736,96,13987086336
1790359302.435,0.129,2757722112,17.20,2.752,53136785408,68719476736,98,14172094464
1790359307.471,0.255,2757722112,16.40,2.624,52963622912,68719476736,96,15088959488
1790359312.524,0.248,2757722112,18.10,2.896,51848085504,68719476736,96,13976600576
1790359317.564,0.160,2757722112,16.70,2.672,53978480640,68719476736,98,16169828352
1790359322.612,0.293,2757689344,17.40,2.784,51795410944,68719476736,92,13742784512
1790359327.666,0.001,2757689344,17.30,2.768,51612811264,68719476736,30,2169028608
1790359332.721,0.001,2757689344,18.60,2.976,48789422080,68719476736,30,1643364352
1790359337.766,0.001,2757689344,15.90,2.544,47996223488,68719476736,30,1763786752
1790359342.835,0.001,2757689344,17.00,2.720,47539142656,68719476736,30,1632141312
1790359347.903,0.001,2757689344,17.50,2.800,47021096960,68719476736,30,1609007104
1790359352.951,0.001,2757689344,16.70,2.672,46362001408,68719476736,29,1664516096
1790359358.015,0.001,2757689344,16.90,2.704,45879345152,68719476736,30,1660665856
1790359363.059,0.001,2757689344,17.30,2.768,45579304960,68719476736,30,1645707264
1790359368.081,0.001,2757689344,16.50,2.640,46095794176,68719476736,30,2197454848
1790359373.109,0.001,2757689344,17.90,2.864,45729710080,68719476736,29,1642954752
1790359378.136,0.001,2757689344,17.40,2.784,45656784896,68719476736,31,1648230400
1790359383.162,0.001,2757689344,16.60,2.656,45583859712,68719476736,28,1640611840
